Seed,Community CUE 1,Community CUE 2,Community CUE 3,Total Abundance 1,Total Abundance 2,Dominant Community,RelAbun_Comm1_Sp1,CUE_Comm1_Sp1,Cfinal_Comm1_Sp1,RelAbun_Comm1_Sp2,CUE_Comm1_Sp2,Cfinal_Comm1_Sp2,RelAbun_Comm1_Sp3,CUE_Comm1_Sp3,Cfinal_Comm1_Sp3,RelAbun_Comm1_Sp4,CUE_Comm1_Sp4,Cfinal_Comm1_Sp4,RelAbun_Comm1_Sp5,CUE_Comm1_Sp5,Cfinal_Comm1_Sp5,RelAbun_Comm1_Sp6,CUE_Comm1_Sp6,Cfinal_Comm1_Sp6,RelAbun_Comm1_Sp7,CUE_Comm1_Sp7,Cfinal_Comm1_Sp7,RelAbun_Comm1_Sp8,CUE_Comm1_Sp8,Cfinal_Comm1_Sp8,RelAbun_Comm1_Sp9,CUE_Comm1_Sp9,Cfinal_Comm1_Sp9,RelAbun_Comm1_Sp10,CUE_Comm1_Sp10,Cfinal_Comm1_Sp10,RelAbun_Comm2_Sp1,CUE_Comm2_Sp1,Cfinal_Comm2_Sp1,RelAbun_Comm2_Sp2,CUE_Comm2_Sp2,Cfinal_Comm2_Sp2,RelAbun_Comm2_Sp3,CUE_Comm2_Sp3,Cfinal_Comm2_Sp3,RelAbun_Comm2_Sp4,CUE_Comm2_Sp4,Cfinal_Comm2_Sp4,RelAbun_Comm2_Sp5,CUE_Comm2_Sp5,Cfinal_Comm2_Sp5,RelAbun_Comm2_Sp6,CUE_Comm2_Sp6,Cfinal_Comm2_Sp6,RelAbun_Comm2_Sp7,CUE_Comm2_Sp7,Cfinal_Comm2_Sp7,RelAbun_Comm2_Sp8,CUE_Comm2_Sp8,Cfinal_Comm2_Sp8,RelAbun_Comm2_Sp9,CUE_Comm2_Sp9,Cfinal_Comm2_Sp9,RelAbun_Comm2_Sp10,CUE_Comm2_Sp10,Cfinal_Comm2_Sp10,RelAbun_Comm3_Sp1,CUE_Comm3_Sp1,Cfinal_Comm3_Sp1,RelAbun_Comm3_Sp2,CUE_Comm3_Sp2,Cfinal_Comm3_Sp2,RelAbun_Comm3_Sp3,CUE_Comm3_Sp3,Cfinal_Comm3_Sp3,RelAbun_Comm3_Sp4,CUE_Comm3_Sp4,Cfinal_Comm3_Sp4,RelAbun_Comm3_Sp5,CUE_Comm3_Sp5,Cfinal_Comm3_Sp5,RelAbun_Comm3_Sp6,CUE_Comm3_Sp6,Cfinal_Comm3_Sp6,RelAbun_Comm3_Sp7,CUE_Comm3_Sp7,Cfinal_Comm3_Sp7,RelAbun_Comm3_Sp8,CUE_Comm3_Sp8,Cfinal_Comm3_Sp8,RelAbun_Comm3_Sp9,CUE_Comm3_Sp9,Cfinal_Comm3_Sp9,RelAbun_Comm3_Sp10,CUE_Comm3_Sp10,Cfinal_Comm3_Sp10,RelAbun_Comm3_Sp11,CUE_Comm3_Sp11,Cfinal_Comm3_Sp11,RelAbun_Comm3_Sp12,CUE_Comm3_Sp12,Cfinal_Comm3_Sp12,RelAbun_Comm3_Sp13,CUE_Comm3_Sp13,Cfinal_Comm3_Sp13,RelAbun_Comm3_Sp14,CUE_Comm3_Sp14,Cfinal_Comm3_Sp14,RelAbun_Comm3_Sp15,CUE_Comm3_Sp15,Cfinal_Comm3_Sp15,RelAbun_Comm3_Sp16,CUE_Comm3_Sp16,Cfinal_Comm3_Sp16,RelAbun_Comm3_Sp17,CUE_Comm3_Sp17,Cfinal_Comm3_Sp17,RelAbun_Comm3_Sp18,CUE_Comm3_Sp18,Cfinal_Comm3_Sp18,RelAbun_Comm3_Sp19,CUE_Comm3_Sp19,Cfinal_Comm3_Sp19,RelAbun_Comm3_Sp20,CUE_Comm3_Sp20,Cfinal_Comm3_Sp20
50,0.3188396357016273,0.30535531041747604,0.5579955540927742,1.913568151827653,9.103712820107987,Community 2,3.630058286498261e-10,0.11317048986114432,3.8933703977038354e-09,2.6851736159765604e-14,-0.07609191201886617,2.8799469992046137e-13,0.9951955949601728,0.319593585776627,10.673837066899807,3.50224125913203e-14,0.08839544794543726,3.756281956859479e-13,0.0031782901935899317,0.14695718289459148,0.03408832580198671,1.2523922618910633e-08,0.06309694165812409,1.343236547164007e-07,5.650591049849618e-13,0.053957886827946694,6.060465751980228e-12,2.44358575144925e-06,0.0691249585617167,2.6208351706993868e-05,0.0016236548295655367,0.1935535756415549,0.017414292417925217,3.5433648290397383e-09,0.12529396327465278,3.800388490994782e-08,6.26634946129991e-06,0.25302678505540416,6.923808123687441e-05,0.0011309133318513369,0.24816378176346854,0.012495675452856712,1.3811171613954399e-12,0.029660861314506966,1.5260224921848187e-11,4.91585196627469e-11,0.15759241825077194,5.431617880416928e-10,1.1789090942790358e-21,-0.18159209848511604,1.3025989716131997e-20,0.0011362447965435547,0.24375733094650479,0.01255458381533331,0.2632972371765745,0.23199722507225748,2.9092210081265604,5.603384071350335e-13,0.0839068082627095,6.1912851163120634e-12,0.7344293382944693,0.331838427504816,8.114848765077939,7.883803565869364e-25,-0.28803469479962795,8.710963777560986e-24,1.0142371919575645e-20,0.4441155770702302,1.117413611598351e-19,4.3304536613225586e-30,0.35387813654461026,4.770982472273805e-29,0.17368737000227888,0.5572391555291561,1.913562556591652,1.0204186283173589e-25,0.41195832986994946,1.1242238737169503e-24,2.697656096178009e-11,0.4961365505560194,2.9720835177248157e-10,6.102898008160914e-19,0.4533521393781022,6.7237342098975145e-18,1.276169260316206e-27,0.3795573417282074,1.4059915308650916e-26,1.7790896779391003e-16,0.4708452906115669,1.9600730856125554e-15,5.07832994815937e-07,0.5238283690909101,5.5949387907067125e-06,6.813323564442638e-20,0.4481104237688733,7.506430006217458e-19,5.56556630549522e-10,0.5376096630911108,6.131740775557862e-09,9.544921505702573e-08,0.5036079855183756,1.0515908208339623e-06,4.716408237061853e-23,0.43650780306118153,5.196199472606207e-22,1.3810483653577588e-19,0.4864713321377257,1.5215397876978854e-18,5.84901095490716e-40,0.33329335426873025,6.444019709814176e-39,8.354881650586537e-06,0.5459033862348398,9.204807863178129e-05,0.2084609564533461,0.5603526781140493,2.296672928924954,1.4291458133883162e-24,0.42182527737699077,1.5745300975964578e-23,0.6178427147969812,0.5574130953892455,6.806946785381839,8.366905314353009e-47,0.21330221859455623,9.218054671380858e-46
51,0.24979716417120496,0.3518242244944522,0.6022363400506092,3.9145334791960216,6.976549819675459,Community 2,1.1078918531661679e-05,0.05478507338187845,0.00011782120503594786,3.8360828665253556e-08,-0.005213153002210062,4.079567014236192e-07,0.12703213396568497,0.20203684203310177,1.3509512737503737,1.360569477026294e-17,-0.29028689885884057,1.4469276478588208e-16,0.7953581980068677,0.26213370823095183,8.458412349236221,3.797010653282105e-23,-0.4145460124966516,4.0380148064590054e-22,0.07758115772343468,0.20161684824682233,0.8250539495291364,1.7302296911905264e-05,-0.027917482764609487,0.00018400509636608728,1.5485576517209692e-22,-0.4087837628658432,1.6468478224835986e-21,9.072774050825612e-08,0.07656178339621342,9.648641865469357e-07,1.7719129872001064e-06,0.06378969624651813,1.919444514350839e-05,3.2741356264708245e-16,0.11022495243466632,3.54674395010817e-15,5.127700676119123e-17,0.01597294639625318,5.554638972177938e-16,0.03606371707216685,0.2694080882538276,0.390664239165904,0.34130284339743516,0.25691470770665253,3.6972011335992714,3.825183482721246e-09,0.24100858584122048,4.143672688971357e-08,3.6593520250336237e-13,0.08944591282306102,3.964033912087465e-12,0.6226316079746602,0.4086245017364819,6.744726366484031,5.581630718730481e-08,0.04740726980522358,6.046363755778171e-07,8.936174961452954e-13,-0.04865997006403346,9.680211236638519e-12,7.784514512682509e-23,0.42633975020387144,8.478179599889914e-22,6.53565728986801e-25,0.41503249755683125,7.118038795682913e-24,0.030034155452786232,0.5648202659166184,0.32710448884754995,2.3442259555307927e-36,0.3195318095323519,2.5531160153062453e-35,0.3293825826571881,0.559438819807877,3.5873331449168564,1.256595234269299e-47,0.11339742150325141,1.3685683369391858e-46,8.800357961220524e-06,0.5375784020835532,9.584543161553952e-05,4.54094747126063e-22,0.42808128980040794,4.945583716529933e-21,8.850572255098026e-41,0.2502097962313763,9.639231967295341e-40,1.2221860608752447e-21,0.4322874998836273,1.3310930195711901e-20,1.6626063481079373e-13,0.4902128240252031,1.810758423047606e-12,4.216500798357419e-31,0.4409767081984932,4.592226142466875e-30,3.188455380728473e-32,0.4367256240964449,3.4725733146248775e-31,0.00015495821902266488,0.58087173344767,0.0016876628712206142,0.0053256071376640785,0.551204722435214,0.05800163095336399,1.3519894388444272e-17,0.525401066259419,1.4724629597649167e-16,3.356199567032055e-25,0.47838922840642095,3.655264905218251e-24,0.6350938961752113,0.6266361524414981,6.916860525849062,1.484064291767771e-16,0.45618518138546216,1.6163067822523503e-15,4.2931009543368795e-25,0.42161819807766415,4.67565201041476e-24
52,0.3876856457013323,0.23648491604242983,0.6083696599110634,11.031427997864762,0.0010019848227581583,Community 1,1.5734584176670958e-19,-0.08167072721203271,1.7361806369296597e-18,0.6166997419510623,0.40534299743975194,6.804769282447511,0.2724957905234229,0.36565677976530636,3.006764651925513,8.71045158881708e-22,-0.26722444109581367,9.611259641573211e-21,4.109587093549381e-13,0.06150813956648782,4.534587922682591e-12,2.8546164853809114e-07,0.2723231805982805,3.149832122749576e-06,0.11080418140222618,0.3435855229730762,1.2226320828142059,6.612291876937163e-10,0.24746945325546185,7.29611472001066e-09,1.1759640890079491e-28,-0.3704608176776671,1.2975786701038816e-27,1.7826349607403694e-25,-0.42074511254191155,1.9669895732866533e-24,0.0028521685561604506,0.15185294135451335,0.030538087664970702,1.9320846530537068e-18,-0.26124862369470336,2.068677546551684e-17,4.543849057905503e-09,0.04158736659425203,4.865086271531938e-08,0.11776249943230452,0.13390347878480677,1.260879734313805,2.057622139206695e-13,-0.026544113279768647,2.203090176166423e-12,0.84660726696864,0.2522616426796936,9.064599944714894,0.03277805892813189,0.2049071117928272,0.3509537453082266,1.5694549836363698e-09,0.044253979602306426,1.6804109901917166e-08,2.7285691330323197e-25,-0.5491563260983482,2.921471215454581e-24,1.2533754390440217e-12,-0.05654371506577763,1.3419855201746446e-11,9.67701251306915e-37,0.32388028773278327,1.067609629920264e-35,0.6210722750586586,0.6140558125861202,6.851936388773097,0.27232434383965864,0.604008580248724,3.004399255992356,7.271602243315986e-41,0.25798604105107925,8.022344261133712e-40,5.234522137662481e-24,0.42676715024361245,5.774949897658913e-23,3.2977038513205463e-13,0.5317793077151135,3.6381686843332906e-12,0.10651255933096042,0.5864286556268167,1.1750923530956712,2.0677240541319508e-18,0.5130950835409726,2.281202085072953e-17,9.64570510624875e-55,0.1571780019040287,1.0641556621834084e-53,3.1423185132553943e-48,0.14438522745300236,3.466740898079289e-47,7.751431443996572e-20,0.44110987460752704,8.55171246714946e-19,1.0941039519633759e-37,0.2760578757279859,1.2070625243817655e-36,2.4550107608235123e-22,0.43409462268064675,2.7084734325529818e-21,7.084626410292285e-18,0.46118236614081587,7.816064482504847e-17,1.123146977754919e-29,0.36540476364696073,1.2391040392348244e-28,9.082174829674494e-05,0.5324946852547007,0.0010019845789891082,2.2095673527927854e-11,0.5057703669762833,2.437689711171862e-10,9.32129773932086e-22,0.42722182822423094,1.0283656465684088e-20,3.750521579778995e-50,0.04864954372746043,4.137736672747035e-49,4.240074970050456e-31,0.3484386513617414,4.6778330228427544e-30
53,0.23919025681001682,0.3076124750806703,0.5872890258158661,0.011258575855942378,10.959828345145329,Community 2,1.5767834137188816e-07,0.01261371522922969,1.6675395988736833e-06,4.097833306312024e-19,-0.334987569097689,4.333695578229271e-18,0.31143496407581184,0.2921845790576681,3.293604756060737,0.21252538329403928,0.2108377336290156,2.247578769063597,0.052269808656090724,0.13966516978496377,0.5527834387476723,0.0004223119049174756,0.03448494160231003,0.004466192492884893,0.12273597467068403,0.18583464458338572,1.2980038741466131,1.1427492152323421e-17,-0.24659433925767804,1.2085233465815073e-16,2.8270502012032096e-10,-0.022013917126467792,2.9897689926808456e-09,0.30061139943741017,0.2437098513139342,3.179139303935417,0.017290831050004955,0.2729889765332239,0.18969496162626365,1.0700254391872215e-27,-0.5913423554429672,1.1739079170846893e-26,4.619081898688026e-14,0.04119987218076709,5.06752139897835e-13,0.5428301229084534,0.30993379339942084,5.95530307576914,9.825897380381755e-24,-0.3037178233405589,1.0779835978529137e-22,2.2817166161594356e-25,-0.4236769676098343,2.5032350654091216e-24,1.0548983790040415e-23,-0.34639857615580605,1.1573122595788825e-22,1.0736238140465668e-08,0.2014946604828395,1.1778556369998649e-07,1.2782537936293454e-16,-0.003057468557630511,1.4023519380294628e-15,0.439879035305257,0.3061088541937246,4.825843042541595,1.0635097373467213e-22,0.4306201067937975,1.1667857769762112e-21,1.0229327687935395e-40,0.22747533283933524,1.122268432077442e-39,0.0008188239076130897,0.5386426970214638,0.008983388263417122,2.4237537964180877e-07,0.5246697882988435,2.659121357560966e-06,5.938601183248497e-12,0.502464767291675,6.515290977058026e-11,4.800676543553515e-16,0.4605690155727358,5.266863963893756e-15,2.706247471277664e-07,0.5168782027769648,2.969047623712714e-06,3.0277351428047517e-38,0.2594046567304346,3.3217545425481125e-37,1.4579503349810252e-25,0.40082326191199386,1.5995299851579748e-24,0.00020686732087058096,0.5358547502288808,0.002269559358385804,0.005149878648642999,0.5933034840313951,0.05649976628687091,1.498441588394008e-52,0.1204875341580362,1.643953291231387e-51,4.3344935018977893e-26,0.44971317658108556,4.755410496783584e-25,0.5490169303977122,0.5824616556175407,6.023312464494605,2.486385372844167e-45,0.1927431777511356,2.727835004457951e-44,5.75984397506551e-48,0.20587645599016613,6.319174890184919e-47,1.3223313400126816e-44,0.2769833862675268,1.4507412069643215e-43,1.9686248021047104e-15,0.5509364998570168,2.1597953818729707e-14,7.629103267649489e-31,0.45092048353205305,8.369955507867737e-30,0.4448069867190933,0.593291272629762,4.880016114363831
54,0.28057384893129605,0.35692133642021984,0.578130377364481,1.6217861102052267,9.18592942812126,Community 2,0.07994889757418756,0.20876021177988924,0.8700956581628025,1.787707089782586e-21,-0.5004226079270502,1.9455880244543753e-20,1.3890907407729651e-14,0.046990551931245544,1.5117679655547022e-13,5.440995273382605e-08,0.11546816911272169,5.921515501901083e-07,0.24152731902512317,0.2948772238470485,2.628577478713249,0.00026772930646724115,0.1937877016008767,0.0029137375772307775,0.6782047444258583,0.2839890006726523,7.381002382462797,5.1190937006026856e-05,0.1603417948607196,0.0005571185266800988,6.432138948433998e-08,0.15900698730687965,7.000191799441643e-07,1.6884348205154394e-15,-0.03946586126514235,1.837548547881029e-14,4.473159583837084e-11,0.036631068516800244,4.822614558455917e-10,3.608117625475555e-14,0.10004597995050163,3.889993250433863e-13,6.20928908101412e-07,0.22900946765093394,6.69437505157667e-06,0.8697853640962518,0.3688971427931735,9.377352810704544,3.069825218272401e-17,0.049215605261327344,3.3096480266541706e-16,8.908769086044435e-14,0.08947947135362916,9.604745524286815e-13,1.0672160411790543e-20,-0.12991494321057018,1.1505897611622626e-19,0.13021401492998222,0.27692763010904486,1.403866757594311,9.089460691420637e-16,-0.2064155109094388,9.799553232428215e-15,6.431117606895385e-20,-0.08063804296902516,6.933533404491531e-19,0.0005030439001306333,0.5406938757313551,0.0054367553759022014,6.0125445431833916e-43,0.20908672873141804,6.498187108424325e-42,1.0544449411161254e-24,0.43607032744391816,1.1396140974410503e-23,2.5693246011975187e-19,0.4488170184407593,2.7768529415366918e-18,0.019809901241450614,0.5462965293295157,0.2140997774599389,7.770403612897105e-11,0.5054657317564493,8.398031186617629e-10,0.12974523352904696,0.5443132162522021,1.4022495764356793,8.682299691064388e-12,0.48747241569105065,9.383582527952383e-11,6.216034518198395e-15,0.4843406382662676,6.718113284910657e-14,1.5683721479331702e-26,0.41348596463566073,1.6950520033095806e-25,1.7867533098899478e-20,0.46051188287228184,1.9310721510453865e-19,1.9269913887096751e-26,0.44174965884959017,2.0826374773978884e-25,7.467765138808764e-13,0.5031134916321387,8.070948132727631e-12,0.8096424553261262,0.5858899240326941,8.75038534491698,1.7197101098753548e-32,0.3632102489381676,1.8586137675917018e-31,7.314913177485032e-26,0.44326451902364017,7.905750080981413e-25,2.177321567845179e-40,0.26306877983980903,2.353187214073372e-39,0.0402993659161064,0.5472270287243697,0.43554408319620785,4.5995489641789025e-31,0.3181756155904357,4.9710616809449806e-30,2.733265731024341e-38,0.30850461821158887,2.9540358511567063e-37
55,0.2902956616292571,0.3983615539275105,0.5987678124996434,0.18012425623700834,10.78392849041598,Community 2,6.460774746193688e-11,-0.014522419614005539,6.986117318073383e-10,4.100713604020415e-08,0.16246831732171915,4.434153402791811e-07,4.403747809464511e-26,-0.4732358305979932,4.761828115777098e-25,4.337822406615047e-15,-0.0849665431061948,4.6905421451868157e-14,8.664201912068578e-17,-0.146825511001564,9.36871093684965e-16,0.3482980381977739,0.251276278180017,3.766190669219636,2.2157665334759917e-22,-0.42408795928780607,2.39593633278172e-21,3.2465950778839295e-06,0.13773795008563627,3.510584254889726e-05,4.696426953798533e-12,0.0504143583197373,5.0783057704229945e-11,0.6516986741307037,0.3111502003943639,7.046900058220173,0.9999939749268831,0.39836236525015256,10.956914353763535,5.071935389535042e-12,-0.07093496096123074,5.5573096502927504e-11,3.3332925638698354e-10,0.24829531440191016,3.652282119102676e-09,5.673427125692202e-12,0.201834868286007,6.216362964894213e-11,3.8535386299352413e-13,0.13522264872380338,4.222314712466836e-12,5.1446341165918945e-26,-0.4597434808277999,5.636965502824043e-25,2.2422292569883703e-18,-0.09908258884134667,2.4568061954694037e-17,1.9788393069763235e-14,0.13121291412350414,2.1682103442658935e-13,3.819262425902865e-06,0.24419857251941787,4.1847583429914766e-05,2.2054662110813925e-06,0.2974870780548724,2.416524998233622e-05,3.5109413238442207e-26,0.39736953642074746,3.849414586503171e-25,1.7599045481523138e-18,0.45957097462374624,1.9295686295016462e-17,3.097021725582364e-51,0.05184806560849676,3.3955909556815297e-50,1.7896938385107467e-27,0.39276356302450743,1.9622297645791685e-26,4.643304046200043e-32,0.35147893289429183,5.090943048128452e-31,5.502217332758006e-08,0.5208748916349611,6.03266010599071e-07,1.213886137743472e-48,0.08854096898694816,1.3309111642650303e-47,1.963296066950042e-20,0.4336165471490434,2.1525681635336617e-19,3.4209919184517874e-29,0.37673621143748276,3.7507935839779e-28,0.016428564978035545,0.542089219503719,0.18012365297099772,0.9835713799726319,0.5997145177968062,10.783928490118205,6.665161681924469e-23,0.40422451872738396,7.3077184245590235e-22,2.9931055461406694e-19,0.4891824736977993,3.28165670841859e-18,3.020535283386209e-22,0.49184535183591843,3.3117308170172833e-21,7.1394993484517405e-25,0.4453060741821376,7.827784744111953e-24,1.091586060512002e-49,0.16388328505094923,1.196820714496473e-48,7.687741057329186e-35,0.3601373388783075,8.428879845516702e-34,4.099967389459137e-27,0.4725098281157597,4.495225871758713e-26,1.1429532997785943e-11,0.5133635032533185,1.2531400265733593e-10,1.572945966034562e-11,0.544948329992129,1.7245862539237976e-10
56,0.48656590294106017,0.3366310343300461,0.6267430219163661,11.370568502636075,0.0006263043592163731,Community 1,0.9999999985866198,0.4865659030780679,11.370527381754787,1.4332358032669143e-28,-0.13473173219341877,1.6296646968591123e-27,1.1326005481513291e-19,0.08678965780185065,1.2878265563547054e-18,1.704896159327937e-14,0.21225162103327055,1.9385568490086056e-13,1.4133631784083668e-09,0.38963183967806825,1.6070684743170297e-08,5.573953610170519e-22,0.12275059220162218,6.337879223865316e-21,2.0512636734981988e-20,0.09888573798045426,2.332394979967579e-19,7.329805587878518e-18,0.07707840454473304,8.334375525770835e-17,1.739622447646486e-25,-0.040012661905761374,1.978042470283691e-24,1.3082840804204796e-21,0.06399762578049187,1.4875879980560218e-20,1.1930708052162595e-06,-0.010729077925280411,1.2833842199106784e-05,2.0883691961406703e-17,0.1356584678008602,2.246455164233666e-16,2.358573263655716e-13,-0.0645489321480381,2.5371132164534852e-12,0.7566935227539221,0.4126838693651882,8.139739252398988,3.006540559016013e-16,-0.014849407001931617,3.2341305252735346e-15,3.523727965833803e-08,0.16087451942390943,3.790468132182089e-07,0.02390005165565278,0.21460910751765358,0.25709244594544406,2.0918545540470052e-13,-0.02558130388118844,2.2502043577586225e-12,0.21940514851789236,0.08763080316341633,2.360137421382812,4.876400256778918e-08,0.25489940447012094,5.245535396689257e-07,0.9999449218512348,0.6267474655432792,11.370568502636075,1.883192120475128e-54,0.2582171095174335,2.141414446092123e-53,2.7568373035052685e-37,0.38420122711609733,3.1348534029350015e-36,2.9374521081623794e-27,0.47616409153543976,3.340234015813342e-26,1.0289531098822398e-17,0.5811250330392095,1.1700426259734583e-16,1.443633250475103e-41,0.4376275435736564,1.6415834921008226e-40,1.0347361554316886e-38,0.40710340988521365,1.176618639725509e-37,5.716959502729004e-34,0.33376814522801734,6.500866020923445e-33,1.1727943230460998e-48,0.24396716475197866,1.333607271589537e-47,5.999128629968698e-41,0.39686209842306774,6.8217260323596845e-40,2.8730755053192547e-29,0.36609219969151646,3.2670301266191682e-28,1.1422188460402727e-34,0.30788670401956325,1.2988393010545304e-33,1.663134505278011e-35,0.3115895149326009,1.8911826449752004e-34,5.507814876385461e-05,0.5460688840638432,0.0006263043592024578,1.6752643385847768e-37,0.27394653533283203,1.9049757147259617e-36,9.246495887266142e-26,0.38971593081215977,1.0514370601618408e-24,1.2236998608750682e-15,0.46687862964709326,1.3914929503303437e-14,4.4133777752595494e-37,0.2719684545850074,5.018537843933983e-36,1.2376965736936081e-22,0.4182248919982462,1.4074088851420624e-21,3.186991941837579e-20,0.4405029512876426,3.6239906218959327e-19
57,0.3127607271845439,0.43558400038671063,0.5974802269712878,0.03372757574892327,11.038517392976773,Community 2,1.3304153002338713e-08,0.17817860548029615,1.4552056616810744e-07,0.15168154321107763,0.27333252300552346,1.6590897625311536,0.3180936978401404,0.3145870134259692,3.479302665571197,2.252572198807305e-06,0.17393249601077054,2.463859079547229e-05,0.5302145887839965,0.3229460693569218,5.799476835306549,7.447445459136635e-10,0.15119864971382727,8.146001324016285e-09,3.2486861019724002e-15,-0.051962883042034114,3.553406524852666e-14,2.560173214325123e-29,-0.7403116306239396,2.80031247063623e-28,9.338516797710631e-15,0.03764321613026097,1.0214451467405298e-13,7.903543676354564e-06,0.24928691530126165,8.644880664821748e-05,0.0006192421435308605,0.2923941395559214,0.006856164627377105,2.9066683396245516e-22,-0.0924819133946715,3.2182235756791048e-21,3.9632421769997274e-35,-0.9636532548373047,4.38804773020433e-34,3.728535720172217e-06,0.3144705078796303,4.128183939613082e-05,7.231961648653334e-07,0.24669462876325932,8.007129385497607e-06,0.00016515749815720142,0.3518611765531393,0.0018286013131389406,0.0012512913265737948,0.3101027483858221,0.013854127050982086,1.561777194240059e-18,0.03308314973381425,1.7291784267036603e-17,0.997959857299853,0.43584463054022005,11.049275545343386,6.168521425725023e-19,-0.13177323135225663,6.829702862458038e-18,9.608523110955068e-21,0.45028318558703095,1.0638792167215682e-19,3.53178016010822e-09,0.5117096600343746,3.910473510840347e-08,0.0030428063232994258,0.5420768203548202,0.033690697003958804,4.019231940182126e-19,0.4480929849672546,4.450192062782316e-18,3.327206029537307e-06,0.5186542860704263,3.683964022045825e-05,3.998982583108503e-24,0.40983787471501065,4.4277714785844816e-23,2.219385819918012e-31,0.3509670083861842,2.457358347824836e-30,1.853316286829317e-58,-0.1536568910469284,2.0520371932303295e-57,1.2639951116676435e-31,0.3432012470852083,1.399526351565594e-30,8.036922920262556e-16,0.4717174811672328,8.898677936791332e-15,3.2036102478151774e-06,0.5442020670299681,3.547115744812968e-05,4.7381436555973505e-42,0.2874156803478284,5.246188725178734e-41,1.9566275869070977e-67,-0.5233598503823242,2.1664259954802012e-66,6.067489608371907e-11,0.5306768682587691,6.718073128909129e-10,7.107999986163793e-12,0.5198149894410417,7.870151708450437e-11,7.55881177177823e-08,0.554166122009355,8.369301560961607e-07,8.883505162506274e-06,0.5440452278747416,9.836034534020884e-05,6.143210136454663e-35,0.3444901876397192,6.801912752518484e-34,0.9969417001675792,0.5976502399822909,11.03838272379332,2.722513131036677e-35,0.3101668938222183,3.0144332317410494e-34
58,0.46056496248679496,0.30450976514906525,0.6126673797146129,11.308673827871367,2.7713795800688734e-08,Community 1,2.8632210351730633e-15,0.20044922319513783,3.23798703812606e-14,1.1729413399684749e-26,-0.22068080895198855,1.3264672229786728e-25,6.732792684200858e-16,0.2139794735261268,7.614045571062462e-15,3.55061701951636e-29,-0.27011692842805385,4.0153560431805244e-28,1.9458958568576412e-14,0.2351644480143961,2.2005934870715992e-13,2.3530818108814555e-22,0.018125351743554154,2.6610758686410026e-21,1.2327536614938853e-30,-0.4479378586712439,1.3941083584133324e-29,1.8052365220956152e-22,0.026962568582055386,2.0415233010273192e-21,7.893881938820624e-19,0.08951284547546662,8.92710939337369e-18,0.999999999999977,0.46056496248680023,11.308896513224555,0.029774657385353235,0.23008394414455582,0.32214675678168797,4.912295733659749e-20,-0.20705416299841914,5.31485591410857e-19,0.003579919119022123,0.3094681938630521,0.03873291701757907,0.0020961184621751815,0.2515036631896387,0.02267894322613187,1.2793148771846533e-05,0.15730582870114604,0.0001384154092031075,1.0946185179205243e-09,0.1441974560615422,1.184321958427437e-08,0.5507368079143823,0.3008830849286365,5.9586941409170775,2.3829279945106834e-10,0.17869455516148566,2.578207752790239e-09,1.0842002119475053e-19,-0.2333798617123729,1.1730498774864876e-18,0.413799702637384,0.3149220232632905,4.477103814717117,9.278804789010624e-29,0.4414444131094651,1.0493097712856282e-27,7.498876863193886e-51,0.13923205565882224,8.480235272905316e-50,5.1396025391748315e-30,0.45704466771610613,5.812208886286552e-29,8.446467451457188e-56,0.06694218170132596,9.551834564034492e-55,3.1921410953010787e-27,0.44210347025277164,3.6098882547770286e-26,1.3473535694531582e-42,0.2847126839083082,1.5236782085104276e-41,1.4396238809642526e-58,-0.016467985936581313,1.6280236944536487e-57,9.47823348398839e-43,0.34293330053695015,1.0718625119751135e-41,1.2870807060919693e-35,0.39208344209133983,1.455517593101034e-34,0.999999997549333,0.6126673799622501,11.308673827871367,2.7193183496170093e-15,0.47586997884793397,3.075188432532686e-14,1.6017380443747168e-44,0.1646082159103234,1.8113533145916464e-43,4.326288479857054e-13,0.4881615059581506,4.892458542387873e-12,2.7459440002742194e-17,0.46176844735087985,3.1052985124801998e-16,1.0884817974756017e-21,0.42632709994051,1.230928564539268e-20,6.038671013100403e-28,0.374240895964981,6.828936100832848e-27,2.8142751809412567e-12,0.49397235086828456,3.1825720161132586e-11,1.605833045907653e-27,0.38299276318848896,1.815984218269056e-26,4.645998445765983e-43,0.20240087074041624,5.2540081156723065e-42,2.447417523310172e-09,0.5116430005133784,2.7677046559558728e-08
59,0.3533844328149816,0.4201943338715368,0.5821772643816561,0.0004365721887343258,11.246236828749177,Community 2,1.4617807820164016e-15,0.022299643846655767,1.6072785342047834e-14,2.818774333640205e-15,0.1060636524022649,3.099339883903645e-14,0.9999986714103722,0.35338459294874586,10.995331301141432,6.931510121381346e-16,0.037552451905064864,7.62143514593998e-15,1.4654779880181119e-07,0.20990410146996732,1.6113437400935112e-06,2.199740158651138e-19,-0.03236885124992333,2.41869039552644e-18,6.728960623677656e-18,-0.06407732713160814,7.39872496683636e-17,2.2685592956416272e-13,0.0794307993021483,2.494359417166424e-12,1.074883658800228e-06,0.23821496534129324,1.1818717640917243e-05,1.0715793848573349e-07,0.21048337532850958,1.1782386005935573e-06,1.3793381402239964e-12,0.22801517391783574,1.5512623980585725e-11,0.00010154896541071681,0.3686070942736843,0.0011420628996586274,2.151144879381211e-12,0.2444370854759632,2.4192691167217406e-11,0.9998983767702998,0.42019958187601364,11.245282853642248,2.542662615645417e-09,0.30632862281357603,2.8595866318605928e-08,1.2993451253595412e-08,0.3200834971020093,1.4612988478254018e-07,1.4110075819993288e-10,0.2673974209919164,1.586879200611136e-09,1.892970944801861e-09,0.2954008824042742,2.128915718093366e-08,9.837370693030093e-13,0.22836052740192198,1.1063525909160167e-11,5.6689589756854734e-08,0.29686624418847674,6.375552620976185e-07,5.484785110796666e-34,0.3081267866154697,6.168558681545716e-33,3.5553973643359513e-32,0.3388693633928911,3.99863929672419e-31,3.8817895138475826e-05,0.528929284861637,0.00043657218873429315,1.3793178216522806e-33,0.3159225514627548,1.5512737056216326e-32,1.60089067234641e-19,0.4375535407814973,1.8004694542487977e-18,2.0598399480648603e-39,0.24713726432776242,2.3166347154090394e-38,1.2870489231285488e-38,0.26445026985502185,1.4475018889455633e-37,5.148323829659061e-31,0.3532277118069162,5.7901516674441364e-30,2.6356918773313853e-18,0.45782497676321676,2.9642765729851e-17,1.0838945858488508e-19,0.4501152498547809,1.2190208408086884e-18,9.831222007392018e-24,0.44414844030700706,1.1056854304925123e-22,2.33379130299606e-08,0.5474507711528694,2.624738857074602e-07,2.270928293670588e-23,0.4613954033309091,2.554038883586232e-22,0.9999611587669387,0.5821793322469045,11.246236566275181,1.925636463135721e-17,0.4957207676801731,2.1657004389824671e-16,6.138538871729208e-16,0.5162101155115469,6.903814184930031e-15,7.964547401645609e-20,0.4705815976257577,8.957466341259683e-19,1.5876236161985277e-17,0.49970438972893594,1.7855484295000842e-16,6.368043775541718e-24,0.45075470572115744,7.161930854639327e-23,9.17834506932505e-15,0.49287347819593513,1.0322584935580767e-13
60,0.35392246754926643,0.27061939733908574,0.5822810553831794,10.813178733140647,0.14829895604596482,Community 1,0.048273260136952205,0.3323076739904975,0.5290741342290555,3.1998043937214605e-18,0.03183562086491159,3.506980333434333e-17,1.0048027423279465e-06,0.2159113379575471,1.1012621469110149e-05,1.2459502575835603e-14,0.07338680490729524,1.3655594255563577e-13,0.7219618007604911,0.3716382808039504,7.91268941853412,2.202712132967187e-27,-0.4178747899629919,2.4141688615999687e-26,5.183331596815548e-10,0.15518854052783848,5.680922873713407e-09,0.006503896349806709,0.22575576429430205,0.07128259663066447,0.22069401343064718,0.30596599807695685,2.418802744088442,0.0025660240010148506,0.22559302143397444,0.02812358069242315,0.16276683262254615,0.19626536357166638,1.7546709682835295,0.6215324854681489,0.29293813229461624,6.700290166763371,6.944976596935192e-22,-0.337133819758948,7.486874699042785e-21,5.279164665709602e-21,-0.14493148824288676,5.691083881437982e-20,0.00023696605412889228,0.23256546459548025,0.0025545588677325847,0.04654141625389827,0.27125345191755873,0.5017291951173743,2.269723879466298e-09,0.09350522556646086,2.4468244132728262e-08,8.025506487623238e-10,0.10033960770855578,8.651715470964436e-09,0.16892229652900292,0.26002316435929507,1.8210285525588452,2.5618493443828326e-16,-0.037418598517819424,2.7617436533455543e-15,0.008478501894686666,0.5669212069156265,0.0929369093563343,1.5719375362308143e-34,0.3777441522563038,1.723075823218904e-33,6.188309862951839e-12,0.4925918518604351,6.783302049652003e-11,2.2162686441613217e-27,0.3923649345535938,2.4293579296218186e-26,0.7410376196761509,0.5860319583669282,8.122867334928081,3.700377556572987e-52,0.1485675002777803,4.056160602794166e-51,2.2454321545428266e-18,0.49192590078600235,2.4613254464603413e-17,0.00029353115748200945,0.5344180527346192,0.0032175352338201678,0.23660855378602572,0.5732585937123945,2.593579383396231,5.269090306287914e-05,0.5287287296272658,0.0005775701583468441,7.41981052250962e-08,0.5241038926592013,8.133208750048124e-07,0.011465168774278505,0.5457108896250783,0.12567519172201283,8.386884007316908e-41,0.24181574958217136,9.193264192800028e-40,8.640631054476551e-41,0.23016657814463504,9.471408452413769e-40,1.0326757642075134e-12,0.48884477347328326,1.1319652349524391e-11,2.7440423252380057e-06,0.5254575620770429,3.007875872628015e-05,6.503499375508974e-19,0.4496723099655108,7.128796330628067e-18,1.2435493218996266e-20,0.4370860817918079,1.3631138147405894e-19,0.002061115560661926,0.5443279490619191,0.02259287223303105,7.417238793921635e-29,0.37221995284374737,8.13038975549414e-28
61,0.41692448935020354,0.24187134674855534,0.625954487188731,10.991174535770638,3.1539890828968336e-08,Community 1,2.1563324408493718e-07,0.3224515355413238,2.3700616599330867e-06,7.315913226016524e-09,0.3065058256607745,8.041044653369547e-08,2.534858494070275e-23,-0.17495924560805318,2.7861060828752547e-22,2.9964667704461507e-15,0.1776498175777309,3.293467590322279e-14,0.9996312449039704,0.4169481704566643,10.987117026745965,1.4073224318984502e-09,0.25355312807666996,1.5468120201783407e-08,1.0487174846054423e-13,0.1742466161445605,1.152663223573164e-12,0.000300220123968639,0.3572449337879435,0.0032997704429941995,5.5513778718975106e-12,0.1921609635696728,6.10161383501826e-11,6.831060992193157e-05,0.33298496873445593,0.0007508135316966373,1.076522699210178e-25,-0.5671263610988602,1.1447034242735832e-24,5.102097492819295e-15,-0.16008259592209217,5.4252348559792374e-14,0.031826187069631175,0.12494096076483038,0.3384187379133528,6.780233894013419e-06,0.19525279271818657,7.209654716567812e-05,0.3950292863045685,0.25084847824909884,4.200481578818101,0.1936010817385236,0.19225953132177226,2.0586265516904816,1.2056304452353248e-10,0.050848544590008204,1.2819881086408148e-09,0.37953547743660737,0.267641307838246,4.03573060720173,1.1392154438701905e-06,0.08914387384818752,1.211366764992806e-05,4.788076345332106e-08,0.14233005955830225,5.091325424170104e-07,2.9561696362331114e-13,0.5642143017762506,3.2491776522420984e-12,1.3025034736306295e-16,0.5398436336283388,1.4316043053202592e-15,3.060042738220318e-44,0.306895208352916,3.363346391921042e-43,4.201742805586733e-29,0.4702378835266568,4.6182088663144875e-28,0.9999996567110239,0.6259544988230099,10.991170794161462,6.879149781866807e-18,0.5107497854204546,7.56099361271742e-17,1.3515587010958876e-25,0.4865760581044907,1.485521762171237e-24,3.263509552414945e-07,0.5934657641757226,3.5869803192678106e-06,2.961376716727303e-22,0.4755207876380532,3.254900845311868e-21,1.4068160146184915e-08,0.5749308539892776,1.5462560400759917e-07,1.977156782078761e-53,-0.011531881333052602,2.1731275338769597e-52,9.467725306633058e-38,0.26681381153877987,1.0406142160054752e-36,3.935056443091149e-14,0.4838325138164048,4.3250892298234864e-13,5.334753621955226e-17,0.4833810207934979,5.8635208332502e-16,2.679385435234855e-09,0.5181476006021676,2.9449593051775582e-08,3.8555511204782037e-13,0.48609915579407126,4.237703541836564e-12,3.1092490903375213e-25,0.4107465110120273,3.417429952515115e-24,1.8975469503297532e-10,0.4952252292802083,2.0856269780742033e-09,1.5327549283702497e-21,0.43299850433502335,1.6846776986622956e-20,2.5911605571518886e-20,0.4450006349711539,2.8479898015586013e-19
62,0.31104699737117747,0.3430803073887386,0.5787608821938426,0.26838604611077005,10.714002175249016,Community 2,0.6919155704157434,0.3175728415256843,7.46005208502807,0.22864456900095514,0.30519983895433483,2.465185734555786,2.9753312528142554e-16,0.04608937722843194,3.207924068375775e-15,1.606990247034293e-11,0.11099296979206433,1.732614708439748e-10,0.0791976109141233,0.27127878429632857,0.8538878552395478,1.0612959404760408e-06,0.16733445307349676,1.144261429009745e-05,1.7230689731161973e-06,0.1541061713210328,1.8577677443823266e-05,0.00020679987226332176,0.1817541563355459,0.002229661947532941,5.101604592354474e-10,0.07506593724039023,5.500416178424075e-09,3.2664905770591395e-05,0.258884268080826,0.0003521844410217961,0.003339824499884053,0.3120490115893047,0.03668081645552557,0.00013047603921175095,0.3110356627092375,0.001432999741853605,1.940116235892273e-21,-0.1418583583270872,2.130802009315765e-20,1.6374661485960128e-11,0.17835311133229792,1.798405732123706e-10,0.6001372360251882,0.3472061523596188,6.591221725432155,4.2540386762175073e-14,0.07086922681110097,4.672150045083463e-13,1.7228382390014113e-12,0.1231827627903675,1.892168682203678e-11,0.3963923635465915,0.3371058158298512,4.353520830848826,1.2835604120963688e-14,0.101859598902982,1.409716105960663e-13,9.987097184304183e-08,0.24071126968837198,1.096868649097208e-06,0.02173123513671507,0.549147486629733,0.2386608608010595,0.0026861578812925587,0.5506720645894914,0.029500428676220155,1.9768880458205347e-30,0.37172923734092445,2.1710951989366406e-29,7.731709649126562e-23,0.4278184402422677,8.491263698154136e-22,2.0463461775501315e-05,0.5290023790463508,0.00022473768157151185,3.1146895698221774e-16,0.4728332969316025,3.420673004480726e-15,4.468816422419162e-16,0.47282016790289644,4.9078276840995385e-15,5.14292927244009e-14,0.49579116544976437,5.64816458649325e-13,6.267269553153795e-23,0.42199003295858944,6.8829587320643045e-22,1.7256124438931176e-09,0.5031033228501876,1.895134577844365e-08,1.728335705662359e-05,0.5346567245671838,0.00018981253696421846,1.4180031490608185e-07,0.5652111911583863,1.5573061082096619e-06,1.715206289137099e-40,0.2876317587481919,1.8837061347021505e-39,2.0234203339663297e-21,0.4650801773626824,2.2221987642611702e-20,0.5992373816750944,0.5805010145418522,6.581057562307036,1.7044217331136936e-26,0.4227999502879785,1.8718621165977461e-25,2.4379279097133512e-23,0.4167770746117937,2.677427076016019e-22,0.3763073349620509,0.5779052434378394,4.132753243098519,2.987878939496537e-27,0.41232707189264767,3.281404647197574e-26,3.547585660669962e-14,0.5267135544543656,3.896096297400666e-13
63,0.31309465529441816,0.3612831515252783,0.5760283839787265,2.8313739564508267,8.187441370411571,Community 2,3.354284607742147e-08,0.13704712692312412,3.660216246268727e-07,4.991482159301092e-23,-0.1605444342723379,5.446736407001639e-22,0.8415705766171,0.3343955456465008,9.183270524528023,0.1096034610352826,0.2160873392204414,1.1959997902463677,4.719595878684649e-26,-0.5081470329015654,5.1500524049485895e-25,6.654167604130278e-11,0.14855110622054898,7.261069115547449e-10,0.04882592873736936,0.16370970223901732,0.5327915740697238,8.600836171551437e-13,0.07370633368133557,9.385285975419624e-12,7.687953649510634e-17,0.07285203126434257,8.389142884163674e-16,2.9037694482812757e-19,-0.02697701162382879,3.1686112995558127e-18,0.00028312172510219525,0.3027615832896311,0.003109879193002561,4.744447008117838e-10,0.24048229596039114,5.211418172704018e-09,1.1246677343686238e-05,0.2414426555665751,0.00012353629114444792,0.6818706589980404,0.3711023054995212,7.4898363026416455,0.0018615011453025935,0.2704458053000354,0.020447189905463337,2.1213399575871286e-16,0.0624986896789431,2.330132381400213e-15,6.369296233227603e-05,0.28376171948502565,0.0006996192829297834,2.5331080299217614e-11,0.1651698573134378,2.7824286366713416e-10,0.31590977799210274,0.34069675169351704,3.470031291625812,4.628945985019617e-22,-0.2693275991995026,5.084548986535414e-21,1.1061182194430349e-20,0.442109794334616,1.2188112389720656e-19,7.807533903542638e-44,0.20715722594706115,8.602977424135342e-43,0.2569580665908234,0.5489117581966766,2.831373482511893,4.2880329372661284e-08,0.5198913605343956,4.7249043051238795e-07,4.578647723124379e-50,0.0870542161429851,5.045127370786653e-49,2.1867406226037468e-23,0.42550227720872963,2.4095291088218785e-22,1.314572856800651e-10,0.49332259661784944,1.44850355427923e-09,4.013638094226463e-28,0.36891743957206824,4.422553694914133e-27,7.560642374189799e-32,0.3496676881248052,8.330932207364786e-31,3.2947922105950877e-35,0.3149886312474466,3.630470690893199e-34,9.614779619386961e-07,0.5608514587029794,1.0594348103450525e-05,3.2028416346809294e-18,0.521788272375578,3.529152049373524e-17,5.30098244689926e-10,0.5221273856387885,5.841054663332209e-09,0.7074437850826905,0.5868568430277132,7.795192421962697,1.0776323159232994e-05,0.5371013115528867,0.00011874231479417872,1.4291887610115713e-31,0.37640327802149576,1.5747967024813782e-30,1.447861479087736e-08,0.5394178755894885,1.5953718256945605e-07,1.0715577199425519e-20,0.4853486236111028,1.1807296628120715e-19,0.035586352504865505,0.5565756102494941,0.39211944640774005,1.3923108754290201e-42,0.20990278008296828,1.5341616413934488e-41
64,0.3375887303785541,0.3948520060263038,0.5804946530772455,0.3539352259359967,10.738278801826588,Community 2,8.210855253082885e-06,0.26555671761840866,8.955429142875083e-05,0.21617238873728964,0.2963524145649128,2.357752573041617,9.210382406004677e-21,-0.1178304953237725,1.00455950657258e-19,1.5680679513069657e-08,0.1683785076164795,1.7102629380624242e-07,3.942324304220825e-09,0.17119515128675591,4.299820770976088e-08,1.529161013818054e-16,-0.01433861652992174,1.6678278553446532e-15,0.779023946160885,0.3493480496468407,8.496671218052848,0.0047190107988469504,0.287505831610979,0.051469384772881946,5.396529094555678e-23,-0.1769571650555921,5.885895248928139e-22,7.642382472131801e-05,0.21063990832286966,0.0008335406313030514,5.747135585841745e-13,0.09795675970379451,6.374034914620885e-12,3.3619027831255636e-18,0.020076666495026933,3.728620179414981e-17,0.9997994605603905,0.3948737355602943,11.088578952148874,2.088983595166203e-24,-0.31016977506127846,2.3168505723898702e-23,8.500412988950689e-16,0.053287479376004775,9.427640669161784e-15,9.607906939784226e-13,0.1850054675603717,1.0655940402986574e-11,2.8837303846402823e-17,0.010655848813021637,3.198288587680524e-16,0.00020053807122177243,0.2865188543595383,0.002224128261089376,1.366830791196011e-09,0.20851011623080606,1.515925117013964e-08,2.0515768733460787e-14,0.05946168062658502,2.2753635137740326e-13,9.942472133522797e-12,0.4985657420590113,1.1028402887010018e-10,5.306588607101748e-06,0.5285505651144862,5.886181658725913e-05,4.8540504261177646e-39,0.2598052714141862,5.384216622805043e-38,1.3298137938805523e-19,0.4393104947392135,1.4750579218794047e-18,1.2454941606686402e-19,0.4509130169054433,1.381528780046508e-18,2.6312572332667464e-36,0.28284745160879926,2.9186468393493174e-35,0.03190312204844335,0.5517611609058056,0.3538762579151652,9.564384178185244e-09,0.5135112148173262,1.0609019634817689e-07,9.821597192144883e-45,0.17509478271234613,1.0894325814974309e-43,3.3932732323189417e-13,0.4954125139035014,3.7638912947559455e-12,8.95797810601322e-25,0.40604272519850554,9.936381040790996e-24,1.2670506607583667e-34,0.3376008886797034,1.4054397113149807e-33,0.9680915342014157,0.5814418428125799,10.738278495827146,9.2470193120855e-47,0.13613298557329853,1.0256991732850633e-45,3.420109846564006e-30,0.35814788266369524,3.793659041654621e-29,4.042424592839459e-24,0.4430168595928732,4.4839438774866307e-23,2.868540793617511e-33,0.3023144990977509,3.1818468430173375e-32,2.7586867795050014e-08,0.5091189457041363,3.0599944193828566e-07,1.646734705790126e-17,0.49403728534988506,1.826593380356873e-16,9.747423615247352e-28,0.34455070469418586,1.0812050895959097e-26
65,0.3083352383719364,0.3321773101410748,0.5952406612305199,5.279075522054677,5.567270418021262,Community 2,1.8753373273749627e-15,0.014269246603170853,2.0294340366002805e-14,3.446243110394776e-15,-0.04765249743616776,3.729421349717518e-14,3.9738465875557987e-10,0.11888408831510242,4.30037807240912e-09,0.016717823217592968,0.24275945294178808,0.1809152890010488,8.397807801466512e-26,-0.4722723058935738,9.087856747873447e-25,7.71343546430093e-10,0.11323343534627806,8.347249447801391e-09,0.2741527894692302,0.2617405611425155,2.9667995941645477,4.458916543206084e-10,0.1881315473969608,4.825306288660665e-09,1.6309726993286443e-29,-0.866015083037031,1.7649899356594956e-28,0.7091293856985517,0.32789492054580627,7.673986384649735,9.928924660474543e-18,-0.13660612566018118,1.0564766268277262e-16,0.4747849850468643,0.391275556790017,5.05189893793383,3.2202740422829916e-10,0.11899049033621195,3.4264982100180617e-09,1.2223234281498323e-15,-0.03159961457553932,1.3006001922896233e-14,0.01741655975367006,0.16722368613785246,0.18531904439510025,0.13362622114076153,0.27388576726028313,1.4218355380267365,0.26340283135084724,0.3159376716029427,2.8027097019901794,0.11076564496425977,0.2137444093084046,1.1785900181726805,1.4229313580511639e-07,0.2496918511545831,1.5140549180976872e-06,3.6151284326069767e-06,0.08829100718069147,3.846638807960382e-05,9.669415017654683e-29,0.43400948590404853,1.0487782031964818e-27,1.3791669060276245e-29,0.38742584651256495,1.495892137187982e-28,2.8080514020855764e-20,0.4759528076117033,3.045709692453544e-19,2.0514220006055526e-09,0.5081367750745639,2.2250432687650493e-08,5.1234961390573125e-49,0.1582474511949522,5.557121154685903e-48,9.229986711171151e-20,0.4561763794771093,1.0011162889166608e-18,0.011967967023814563,0.551892507787082,0.1298087105397138,1.1116904454115518e-19,0.4993634092082598,1.2057779149210795e-18,4.9708132932268617e-54,0.026458288033270577,5.391516058186667e-53,0.4747466859081648,0.5965767458110962,5.14926678926453,1.5448639452872832e-34,0.32596010041928364,1.675612878093642e-33,0.5021855450005521,0.5958287533493072,5.446878147181561,1.6481345470752844e-20,0.47625210821875597,1.7876237453368906e-19,4.1627295954912226e-33,0.3563039802150294,4.5150405247690176e-32,1.6389405715109094e-11,0.5020505173648144,1.777651641383309e-10,5.294536373937786e-08,0.5455817612598431,5.742637310404449e-07,0.011099745157842454,0.5582271194553371,0.12039167582864205,1.8964508554477084e-09,0.5285715486340837,2.0569562036538792e-08,2.05093444264447e-17,0.5083803095055989,2.224514446533875e-16,1.8095617708597397e-18,0.4633527731529855,1.9627132966681163e-17
66,0.3682977365196972,0.3218197055072638,0.5676617817901667,10.162266365273215,0.7993638689483004,Community 1,5.1629353563167785e-19,-0.0824693677866065,5.650948581665611e-18,3.743196671654833e-09,0.2508998087011022,4.097012738442172e-08,6.80157081244722e-13,0.1781022709886874,7.444471852368199e-12,7.12222647682491e-24,-0.22047250145829966,7.795436671170586e-23,5.670404707050501e-10,0.21253852971638912,6.206385171484411e-09,4.321425741106585e-09,0.220964648897005,4.729897427943158e-08,8.816563678259637e-09,0.2375780505734261,9.649926751817528e-08,2.7045311663136175e-13,0.11961219359366972,2.9601700396367815e-12,2.1319347326262443e-17,0.08441455354470398,2.333450396352153e-16,0.9999999825508229,0.36829773883684663,10.945224166224264,1.4432285274912955e-28,-0.5511282284130381,1.5872494586566646e-27,0.0006684638658336952,0.27836161098760226,0.007351704106212474,1.208907741499496e-09,0.17454521057976358,1.3295456136779412e-08,9.969620654887109e-24,-0.29159466584147015,1.096449708833607e-22,9.17743436369119e-09,0.20627337977362437,1.0093257892391381e-07,3.716719635282022e-05,0.26714428258331646,0.0004087614065760327,0.49521364994570555,0.32234587320108443,5.446314168706403,0.13271649854488904,0.30617016732982644,1.4596038427563138,8.573407147666308e-05,0.28443503442870566,0.0009428954316494135,0.37127847598940006,0.3268043067779089,4.0832865260044615,1.1708623068777319e-36,0.2887419408373175,1.2834559663181295e-35,4.008071386885107e-17,0.48419992972866926,4.3934996495397947e-16,2.408296673102338e-24,0.42327352697288106,2.6398857624853674e-23,1.1488256473956493e-45,0.1822285182681835,1.2593001950341253e-44,7.471174448412551e-19,0.46726760724759986,8.189625171886226e-18,2.1549379475878184e-17,0.4791782371085139,2.3621632959149887e-16,3.1143603696674335e-16,0.47169246786060465,3.413846678840783e-15,3.0158664043210187e-25,0.4002195600346831,3.3058812359978204e-24,1.2570193792839293e-32,0.3625927212054998,1.3778981632961082e-31,0.9270761874038826,0.5692822378586146,10.162266365273211,4.799186079342119e-56,-0.08756523187575703,5.2606903226971584e-55,3.968795904148698e-07,0.5186788627483496,4.350447317637088e-06,2.9269455645857443e-19,0.44384615468534006,3.2084094994683653e-18,1.1068998431221863e-45,0.1541375633149287,1.213342678662321e-44,1.7645490007547266e-17,0.46146556515719644,1.9342333676438374e-16,4.993314781069508e-12,0.49430104602003266,5.473487027315671e-11,0.07171054539586653,0.5472336614207172,0.7860644825238451,0.00026235652733240197,0.5269339511244485,0.0028758552421522207,1.0912653775157352e-11,0.5070653004974075,1.1962047555735638e-10,0.0009505137774217097,0.5396033488115921,0.010419180560629912
67,0.34134542579317906,0.4381666588071067,0.595801684132299,0.8507102736276652,10.258120163156686,Community 2,0.5849913785790027,0.35903984437001674,6.40125982245798,2.7864339268124476e-07,0.267042842078657,3.049051353024258e-06,4.384609473082212e-18,-0.16827055308327324,4.797852666715735e-17,0.01459802187916337,0.2672257167323961,0.15973864635311244,1.4143279390968872e-05,0.22178748090496667,0.00015476263315730276,2.0817378618294722e-07,0.25352084039022704,2.2779386882911045e-06,0.4003958944527969,0.31819997512804904,4.381326368370877,1.904724354733803e-11,0.09787218480959328,2.084241910441777e-10,7.497342015492228e-08,0.23694125261798243,8.203955814797566e-07,6.3608802154777e-17,0.0869856302104653,6.960384109884171e-16,2.0684298444278884e-23,-0.021052636267309313,2.290837060341861e-22,2.119991405691676e-05,0.2099889625451634,0.0002347942760953545,1.157356076022708e-23,-0.03771675597060134,1.2818003946843962e-22,6.976221505075475e-24,-0.15949479031180966,7.72633735102633e-23,1.0347036106846912e-19,-0.09742783515761012,1.1459597647033778e-18,3.2608968228857968e-12,0.17225881844480648,3.611523645310778e-11,1.5437593934005428e-08,0.27221081060103985,1.709751597415673e-07,6.34695378371414e-14,0.054187511670371724,7.02940783182857e-13,0.999978784641836,0.4381714988210496,11.075011635440527,3.1889052601672017e-12,0.168680374032357,3.5317912142824976e-11,0.07657963444292476,0.5571406251622573,0.8507101739373817,2.917868839308015e-12,0.5121702080393892,3.24141101726495e-11,1.1922198348012487e-39,0.2548859728940529,1.324416798817812e-38,1.9696504002575107e-09,0.5203450158601539,2.188051231620511e-08,1.915160064801716e-18,0.44673342762560697,2.127518841918319e-17,4.1243971053413935e-21,0.4386683681157444,4.5817228097201743e-20,7.001398814501159e-09,0.5081679930998232,7.777735225059634e-08,2.4053824530732277e-30,0.36574306318397165,2.6720985806806876e-29,4.4265911700152726e-16,0.48276635325351386,4.917425072066651e-15,1.2248349392991256e-32,0.34420366589265544,1.3606483653723039e-31,2.4536223033197203e-44,0.2767725579524275,2.7256874123491033e-43,2.1861126292463438e-11,0.5004741717050376,2.4285154514010444e-10,1.9383153767915847e-45,0.2024582780202446,2.1532416853789483e-44,1.3740145968662343e-45,0.22885804055070455,1.5263695174253603e-44,4.5972101362618636e-38,0.32358885816679167,5.106962788599932e-37,1.1447082367294346e-23,0.44238405794873503,1.2716369701417688e-22,6.366879211450201e-17,0.4832552415458364,7.072858157148753e-16,2.0451814892840832e-27,0.40552347346919987,2.271957437690697e-26,0.9234203565612465,0.5990078626690567,10.258120162913833,2.4023927739088957e-23,0.46405638622682227,2.6687773967909926e-22
68,0.2912341124418584,0.3779626295145031,0.5955406732672321,0.0005650180714544335,10.990848249328614,Community 2,7.736152954844643e-17,-0.16643511172011763,8.317232356140744e-16,0.47120110033900925,0.2673703562855704,5.065940475665572,1.3810571375419456e-07,0.1622489035827897,1.4847913655649355e-06,5.714863308921936e-08,0.08615115358314514,6.144119215497287e-07,3.9268446266850176e-19,-0.1461406120433716,4.221798531807588e-18,2.0472744055950106e-09,0.11495388843140414,2.2010496725572538e-08,0.5286455119234597,0.3125408043564328,5.683532347877012,0.00015293690347758848,0.16701317440661004,0.0016442432944079727,1.3505824768475956e-08,0.15412252080182806,1.4520276863242438e-07,2.4002660755424265e-07,0.16965010642905712,2.5805553203736186e-06,0.9999981221807331,0.37796287091446334,10.991474384435366,1.3661686396936939e-10,0.18165484269961985,1.5016235805789055e-09,1.2107268497611564e-09,0.22471990024192273,1.3307698145149851e-08,1.8764719016069618e-06,0.2494303837215837,2.0625231570082866e-05,1.87033711390789e-18,-0.0005101556433225247,2.05578010816123e-17,2.6388077199808106e-20,-0.080716571995401,2.9004441924719243e-19,3.0875779495284245e-25,-0.30787846069646274,3.3937097669925016e-24,4.048323207489353e-24,-0.1627558224658337,4.449712439259195e-23,2.155017458878975e-14,0.13500463509546376,2.368686367692823e-13,1.3409591633133556e-18,-0.031059847400951204,1.473914597158491e-17,5.997733906278823e-38,0.26466936754636894,6.59235720318083e-37,1.4019424633557361e-06,0.5206062897493544,1.5409328991859774e-05,1.398895750771833e-17,0.4578191184520527,1.5375841314743106e-16,1.6166791902077892e-20,0.4434347271782144,1.7769589100379494e-19,4.253803176622698e-41,0.22669466647013548,4.6755308672439284e-40,1.0795094530780783e-22,0.4291870008219748,1.1865334524846184e-21,5.000346443984578e-05,0.5330979051189638,0.0005496087424600886,2.110432404233049e-16,0.4619398577730233,2.319663472783816e-15,3.3616762575769354e-19,0.44474394564690206,3.694957301823494e-18,7.168552676646051e-19,0.45043142396809926,7.879252499814368e-18,0.9999485945794646,0.5955439008425456,10.99084824917878,8.623332265675103e-20,0.4702496015259272,9.478260867414044e-19,1.3125866567339432e-17,0.5366898299281516,1.4427182393437764e-16,1.3631953818242526e-11,0.5245515621556984,1.4983443805841594e-10,8.593780616144367e-35,0.39452749802305204,9.445779428141475e-34,1.5956567341955894e-38,0.3131319065101288,1.7538522598453668e-37,3.564307353846136e-48,0.1594776225982987,3.917677513815605e-47,3.534971243504649e-46,0.20850244107090163,3.885432982573472e-45,2.6484910678933323e-27,0.42765638974326564,2.911065986223335e-26,2.94694614844467e-35,0.3432153976770769,3.2391102994328284e-34
69,0.2701261858526099,0.4161712116441112,0.6201963630162056,1.3673899119664843,9.628306770294348,Community 2,1.5790420150680587e-09,0.10199944609118648,1.6938055811141657e-08,9.841206813146576e-10,0.025203581192175348,1.0556458198034688e-08,1.6279973007567568e-05,0.10585853827730986,0.0001746318899527027,1.3968426774896245e-06,0.13052698644422123,1.4983641350217041e-05,0.8943572900546148,0.27109885878744416,9.593584939152835,0.10538887709244346,0.26197016175285553,1.1304846008093181,1.5241963565527586e-12,-0.02219339334006314,1.634973782082464e-11,7.71232669857912e-11,0.08450328168273362,8.272852704850961e-10,0.00023615313802964225,0.2383964136833339,0.0025331656749804188,2.574168830107497e-10,0.14905005892334935,2.761257452024336e-09,0.027541950051497156,0.2509181073759122,0.30080469428977125,0.9596581726920128,0.4220747514049929,10.481090943798643,2.7229528851829604e-08,0.224562488832246,2.973925261869345e-07,0.012781889057075143,0.32919502613993146,0.13959985487847684,3.242567920309763e-07,0.1952296511470997,3.5414327967295724e-06,3.506673936973265e-25,-0.13729825090100528,3.829881252463503e-24,1.7098132848282512e-11,0.2793548417554553,1.867405399667384e-10,1.5473202012605695e-05,0.2947889013377192,0.00016899354593204337,2.1634939833421e-06,0.27175322436562693,2.36290148315625e-05,4.274471544653387e-18,-0.05638231611545898,4.6684461479149856e-17,1.5618628574063204e-23,0.4330782162396758,1.7173770239329101e-22,2.9318829042946554e-25,0.4240740783601257,3.223809512353e-24,1.702917949957555e-19,0.44619832142846516,1.8724769252510708e-18,2.6107958629000818e-12,0.5170008779278399,2.8707519407750737e-11,0.1243536701615439,0.5559796556907941,1.3673552384222463,3.051297789220231e-06,0.5372971925561577,3.355114497751871e-05,1.1896229888907714e-31,0.35527636472695,1.3080733552087472e-30,5.861902507763309e-22,0.4510720151110207,6.445570195634947e-21,1.0207361893256753e-07,0.5468085284466848,1.1223705530431894e-06,3.6384263468742773e-22,0.45775120141721237,4.0007032510975896e-21,2.586273702086378e-05,0.5284810299212889,0.0002843788116544963,0.8755786927555451,0.6293222091605427,9.627597726990425,3.149630334175101e-16,0.5375079318078371,3.463237981583724e-15,3.862088396617503e-05,0.5637310548374537,0.0004246635256928514,1.4687158376170896e-14,0.5065658944069843,1.6149553862870172e-13,5.57469669517092e-48,0.217987952663485,6.129767395570133e-47,1.8295711492549463e-21,0.53488963379158,2.0117409415822755e-20,8.619317473983086e-11,0.5654296922890635,9.477540055202864e-10,1.69673217032784e-12,0.5745955184786694,1.8656752295959054e-11,4.5866570214635197e-35,0.355141172456087,5.043348939357478e-34
70,0.361013434969965,0.3808190265665924,0.5652029661512553,3.3543165155217025,7.8493004861862214,Community 2,3.2535711867764266e-05,0.3105495763056911,0.0003594002772113551,1.6050667670952212e-31,-0.8668249693620997,1.7730100493307444e-30,2.4811837141481084e-12,0.13546144855439773,2.7407979216850828e-11,1.478361545595536e-10,0.207952170426812,1.6330472542451662e-09,0.3051890995268657,0.3745644533520176,3.3712201355124836,7.031607893184624e-31,-0.7554920658944817,7.767347572794213e-30,0.6947783642508828,0.3550633631685433,7.674752522000921,1.5250360615605078e-23,-0.1323061318302314,1.6846054744700536e-22,3.6006651206992104e-10,0.2400060825264788,3.977414257244829e-09,2.966375300976602e-22,-0.1572973064066574,3.2767566599340162e-21,2.6600771112102193e-17,-0.08132968708198315,2.971556984841713e-16,3.0421653032624116e-13,0.13731826656364493,3.398385527192381e-12,0.9618358186047394,0.3817216813943305,10.744613127946229,5.146226538762621e-05,0.2732233798752908,0.0005748820345241994,8.77576742177893e-23,-0.1736752733958857,9.80335978593843e-22,3.7688315132717954e-11,0.18849158755805437,4.210140210130666e-10,2.838563217439713e-23,-0.13480030678525579,3.1709427971658342e-22,9.606018512443706e-21,0.04673275413459073,1.073082854887024e-19,0.00467856156683024,0.32130159374295636,0.052263944696705825,0.0334341575250501,0.36334549974286146,0.37349106876326654,1.954778586281515e-09,0.5327093854710528,2.190059060383816e-08,1.1111120266899577e-61,-0.2825251371415222,1.2448473593025759e-60,3.706288662328983e-26,0.3977264267812991,4.152383867050631e-25,7.6254657355016e-20,0.4704349918369264,8.543279756020694e-19,0.2685336945378421,0.582233066068486,3.00854866565561,1.0034594973014642e-59,-0.15638242667154462,1.1242375884491971e-58,0.03086216066764794,0.5546312618695315,0.34576782796550204,7.373161005605045e-43,0.2646415625266469,8.260607199872657e-42,1.946022074067021e-18,0.5008338146222934,2.180248599471619e-17,4.773499588706342e-44,0.19454247543668882,5.3480461149676155e-43,7.392245058535916e-36,0.2967388214879828,8.281988241860438e-35,1.5108229035193188e-26,0.41841004126098025,1.692668116843877e-25,0.7005330979556426,0.5591414730397032,7.84850452651496,2.2030607849865345e-11,0.5053322888460808,2.4682249266471143e-10,4.469530978504421e-44,0.2004211695093899,5.007491326043239e-43,8.891838346666265e-22,0.43511554706610234,9.962075127714865e-21,1.8010384419002968e-44,0.20223435278893429,2.0178144908403715e-43,1.7546942304962424e-38,0.31574689343009876,1.9658922113586504e-37,9.33742388092897e-07,0.5323538484744562,1.046129209445294e-05,7.011111967011368e-05,0.5568914753477502,0.0007854981323448645
71,0.268645286919506,0.35904281723979464,0.5870664506672226,0.07253968054086804,10.847783982288737,Community 2,0.05269357003647766,0.2531743051761763,0.565145665517392,6.0566426891744463e-05,0.16787694702671063,0.0006495831201045995,1.825692966394669e-12,0.011366264467553696,1.958080399201031e-11,8.199254783469184e-17,-0.13151184538524424,8.793811651293649e-16,5.730192409781271e-23,-0.2687120008430971,6.14570886111291e-22,3.2440853995431044e-07,0.10823610121213158,3.4793254677010223e-06,0.015596747636740878,0.2588658319821793,0.16727722788512625,1.2959409791691963e-09,0.02295044577132005,1.3899142279348844e-08,0.9316487901923644,0.26969064274090815,9.992059281564144,1.2186608767363594e-12,-0.015026483299507612,1.3070302728518948e-11,3.363277914051216e-13,0.023552385749914716,3.673378779954242e-12,0.8834464663781458,0.3667455137782184,9.649019753202653,0.11643738439799634,0.30073000185793,1.271731411947962,9.259163053122043e-09,0.10344814399777043,1.0112876172788647e-07,4.241536107845544e-09,0.041696867492920474,4.6326141137120025e-08,0.00010653671211763957,0.23163298673907037,0.0011635960737708805,3.2283369632006517e-12,0.1353280585651858,3.525996006936763e-11,8.627598185181522e-06,0.21421502419134492,9.423079776729661e-05,9.200250529303106e-07,0.051127026409157506,1.0048531797925686e-05,5.138423824043507e-08,0.008850513308225163,5.612196648630956e-07,0.0029336489876673425,0.5364142573664048,0.0320363964584598,1.4866459928523537e-13,0.4881855642275265,1.6234655413996372e-12,6.790279633340367e-31,0.3471860522206508,7.415205135719675e-30,2.5100413946845364e-34,0.3142249258917256,2.741046443705537e-33,4.776739555346685e-43,0.21071699471894462,5.2163541997426575e-42,7.61772841661488e-18,0.46465096556312574,8.318805988496899e-17,1.6489406927835878e-07,0.5204860530330079,1.8006966066007259e-06,5.418509535972258e-20,0.4490118559528204,5.917187790294572e-19,0.0037088171225214033,0.5432788873756097,0.04050148338417809,2.565929617252337e-28,0.3736259122005126,2.8020781916436007e-27,3.3553753665358015e-24,0.4253162742004333,3.664178501285648e-23,0.8989763897511659,0.5882466776417928,9.817113141324787,0.09438086915933372,0.579120090035895,1.030669638799097,2.505707674198127e-15,0.4943003177272346,2.7363138806679547e-14,3.409290526718693e-16,0.45550125085622317,3.723055601238696e-15,1.0976741247745539e-07,0.5420777103839093,1.1986956718851339e-06,7.024182374379536e-23,0.44733733521619023,7.670634499496749e-22,2.9936328387020517e-10,0.5122868578479388,3.269143952630178e-09,1.815488311528632e-11,0.4699120795610139,1.982571996797669e-10,1.6022174468482698e-13,0.4624021094754506,1.7496733097815596e-12
72,0.4008042528249302,0.36185071901427607,0.5684408859854984,11.025117645959748,0.14057691913181858,Community 1,2.4428075228660914e-08,0.26773134934318826,2.7274891612225675e-07,1.7155658356643622e-18,0.04750131302102449,1.9154956656790947e-17,0.00010611185895265347,0.35145540381760576,0.0011847799814820098,2.7259872495888747e-05,0.32761434768798675,0.0003043670288095861,1.1901372263791288e-09,0.2379990994973944,1.3288342838849629e-08,3.8242211157869876e-14,0.16682491063625357,4.2698909127271656e-13,0.04634375450547956,0.3822353988590098,0.517445958884842,0.9535228481446842,0.4017143364180356,10.64645171159997,1.370365331795707e-13,0.1722911368604108,1.5300659402762314e-12,4.980873754411996e-25,-0.2904756464295204,5.561338358184427e-24,2.048394043153825e-12,0.15542228231188485,2.2713539514117307e-11,1.4986557166652811e-05,0.28155357950924415,0.00016617786969408028,4.175900648016115e-11,0.1611945392811217,4.6304315662677085e-10,0.7602207921749763,0.3614849896579166,8.42967936771294,2.9006779891279986e-18,0.02455999991269854,3.216405766458358e-17,0.23720154047957567,0.36344969650213044,2.6302002685953663,0.0025626807344273053,0.3228128972297587,0.02841618794880993,1.0046660884198883e-11,0.16047437052865243,1.114020174686925e-10,1.2249187861545577e-17,0.039275615482783716,1.3582465416697578e-16,2.6309843648575352e-17,0.07759791199539709,2.917357015948363e-16,1.479337895005709e-15,0.4719088522479423,1.6517835094199244e-14,1.434525050652742e-35,0.3165507312806454,1.6017468561561027e-34,3.3504865529916313e-08,0.5360490995906436,3.741050949515104e-07,1.6645053324415654e-09,0.5216628666714164,1.858535814400872e-08,1.1022921205159554e-17,0.4900059812450594,1.230785713918826e-16,2.014891181683836e-26,0.4364718923221495,2.249765951657813e-25,0.004372369273736688,0.5550563133335923,0.048820539836335095,0.9830375217095085,0.5688776064649789,10.976296713432943,1.8149755521703743e-25,0.43113197953246646,2.0265462658642814e-24,6.825557961031686e-48,0.06759212083079116,7.621209542920897e-47,3.5835188405158465e-24,0.4101492694835187,4.0012476841451023e-23,2.1349462059297698e-11,0.5004127061162928,2.383815724831289e-10,6.57890613003424e-24,0.4154690178914261,7.34580564203709e-23,0.009520058232629547,0.5372455811839881,0.10629806246742696,4.021306374024877e-36,0.28755360276983954,4.4900678725017644e-35,0.0030696969177028874,0.5444021732220345,0.034275298190473466,3.186757004542477e-07,0.5167323461320203,3.5582355365887415e-06,9.98517772663148e-25,0.39672910366757913,1.1149144467372249e-23,2.421439655961495e-34,0.31855941932326043,2.7037055606266457e-33,1.6254560802769308e-32,0.33395735655920833,1.814934612134317e-31
73,0.3914998205174834,0.25539817223811084,0.6009369715081624,10.961724600873742,0.00021443046478970883,Community 1,4.203825166507398e-18,-0.09836103019366575,4.6078688057852034e-17,0.9765732680605923,0.39182777840130384,10.704349777226149,0.003323867782061106,0.2840540049674268,0.036433357860689866,1.9868350599354143e-23,-0.22484122357034267,2.1777963954963774e-22,3.368425359480296e-15,0.07317255984209134,3.692175940670807e-14,1.6190618084576195e-05,0.20295003925578337,0.00017746752318028195,6.536234453381907e-12,0.15549794158980498,7.164453718245274e-11,0.02008667353272061,0.39348688528523,0.22017270632668134,9.087654190037442e-20,-0.06937132904680125,9.961098904316917e-19,1.8525625107500945e-15,-0.07144495483278765,2.0306184643603097e-14,1.9258557955512333e-14,-0.03216246001956703,2.076264537594543e-13,7.001822262520961e-15,-0.08117742775583772,7.548662415843646e-14,1.8443562138061968e-07,0.13900108290925622,1.9883998637197408e-06,1.3380328838837289e-21,-0.3514372171702651,1.442532838315639e-20,1.2467045473631905e-24,-0.40437075093310076,1.344071786957004e-23,4.175982044245028e-18,-0.08430467101640586,4.5021249504383566e-17,7.185120538286987e-13,0.06006075080251465,7.746276230260262e-12,0.4238054990678096,0.24159233521697132,4.5690457747911974,0.00021547376231483183,0.19655715466351203,0.002323021965143076,0.5759788427335094,0.2655785632127475,6.209626122240552,2.9524319675577798e-34,0.35223781861730546,3.236437922254325e-33,0.9980753314230218,0.6009367676309593,10.940840931742166,2.1431917886736675e-05,0.5628645218817342,0.0002349353771990612,1.660224888890617e-44,0.2421768253067901,1.8199284010329735e-43,9.256023846868833e-28,0.46402265584033886,1.014639690819917e-26,3.6721613718922055e-10,0.5243368003518232,4.025400907191882e-09,3.816684835720443e-22,0.47290279000307156,4.1838266471001824e-21,0.0018836749292205225,0.6023200684958061,0.020648729728976294,5.8562290293410885e-37,0.37261112958135467,6.419562557319185e-36,5.617049836136404e-29,0.4012233058002403,6.157375783971735e-28,9.536393188945247e-32,0.33988226001074767,1.0453736071608984e-30,2.5452938914465725e-34,0.31524991523084617,2.7901356454875726e-33,9.72789312325612e-19,0.4544684384856292,1.0663657132051095e-17,8.971784955520863e-46,0.15793452653889284,9.834815968469999e-45,2.672476347304549e-48,0.10349307025453718,2.929552278184677e-47,1.1664944595904812e-34,0.3035483314763405,1.2787041146425046e-33,6.705369003838705e-29,0.38153423223601557,7.3503846202707085e-28,1.9557699375525797e-05,0.5198705772620156,0.00021439030814776147,6.489077064874357e-15,0.48322916527977955,7.11328671548099e-14,3.663272591556664e-09,0.5041925204363379,4.015657080381765e-08
74,0.3123186409881734,0.33872871470823857,0.5718239196615598,0.5266913057516897,10.45196553692551,Community 2,0.34492821233308996,0.3151716065592068,3.7309550747143385,1.2463806330152192e-11,0.11402442836679944,1.348161728007105e-10,3.3055228157167067e-18,-0.08001542426716823,3.5754561914386956e-17,4.7401842769829964e-15,0.10353533470039551,5.1272740097618903e-14,0.00022236662106635418,0.3157077856466068,0.0024052537416493743,1.1927444668450537e-08,0.13197735026626634,1.290145561394571e-07,1.760596624961421e-10,0.14323791395614646,1.904369279623172e-09,0.6548494089298704,0.31081475360547267,7.083252798878697,3.0923856006291376e-16,-0.03974437021491984,3.344913908781476e-15,6.174000808278004e-20,-0.09951142173841801,6.678177900012107e-19,0.6853139937693986,0.33930198181725596,7.523637090731961,1.6739971912752255e-07,0.18817973032130036,1.8377776424476972e-06,4.679062018602808e-14,0.1306173790752828,5.136851847919641e-13,0.024300665518663986,0.3273701794185554,0.26678192782856247,2.994264730205791e-11,0.15934743848038502,3.2872174490029733e-10,5.814385822974548e-11,0.1416458838829354,6.383253404318672e-10,1.1499067173652585e-11,0.17766540410441845,1.2624112316845862e-10,2.452860305308369e-30,-0.6881751968362001,2.6928431258054687e-29,5.759326751404428e-17,0.03406706082950635,6.322807466133787e-16,0.2903851732125859,0.33832641185207496,3.1879586286632633,0.02882322517995619,0.5528278005420223,0.31644029834995174,2.9263068600154574e-23,0.41344816313151006,3.212691883248193e-22,5.385459944461587e-35,0.3046492976158433,5.912511667022717e-34,1.5531687637187518e-26,0.39401683714265145,1.7051706875633358e-25,4.511235300209748e-05,0.5416119175281059,0.0004952730429757467,4.2511788168912177e-19,0.4481254559784332,4.6672233407507125e-18,5.809744251867706e-20,0.44365788501395265,6.378318848497191e-19,0.019105773808630332,0.5476340790441458,0.20975573435876219,6.159217498137598e-32,0.34947678664519727,6.761993533146546e-31,3.3142879403731426e-38,0.2653868502938337,3.638642997518012e-37,0.7103304714123048,0.576018137688868,7.798474490532819,2.6965199390510878e-14,0.4841457199766428,2.9604167080278725e-13,7.321431954319765e-26,0.4388263743936655,8.037948902348818e-25,0.0016588578686321874,0.5735419905198833,0.018212031290487676,1.102354998512322e-20,0.4449773071583322,1.2102377247476716e-19,8.064799972067873e-21,0.445500027126577,8.854067139816582e-20,5.928499106042785e-21,0.4635999969963119,6.508695727736228e-20,1.0750062376180769e-57,-0.044926911546259406,1.180212458654637e-56,3.5679324063554816e-31,0.38566943084163735,3.917110552724433e-30,0.24003655937744756,0.5636123666702992,2.635279015101906
75,0.2756334115402453,0.31621070257522854,0.5655422155928215,2.273404106525651,8.592326717033842,Community 2,1.893557392232926e-14,-0.06494742386192766,2.0484093134012108e-13,0.5865796250895925,0.29749740680318965,6.3454911481083265,7.958811195040486e-24,-0.40281897996644106,8.609669314695551e-23,1.2370695495055952e-09,0.14218600258985373,1.3382350051424223e-08,0.00018664585500004007,0.24719852681000737,0.0020190943736802464,4.7396941421312866e-18,-0.038380408773512065,5.1272983133434425e-17,4.842572692147319e-06,0.19245347149144412,5.238590097192438e-05,0.41322851889561946,0.24461128819161893,4.470216483222665,2.2156055146646157e-07,0.14938768852661816,2.396793986640256e-06,1.4478945587463748e-07,0.20749649039550452,1.5663009270934093e-06,6.051169207025008e-08,0.15696960653654848,6.549245851171572e-07,1.5165202837232803e-07,0.17346748487945632,1.6413462979785388e-06,1.528476150414446e-23,-0.3223990350609801,1.6542862617517173e-22,8.276920476220278e-10,0.19863591276076717,8.958200512130985e-09,1.6994473898680765e-05,0.21501740892669585,0.00018393302825603597,0.14864768369130096,0.31849478325143826,1.6088299506999615,9.547707036683997e-09,0.16768701496183805,1.0333586544830172e-07,2.0691606272400165e-16,0.02125895975118658,2.2394749162900475e-15,0.8513350950462371,0.3158139494450711,9.21409177042251,4.249443482905014e-09,0.10142977576287093,4.599218621732504e-08,4.4891155308385065e-31,0.35161729123061713,4.87775209939516e-30,0.2092007110793291,0.5497699537146485,2.2731186146852305,1.930544204031287e-46,0.14172520425112314,2.0976773663986886e-45,2.154357554826155e-20,0.44252095946480385,2.3408669288442815e-19,1.3785680512858974e-10,0.5057738789315874,1.4979149367231519e-09,7.31758252183885e-35,0.31141962100070913,7.95108819614846e-34,6.232053491089545e-14,0.4805381985582941,6.771581571220322e-13,2.6274380104667267e-05,0.5301527188236309,0.00028549034177320143,2.2165028161512618e-16,0.45642540352961425,2.4083922969961187e-15,4.903957256971202e-15,0.47996768445548516,5.3285079524490255e-14,2.5022006222283335e-15,0.47322478293176196,2.7188238427676147e-14,6.842755285469028e-14,0.49452185662649717,7.435153702339546e-13,1.2345723013828733e-44,0.20799940104545947,1.3414530309048667e-43,1.0931428365418101e-17,0.49545653635505027,1.1877795813565603e-16,8.191236563961841e-11,0.504891611960968,8.900377161610773e-10,0.28422022163267535,0.5676445330244112,3.0882604228730712,2.935662202924889e-16,0.48639830881267015,3.1898115285879534e-15,3.0401108483223558e-31,0.37178306806911204,3.303302615165382e-30,0.506552792687983,0.5708782381421386,5.504066293269959,3.660752019625795e-17,0.47362558704598257,3.9776746057055673e-16
76,0.29566161656599543,0.4660069621121233,0.6191708784499472,1.5906100585661176e-06,11.27326703988462,Community 2,0.1524394771114847,0.2636257901706965,1.663519328479331,0.24660873789674734,0.26427915714844735,2.6911559252011195,1.2274222484750996e-14,-0.021886909305829937,1.3394434783127824e-13,0.600945225182351,0.31666767739184076,6.557907547249711,1.0200543712108965e-29,-0.782618001616585,1.1131500807813484e-28,4.060935663943052e-09,0.16731286738694864,4.4315587383836284e-08,2.451265585628189e-16,-0.06182835632403958,2.67498141439209e-15,4.3966879164728064e-07,0.1614154440169045,4.797953567496855e-06,2.7763249722919434e-23,-0.40180614253965674,3.0297074885463104e-22,6.116079677086815e-06,0.1780904670481651,6.674266371245e-05,2.4967322334077478e-17,0.17313309056098253,2.8145184387858106e-16,0.9997846478094226,0.46601762243481715,11.270380893965292,4.2354217916196056e-26,-0.08480922774635322,4.774509884978049e-25,2.018461147428008e-15,0.21378941321258751,2.275372601592521e-14,0.00020172694016038027,0.41765475646259237,0.002274029169344685,1.3625223223001924e-05,0.3996536326474721,0.00015359453240754777,1.7664257990172166e-22,0.025885026886129564,1.9912579793529597e-21,1.3351044251731875e-27,-0.2666741382587168,1.505037653647655e-26,2.7192034746249807e-11,0.2619668622470608,3.0653060090855886e-10,1.4431287866263763e-18,0.04571289012542669,1.6268114478414717e-17,3.0767923954364327e-14,0.482785693274952,3.468550719401812e-13,5.597634101049714e-14,0.48416864363305917,6.310363291635103e-13,1.4998193935169384e-37,0.26850081496624423,1.690786692034206e-36,1.4109564251595464e-07,0.5089783811658132,1.590609080674603e-06,8.534116315481084e-61,-0.2515825710921999,9.620738574830574e-60,2.3800263447859026e-24,0.40155435729340816,2.683067633242583e-23,6.227054329504974e-40,0.2353478262972213,7.019925623319451e-39,9.658469355175209e-26,0.39736219604572276,1.0888251960029086e-24,5.537261140100577e-50,0.050117776822492556,6.242303230955305e-49,1.0071237567724024e-20,0.43199355842422427,1.135357665424828e-19,7.312094830031719e-33,0.42995530326825,8.243120927059891e-32,0.9999997821131528,0.6191708968983037,11.27326617419772,8.012665120656027e-50,0.22310300631829166,9.032892635135047e-49,4.90765934202177e-29,0.4436792940730336,5.532536210956819e-28,7.634532642461374e-08,0.5814107985456601,8.606613734674748e-07,4.4579149211211614e-10,0.5791208870755155,5.025527243768936e-09,9.753493079957682e-43,0.33757946156541535,1.0995374757603389e-41,1.3178958704008972e-52,0.10907880630799857,1.4856994174048917e-51,5.53620364222728e-21,0.4646405511761126,6.241111085195119e-20,4.263896317383845e-35,0.3515630365835996,4.806804859844509e-34
77,0.3067865095283891,0.35193248130942345,0.5638765497486777,1.2162406410424846,9.879891526599902,Community 2,2.588135080470719e-17,-0.10844099288590793,2.813107240993182e-16,1.2247086302526538e-19,-0.15911261110323963,1.3311657269619702e-18,9.209448023192389e-21,-0.20889193509929918,1.0009974021479964e-19,2.929586316457045e-10,0.1609045012924704,3.1842389302342656e-09,0.04170629690555646,0.2523022819191477,0.45331592893016226,9.695207040646827e-06,0.1775588857465204,0.00010537957363497136,0.16889717131919174,0.26377153914541657,1.83578461265967,1.2305718590261992e-22,-0.402221035198322,1.3375386135407727e-21,6.089217472427388e-09,0.08804877615862594,6.61851921598784e-08,0.7893868301860352,0.3188701877630548,8.580038285857599,4.206443897681825e-13,0.13290668761297705,4.6672475186757326e-12,7.19328158099074e-07,0.24128245054682915,7.981284530745053e-06,1.1478861399456533e-14,0.08466675204327374,1.273633707877602e-13,2.615583482463169e-10,0.18214404873864148,2.9021129998056226e-09,3.9990319119148525e-07,0.2513040682294734,4.437114156752613e-06,3.038583473039808e-12,-0.002086172526391629,3.371451401657763e-11,0.9999793084379223,0.3519344470455329,11.095241157515588,8.860219266474719e-14,0.1132491844168815,9.830830362237003e-13,1.2403568131804297e-07,0.16890126758947818,1.3762342727973268e-06,1.9448029929613307e-05,0.2581897149374301,0.00021578504703733678,1.2412952457999312e-36,0.29434406336130586,1.377357610646218e-35,3.726464280552508e-39,0.2636478736403205,4.1349340175009023e-38,3.9361357551663617e-42,0.21527491982320057,4.367588256910882e-41,3.0166239128891136e-18,0.46552061249942156,3.3472857637488134e-17,0.0001956547787882977,0.5361106792767304,0.0021710112846657853,1.491207386506965e-16,0.47780553534304854,1.6546634250045866e-15,7.604764488493337e-07,0.5315074993059262,8.438347186811541e-06,4.698816406113898e-43,0.21934707350130414,5.213868787372621e-42,7.939433753440716e-25,0.39247322452300937,8.809700626441926e-24,0.1094130074397432,0.550812749376094,1.2140611914106303,5.671151280869941e-25,0.4345938890085438,6.292784415522727e-24,1.0389573736277124e-12,0.5188539495290849,1.1528408334319707e-11,2.6540685629326973e-28,0.40789315381972185,2.9449895556285904e-27,1.7795813088242928e-19,0.4815987403982613,1.9746469405780374e-18,6.438370196631684e-13,0.5168524584188163,7.144100664603486e-12,1.2325404337044426e-23,0.4202711263122075,1.3676431554347763e-22,0.8903905758012535,0.5654879851337108,9.879891509913914,7.390725242463424e-26,0.4337685592950326,8.200846410510498e-25,3.249314286715641e-15,0.473647360829546,3.60548207796054e-14,1.5020800937976754e-09,0.5294134738803011,1.6667279247163677e-08
78,0.344771218398671,0.36305459579025745,0.5709726562370252,5.375745617857315,5.725803874808538,Community 2,3.1708272325679376e-14,0.15545170160104063,3.5082211300644186e-13,1.4247400093986314e-05,0.2830368283587679,0.00015763403803532093,7.317802343530392e-17,0.0070607681526050235,8.096457777176666e-16,4.366820426487116e-07,0.25537481164667974,4.83147474389265e-06,0.002394337374996782,0.29400782497878825,0.026491083731055066,1.0815988806465272e-12,0.18321871439009435,1.1966871005662305e-11,3.3509824071054606e-18,-0.07026224916598066,3.707545831048246e-17,0.29114133128287645,0.2918437788102584,3.221204106458008,0.7064496472588768,0.36675697289103676,7.816198733202489,3.8990854075866814e-36,-1.8274218258418264,4.31397008147411e-35,1.2393513220516304e-10,0.03949653362333649,1.3585454988664131e-09,2.3011221506961647e-18,-0.05745574787669553,2.522431762928188e-17,6.920462750900477e-14,0.18543843949846225,7.586035818112314e-13,4.987579583656368e-09,0.23766780166906748,5.467258293150956e-08,0.9999997691559444,0.36305463547774597,10.961743946868236,2.4858444593111548e-18,0.012808862056907098,2.7249196745025082e-17,8.232869711733565e-29,-0.7892461896141765,9.024663056084845e-28,1.6071576883456562e-15,0.03573487814199711,1.7617255128724366e-14,2.2573246937695315e-07,0.1901862900866352,2.4744221010100687e-06,6.785179901044115e-16,0.12419047735992599,7.437742187826805e-15,8.03229560505444e-27,0.44571038799875135,8.917092719923427e-26,7.908258397269478e-12,0.5253085979051961,8.779392199807744e-11,5.297798189535687e-33,0.33776848425013717,5.881376880328599e-32,5.548026511964405e-11,0.5422372331857016,6.159169090919515e-10,1.3848759679000392e-06,0.5411446636570785,1.5374269098845812e-05,7.537661966611125e-24,0.4695631394165328,8.367972738131843e-23,1.1904332857475059e-33,0.34668024215814847,1.321565403944277e-32,0.0006152212195727991,0.5311571992970084,0.006829908818025675,0.4836172047526698,0.579467039505671,5.368900334066479,3.228557718884805e-70,-0.7795567248238826,3.584199330612803e-69,7.663940383194919e-24,0.41360065769481685,8.508161347287889e-23,1.4307431369917252e-36,0.3062312135410739,1.5883465746605639e-35,1.0718396247128708e-25,0.4306654961016595,1.189908064195033e-24,1.4753777900967279e-15,0.5031698555410683,1.6378979557138798e-14,0.5157661890883994,0.5630553220750171,5.725803874808522,2.1622293845108488e-33,0.3471512569885011,2.4004096526643616e-32,6.977268307980632e-57,-0.10408274924885404,7.745848944465593e-56,1.1599409571274472e-29,0.36597948270034153,1.2877141944120557e-28,2.717041314080776e-18,0.459942028224715,3.01633686218856e-17,3.7749594684184915e-29,0.3861040600394118,4.190789937145547e-28
79,0.3138059068922106,0.3239864502880966,0.5845160653253725,4.749662458597886,6.34702778122714,Community 2,0.5833502945539549,0.32040930213081265,6.304497315907224,0.07669275207816452,0.33688202583139254,0.828848899435339,2.9583074931261385e-19,-0.0036240308851844282,3.197159892462683e-18,0.290346444093248,0.3035860719787827,3.1378888372186884,3.6996159429245143e-16,-0.08432394227749518,3.998321248794344e-15,0.017559143219737037,0.2452033954291485,0.18976860444222116,8.222601927986814e-11,0.14222788912610895,8.886491061842042e-10,5.443048405351796e-16,-0.09038927808170519,5.882517654016473e-15,0.03205136597266534,0.2685669750163107,0.3463917866028252,3.0806713379584834e-15,0.09460667240178475,3.3294033383838804e-14,0.12494378411739225,0.2966017151880014,1.363093170463418,0.021418245399902475,0.2850621423270825,0.23366559796593042,2.970445452030156e-32,-1.1156775882307854,3.240652536257547e-31,0.03949704619249189,0.31472478062035686,0.43089901829673766,0.042320740909205394,0.279808313305009,0.4617045442459876,2.9929357907115366e-17,-0.012257071956939952,3.2651887124863664e-16,9.399598799059949e-05,0.21356424774766158,0.0010254634929302777,1.6032606415627967e-26,-0.4168593337632907,1.7491015230767595e-25,0.7716290966028297,0.3324268935123466,8.418204708142522,9.70907901875614e-05,0.20235347334796827,0.00105922670707025,0.3985006605909426,0.5659708196563497,4.422038390943338,0.027823965787596546,0.5784110915045877,0.30875392958844805,8.020105781609166e-35,0.3763660135882988,8.89966295491467e-34,0.0016972131156830677,0.5680330165156061,0.01883344821570332,1.1721459438428665e-33,0.3587796336653071,1.300694045469163e-32,8.191158587234948e-08,0.5351136451579431,9.0894749547829e-07,1.1526624976228321e-21,0.4616223798175932,1.2790738687183619e-20,1.0544395290904843e-33,0.3218798040262874,1.1700788830944074e-32,3.224466226190445e-06,0.5394785415104141,3.5780902900812946e-05,5.824102172579876e-28,0.4244264928464639,6.462825773421084e-27,0.0003175155926059071,0.5687864914901027,0.0035233721774622284,3.149298324745743e-06,0.5681184566141324,3.494678798250339e-05,7.25215563874568e-63,-0.30001021442519,8.047492469416121e-62,0.0006162557611941176,0.5739493743328438,0.006838399290478707,3.733200594471956e-05,0.5687490117745447,0.0004142617059998594,1.9355900170288614e-32,0.40601376718515114,2.147864285026692e-31,6.077473611618832e-12,0.4953986353061267,6.743984210884485e-11,7.120280932079259e-51,0.1239688057293466,7.901155192381615e-50,0.5710006014629259,0.5978267836589358,6.336216801187869,8.928843441033748e-13,0.48654143903282454,9.908060986504488e-12
80,0.37127067010277454,0.21305213239453402,0.6011057177930462,10.911877788024897,2.8315003334948683e-05,Community 1,1.1643045894037194e-28,-0.535038227237761,1.2705415717800591e-27,2.146004862016523e-18,0.11182772127352789,2.3418170942970362e-17,1.910566767316746e-25,-0.256010113762587,2.0848964486007465e-24,0.5460190297198569,0.3582284739723324,5.958405408307959,7.945969137132061e-18,-0.2544425610974271,8.670999160089164e-17,1.3635983031300812e-11,0.027316459659945818,1.4880198421469698e-10,2.611296058660909e-27,-0.32897344118125066,2.8495637902219766e-26,0.4539807566776867,0.3869570507003953,4.9540423476520745,2.1358882025227418e-07,0.24180700348094727,2.330777340119845e-06,2.1640177087762463e-25,-0.34282687411848317,2.3614735234158573e-24,0.5187896968603414,0.24144158210511765,5.474022531597714,1.5611484891433843e-06,0.1344446692655799,1.6472497538903785e-05,2.6653330732553076e-08,-0.07676369940034297,2.812332894332672e-07,7.103347340002393e-14,-0.15147039787808964,7.495114807456432e-13,1.0658555073662667e-17,-0.11776313255952882,1.124640118734107e-16,1.969337845200976e-07,0.04087250923455601,2.077951779343118e-06,0.2797301288348977,0.22985003972042695,2.9515794883281474,0.20147801448626507,0.11663075017008113,2.1259003360976267,3.750826886643723e-07,-0.0050189588936069875,3.95769442104736e-06,1.3165818005556294e-13,-0.005847585409790022,1.389194597454223e-12,1.1296578648689319e-54,0.047660379830706624,1.232672054999714e-53,1.0408984191484062e-34,0.4390021633441684,1.1358185812537932e-33,2.562915719003882e-48,0.2333116404979971,2.796629567574545e-47,0.5460211431457133,0.6020610605684635,5.95813144427416,2.5477431460063338e-33,0.34286356966307635,2.780073398385486e-32,2.3204011794463754e-21,0.462071609341222,2.531999979147481e-20,3.2942111718771495e-52,0.09343689711625841,3.594612299107005e-51,0.4539762619817289,0.5999571066867185,4.953746343748371,2.167838513452342e-13,0.5302822847493532,2.365525030532026e-12,2.7133606191471554e-48,0.16606773025804417,2.9607936299788306e-47,4.331877726103592e-09,0.5106679869355963,4.7269042997041845e-08,5.194949437102555e-15,0.47827925564017953,5.668680046764244e-14,4.47601848192811e-20,0.4410808638319782,4.88418933902185e-19,1.323860135651698e-31,0.3519752374833877,1.4445837493773546e-30,4.545418808722715e-38,0.2681377912535166,4.959918323972071e-37,2.466057031576095e-19,0.45324125739233984,2.6909382773270877e-18,2.590403313969155e-06,0.5259156201635266,2.826623773100458e-05,1.3714389277144516e-10,0.5037716748113883,1.4965012805257817e-09,2.727807580822355e-16,0.4703628152356878,2.9765580189062128e-15,1.043263641451272e-34,0.314867604261972,1.1383994896219591e-33
81,0.34962179287730166,0.3635654616221002,0.5543303641495407,1.8007233449259603,9.31440530433336,Community 2,8.025894840585948e-08,0.23620024308160242,8.872304038552032e-07,8.406929932513659e-06,0.2655439212933319,9.293523011898743e-05,1.51599756734787e-26,-0.38433180896821767,1.675874354993865e-25,1.4848376726177053e-18,-0.009347404844983481,1.641428344256561e-17,6.874615768040476e-17,-0.004122828446050183,7.599611314845737e-16,0.1328223669105204,0.2909132870351404,1.4682978605588302,2.5046385883275297e-18,-0.07444201859580644,2.7687772520963215e-17,0.8671691458894214,0.3586148695836467,9.586206233697336,7.357672077150987e-23,-0.21729719676481055,8.133610641686698e-22,1.117718139637822e-11,0.10325572104789407,1.2355924618054827e-10,0.5317436339717817,0.34710579382526224,5.9117373276570335,3.2975077510121106e-13,0.13752518189060842,3.666052288071433e-12,5.0618147114238356e-17,0.0305954237865606,5.627546257901379e-16,0.0017380569363959365,0.3063546614351015,0.019323101231580233,8.606808893694894e-14,0.17069976747501286,9.568745191891997e-13,1.1668312353283427e-14,0.041646965319113494,1.297241627030516e-13,6.540349291256817e-09,0.23956243031612856,7.27132861981569e-08,0.4665183025510453,0.3825395510824173,5.18658520201968,1.4331025526097477e-16,0.07630414027859614,1.5932726436877696e-15,2.205768008354518e-22,-0.06043669076296695,2.452294722127902e-21,1.5308248062000245e-15,0.4669781139184891,1.7015314660390736e-14,1.1723810690100587e-12,0.49695541100735574,1.3031166408002971e-11,3.6275165241132806e-51,0.045085221507221954,4.032031284283311e-50,1.5237395549175962e-35,0.3017639474738029,1.6936561180874217e-34,2.9784832287094384e-32,0.3375668161525158,3.3106224266766674e-31,3.8038869946102884e-05,0.51663481958616,0.0004228069331233774,2.6449617294469936e-35,0.30768973712990827,2.939908989517075e-34,0.16196848410744719,0.5488063224745995,1.8003005379797887,8.691452452072779e-43,0.2143179780134237,9.66066121537093e-42,9.245049169492212e-23,0.4251859793007028,1.0275991088763396e-21,0.4425148529650801,0.5560660137235857,4.918609519914937,8.864477643050953e-24,0.44373270137568793,9.852980941099436e-23,7.516178427251318e-33,0.3256328537449847,8.354329016968597e-32,6.947372099581437e-06,0.5369291305447589,7.722093466112249e-05,1.4885452845763538e-25,0.413631001301281,1.6545372338314495e-24,2.4681087194545984e-28,0.3732380771209758,2.7433345937096538e-27,1.566402114534408e-16,0.4748160975963753,1.7410761019521775e-15,0.395471676684253,0.5546545965448509,4.395718563483759,5.455163726758144e-32,0.337131146133221,6.063484662568968e-31,1.0967154411059746e-41,0.2796995337207785,1.219013321952209e-40
82,0.28053436717327884,0.34813822442814896,0.5736036384532439,0.0015213561406793835,11.025900483274473,Community 2,1.0517748347969739e-19,-0.17336910708928735,1.1361544972663114e-18,1.6386243517299237e-08,0.20061861980752926,1.770084589357398e-07,6.779119274503524e-05,0.16471228656682763,0.0007322980733531877,8.191796759196211e-08,0.10030195922057987,8.848991647959466e-07,0.15862811585442885,0.23536615930635596,1.71354211242067,0.0162605430255766,0.25160817585672274,0.17565060957241263,1.7788463172154282e-12,0.020788294503354527,1.9215559988560197e-11,1.249933706197328e-19,-0.20340408111358826,1.3502108574930588e-18,1.3820347148408704e-11,0.07069100895583837,1.4929097984624424e-10,0.8250434516074393,0.2897983290508902,8.912333676103366,9.32245770279655e-09,0.2358226237491013,1.0279983951148352e-07,1.08541438585607e-12,0.11249511445759772,1.1968992322270079e-11,9.869095263469647e-27,-0.3445804517860548,1.088276763008407e-25,0.9922557552530927,0.34847834130938826,10.941721126153755,1.7099021091952163e-13,0.0660714536365573,1.885529202807599e-12,0.0011121257919111524,0.3262340544546608,0.012263542144122829,6.632728918780128e-20,-0.15913670776071762,7.313988329163815e-19,0.006632109337569662,0.30092524521401526,0.07313305109662792,2.9371196717960197e-10,0.16827333423374935,3.2387964688332934e-09,3.417717020278581e-16,0.07351448110208544,3.768756827664755e-15,2.5145324548695244e-41,0.22389111000444042,2.7728810108746394e-40,2.2238043480395435e-18,0.4484373155827116,2.4522828634157635e-17,3.332828290965511e-13,0.4904159323395398,3.675250348281375e-12,6.1042784062006985e-21,0.4434996487934683,6.731445301040791e-20,2.0511690090626838e-05,0.5327532862347082,0.00022619105926869376,1.3513010950672423e-08,0.5080627420635756,1.490136720737012e-07,4.899394292462843e-26,0.39431739671251115,5.402768762061071e-25,2.774755939330787e-40,0.24791283232002023,3.0598404244423225e-39,1.450179322217024e-25,0.39584748732996744,1.5991739128884273e-24,0.00011743597759492469,0.5339221532119501,0.0012950160640633412,4.554895440740572e-16,0.5076766602114301,5.022875345947509e-15,8.896998580017233e-24,0.43955229690147585,9.811095644652764e-23,5.62994656615279e-51,0.14293263978297754,6.208379571833362e-50,0.9997533168994237,0.5736107341032717,11.024701560804443,3.8978673152899988e-25,0.42151710934619574,4.298342715977144e-24,3.523045826247213e-06,0.5603396099169055,3.885011248561892e-05,2.747228414840457e-37,0.3150814167925142,3.0294846619673525e-36,0.00010519887371970983,0.5588854161339235,0.001160072357538605,8.050946783082062e-19,0.48912096344828443,8.87811863837283e-18,1.1451878234799341e-30,0.391069757589093,1.262846921487493e-29
83,0.3439554943002459,0.37048591193879227,0.5723686590420617,2.1822158066267328,8.789154329658649,Community 2,9.392571055056067e-05,0.288491280424155,0.0010254057754098252,0.6526447658027901,0.35132145471458504,7.125053494111458,2.6429541576489966e-11,0.18432457416775633,2.8853659360264627e-10,0.34725697898843627,0.3301280611604584,3.7910739212819866,2.547269326054145e-12,0.08524711880677252,2.780904890843673e-11,4.063259659919863e-18,-0.16080860049732526,4.435941871346023e-17,1.1754264632315067e-10,0.14528808459558093,1.2832365886849676e-09,2.6380700002923925e-35,-1.3015743322555808,2.8800338037145368e-34,2.685756268589278e-06,0.23024474027901937,2.9320938569552807e-05,1.6435954351321243e-06,0.24179717753298785,1.7943460227692095e-05,3.0222641601109637e-10,0.15703718087558244,3.307847974012641e-09,3.9007886467850037e-11,0.17015448745201014,4.2693871676146063e-10,2.292590602603727e-22,-0.22527373847535023,2.509225130004759e-21,0.999999619832588,0.3704859720787592,10.944929169775776,6.221661369769411e-09,0.23713254795004526,6.809566889821055e-08,1.6616108995402468e-10,0.22171025817375503,1.81862205170038e-09,2.2624507091268368e-13,0.08823517185037918,2.476237217534915e-12,3.7343781271575125e-07,0.2119237919927858,4.08725196332989e-06,3.1572516204875494e-13,0.16718963742997242,3.455590849442632e-12,6.802086788032443e-16,0.03424810343326326,7.444838640453309e-15,4.850350998422535e-09,0.5150314019953022,5.321499609459499e-08,0.19833099495413473,0.5548216154690448,2.1759627551395604,1.9956946831849574e-20,0.4435537887718967,2.189550504823896e-19,0.0005699377734789326,0.5478936954802274,0.006252998267487743,9.677661646543342e-25,0.41380192934180815,1.0617720797796003e-23,2.3838016963510043e-37,0.2530854052081139,2.6153570742171842e-36,2.7956077339380715e-22,0.4385860826632947,3.0671647204896604e-21,4.3269333234340494e-67,-0.5398105349390926,4.747238704642239e-66,2.1371587776233238e-13,0.5001527500683732,2.3447559989316707e-12,2.1363420133602962e-13,0.4973898563007589,2.343859896627294e-12,2.5112488811988584e-20,0.4369768241936711,2.755184097996523e-19,2.670251725563593e-22,0.42615510350506625,2.9296320038212917e-21,1.1393853174210196e-43,0.17132236499312317,1.2500618045275014e-42,0.8010990624214546,0.5767302570748527,8.789154329656965,5.772836950925819e-17,0.4777791872766617,6.333593092503228e-16,3.5840456668983214e-20,0.46138617906744916,3.932189159689127e-19,1.6785919534177805e-26,0.3785295539989625,1.8416453628736778e-25,1.5349604795367698e-13,0.49095625279355254,1.6840619565568005e-12,1.2160379009827032e-24,0.4317957214957279,1.334160191143279e-23,1.4211991315787783e-30,0.3567101816806305,1.5592501709918126e-29
84,0.3001097787129571,0.38096431192464697,0.5861011366726279,0.06231924183675963,11.058545727955488,Community 2,0.14378253399448085,0.3249219137202794,1.5529771630167493,0.10742026890008981,0.2374438409587482,1.1602328865156968,0.01590809950162123,0.21625906803087025,0.17182139267321725,1.0222806423588806e-10,0.032049116151728285,1.1041525334630523e-09,4.9824888740922485e-18,-0.1075321685399689,5.3815239038333486e-17,0.4156937496879884,0.3285749763567581,4.489856188645466,1.525461506612318e-07,0.17389458094660779,1.647631890338634e-06,0.06866111650943287,0.26706527782742084,0.741600130169319,0.13347252011864713,0.2986324416974371,1.4416199928880733,0.11506155863936103,0.25779518109419797,1.242765501092777,1.6012710901230964e-11,0.13178720767716856,1.7809227620363119e-10,1.2204850342912218e-16,0.02052401541174796,1.3574151133439953e-15,0.07724893780167917,0.37050752384863495,0.8591574064049443,1.0588414153880138e-12,0.17698606780839526,1.1776361852047781e-11,1.4654178689720623e-12,0.19405932117089034,1.6298277380043536e-11,3.936186826632364e-12,0.19284185582602642,4.377800085454715e-11,0.9225737732119308,0.3818470534361058,10.26080244941253,3.2075617991780777e-12,0.1346581203432092,3.567428309940478e-11,7.169522127404684e-13,0.16427178045004942,7.973893507711082e-12,0.00017728895999210542,0.34363322744751423,0.001971795695652093,0.005510104283256356,0.548801534124322,0.06127712570356783,4.393029363809299e-11,0.506804968199725,4.885428636325556e-10,1.1709183042635126e-11,0.49273570584410575,1.3021624352372638e-10,1.6583790872149483e-25,0.4015081858280404,1.8442609897644762e-24,3.161438112480277e-38,0.27517030941643433,3.5157926359248038e-37,9.302033437428721e-05,0.5393219897085592,0.0010344665780213722,1.9940516391537586e-20,0.4371815308643392,2.2175579021821847e-19,5.594145427228946e-10,0.5165874991398666,6.2211735917593875e-09,6.7405661853883e-07,0.5389928718407173,7.496092636765089e-06,1.3184460144833929e-08,0.5077514753079838,1.4662260097030566e-07,1.0499188336890804e-21,0.4536018809750339,1.1676005578698028e-20,8.453689724631215e-31,0.38948163003122876,9.401234192414395e-30,0.04786065669364319,0.5869536336354034,0.5322519004555895,1.3796284553686652e-23,0.46296025279398473,1.5342661760637975e-22,1.200417159527048e-22,0.4925814375310015,1.334967713852186e-21,1.2803272562578988e-22,0.47758765077541804,1.4238346533988688e-21,0.9465354977320334,0.586279797742221,10.52629345939304,7.137619887438902e-23,0.4460229814055429,7.937650697391178e-22,3.498955066157851e-24,0.446217983205756,3.8911406826111955e-23,3.3100560113574385e-08,0.5508405932609391,3.681068594475519e-07
85,0.2804095966271046,0.3250847990863855,0.5652106360345889,1.279263943832595,9.657865348103426,Community 2,0.0001189461588393889,0.2243596323235398,0.0012906310422263372,4.001137045673648e-13,0.008711621874240953,4.341453079053224e-12,0.3509385963563142,0.29754718695387355,3.80787619198687,1.5207561375402527e-09,0.1683350230223379,1.6501037931085484e-08,1.6013301025426615e-13,-0.0012383241847289815,1.7375309630500217e-12,2.8236904234706803e-14,-0.015125271911735334,3.063858933931098e-13,0.0025890580248652613,0.24371380492911213,0.02809269916423542,8.252780296146535e-10,0.1326812216830232,8.954719125703635e-09,0.3524155167577639,0.2743435374119148,3.8239015881460037,0.29393788035559465,0.26756744868010895,3.1893871695797467,8.907923077277684e-10,0.12734728015830335,9.734219663554889e-09,1.3486300378872265e-10,0.12056755265224332,1.4737286031520795e-09,0.30251070969144694,0.3250847385330541,3.305715230327682,3.5835595798754016e-24,-0.29467734210289925,3.9159696177578733e-23,1.575489213526574e-11,0.10321269389713597,1.721631175862806e-10,1.7140074447489795e-11,0.060119016077855546,1.8729983215407241e-10,0.004171590729215991,0.3017572815593363,0.045585463808301516,4.5531020399776845e-17,-0.08041429352901652,4.975446579773048e-16,3.7279926306073805e-27,-0.585426563253187,4.0738002400371255e-26,0.6933176985207868,0.32522518405831435,7.576296646798358,4.252263540271884e-10,0.5086135523864097,4.6507556123339185e-09,1.8843441661500584e-26,0.3937965026397782,2.060931577568856e-25,0.11236899765693588,0.5540360084033931,1.2289942557791635,7.754271523157245e-19,0.46757078281131714,8.480947021354845e-18,4.7081524364704674e-30,0.35620654768625354,5.14936719238211e-29,5.773500328317123e-28,0.3751816905793536,6.314551955783944e-27,4.3534138545761905e-07,0.5227390887492361,4.761385018880535e-06,4.2307814447533363e-20,0.44738316845703874,4.627260366719111e-19,0.00045644580279496856,0.5336073446194566,0.004992206759930103,0.00413935997731202,0.5488757289962153,0.045272715257726914,2.1263810991652655e-18,0.47215206592454584,2.3256505005499536e-17,5.612006045341359e-20,0.46248131861144864,6.1379235705025e-19,0.2771839683675367,0.5724705024990571,3.0315968996876532,2.032984248858141e-46,0.15460475947583172,2.2235011578230927e-45,6.157080102829853e-22,0.43851961649133137,6.734078114545683e-21,2.6201794871366045e-22,0.4281320288260387,2.8657241818891658e-21,3.555138019388109e-05,0.5494015284864247,0.000388830041687251,1.3693913009906676e-32,0.34085449182634797,1.4977209710187407e-31,1.1933327568156593e-51,0.04628515289813613,1.3051634649595313e-50,0.6058152410486147,0.564098060705953,6.625879618374086
86,0.24707452105060046,0.3428016357523214,0.5894303284611527,0.03470354400236823,10.81892659276036,Community 2,2.065858928081018e-33,-1.2463955196365568,2.2003347306013504e-32,0.16170833814529734,0.2078661217221961,1.7223464187820414,7.033339589670294e-06,0.13622114947726702,7.491170457433131e-05,0.06892520947447808,0.2715112413405688,0.7341185313246117,3.6984551112499774e-31,-0.9582780143822911,3.939203747282331e-30,1.070395965245755e-11,-0.0011637580898583271,1.1400727251078898e-10,0.0592920483378623,0.2178411674898412,0.6315162736086695,0.09771435188862053,0.17490231933857814,1.0407500687302567,6.691092475441222e-25,-0.4926283064167008,7.126644980088057e-24,0.6123530188034482,0.26902650563830827,6.522137578452151,0.19477782342842637,0.20633944945128205,2.113947532961135,6.523614324931137e-14,-0.03805018181858807,7.080158390436898e-13,0.004772686236831186,0.21905416726573754,0.051798547279969256,0.8004494878360932,0.3767455838901619,8.687376161654768,2.498582253885869e-09,0.16896122462958332,2.7117418700611965e-08,3.8792442798606235e-26,-0.3433881789235559,4.210191248070058e-25,1.4305989709843555e-22,-0.3472432044707813,1.5526465550018848e-21,3.8344879825508974e-29,-0.42269656497530284,4.161616691368978e-28,4.2480215915085356e-18,-0.08014794364154905,4.6104297734053665e-17,1.861360692454698e-15,0.13777400551691926,2.0201575181947435e-14,1.015916928172801e-64,-0.42347143066487264,1.1026386588063729e-63,5.34421388404437e-06,0.5270417787263846,5.8004120869169764e-05,5.269650280358306e-19,0.4504779413727396,5.719483509309707e-18,0.0031414113826629723,0.5502866911410765,0.034095717254840306,3.606877905780286e-59,-0.168901640472131,3.9147718737800545e-58,3.711792456683974e-24,0.4019792633273868,4.028642246927375e-23,6.340291257431868e-07,0.524458931340499,6.881517626751577e-06,7.364769729580032e-07,0.5262196193626558,7.993448668728773e-06,6.777622957869333e-49,0.09852570073137226,7.356181279114553e-48,4.928744149400574e-05,0.5413731027033369,0.0005349476603632705,0.1968426260867714,0.5513517326508028,2.136457058694899,8.203651168330349e-26,0.41634374007494246,8.903939555207904e-25,0.0004935553021521933,0.5692362907484971,0.005356866701598078,0.7994664050669366,0.5989757123238237,8.677112667363861,7.273120351609121e-17,0.49373759829415254,7.8939758236527085e-16,1.3380709252885317e-49,0.1821195267432334,1.4522926919837596e-48,1.1870950144565796e-42,0.22137224215375884,1.288429022410672e-41,1.8466331315202845e-55,0.10432788528729567,2.004267300781309e-54,5.637086989866147e-34,0.35404269456993864,6.118285723676431e-33,3.759228263880534e-29,0.4289825074160474,4.080127317582399e-28
87,0.31793694657581734,0.37863054189755624,0.5731520715321435,0.06629649266264868,10.962300645853128,Community 2,0.051982238805995395,0.2697337787967327,0.5702330944121521,4.420893497841895e-15,0.06009764288192977,4.8496175563915744e-14,3.84846677174031e-09,0.15608783670268436,4.221678724115891e-08,2.745971758593124e-14,0.0208789162187403,3.012267284052296e-13,2.31016440213579e-13,0.10695285052004674,2.534196729285072e-12,1.0683304424498402e-22,-0.21778493035910393,1.1719336989822259e-21,0.9215553758701843,0.32215845526912823,10.109248576534956,0.010691392740451786,0.26133996860396214,0.1172820968469001,2.3672525763698833e-21,-0.21034913781767933,2.596821131380067e-20,0.01577098873463876,0.2685079397663358,0.17300408590818567,6.386771679584895e-16,0.06197006123905316,7.0448242021946315e-15,2.5276720855227394e-17,0.04956208588243955,2.7881074158673746e-16,8.80360623490771e-09,0.262873398218886,9.710674090403735e-08,2.4713002556929756e-06,0.2306168354382851,2.725927389552025e-05,1.0221990138897957e-06,0.23000393152777704,1.127519929282701e-05,2.1284454416316646e-12,0.07366914248171753,2.3477469858813168e-11,0.9479070319214005,0.3805004961918274,10.45573371795308,2.105012413775291e-13,0.09843995737701912,2.321899567176659e-12,0.05208946577338312,0.34461168479223636,0.5745643457596855,1.0169565998690665e-15,-0.01069564986482995,1.121737370108211e-14,1.9267050279256167e-08,0.5206767226646579,2.1248853557744417e-07,2.4317930082434565e-30,0.34795657548636816,2.681926541217646e-29,1.4198303289326977e-20,0.44549524468520724,1.5658736702845065e-19,1.0582351509980447e-26,0.38866224218539536,1.1670849158173848e-25,6.9536609530282445e-28,0.37470740131973823,7.66891252887762e-27,5.58448107925774e-45,0.15672596889551818,6.158899205079741e-44,0.005857917344675175,0.5356323592529516,0.06460461046514658,0.00015222408436358124,0.5437145347142784,0.0016788181012253763,2.130452720672514e-43,0.19831026078351913,2.349590477895204e-42,1.1652985034939708e-06,0.5294898690307134,1.2851607741150325e-05,4.045100694629605e-30,0.4027098014597556,4.4611785945800245e-29,8.976944385629605e-33,0.35844133756920854,9.900310316396994e-32,1.9187229289738916e-16,0.4912400379379044,2.1160822204086073e-15,5.47479241015121e-11,0.5337479973614593,6.037927990856153e-10,6.110514211994248e-12,0.5163998092498495,6.739039955325976e-11,9.895733336211959e-23,0.4588565130159442,1.091360563552624e-21,0.9771022909713671,0.5737805600812625,10.776067530244031,9.459717389657122e-25,0.4170881621357852,1.0432741213474047e-23,0.016886382973181648,0.5500697315574715,0.18623311493791267,1.9570121207511734e-29,0.39948909886995654,2.1583098274957086e-28
88,0.4568268037750606,0.39663637361708093,0.5798020494199305,11.308306583987978,0.007847048779402477,Community 1,3.9843308189072677e-13,0.28337682911618234,4.508771340530541e-12,3.7557108124672384e-13,0.19478205757620323,4.2500590548897086e-12,0.9999999999991618,0.45682680377524165,11.3162574732269,3.322285626685498e-28,-0.36782226250317723,3.7595839551205594e-27,4.01933760794955e-22,0.08626955625553148,4.548385924341915e-21,9.943780990030066e-27,-0.21885665345709573,1.1252638594065364e-25,6.358949325033853e-14,0.24583094465027355,7.19595078213458e-13,2.735486606402865e-17,0.22414713516761786,3.095547075264446e-16,6.024312967801198e-16,0.23033852203534425,6.817267664299518e-15,2.1147197126147958e-19,0.1616624150593167,2.3930712751677484e-18,8.042501874646757e-11,0.2036990792881336,8.823921575129538e-10,3.922218821517662e-11,0.2377840445215868,4.303306585562837e-10,2.3628326312932225e-28,-0.47240299465692265,2.5924084518294397e-27,5.847853002200558e-08,0.2684552694455309,6.416037829841347e-07,9.790884090206486e-07,0.2836128700182886,1.0742178828147325e-05,7.755462492644149e-16,0.11395346693697017,8.508993082075764e-15,0.028069935653855474,0.34851768379165965,0.30797246266036105,2.0414315868003585e-12,0.1805946781163612,2.2397796734998958e-11,4.929876222943916e-16,0.12713674566803207,5.408869260383428e-15,0.9719290266575155,0.3980261939312521,10.663628857648963,1.1775501756960152e-24,0.4536261295818943,1.332533869846833e-23,7.953961517415638e-25,0.4236138909903701,9.000825052019493e-24,0.9993065621911776,0.5798251191412306,11.308306583987978,6.237379651080497e-54,0.017148448845693665,7.058314639752391e-53,5.644265494909358e-42,0.305482129849436,6.387137548452211e-41,4.080031836640039e-51,0.06731988782028481,4.617026709000075e-50,5.688799255022904e-26,0.4521345047230767,6.43753263558118e-25,1.1566604619441633e-32,0.40044386318623615,1.308894748830784e-31,2.9985194700184907e-30,0.3983453906879549,3.393170699357347e-29,8.91081140487918e-37,0.35516760506461703,1.0083611085022855e-35,1.9954374435625563e-26,0.4050862011130951,2.2580676675930477e-25,5.517315085402306e-23,0.4274796577719949,6.2434785146797575e-22,8.405891856052008e-53,0.00798006219393993,9.512236366351269e-52,8.11820479771916e-19,0.4484919346090002,9.186685271325926e-18,1.4578395413291462e-19,0.44127436864016856,1.649713622160375e-18,7.536120620879634e-31,0.3380497191112376,8.527989874094025e-30,2.4511575663732293e-06,0.532743730751482,2.7737675599199674e-05,1.8149630069776243e-26,0.393479061890362,2.0538400224748254e-25,2.6386029439318017e-32,0.332295404537294,2.9858836289404565e-31,0.0006909866512559041,0.5466054941933725,0.007819311103803267
89,0.4072018084961386,0.3925311468291536,0.5693536023700728,8.744315946683919,2.3808617714700824,Community 1,6.355985958801665e-34,-0.7784684596509701,7.070618548602913e-33,1.5217233014332958e-10,0.24385501706327312,1.6928176164479894e-09,3.0329115772416856e-09,0.2844939706268952,3.37391570612605e-08,2.985452429736531e-10,0.289087192362964,3.3211205094679858e-09,8.443657291025682e-12,0.24384268306322185,9.393016323029824e-11,0.00011869192819153925,0.2669511397248178,0.0013203700487701628,5.611725554602415e-20,-0.12020615754813324,6.242677541018612e-19,0.9998813011049157,0.4072184582335899,11.123025317895042,2.770863644386326e-17,0.1346440732041458,3.082404524905712e-16,3.474819916058744e-09,0.20426222211308223,3.865509821889529e-08,3.956412015169653e-07,0.16442196118285107,4.327073777249795e-06,1.4593656528382171e-16,-0.016959279781137142,1.5960882798867184e-15,0.00050751824677394,0.24503381104350916,0.005550657739060419,0.0705345165218739,0.3260662138571791,0.7714263723357575,1.946620729222296e-12,0.09412570098888798,2.1289925011279393e-11,0.009797513954803562,0.29567055528533315,0.10715407180425197,0.057440131149732614,0.3664900023113875,0.6282148681856615,2.708658207841417e-13,0.1395416477948012,2.9624224822248285e-12,5.68603876380847e-12,0.16223995924108023,6.21874292590491e-11,0.8617199244777108,0.4008956041225478,9.424513104915556,1.3840237177609202e-65,-0.49771599237575387,1.539750982623045e-64,6.182727860136e-21,0.46025724018101577,6.8783946226995e-20,7.66070165944086e-16,0.5134625160879338,8.522666740703684e-15,1.1106121280569313e-18,0.485452899911916,1.235575730057057e-17,5.725667546179613e-21,0.48086178258522366,6.369906900631492e-20,1.8614466799472713e-07,0.5330566907136742,2.0708925127281124e-06,1.2382011499791112e-38,0.27953495932136946,1.3775207844340269e-37,0.7859931856659219,0.5724313144342889,8.744313875791395,5.275407036933122e-34,0.3180342918106168,5.868984082148119e-33,1.4026293283830628e-16,0.5002032849576691,1.5604500550956562e-15,3.206975143942921e-16,0.47576377061679676,3.567816841406751e-15,2.4542775771583223e-33,0.34747417870388325,2.7304274215566755e-32,1.2309422713439812e-09,0.5209341438604919,1.3694451529489935e-08,1.2874025972008848e-05,0.5329697994558484,0.00014322582688672874,2.469619163099113e-26,0.40516262178906953,2.7474952085636384e-25,9.461990097128382e-11,0.5030538404608995,1.052663213979665e-09,0.00011478729831295071,0.5586440004856675,0.0012770290935183357,1.6845501982629107e-27,0.389312934480844,1.874092033082644e-26,8.133390605130444e-23,0.42508453969607773,9.04854159332403e-22,0.21387896553956168,0.5580511531124949,2.379441501802559
90,0.338880876461391,0.33235007479581785,0.5687304460927964,3.543815324884755,7.401413747589137,Community 2,0.03998900001253854,0.29366548565533673,0.4337585051432163,1.5479324895618455e-06,0.26525522666997015,1.6790339406447697e-05,4.546728645514296e-22,-0.1446570591316119,4.9318117981238445e-21,0.47704737946712616,0.32822340787991583,5.1745069427909804,1.0921298724995089e-24,-0.4854520027454112,1.1846273244369786e-23,3.21164603251201e-10,0.08714744276689726,3.483654959300686e-09,0.00032302459410473805,0.1940597646251341,0.003503830178784977,6.331226122575773e-08,0.19415435773917292,6.86744649226305e-07,0.023992102494023875,0.2293061573800329,0.2602410290276722,0.45864688186629127,0.35974238884383963,4.974917747494101,1.718154728854854e-20,-0.1602039721336414,1.8774722724927498e-19,1.0515620329296461e-12,0.1184910114589044,1.1490691300819982e-11,7.348001079728144e-11,0.14054306808836622,8.029351520995525e-10,0.23415201278419312,0.3324512491391885,2.558639825434651,7.532936223364553e-11,0.1570422079919643,8.231434953037899e-10,8.037078377563545e-21,-0.11755444197989519,8.782324171574241e-20,2.052456160865773e-11,0.14980747360806954,2.2427721251279327e-10,4.400993426348981e-05,0.2700970940566834,0.00048090797590157514,0.7658039771111579,0.33232271740945374,8.368138847129009,5.997871269422566e-26,-0.44324187721478675,6.554029630280784e-25,8.74510537041914e-05,0.5418921237431372,0.0009571718154215915,1.4670238431902062e-13,0.49100535893519526,1.6056912018497825e-12,2.6385215907958893e-41,0.251411158099725,2.8879223223929233e-40,0.06195904932096916,0.550572613836046,0.6781559879307155,2.4845395666874353e-49,0.08628551496889779,2.7193854697019007e-48,2.9128510133354147e-21,0.44014675152485794,3.188182159494382e-20,4.453421310320697e-10,0.5055874410857014,4.874371639769687e-09,7.779482137344497e-16,0.49151701816247334,8.514821405845432e-15,2.8311870065662107e-08,0.5055844387060513,3.0987990333878823e-07,0.2617306436817439,0.5605507304906246,2.864701850382729,5.422265675578212e-39,0.28698164247228825,5.934793991101594e-38,6.410199387376627e-25,0.41281732319276143,7.0161100695069e-24,1.0391166886813068e-22,0.4117995249479954,1.1373370190647443e-21,0.2983368616002205,0.5783878046144624,3.2653652909773534,2.64367414958844e-22,0.43301182992440546,2.8935619160223087e-21,4.170616250236621e-40,0.27292532872091657,4.5648350232221924e-39,6.065182344709571e-21,0.4698026379502704,6.638481012917057e-20,6.798909475539282e-07,0.5556567873986029,7.441562165279079e-06,0.37788528569505503,0.5697549262198237,4.136041015049619,4.773503385620883e-51,0.01941087110509489,5.224708803385024e-50
91,0.2891693856367268,0.3339713601783327,0.5733153556404887,2.1193232061143052,8.842617722739563,Community 2,0.17737113664569448,0.23647042461143997,1.9032891855841607,0.39029699361465015,0.3096322108897312,4.1880999420815614,0.00011004709104274665,0.19717137572765378,0.001180865400355653,1.8199757422737708e-29,-0.8945643977617983,1.9529333880373807e-28,3.53287229805102e-07,0.16490180169718513,3.7909649597397383e-06,0.06974560825066109,0.22127024297698594,0.7484084752224254,6.180188177725643e-08,0.1753614068872299,6.631679508846304e-07,7.891490574110795e-19,-0.25763869279301915,8.46800046043963e-18,0.36247579930884,0.30601613100623404,3.8895633297912697,2.810170973595252e-19,-0.24782260758749683,3.0154669608789396e-18,0.1312574245406753,0.2761360476340001,1.430990741268128,2.4228059111495186e-18,0.048352091144369155,2.641384164649872e-17,1.5740775015028903e-10,-0.06031049703208671,1.7160860336636277e-09,3.3972828574028585e-19,0.0345586926861036,3.7037754865484955e-18,3.007829884537478e-06,0.23499044882386563,3.279187239232242e-05,6.529469259415154e-10,0.1847418734854783,7.118538313786935e-09,3.022738416805986e-16,-0.07016419362320357,3.295440774387902e-15,0.8675558173748527,0.3428588537496385,9.458240907446728,0.0011837494442321261,0.23362520928698477,0.012905437544620818,3.175124931694367e-16,0.07523587707686341,3.4615751417674896e-15,0.16342089198659812,0.5782173932233909,1.7914101644976967,3.779711801846695e-05,0.5327355084124529,0.00041432977499935284,5.798754804511443e-13,0.49409413571255073,6.3565607627961995e-12,8.090202939498468e-58,-0.11363065245907557,8.868432672522213e-57,2.2864552985328234e-15,0.470226179614976,2.5063987918981745e-14,1.4135912370221671e-05,0.5405760956990099,0.0001549570363778246,1.9166842114977706e-15,0.48635885249149585,2.1010579105705414e-14,7.770570490419602e-36,0.32283019557314424,8.51805346994747e-35,0.02986184261741452,0.5536294234186376,0.3273437547988289,5.2188817142116515e-39,0.273887576554508,5.720907306586373e-38,0.0025110824068879677,0.5615118336223754,0.02752633701179009,5.155982751517763e-34,0.3622723278787683,5.6519578352327146e-33,1.807077308254946e-21,0.46905104324503505,1.9809074706962968e-20,8.147201140098387e-36,0.3462613298157784,8.930913763324941e-35,1.406001357669099e-11,0.5291849268362973,1.5412503828657e-10,4.0245031468077955e-19,0.4768712199970578,4.411636576329356e-18,2.4215527398906513e-31,0.39825802288721207,2.6544918090785554e-30,0.8041539731078385,0.5730895327000435,8.815088350911267,2.7683622805244485e-07,0.5570167107530579,3.034662378877618e-06,2.8795218556984446e-30,0.39161818611813076,3.156514848551002e-29
92,0.43066054772430634,0.36616013622701765,0.5793139607484014,10.830457977869449,0.2911121642557195,Community 1,1.847533448634887e-14,0.1928972799162713,2.055957356177022e-13,0.07112100386358385,0.39546748273303317,0.7914430517080517,1.2707606064915662e-13,0.1959326536495144,1.414117627362438e-12,1.5308569732495296e-23,-0.024363439951215614,1.7035559803979772e-22,0.9288758128299452,0.43335548097049803,10.336641329951048,2.928881009502284e-19,0.05212604354421717,3.2592938770893202e-18,3.182163517337896e-06,0.3388900672118466,3.5411496862820334e-05,4.972316425568868e-24,-0.2544617932080596,5.533253289644994e-23,1.1428078349272462e-09,0.2822071311987776,1.2717302502162887e-08,4.8619094014685345e-21,-0.07715252479181811,5.4103910304851313e-20,1.3342714507736226e-19,-0.06419280547478275,1.4743456137869287e-18,1.342757497575799e-07,0.26647408341934486,1.4837225407038055e-06,1.2815148591407492e-09,0.2576519372902216,1.4160505424000855e-08,4.964079551347487e-19,-0.13333037302439782,5.485217351218198e-18,3.0258586535657213e-31,-0.8619173847432354,3.343518615524016e-30,9.297294884707782e-19,0.016683757426591138,1.0273341249567228e-17,0.6760777740165632,0.35740968546445884,7.470536075115845,0.3239220889685569,0.3844237844654598,3.579279994356395,5.797827588640869e-14,0.10697845983296381,6.406493723484304e-13,1.457557263597319e-09,0.16589262617901232,1.610574188019993e-08,2.338285393020442e-27,0.4335811092196424,2.6005405010783564e-26,0.023565674968010954,0.5537413440974607,0.2620873071032571,1.9858870254178195e-25,0.4290774719200804,2.2086181847520588e-24,6.522508825030708e-45,0.20863069105054505,7.254053940020943e-44,0.9502588694868024,0.5806905990782398,10.568370670174039,3.651719653890178e-36,0.31248464584299224,4.0612856270116665e-35,5.3243491730396145e-11,0.5181941073117884,5.921512278912621e-10,1.7845511708695638e-45,0.17797531326920948,1.984701101903745e-44,6.057375152313655e-18,0.4907726499280845,6.736752263362244e-17,1.4681663687279836e-39,0.2662793022048431,1.6328315250117474e-38,4.1981108120220295e-39,0.2682610092997779,4.668958386031705e-38,3.424047462583113e-17,0.4588753152312443,3.8080784025083796e-16,1.6781437441060518e-19,0.45978644122843443,1.8663593358644005e-18,1.7799450425520179e-40,0.2205855212194553,1.9795783639870235e-39,5.285706810493963e-62,-0.3030195816708274,5.8785359043617315e-61,5.053119729964138e-38,0.2689829246194972,5.619862551335275e-37,1.2531431805433944e-05,0.524505390623331,0.00013936919780539186,0.026162924060137527,0.5523735478116197,0.29097279505791374,1.9554094586119373e-29,0.3586642170393718,2.174722345052766e-28,2.7758239979507465e-24,0.41586197126947033,3.087152129540354e-23
93,0.33896578593216453,0.43012866088465046,0.5995511352755775,7.615941493782089e-05,11.274485290282584,Community 2,2.3686174189756545e-10,-0.010702998880589015,2.578166560050883e-09,0.02972061885063527,0.2370527857510112,0.3234997135918358,0.011397251792625773,0.2030916829495581,0.12405554908455972,1.0142643804561054e-05,0.13660336716382948,0.00011039953045154628,1.095247150918374e-20,-0.0838411779530237,1.1921425371894464e-19,2.5755812348613315e-12,0.1423763571753986,2.8034402513537774e-11,3.689898414536208e-21,-0.09247148418509599,4.016339923083121e-20,5.3291917886741304e-14,0.07712331989334197,5.800659891963167e-13,3.026703945108429e-19,-0.01544498362220227,3.2944733226809222e-18,0.9588719864734437,0.34374177421420615,10.437024025452397,1.406996445117826e-30,-0.42736674008587594,1.5863181030479482e-29,9.924580876561963e-16,0.16691642832101114,1.1189468434183077e-14,2.4827238997656e-18,0.09438233231588744,2.79914699197279e-17,0.9999999999997851,0.4301286608846915,11.274499722810347,5.040342613125575e-15,0.1499463321193954,5.6827341394565684e-14,1.9181769983502288e-13,0.24461208574010787,2.1626486036205484e-12,1.673406459574631e-14,0.21171012869960826,1.8866820664627274e-13,2.599357379682953e-18,0.08326175467969277,2.930645405672678e-17,7.052554284176663e-21,0.011070256449286263,7.951402132207181e-20,3.2716306972756187e-16,0.18533622716201692,3.6885999389579716e-15,3.224259014275713e-31,0.35514225634988816,3.6352106386192686e-30,2.1650476946155141e-13,0.4864381228238831,2.440996327446857e-12,3.9540201363750124e-16,0.45964769089803914,4.4579843000901454e-15,6.176295857887959e-22,0.4288388326810032,6.963502718127006e-21,7.035774437908269e-41,0.24108223696361009,7.932527124640782e-40,2.9612294099895974e-26,0.39214000145764827,3.3386562949579255e-25,1.0757798700290654e-40,0.21536477309637653,1.212894625099031e-39,2.2632811918356462e-30,0.35239077059169893,2.551750287529564e-29,7.72688700466463e-38,0.26537084413915063,8.711726234896059e-37,6.7549778172888315e-06,0.5264766270957738,7.615941249236657e-05,1.8676423181090602e-58,0.03199313775697547,2.1056848081576125e-57,1.0367191621760494e-29,0.4373467014325652,1.16885539000328e-28,9.393058404034393e-35,0.3844249935801007,1.059026141768835e-33,0.9999932450219657,0.5995516288956182,11.274485290282584,2.3258582066424355e-28,0.4237194452133599,2.6223031274073417e-27,3.2531755638702267e-25,0.4940174498354068,3.667812780150926e-24,2.340574225753227e-27,0.4587786258697337,2.638894793583296e-26,9.325088766508978e-35,0.3692307176606727,1.0513628632188954e-33,1.1748290632942423e-39,0.3428101007219332,1.3245682467001515e-38,1.1505190234336742e-30,0.4420772500529788,1.2971597428748944e-29
94,0.25626753061199387,0.3036431638008569,0.573515708412434,4.326343467720285,6.499998041222882,Community 2,0.04139823485877082,0.2420276338177477,0.4458241484645763,2.524836297663778e-11,0.10619279386316664,2.719036201080746e-10,2.159427732045181e-12,0.008026824935730419,2.3255219288796965e-11,0.16982585457063906,0.20567944509247577,1.828881527425398,0.4482748874983361,0.27730610257093985,4.827543267938583,2.7123758794214674e-10,0.06184354918664007,2.9210005472074766e-09,0.3405010214540193,0.2555321677963091,3.666909433673469,9.24412600436596e-11,0.09143351299937723,9.955145716369963e-10,1.2271480678703188e-09,0.11810419955791666,1.3215351916926611e-08,3.553348025887104e-27,-0.7556972243021496,3.8266567723086674e-26,0.0002701581260237289,0.18237257473553584,0.0028829474007453317,0.7112074305973543,0.31855806527738256,7.589531522184594,0.0005348445146093774,0.1674707472541044,0.005707504067675426,3.180552979414649e-14,0.06755541303267978,3.3940740853861663e-13,2.992811935489806e-29,-0.6318062265803407,3.1937293604050636e-28,4.7245247074239075e-16,-0.001418855862236645,5.041697773632216e-15,1.2369925434168327e-06,0.0911648055764386,1.3200359694054454e-05,0.28798002627336217,0.2671775426995119,3.073130837968723,6.303496068754048e-06,0.24619970394425422,6.726670737058168e-05,6.070230013340709e-15,-0.04751657275508921,6.477744755066076e-14,1.2531105198527873e-05,0.5480863163840661,0.0001356660243637558,1.423558526280164e-19,0.48447775956693057,1.5411930763476903e-18,1.7610469756815994e-24,0.4131090969744324,1.9065695972020526e-23,0.0004102238268552628,0.518778480481932,0.004441223244640646,0.1465057969422045,0.5670320838215672,1.5861217907361873,5.61473399683875e-19,0.4963202100145455,6.0787027731649726e-18,0.25268413946255963,0.5862015762881565,2.7356447877150933,7.912957436314078e-22,0.4392848235239266,8.56683795512676e-21,2.000148613707937e-19,0.47042792031811526,2.1654291960641366e-18,4.3981845951704484e-51,0.12398932041022931,4.761624844668822e-50,6.080090925576867e-08,0.5384950383906876,6.582514076572151e-07,0.4032375113847276,0.5669250246982682,4.365587007467418,8.46739395748263e-12,0.5078032503316333,9.167089867446874e-11,4.4233795295392653e-26,0.42339190128566917,4.788901741046044e-25,1.866851861118801e-54,0.0014333978860384003,2.0211175795078278e-53,5.9423537577341345e-30,0.3753604485101407,6.433395114818147e-29,6.4396107316643044e-15,0.5044782521788612,6.971742496565313e-14,0.1971497360329177,0.5756701987534509,2.134410370690365,4.361537729023626e-10,0.5294910744646211,4.721949695855019e-09,1.5196948342863876e-29,0.39146336249784935,1.6452735265361225e-28
95,0.3388105656401899,0.2863011828270061,0.5734527719830368,10.858899439695,0.17003221762076756,Community 1,0.0007006653144882294,0.2960038740330573,0.007724930663138379,1.150675828713529e-10,0.10276411146886393,1.2686357964007126e-09,1.0788812686535443e-14,0.026278853947561475,1.189481314655174e-13,6.732155926993355e-11,0.19684724901331563,7.422293736267632e-10,0.004439190938832309,0.30732667554376675,0.048942685607263406,0.9688444783076428,0.338443674352816,10.681642523945355,0.0260154362282234,0.35900033329128783,0.28682373292748475,7.709053037701474e-32,-0.7567651789118295,8.499336125721778e-31,1.639870812332999e-17,-0.023478617872142178,1.8079799384716993e-16,2.2902841344573912e-07,0.2129987337904528,2.5250694977661065e-06,0.07677832694293615,0.21413078690270357,0.8291918007956649,0.018454052044863598,0.23206466817024846,0.1993003658236811,1.2300345142502795e-13,0.006488345777503378,1.3284146379876899e-12,1.0611106461749387e-07,0.1938568566796466,1.1459799693202343e-06,8.919395159349644e-16,-0.007406853977118684,9.632782620655572e-15,1.1674824386698488e-11,0.08768261771803106,1.2608595475614638e-10,2.1176117797759266e-10,0.17169576440608983,2.2869817498934993e-09,7.3170107525999035e-09,0.11678655065692518,7.902236951449694e-08,0.37542505025816625,0.3045831812545485,4.054521450027668,0.5293424571023988,0.2856938191444745,5.716801117176761,6.195339066982337e-07,0.552999082156691,6.832797116364662e-06,8.061695104214247e-21,0.4253484411145289,8.891188434649603e-20,1.936665814951077e-28,0.38190582833137743,2.135935491615517e-27,4.914520457065477e-20,0.48870189303912054,5.420191024945539e-19,2.2525523582077497e-05,0.5569090922523903,0.00024843246013198734,0.977564602235732,0.5737510804347746,10.78149318866896,0.006995327214406288,0.5848095134858691,0.07715098576824803,1.460319907993648e-60,-0.13922614427698748,1.610576846307959e-59,2.5986673982494002e-33,0.3611649150255232,2.866052513538721e-32,4.9047906999141796e-14,0.48866994244062684,5.409460142279145e-13,1.5281280976061666e-09,0.5068697357084934,1.6853620352122367e-08,3.983829297055554e-09,0.5090718771881924,4.393738105163802e-08,3.703797333376951e-30,0.37100681948147235,4.084892766236277e-29,5.4139969003129906e-15,0.49971290039031185,5.971060180647138e-14,1.970885207846549e-31,0.34513667311122903,2.1736758261754166e-30,7.79536301793225e-24,0.4151553782275878,8.597452596874156e-23,1.1058073101127725e-17,0.47811616443373245,1.219587324939395e-16,2.4422967535597296e-20,0.4464192415958417,2.6935923981894425e-19,0.012198877319389706,0.5512257270780732,0.13454058425152843,0.003218042660971196,0.5425242737159098,0.03549157257817789
96,0.3111539502865276,0.28716870726039023,0.5636719304853434,7.100464296595129,3.8025435627489514,Community 1,0.7628637692086631,0.3173217596435218,8.282568749844414,0.004252174295998975,0.20306686236224752,0.046166730371093936,0.0006042740560144516,0.2768542044815659,0.006560727635392588,2.0661172901482056e-14,0.0009183434136714429,2.243226011198071e-13,1.545322067202531e-10,0.12450524181795483,1.6777879326388258e-09,1.569359349322255e-08,0.2325637420783071,1.7038857039253747e-07,1.8584494025649363e-13,0.10573757936603416,2.0177567170110353e-12,0.23227940729703594,0.2929654583108449,2.5219052703295755,3.589302514473038e-07,0.16277319063930942,3.896979518499168e-06,3.637039471720015e-10,0.16272078265426237,3.948808514220987e-09,3.36856991061186e-21,-0.2714093271439478,3.6339815767255854e-20,2.5411200550737145e-10,0.08995912121690913,2.7413364452657208e-09,0.3854047461453333,0.29061698098356875,4.157710198213902,0.468249730071271,0.3011671529100504,5.05143410271883,1.2390005396024622e-13,0.023796326129847285,1.336622143504981e-12,8.476645444604037e-16,-0.035197561237844885,9.144525479814298e-15,2.3497022711218175e-08,0.11929038411165854,2.534836738031655e-07,0.14583873155602645,0.23349382780150105,1.5732945365867879,0.000506762658565352,0.1769237732758263,0.00546690795758034,5.817544467826119e-09,0.09663151431894396,6.275912324474212e-08,0.6376351404853655,0.5664372124236436,6.9521409481059075,0.00015666933813117956,0.5567038312324162,0.001708167024962486,3.37957974599247e-07,0.536648165129886,3.6847584531835976e-06,2.6827347189968216e-26,0.40495846128842505,2.9249877725757577e-25,1.9035835618130127e-20,0.4558191482744481,2.0754786535365476e-19,1.3786889292064246e-16,0.4928620790398755,1.5031856230728324e-15,6.24319123468245e-25,0.4357459969352474,6.806956309913083e-24,0.013446885339857616,0.5524088885647642,0.1466114965441663,1.482510214523922e-11,0.5237706990193327,1.6163820520512201e-10,4.911711244923026e-19,0.4728765445805286,5.355242630622445e-18,6.892209969439073e-42,0.22701268287157786,7.514581946504383e-41,1.2954670766707154e-20,0.4425567519185016,1.412448771846231e-19,0.019520500458074307,0.5541315172732091,0.21283216991271392,0.32675755288078645,0.5595010222378168,3.562640167159254,7.008620681158129e-26,0.40057103455531673,7.641504636982855e-25,1.8015695465826666e-32,0.34399948457911694,1.9642526925545767e-31,2.6708112506360238e-14,0.48404483527204906,2.911987605650916e-13,0.002482801131684131,0.5388723618273784,0.027070000251940455,1.1239327420177149e-07,0.5149761516664327,1.2254247519593288e-06,3.2542594846944674e-20,0.44280839443190695,3.5481216737968796e-19
97,0.3209436735693891,0.1654804180951806,0.6033361922060885,8.100669690602246,2.6457584158270815,Community 1,4.471025989948177e-22,-0.21513483141146536,4.679980022101708e-21,2.811690880082446e-11,0.1643001100621679,2.9430956511312824e-10,0.0009749274155609785,0.016802923094248547,0.010204907862496039,8.261208578271847e-09,-0.1566380376191039,8.64729732988549e-08,9.445979853046424e-08,0.08672097111787604,9.88743905779552e-07,0.23606521332891767,0.247770931252725,2.4709775446984548,2.468127559897936e-08,-0.12475222746570208,2.583475850574257e-07,0.7629564156641853,0.34397345652003586,7.986132916852268,3.316160936317713e-06,0.13114646233011218,3.471142186811774e-05,7.883655260737223e-25,-0.7952605697216525,8.252099004643648e-24,1.9144739570982414e-11,-0.12154329620217183,2.0139759750378944e-10,3.3649449737951417e-18,-0.26551965819558565,3.539833127226068e-17,1.4816770391268143e-18,-0.30813254580930655,1.5586850625482596e-17,8.570191254678037e-05,0.04388302352934436,0.0009015614563157899,8.986834466948414e-11,-0.1646464668066359,9.453912204431112e-10,0.0022748601347928996,0.1447392558454151,0.02393092703641967,0.0018918694006179375,0.15510677241480347,0.019901965793929825,0.25137510437175203,0.18657760237777263,2.644399622414779,0.29205759077475946,0.13635291437633856,3.0723686209831853,0.4523148732965177,0.17273384230149721,4.758232853437297,1.508139000141012e-42,0.29667095492175477,1.6207107339517593e-41,1.0772491493840765e-21,0.49249657570463135,1.1576580536568124e-20,2.3058408917404056e-12,0.5046545401066214,2.4779553367953154e-11,4.0554459343989036e-22,0.4457477405430463,4.3581558173528916e-21,1.3720988887780217e-18,0.4956696668530093,1.4745162063164577e-17,9.301689143423678e-05,0.5680756935562138,0.0009995993364815673,4.7817906033267435e-21,0.456480554351532,5.138716893865016e-20,0.7537081168753982,0.6086617477742805,8.099670091233698,6.780137086215715e-13,0.5326096310304947,7.286225574875239e-12,7.550972170315459e-50,0.11138382276114835,8.11459795619437e-49,1.188706027606893e-28,0.35262979618773327,1.277434386535667e-27,4.604048463808248e-31,0.4596554716235073,4.947707581483172e-30,7.933667577954762e-40,0.2573846423877495,8.525858824680013e-39,1.2408412894368098e-12,0.52353370543235,1.3334611708421738e-11,1.3045082799539173e-22,0.47049561482522895,1.4018804444766553e-21,3.817890820461901e-10,0.5364955474961852,4.102868922029029e-09,3.9191519478817976e-11,0.5320436347532786,4.211688464608419e-10,2.6716979356799838e-08,0.5197663162556074,2.8711209787880586e-07,1.5195424158701077e-11,0.5072010908916481,1.6329653326818046e-10,0.24619883907578763,0.5870459757744636,2.6457581240143146
98,0.2845836336414081,0.30674820434937605,0.5782199688609353,4.729072550126502,6.1500268387006765,Community 2,1.1853976494719506e-27,-0.6121555441769946,1.2750018778103499e-26,0.03475338296778179,0.2694997080600062,0.37380391773108973,0.713048988044765,0.30376106012098464,7.669483730905251,0.001157629440255098,0.2119001595215339,0.012451346691899439,0.00034008387951780665,0.2665161017330584,0.003657908257126947,7.86356895439925e-12,0.06856200498450568,8.457976264434507e-11,0.2506924869497135,0.23249003338772609,2.696423362710529,6.398311918382897e-07,0.1362387285354541,6.881960424325585e-06,4.7109094157027976e-26,-0.4952569002465337,5.067007137976994e-25,6.788878911531633e-06,0.2296441922316688,7.302050383080951e-05,0.9977221215451995,0.30705959777125014,10.730689384579886,4.3361333304030305e-11,-0.14040646354884387,4.663593088085189e-10,2.9683098120333497e-10,0.0409277467655526,3.192473124761482e-09,3.381947545477007e-18,-0.020026244340772412,3.6373482998704923e-17,8.11073209342785e-15,-0.19869058643349705,8.723245169840084e-14,1.4009199408129966e-21,-0.19333359656721705,1.5067157891865265e-20,3.201793038396751e-08,0.18293761516598825,3.443588733457717e-07,1.19860876802932e-14,0.05767834379490054,1.2891263113858824e-13,0.002277846096657193,0.17035617878443804,0.024498663907793036,7.384021738990611e-16,-0.12921446403254186,7.941654492673698e-15,3.577755916011116e-51,0.12140389916171447,3.892276219924935e-50,0.02098818990508723,0.5790281807416701,0.22833260396902325,0.4012242758474398,0.5786503899921664,4.36495877415451,0.00032691807816977484,0.5538595216867415,0.0035565742644133535,9.690586892201947e-05,0.5684761795070814,0.0010542485793633087,2.4715658495186475e-24,0.44579180134548996,2.6888410522944444e-23,0.01205708048970551,0.563878407682897,0.1311701769865953,9.054047041344937e-14,0.4945473751441448,9.849987763390823e-13,5.975007707039198e-51,0.09098181985317938,6.500270269388782e-50,1.58259067141545e-08,0.5374530338186944,1.7217161206159415e-07,0.5653065263264366,0.5782061231278403,6.150025885057953,2.2841813762429736e-26,0.3744317519520853,2.4849836214255357e-25,4.31011726404928e-22,0.442217664960229,4.689019409309199e-21,2.1844574601796606e-32,0.40019636636291916,2.3764929819959516e-31,4.158316704188586e-33,0.2958007003871043,4.523874071508789e-32,6.74515424394557e-40,0.30161956204138224,7.338120341285331e-39,4.69273970149651e-16,0.5143547516418809,5.105278161847571e-15,5.125750348496366e-28,0.42793078097475734,5.5763547483607516e-27,8.765824125062461e-08,0.5197629068013023,9.536427188153356e-07,3.150973573088022e-32,0.3552022137357348,3.427975467319249e-31
99,0.49823510257812414,0.3904922866414271,0.6036157910582738,11.451567617437048,2.0735559963768054e-07,Community 1,2.47211684748522e-15,0.2362052269524658,2.8309849341521006e-14,4.773171988618751e-21,0.031122508497262082,5.466075764841975e-20,8.012523745784442e-14,0.27150447616015233,9.175672271287058e-13,9.526296496549853e-18,0.13989184250343248,1.090919383015119e-16,3.302688256379638e-34,-0.6882411817997459,3.782127331692692e-33,3.9826005364031055e-18,0.19541227493701993,4.560739970188919e-17,2.247236853834416e-11,0.32382934600900903,2.573459941081783e-10,2.177891295064358e-23,0.08150965824048793,2.4940477432610784e-22,0.999999999977445,0.4982351025820623,11.45166312412817,7.785914614598822e-41,-2.5672980303356967,8.916167128162296e-40,2.2388000037523757e-07,0.25740095956706704,2.4636076988180985e-06,2.5211203131517513e-24,-0.2640158128145188,2.7742770246190905e-23,0.006696688752577793,0.30025927799656643,0.07369132544125186,2.8702181986063327e-16,-0.07521796065735491,3.1584293547984465e-15,3.035185738057143e-18,-0.1495626334584937,3.339962006024512e-17,1.077875616296718e-12,0.1656358151136285,1.1861098187538715e-11,7.156120141749247e-08,0.2481025948621406,7.874697447441435e-07,2.350519816202469e-27,-0.25800155491180593,2.5865457860082244e-26,1.1098130328228787e-05,0.27418955503504117,0.00012212542108846268,0.9932919176748141,0.39110196954783805,10.930327012042145,8.524619477159114e-29,0.4431858365749259,9.762025812323603e-28,6.904486053596425e-40,0.27138315416149467,7.906719033809439e-39,5.746922882263273e-26,0.4281688639478774,6.581127717009073e-25,2.0237881273644606e-33,0.3764385289442121,2.317554700352422e-32,1.8612739858818185e-65,-0.27971671742710674,2.1314505289847798e-64,2.9215049028477866e-34,0.4056841253048212,3.345581154542568e-33,3.675110057609731e-21,0.5044717930651497,4.208577208829544e-20,1.361575695526909e-44,0.26635965076438173,1.559217642591562e-43,0.99999998189282,0.6036157926758959,11.451567617437048,2.8610865927435225e-78,-1.4828363254793502,3.2763927169407346e-77,1.0593543001059783e-18,0.4413138290390191,1.2131267618149355e-17,8.389062649819234e-51,0.04183913999217883,9.606791992083968e-50,2.1846684979568857e-15,0.4740100246425992,2.5017879479041156e-14,3.689518479955531e-38,0.2734345096235543,4.225077111403664e-37,4.455235531978409e-43,0.22775265834215117,5.1019431869876904e-42,2.7193420806531482e-28,0.3696607223120523,3.1140730275412287e-27,7.489835424137347e-23,0.4260027829701833,8.577035835604343e-22,1.7075150594592477e-55,-0.08508389525205447,1.9553724515252426e-54,1.5163223158973724e-19,0.44384648990535513,1.7364267844745423e-18,1.8107177792459794e-08,0.5142798448609971,2.0735557460593252e-07
