Seed,r_Comm1_Sp1,CUE_Comm1_Sp1,Cfinal_Comm1_Sp1,r_Comm1_Sp2,CUE_Comm1_Sp2,Cfinal_Comm1_Sp2,r_Comm1_Sp3,CUE_Comm1_Sp3,Cfinal_Comm1_Sp3,r_Comm1_Sp4,CUE_Comm1_Sp4,Cfinal_Comm1_Sp4,r_Comm1_Sp5,CUE_Comm1_Sp5,Cfinal_Comm1_Sp5,r_Comm1_Sp6,CUE_Comm1_Sp6,Cfinal_Comm1_Sp6,r_Comm1_Sp7,CUE_Comm1_Sp7,Cfinal_Comm1_Sp7,r_Comm1_Sp8,CUE_Comm1_Sp8,Cfinal_Comm1_Sp8,r_Comm1_Sp9,CUE_Comm1_Sp9,Cfinal_Comm1_Sp9,r_Comm1_Sp10,CUE_Comm1_Sp10,Cfinal_Comm1_Sp10,r_Comm2_Sp1,CUE_Comm2_Sp1,Cfinal_Comm2_Sp1,r_Comm2_Sp2,CUE_Comm2_Sp2,Cfinal_Comm2_Sp2,r_Comm2_Sp3,CUE_Comm2_Sp3,Cfinal_Comm2_Sp3,r_Comm2_Sp4,CUE_Comm2_Sp4,Cfinal_Comm2_Sp4,r_Comm2_Sp5,CUE_Comm2_Sp5,Cfinal_Comm2_Sp5,r_Comm2_Sp6,CUE_Comm2_Sp6,Cfinal_Comm2_Sp6,r_Comm2_Sp7,CUE_Comm2_Sp7,Cfinal_Comm2_Sp7,r_Comm2_Sp8,CUE_Comm2_Sp8,Cfinal_Comm2_Sp8,r_Comm2_Sp9,CUE_Comm2_Sp9,Cfinal_Comm2_Sp9,r_Comm2_Sp10,CUE_Comm2_Sp10,Cfinal_Comm2_Sp10,r_Comm3_Sp1,CUE_Comm3_Sp1,Cfinal_Comm3_Sp1,r_Comm3_Sp2,CUE_Comm3_Sp2,Cfinal_Comm3_Sp2,r_Comm3_Sp3,CUE_Comm3_Sp3,Cfinal_Comm3_Sp3,r_Comm3_Sp4,CUE_Comm3_Sp4,Cfinal_Comm3_Sp4,r_Comm3_Sp5,CUE_Comm3_Sp5,Cfinal_Comm3_Sp5,r_Comm3_Sp6,CUE_Comm3_Sp6,Cfinal_Comm3_Sp6,r_Comm3_Sp7,CUE_Comm3_Sp7,Cfinal_Comm3_Sp7,r_Comm3_Sp8,CUE_Comm3_Sp8,Cfinal_Comm3_Sp8,r_Comm3_Sp9,CUE_Comm3_Sp9,Cfinal_Comm3_Sp9,r_Comm3_Sp10,CUE_Comm3_Sp10,Cfinal_Comm3_Sp10,r_Comm3_Sp11,CUE_Comm3_Sp11,Cfinal_Comm3_Sp11,r_Comm3_Sp12,CUE_Comm3_Sp12,Cfinal_Comm3_Sp12,r_Comm3_Sp13,CUE_Comm3_Sp13,Cfinal_Comm3_Sp13,r_Comm3_Sp14,CUE_Comm3_Sp14,Cfinal_Comm3_Sp14,r_Comm3_Sp15,CUE_Comm3_Sp15,Cfinal_Comm3_Sp15,r_Comm3_Sp16,CUE_Comm3_Sp16,Cfinal_Comm3_Sp16,r_Comm3_Sp17,CUE_Comm3_Sp17,Cfinal_Comm3_Sp17,r_Comm3_Sp18,CUE_Comm3_Sp18,Cfinal_Comm3_Sp18,r_Comm3_Sp19,CUE_Comm3_Sp19,Cfinal_Comm3_Sp19,r_Comm3_Sp20,CUE_Comm3_Sp20,Cfinal_Comm3_Sp20
50,0.3296145927904819,0.4991676954513053,2.676681930148398,0.09250098374177657,0.11129518042308491,9.53958811710547e-19,0.20794454647727562,0.36278330945128,1.1246875131031865e-09,0.113902791483596,0.0012716069208386519,2.1133442499246604e-17,0.030236125583832513,-0.022287454746978987,5.5857674071981795e-25,0.16731961637946902,0.2291675515560098,4.8599394916320384e-14,-0.09300892235920759,-1.4126124523695922,1.6229670076324867e-34,0.857243631733487,0.5083352061594408,1.638209797939013,0.16556543805159848,0.21813871539510282,3.4996567699644254e-05,0.16880130935964738,0.27521999329497787,4.002804905120466,-0.04197775980690842,-1.0030294007797844,1.44799369438408e-28,0.17016113392410726,0.4651493268270999,6.759300885973962e-15,-0.13798737725940993,-3.707110240612794,1.828031308082133e-36,-0.05913688332035513,-1.3925127387485068,1.5155347906020168e-25,0.3832784647332407,0.610442450321583,5.5686891108363845,0.1034523081813222,-0.2803370774240877,6.373685673974817e-12,0.15591896818690865,0.2154231677825462,0.04944138368004111,0.16786971303584802,0.3330193953546203,3.0944232073902596,-0.11279644866800746,-3.0998838929531654,1.1070265385354166e-33,-0.07810290309797854,-2.1090801112704978,8.793969970431905e-28,0.43907754109702457,0.4991676954513053,1.459532367604621,0.13114436244009123,0.11129518042308491,3.899144503280664e-39,0.2805834389005517,0.36278330945128,3.2332563681810063e-22,0.07435895463227528,0.0012716069208386519,2.788507843619124e-41,0.09836840093345778,-0.022287454746978987,4.944862650893196e-48,0.16552753425285208,0.2291675515560098,4.6367863153103544e-32,-0.08266534844074576,-1.4126124523695922,1.0209296185883861e-66,0.1798288995214474,0.5083352061594408,2.0264830273175187e-10,0.16524827638852532,0.21813871539510282,6.601295871656235e-10,0.22269825843117128,0.27521999329497787,3.0842995455817768,-0.08776630044550249,-1.0030294007797844,1.0666857300257348e-62,0.16911745386612997,0.4651493268270999,6.468065969484676e-29,-0.1418436537551594,-3.707110240612794,3.2364074178229624e-73,-0.10897093484010177,-1.3925127387485068,2.3112954767590335e-59,0.37069262705403594,0.610442450321583,4.47168868975054,0.008451903531060068,-0.2803370774240877,3.367108358887399e-40,0.16222887033191324,0.2154231677825462,1.017018834551178e-14,0.2935568295846125,0.3330193953546203,1.1462618825673108,-0.14505204241821165,-3.0998838929531654,1.4171987576173703e-70,-0.12194402256954145,-2.1090801112704978,2.694767958272518e-63
51,-0.116691807844958,-1.7108865319170234,1.9398736618131523e-38,-0.10437874918449948,-2.0654011451363194,6.162935480876054e-38,0.16201656748236729,0.5130927629105966,2.763943098056187,-0.08221285605700014,-1.352067825765303,2.664658629912306e-37,0.9114229855366935,0.5278291699049337,2.879144898979027,0.16329435023011582,0.553581597114895,0.03695947488917331,-0.05297207744143324,-2.0123418220722393,1.4797995748140195e-36,-0.13008701840699524,-2.9585466757505414,3.8754528121518194e-40,-0.13257994184417787,-2.1477681973399014,5.6110599273748584e-40,-0.05960068267782138,-1.607173254335347,3.4200266150930025e-39,-0.13416814290459042,-1.7202789572319843,2.455270872729309e-16,-0.14564767999505365,-2.382192147645288,1.4889042059505894e-14,-0.07179805699701597,-1.022754114439007,3.513078550840403e-23,0.17927255129912403,0.5577988086638431,2.7545436531674126,0.1795268719946333,0.5668898532396452,0.004458424651376829,-0.11971041602146458,-2.087624310631901,8.383419648765736e-19,0.21227628208378455,0.5986935463013208,5.432973240630951,-0.08556831817929132,-0.9747096417219857,3.105978978891823e-22,0.15557146122557863,0.11945997375141902,3.1771382116675944,-0.11709825564833969,-2.0747773804863696,5.086517836730014e-19,-0.10475422709411321,-1.7108865319170234,2.1664040946641624e-75,-0.12003246800625558,-2.0654011451363194,1.4394593696895665e-75,0.554591045056883,0.5130927629105966,1.6549313212569527,-0.08946066253493527,-1.352067825765303,1.1065689043455418e-73,0.14436661358496225,0.5278291699049337,9.668583282360216e-05,0.7229156844858899,0.553581597114895,1.3562189306831396,-0.14998893590883677,-2.0123418220722393,2.3089709497312488e-74,-0.13864232450398054,-2.9585466757505414,2.2261688818684212e-79,-0.11785593897104667,-2.1477681973399014,2.8617318511015244e-78,-0.13381428514012403,-1.607173254335347,1.409886169583721e-76,-0.13808990873958754,-1.7202789572319843,1.6394857079156804e-53,-0.15008179391805174,-2.382192147645288,5.752687141266123e-53,-0.07526682084553846,-1.022754114439007,2.7084408855702728e-58,0.1781748315070667,0.5577988086638431,1.1086652452086008,0.1547006952443858,0.5668898532396452,1.4533643336151063e-06,-0.12193837189019578,-2.087624310631901,1.053868733603997e-56,0.17914449327359672,0.5986935463013208,5.847002144652758,-0.08891944145665873,-0.9747096417219857,2.854564277746688e-57,0.16293524472204415,0.11945997375141902,1.8755094495641787e-23,-0.12019842301503805,-2.0747773804863696,1.999711016439273e-56
52,-0.10649416076508511,-2.6325089965584465,6.189626584987557e-35,0.2862277854518316,0.41365503953537547,2.92739832584419,0.15773669106963908,0.08168474942106088,2.6125201748604763e-06,0.07941499002310076,-0.35326455307868343,9.567918844834175e-22,-0.104694220004933,-2.183587524994319,2.0278622303047056e-35,0.17074695521587638,0.3893696044527138,1.6366335401654954,0.1664757796603989,0.30003045352757,2.818872630341786e-07,0.5668889815219887,0.3439275372023617,1.4609355044816799,0.003511875654056862,-0.7315557164891294,9.11542705884003e-29,0.3543600393963427,0.3263097083220294,1.8398279482266273,0.8707509149045283,0.5269589192333196,1.017565043236337e-09,0.13484069873460341,-0.7351321038191767,2.509102932762128e-07,-0.03052519274334682,-2.326787688466358,1.6092168914196025e-32,0.030866152756552856,-1.2115179929825644,9.402277469318009e-18,0.750266333931457,0.5066597988196103,3.079300701368285,0.10564132069338843,-0.9941945460371134,4.507679638313926e-09,1.112818152153733,0.5582257454521842,2.589339148566811e-22,0.06403214693375686,-1.015787328388899,2.1376785665757924e-13,0.10293692510674063,-0.6558234845056803,1.4081203587777915,0.1492385545692525,-0.006605815943054723,0.017903441097545335,-0.12410669271861655,-2.6325089965584465,4.838244329407436e-72,0.2365441789095547,0.41365503953537547,2.6363019099194065,0.15962033612409146,0.08168474942106088,1.207750201945171e-23,0.013180687805330035,-0.35326455307868343,2.750488668814701e-47,-0.09938461466997933,-2.183587524994319,4.940324493410264e-71,0.38189431695657033,0.3893696044527138,1.8458649159280087,0.1702599049538286,0.30003045352757,9.489602552203558e-15,0.16646035855693694,0.3439275372023617,2.3871040901588316e-06,-0.03741898058036107,-0.7315557164891294,2.8421806248953534e-58,0.36111166884473456,0.3263097083220294,1.4994259725123995,0.396870218792386,0.5269589192333196,5.2799094028281865e-06,-0.027784057488351457,-0.7351321038191767,3.0696032071911455e-35,-0.12034659238374942,-2.326787688466358,7.428531778939192e-68,-0.06164624236841041,-1.2115179929825644,1.9262862754097861e-50,0.4434386850101214,0.5066597988196103,3.059284762402199,-0.06328500995219967,-0.9941945460371134,8.614804859029724e-40,0.3597117795353045,0.5582257454521842,1.655369633292289e-10,-0.05917671928979326,-1.015787328388899,9.120026129022272e-45,-0.011406967196087206,-0.6558234845056803,4.3381686451396055e-30,0.12927964666886232,-0.006605815943054723,1.0212574703108424e-28
53,0.010993267542276766,-1.6883386443951223,7.210469666237276e-33,1.0955629739691484,0.5790557233812099,2.017194839854089,-0.04339186334442652,-1.9169722348929914,1.1164885678007774e-37,0.08603431243659027,-0.7866987476273078,6.752035320366359e-24,0.6663941494062096,0.4752942890013184,0.1445212608594865,0.13238844206884515,-0.5391275925664024,1.7919033847889685e-22,1.4042858653914385,0.49626117624007293,0.8923853962220276,0.03130726497202285,-1.1557677983341095,8.426757605016894e-28,-0.015050130762564548,-1.5466601815712644,1.1950851444263861e-39,0.14982134670761438,-0.25421201734547116,2.3427964139637744e-08,-0.057748712683052476,-1.3029618493648947,1.7301097117105875e-23,-0.091758795561278,-0.6539806338557916,2.723663317850301e-21,0.1612706519368841,0.5760383946967297,0.010445172331259762,0.1917294825729076,0.5792423237772858,6.447571263110796,0.17043197687195147,0.2915180260040535,1.3027502993067368,0.16719732431886228,0.1870240320905089,9.605821402694904e-05,0.19897527645470148,0.16864934661650932,2.9934227817560335,-0.09669724192283496,-1.3762615741948143,1.3782052152752928e-20,0.14751087343106364,0.4895852782916044,0.0001625233240082227,0.1731323738043608,0.5125721537453121,0.044791429511436,-0.0764928270539855,-1.6883386443951223,4.286558915959491e-69,0.24025810947914042,0.5790557233812099,3.2701509735125938,-0.14035735033996358,-1.9169722348929914,7.787429755472563e-75,-0.026293176916797986,-0.7866987476273078,4.882008133813536e-57,0.10468880461315991,0.4752942890013184,8.14182780396995e-14,-0.028651424043582244,-0.5391275925664024,1.372030168899588e-52,0.5961523576007544,0.49626117624007293,2.606039577590418,-0.07840987698896454,-1.1557677983341095,3.704873547511047e-61,-0.141113372060761,-1.5466601815712644,2.227649208410727e-76,0.012998383847492759,-0.25421201734547116,1.3002449891553545e-35,-0.06777094560713388,-1.3029618493648947,4.4726456298972986e-58,-0.0905376682328492,-0.6539806338557916,2.7676420491379562e-52,0.18415758860423925,0.5760383946967297,0.0010771991403893402,0.22728160854519014,0.5792423237772858,1.691846463411606,0.16673322288231343,0.2915180260040535,1.9836081497609048,0.12235324887438898,0.1870240320905089,1.059846416055383e-21,0.15649653187459295,0.16864934661650932,7.680316330645082e-16,-0.09934816313020954,-1.3762615741948143,4.909527399711252e-56,0.16501171545489454,0.4895852782916044,7.022140111898507e-12,0.207740582698385,0.5125721537453121,3.935300786344447e-07
54,0.1556242199832271,0.14418926621186332,4.697888486849782e-14,0.19582967779770785,-0.16128723722865942,1.5587410749668318,-0.03981684582362072,-1.6257464441400409,2.390226693511259e-33,0.30097211151984116,0.41297490048163193,2.6056845533554918,0.13751709029730833,0.20234064030653462,1.1277844148648347e-05,0.15262104442450533,0.23072531434308877,3.948776798309815e-08,0.17315770992185214,0.32743580636094094,2.2146156389791624e-05,1.0892562569376985,0.5344433611635185,1.398609443796367,0.22045623243756615,0.49198762563053383,1.9263087118056716,0.1254484056637871,0.18439282832053103,9.811471483427277e-09,0.9265755380549245,0.48699890360121717,0.22034181427611152,-0.03449060202301274,-2.134578309291491,5.876597803349749e-30,1.2572481057709708,0.5452415288600763,1.634480127950352,0.05319508598708987,0.172686239897993,0.1565064640663928,0.1567835611176667,0.06928138987909155,7.198871369336813e-18,-0.0427532449798496,-1.1303454358208693,1.4765585797298119e-25,0.1451435575478917,0.29158760837154696,0.0729723608649047,0.38262635335282036,0.44170119219260306,2.4736253863218702,0.11049438920360233,-0.6010910691721538,0.00024095302037002305,0.15621329334109088,0.20411041342071728,0.06450531906911422,0.160514397056737,0.14418926621186332,6.550376177115574e-32,0.14392166717688532,-0.16128723722865942,1.1556397166116455e-17,-0.10735698943589814,-1.6257464441400409,3.853407657202241e-68,0.3578918130798457,0.41297490048163193,4.544252740161105e-05,0.16270449119632863,0.20234064030653462,1.7498177521068447e-19,0.1593683306658443,0.23072531434308877,3.0897558025343697e-21,0.1780156185700419,0.32743580636094094,4.163602990201334e-16,0.17358262705497562,0.5344433611635185,0.3432464978016809,0.3087019825457705,0.49198762563053383,1.798474213096263,0.15990359591059747,0.18439282832053103,1.0440570851667173e-22,0.16168488599727393,0.48699890360121717,2.9074090628788443e-05,-0.1345135077803026,-2.134578309291491,2.0978505789761195e-66,0.17286709041248882,0.5452415288600763,4.733704612004858,0.33808926647523374,0.172686239897993,0.00024428764571318153,0.15793439218506528,0.06928138987909155,2.0189078025426013e-36,-0.04309737585561245,-1.1303454358208693,7.681984909994632e-57,0.3822445246497538,0.29158760837154696,1.6614702720764651,0.4573779024349837,0.44170119219260306,1.697299058113851,-0.04375081382609995,-0.6010910691721538,1.9988530703646664e-34,0.2655886613978248,0.20411041342071728,4.420319754389348e-08
55,-0.0048337554615333345,-0.9193149685898178,4.455951742115965e-18,0.0063411025973831026,-0.2787472680081888,4.2263478673689986e-19,-0.036544846563086195,-0.7662578544299516,7.809360725245588e-21,0.17327726967948595,0.5432080849595667,1.7993903998182845,-0.07315943994656865,-1.4378714409430393,5.500696365880253e-20,0.17005530482210368,0.5795712585700339,5.412744270227755,-0.05768171650061597,-0.6422623064569626,1.8860152733783453e-19,0.1321820158259293,0.512563255550826,0.0006263142410427821,-0.03343372571266881,-1.526101067937423,2.0038013027818483e-20,0.15177930692922423,0.2203438637607534,3.059691233782917,0.4600136555156743,0.5590687391150438,3.641763855004517,0.4403530820335382,0.5167054022775877,2.1704624832909563,0.26316140642202646,-0.22213657961245964,3.044343192867085e-12,-0.03398211582646185,-0.9511682509664431,6.658494431095157e-32,0.1656389755808469,0.3887815787659916,3.3101818247105648,0.15529327595112452,0.3423778148173036,5.2664794797334425e-06,-0.05341608327895121,-1.4129462338979322,2.5901801624570967e-33,0.16651418505492602,0.38186701637147413,1.256910140695833e-21,0.1634165997127174,0.20605641986838122,1.2908096783687839e-21,0.1376811999789138,-0.3823614983180135,1.067754717610967e-19,-0.00929911509448604,-0.9193149685898178,5.459159130659162e-49,0.1930049520468888,-0.2787472680081888,1.5034915996127118e-37,-0.018268987302350465,-0.7662578544299516,5.65385894626536e-52,0.5680293935432978,0.5432080849595667,0.0006504538050240559,-0.08833104832493746,-1.4378714409430393,1.1440469694849892e-55,0.43478031431846037,0.5795712585700339,3.231004243990552,0.04966672879621875,-0.6422623064569626,6.688563866507853e-49,0.3030175782838742,0.512563255550826,2.8428408010237375e-05,-0.11093411228729011,-1.526101067937423,3.685554396091605e-57,0.4993617337768995,0.2203438637607534,0.10869709061637725,0.4548940231521056,0.5590687391150438,2.8150726852094947,0.4367280377344978,0.5167054022775877,2.2377057344141913,0.25426116935243404,-0.22213657961245964,1.725124343007903e-27,-0.035989330373363826,-0.9511682509664431,2.6922355447883347e-64,0.16600062180100827,0.3887815787659916,1.800980878048139e-11,0.15575390800415306,0.3423778148173036,3.366246158235389e-17,-0.055540995177704305,-1.4129462338979322,1.788928954784325e-67,0.16484785954175024,0.38186701637147413,5.052931654537178e-40,0.16197539709605122,0.20605641986838122,7.850898401155356e-40,0.13199588844512797,-0.3823614983180135,4.3087427811324673e-42
56,0.2788026994514202,0.482861886456994,3.2058195741953655,0.15161619606042254,-0.08869812228000751,2.316370605195262e-22,0.5824251611135793,0.4752605400578932,1.505279212712893,0.0844413946852379,0.16053085914822088,1.7591731455384185e-17,0.032197517141875215,-0.48667736287076185,1.1199438310941708e-16,0.10533696294516715,-0.15215116154231334,1.0962295521429546e-11,0.15143227506413406,-0.22309527389171788,1.2305253707212294,0.8973183656273458,0.49914432502785777,0.9899445536571428,0.15474655783821475,0.1109219393537029,0.5036626667649955,0.170408515933957,0.39605274161426424,3.342244228585778e-05,0.1816894907839771,0.24598532794891295,2.8935333598216517,0.14839478236405088,0.08716694750016624,0.004069103034912496,0.23853902497325905,0.16350994674946856,2.6722473915902873,0.16287161710442014,0.1175206045630546,6.937960733046832e-06,-0.06558063245131479,-2.2089772131373517,1.2755700588740205e-32,0.04146917227365342,-0.048974930284630444,1.2363425877868621e-14,0.1608593440715613,0.1902378191195144,2.05616149504432,0.14279643552548177,0.1850739754880201,0.0017320606452482395,0.5768515360542371,0.3322342849566875,1.0343442376255656,0.1610449269092645,0.2788512952157309,0.010402489111770266,0.3641033360608051,0.482861886456994,2.76523438662481,0.2026146090848443,-0.08869812228000751,6.82100013456208e-44,0.8348182488613355,0.4752605400578932,0.816565016419585,0.1581553531666437,0.16053085914822088,1.6803657411671793e-34,0.08751816800563188,-0.48667736287076185,8.558141312391189e-37,0.155739813034479,-0.15215116154231334,4.590595749446434e-26,0.10897783474124101,-0.22309527389171788,4.147372944135879e-15,0.2959857753313668,0.49914432502785777,2.427292129631128,0.3447949071251553,0.1109219393537029,0.8142579782932338,0.20575674888805434,0.39605274161426424,6.132162104240854e-13,0.15694064121424034,0.24598532794891295,2.23097345359662e-15,0.1391404893546383,0.08716694750016624,1.8831413240218622e-19,0.22677146905844464,0.16350994674946856,2.096712182550293,0.16001422970529208,0.1175206045630546,2.890774943623364e-12,-0.07636149948054607,-2.2089772131373517,1.4611944520278158e-66,0.028389359984396317,-0.048974930284630444,3.8658532321398625e-38,0.15869358197157454,0.1902378191195144,9.349918939109108e-16,0.1242658938967229,0.1850739754880201,1.6712595378800146e-19,0.5360441646387242,0.3322342849566875,4.201860180725094e-12,0.14315800749895638,0.2788512952157309,9.984886573385706e-20
57,1.3599061256770295,0.42073778077328444,9.612624039863838e-12,-0.036717881913941826,-3.694636210339712,8.73454131454263e-37,0.13375349203189424,-0.8487435975273219,1.4799460124784678,0.17155749378719565,-1.1601942459520924,3.232375769755807e-14,2.347655087635879,0.6036005011421753,0.6078166547633828,-0.04877454056781262,-4.034764100997602,1.2029760695400151e-33,0.17064942677545253,-0.9906434753151295,1.739529205238214e-31,0.08081544135934006,-1.4806698967223597,2.7984257946759977e-28,0.1281882479665892,0.32799155047254996,1.7393910535267678,0.17647347676134179,-0.7954197776907023,7.256470342193859e-20,0.05929003091665902,-1.1577062697810958,2.722054783256582e-28,0.03416516874851824,-1.4689909350599752,1.3357528639814193e-30,0.5716778445865646,0.2506032680558445,3.468917755391791,0.36493672339380934,0.08849796417220968,2.1835969921989826,-0.047365378833476066,-2.9531003546487775,2.5393799154159706e-35,0.13824688254590645,-0.5906568637213384,1.0168142462043124e-22,0.11702963128616281,-0.7025369126068877,8.116991242232983e-24,0.11138608822384836,-0.9489695770162005,5.629163617151193e-24,0.4022311355932514,-0.1932553773029998,1.5348554188869559,0.06338468315115378,-1.1386183063684192,2.091504351462978e-28,0.1673801746859785,0.42073778077328444,2.9344358306463985e-15,-0.1359464124244145,-3.694636210339712,2.215381945454801e-75,-0.0022699605902396225,-0.8487435975273219,7.434189666254802e-20,-0.04669994418559452,-1.1601942459520924,2.10938974844091e-40,0.4419942285853907,0.6036005011421753,4.119720183046875,-0.12245209448128855,-4.034764100997602,1.653188044523151e-69,-0.06282890377780077,-0.9906434753151295,2.3715908146063993e-63,-0.06976644350372466,-1.4806698967223597,7.731513474956116e-58,0.16686377861311452,0.32799155047254996,2.5455275533502477,-0.05134146627105374,-0.7954197776907023,3.1287604589565373e-50,-0.06499719406174713,-1.1577062697810958,1.0129293343181881e-58,-0.06909021896835772,-1.4689909350599752,5.82431903682439e-61,0.16247988775171235,0.2506032680558445,5.037978509824218e-19,0.1590297707502538,0.08849796417220968,2.172514510448204,-0.14041395894638833,-2.9531003546487775,1.46243742123195e-72,-0.01968333320301395,-0.5906568637213384,2.348635454181645e-48,-0.004390169714553582,-0.7025369126068877,1.546352000770477e-46,-0.016994991701934165,-0.9489695770162005,4.5108823535501366e-49,0.15508036299388686,-0.1932553773029998,0.2464024730828539,-0.017445752414861723,-1.1386183063684192,1.4550327801387165e-54
58,0.15394697663464968,-0.11672057297819691,0.6393743939905332,0.24338439303671278,0.23228312354770903,2.397993752203039,0.16958376113103046,0.347184783374139,8.106915035019342e-14,-0.01702717275282689,-0.31106821686053626,5.926742699158414e-25,-0.0617390603468613,-0.8898718708836354,5.379578528506244e-30,0.17229890370833403,0.278753935038706,2.1662498909265815,0.29318522942316316,0.5354121143167037,5.154366155370526,0.16207276407647836,-0.021117119456295273,8.527789914935061e-11,0.21651603182067253,0.4763901011091279,3.09294679383372e-08,0.18018411361279016,0.5279020046722108,8.236575438593032e-11,0.5213023776027832,0.3179046291936076,1.5579946058119232,0.2893698647819681,0.282062385339006,0.0023393406399221848,0.014680714234248743,-1.1557292591023502,8.518921958814383e-27,0.15305718416890268,-0.03261922035356762,7.556957992782925e-20,0.3304190744350932,0.31183139906080376,4.213764846474742,0.041014346221661654,-1.0419152912938026,9.957293633360904e-22,0.10399598134208246,-0.28188233113150857,7.196107321000822e-18,0.14406554806044367,0.10951783845621593,8.700157329699966e-16,0.1478139078458969,-0.04995343925500588,0.11949853752437703,0.6755711580144385,0.35047493161350995,1.0099455832673243,0.17301578147412222,-0.11672057297819691,0.6199506970965654,0.23649103273709154,0.23228312354770903,2.462932555096683,0.16664488446106057,0.347184783374139,2.7235627194474576e-27,-0.023430187601882424,-0.31106821686053626,3.886882042550111e-48,-0.06364145144028599,-0.8898718708836354,2.6103540070343764e-57,0.1661309827199156,0.278753935038706,1.7347041231194518,0.2900810731691349,0.5354121143167037,5.092616746049941,0.15501448060694517,-0.021117119456295273,9.72586644131126e-21,0.2119810128549522,0.4763901011091279,5.983798572778556e-16,0.17559722565284017,0.5279020046722108,1.784352024140602e-20,0.1697776235742247,0.3179046291936076,1.4096198616410958e-10,0.16338438417157766,0.282062385339006,3.5562641939709745e-05,-0.0638644204262977,-1.1557292591023502,4.739047644300349e-54,0.029844199753242498,-0.03261922035356762,1.677865248865778e-38,0.18132455541427228,0.31183139906080376,0.491089193004828,-0.04661543547892377,-1.0419152912938026,1.8041736056587476e-47,0.018362989097179414,-0.28188233113150857,1.6977990193389815e-37,0.07919897428560119,0.10951783845621593,5.382092001426857e-27,0.15172506831796154,-0.04995343925500588,0.0014038648856477725,0.14536466885585622,0.35047493161350995,1.429086937329468e-12
59,0.16112322855646705,0.10202786457848541,0.17746322679633694,0.6599566665556218,0.41550922319339245,2.6228539308544288,0.06575216411984228,-0.04723016942263893,4.370763102286363e-19,0.29269554955791177,0.13997379714699368,2.2332523754707556,0.1776711970874917,0.4820035761562392,1.110059666093648,0.11387506472858727,-0.24098606219497104,2.334180615138804e-16,-0.05345512172814218,-1.1162272769006878,1.612323268171671e-33,0.18674735610321772,-0.02635204825825573,9.595810852837477e-08,0.16294198828117681,0.49020133292082213,0.1456250727943957,0.030408424606240353,-0.571061322519013,2.026245625068395e-24,0.16652286839637714,0.20156468083619097,2.9965660812493757e-07,0.16473417936871462,0.32241714273025945,5.115112153045227e-13,-0.04345057960184148,-0.5658032651725625,2.3800692639352358e-29,0.3096508748784066,0.5211206950219294,5.917176201230102,0.1661435788546347,0.3559748391537327,4.214877034390603e-12,-0.11832803217846595,-2.731816247206045,2.018864387767408e-34,0.2700615874760346,0.4916498204114392,8.703493421707934e-07,0.23016899601337415,0.3301874424118157,2.7649783909314656,0.039553253086699325,-0.3263042173377587,2.980601616963778e-17,0.1671472525191737,0.1658519436786138,1.3977870901287883,0.14654810048006306,0.10202786457848541,1.8237732995424293e-09,0.21408141088221458,0.41550922319339245,1.555308457407394e-09,0.07679794037558883,-0.04723016942263893,1.5617240187834372e-37,0.2495465395699914,0.13997379714699368,0.998320809299772,0.3077261159011494,0.4820035761562392,0.3388373608001533,0.09285867393531708,-0.24098606219497104,1.2907884887701919e-32,-0.07408769493910236,-1.1162272769006878,2.5013198373069672e-64,0.15428514468786184,-0.02635204825825573,9.965915540468153e-17,0.3466294931086522,0.49020133292082213,2.208437865768148,-0.007641042103091286,-0.571061322519013,4.1884752678389796e-49,0.13263061000215273,0.20156468083619097,5.142972142304852e-23,0.16687216776065084,0.32241714273025945,1.0163512745413609e-26,-0.03763622237565928,-0.5658032651725625,9.674041671728589e-57,0.31604156661067595,0.5211206950219294,5.254848384639179,0.16128677028916918,0.3559748391537327,4.571476406024608e-22,-0.12188333755946007,-2.731816247206045,8.749326485262173e-68,0.2846453298886436,0.4916498204114392,4.803299633133853e-11,0.1993365958757625,0.3301874424118157,1.6533157669922307e-09,0.047986864490868864,-0.3263042173377587,1.160020043365564e-34,0.19754826413650164,0.1658519436786138,1.4017269204115486
60,0.44461518390057964,0.524187946022682,4.483657987968472,0.017497791466174653,-0.5264854562605803,1.2564858027720058e-27,-0.1055568338792774,-2.252567439093125,7.475674363009278e-36,-0.13536577338901853,-3.4364713282702755,4.6346054024506666e-38,0.11755671656865227,-0.2922999858334021,1.6687347501635336e-07,0.00912591075163062,-0.7489517166809426,1.293317678641893e-19,0.5493473011709491,0.49261755057255024,2.1159239461455957e-11,0.1660337158253214,0.40739015228476155,1.3572721321063647e-12,0.1552962226707485,0.03578069327728108,0.0011037499458305864,0.16620748052159945,0.26238888050176234,3.8099264567702473,-0.03990482396189565,-1.119879944888408,2.250167679676771e-31,0.14075128171880016,0.2445057697673871,2.0602377082275867,0.1610544665074749,0.3433193670357147,4.669877583956347e-08,0.1756022420671228,0.2794153671633313,1.6855059878620238,-0.07138683694601516,-1.3790157816005304,1.2149366268222979e-32,-0.13462718317960343,-2.3592928976625127,6.739537739271549e-37,0.551452908214138,0.46787877996742566,1.6804477064642354,-0.1225201495540191,-3.666249256500329,1.9285449666143374e-39,0.16022296623709836,0.21612038586334023,0.09232954077432781,0.2889795251076825,0.4089612720134029,3.3584165813898936,0.4126538816491401,0.524187946022682,4.0019437505250695,0.02827003233652836,-0.5264854562605803,1.106840367259489e-55,-0.11392961772026061,-2.252567439093125,1.3682995092134495e-71,-0.14306306429688836,-3.4364713282702755,2.833593288500139e-75,0.060113422441545494,-0.2922999858334021,4.786731898421056e-29,-0.016724361590999395,-0.7489517166809426,1.4869683136302172e-47,0.5222122647783444,0.49261755057255024,1.165508948927991e-13,0.12048395820461089,0.40739015228476155,1.0440873828035141e-27,0.15399503335969245,0.03578069327728108,1.7700183088372808e-19,0.16138369283993992,0.26238888050176234,3.576375847933157e-13,-0.03816104160662284,-1.119879944888408,1.1375357875700363e-62,0.16586053973748932,0.2445057697673871,1.522180802122631,0.16200403670627725,0.3433193670357147,7.644570298275151e-23,0.3529331256966303,0.2794153671633313,0.8131943192189287,-0.04771607694899356,-1.3790157816005304,2.1935813137256143e-64,-0.11078198065557532,-2.3592928976625127,1.8451395932351402e-71,0.3069078089312163,0.46787877996742566,3.272221892740824,-0.1324235341147676,-3.666249256500329,3.051261500726554e-76,0.17993849333503498,0.21612038586334023,0.0019892582957940644,0.28237328777198106,0.4089612720134029,7.932526290927245e-12
61,0.12501610785826597,-0.034405905603588666,3.776696019559563e-18,0.09013795895843248,-0.8851130150611297,9.77459511449858e-31,-0.11829137467891332,-2.8302026826013535,1.1973585162635937e-39,0.1330449695254281,-0.5315787875365725,2.655361788334153e-26,0.16025899038105976,0.37886555680307843,1.3698505947159369e-14,0.16279129921442453,0.3084902808572338,2.5198222779428523,0.5007992241846597,0.5264224073576884,3.492665647468984,0.16429726873938413,0.18912532969100915,1.933355827608663,1.0544367010053077,0.4206604401580383,0.026203720852459114,-0.07017194168058276,-1.3088519880627816,1.0185057611268554e-32,0.15580712407416658,0.17461559504211577,2.431462091099016e-09,0.031570059364263874,-1.6462739275816103,1.4325372356006365e-35,1.3142252639228618,0.5315120252604345,1.0212800759212344,0.0520257008538184,-1.359871896352972,4.713807035040586e-35,0.21945920517744144,0.30085427892245087,0.03299223258109733,0.007881115577757017,-1.622132656163943,4.672705935887602e-35,0.9962837564714382,0.4551097027210096,0.5580925674884185,0.61350980143861,0.4345936680814065,1.953866567741474,-0.04958816737371498,-3.5365882878215262,1.5835080026056283e-40,0.13256466471212508,-0.6164238607432277,6.607811304873646e-26,0.01738372197059891,-0.034405905603588666,2.411276940794006e-41,-0.08424689975442345,-0.8851130150611297,7.432299980857844e-61,-0.13830212095930022,-2.8302026826013535,1.2764699595207582e-71,-0.05257639503159438,-0.5315787875365725,3.541020087783007e-53,0.17366517578274626,0.37886555680307843,1.2009257300803437e-26,0.16724371306707322,0.3084902808572338,1.8350833316042367e-09,0.3169170938680639,0.5264224073576884,2.4708911752478935,0.12647085541679404,0.18912532969100915,0.0002483832865758119,0.1717684149668814,0.4206604401580383,2.6172101444730906e-07,-0.09821792136862213,-1.3088519880627816,2.546708047427486e-63,0.11285393296804835,0.17461559504211577,2.980743611497108e-15,-0.11950152890423071,-1.6462739275816103,2.0122016232615947e-67,0.27370185169200256,0.5315120252604345,4.479299809371115,-0.10957229915956997,-1.359871896352972,1.23478880885347e-66,0.16915524066188237,0.30085427892245087,1.7111305461590174,-0.12194883008070925,-1.622132656163943,9.670993412217441e-67,0.1762269538355024,0.4551097027210096,4.073939553801568e-08,0.2577138653464861,0.4345936680814065,2.2213140049668243,-0.1540878473863899,-3.5365882878215262,3.9466704793133317e-72,-0.06075792221321648,-0.6164238607432277,3.418643721624775e-54
62,0.169669840609804,0.14774614422582621,1.937625028145913e-23,0.27084123301221785,0.44879468074551954,2.464199851467415,0.16830463458412967,0.11747279784472742,1.5183712136130492,0.8291391894833946,0.513534650694034,1.3790510881249743e-09,0.1559638129104673,-0.019475268126690447,2.4292575525666277e-19,0.16688780252884228,0.2870911364739779,1.423064462555866e-13,0.49452508289900987,0.5322010433282611,2.253828699429403,-0.04390583625500605,-1.1972651864549302,1.1831299595235956e-35,0.7723622120967355,0.5278349228736532,1.907007146210062,0.15669486842596142,0.15104281815877427,1.4065186066356856e-20,0.16641972077727987,0.3677934709317202,1.761312859275735e-05,1.2281286517811136,0.5174074659821161,1.4352103710369222,0.15381553031982728,-0.0760478028353218,0.01763485036474936,0.11983756065973483,-0.15211743808759592,1.091082756131667e-05,0.1367130302048347,-0.27403319975373597,5.527944757552302e-17,0.007991258444317167,-0.6836034776833292,1.434646376954617e-28,-0.053140940241483844,-1.4990577149902096,7.53797641421517e-33,0.3232876463310777,0.44580106145612597,3.603933498270383,0.6924863473168823,0.3549737299929572,8.73288475618228e-14,0.07669193358629024,-0.8960323598451863,8.333059104810335e-28,0.16637389129721555,0.14774614422582621,5.815263871619301e-45,0.1753512086228156,0.44879468074551954,2.1495607930472658,0.19512299057007632,0.11747279784472742,1.5666482521462606,0.7449144545164537,0.513534650694034,4.300240541883911e-16,0.15468097161306327,-0.019475268126690447,2.46585447917866e-39,0.09313523146789673,0.2870911364739779,4.8617232089601264e-26,0.48974687709643994,0.5322010433282611,2.22194448410906,-0.05248038763679745,-1.1972651864549302,2.3719069148965987e-69,0.7125679735845645,0.5278349228736532,2.3446002947615963,0.15541506363142057,0.15104281815877427,6.603507486442156e-40,0.0797419087342964,0.3677934709317202,5.185092642628622e-12,0.7569242565442391,0.5174074659821161,0.004775871488001835,0.15271028587560875,-0.0760478028353218,8.345599734696432e-12,0.13474473535880901,-0.15211743808759592,8.261465610793482e-19,0.0462923260643176,-0.27403319975373597,3.408253069960061e-41,-0.06754041603836039,-0.6836034776833292,9.67019453397758e-58,-0.07854636654563632,-1.4990577149902096,1.7817603697431795e-64,0.1660746530611384,0.44580106145612597,6.213679259381387e-05,0.4245486567214395,0.3549737299929572,3.029170804968439e-30,-0.013758226025628123,-0.8960323598451863,8.003681644101551e-62
63,-0.05827769834572419,-0.9692780249656918,3.610956550359834e-34,-0.0881460945777595,-0.9299455056631108,5.49534834048493e-33,0.1620284319574768,0.340344503329985,2.2447774502556843,-0.0180419043801108,-0.9272021302230586,1.3590144122780325e-32,0.16590395583259085,0.4297103321292623,2.0959198957984957,-0.07525834189380001,-0.2781781282812824,2.0336875324446545e-30,0.12782353271636712,0.5051769402510519,1.8155274569559498e-07,0.6145120649675592,0.37017718701148755,1.0077158965641535,0.17255379859415393,0.6014606816225612,4.206609786784979,-0.028785312111373015,-0.9057616193621666,1.1280188552187376e-33,0.04767492762717904,-0.3584082624854165,9.03606111936638e-31,-0.09079419528000247,-1.516402613573313,5.732113889053616e-37,-0.06878376307652531,-1.589653126525341,1.918207931187648e-37,0.28656905948864714,0.49308936202902076,3.495710626127354,0.16915370641529567,0.3322360646231795,3.440333848010431e-07,0.1622589188384476,0.3437219695378622,2.695563444187488e-12,0.564898303306581,0.5550751956585797,2.1501836233398994,-0.03875740013996394,-0.6954460560467308,1.191915303946334e-30,0.16352151820752098,0.3021044912199006,8.244161907480736e-12,0.3764267685034554,0.4323222103316956,2.646562769153129,-0.0805217780527064,-0.9692780249656918,6.656588523036395e-67,-0.07076181770633494,-0.9299455056631108,2.1277284981262135e-66,0.1651081359056201,0.340344503329985,2.2827305606136967e-07,-0.0928958184995098,-0.9272021302230586,1.4490271653159388e-64,0.17263643630296482,0.4297103321292623,0.8673507720946608,-0.0329014422269244,-0.2781781282812824,1.4729004110105736e-54,0.5160046198162936,0.5051769402510519,2.0893137645452396e-20,0.13322369121535288,0.37017718701148755,0.0004103189798296761,0.6430307066966032,0.6014606816225612,2.377126564419222,-0.04959150525563649,-0.9057616193621666,5.773699681772558e-69,0.005570285022413607,-0.3584082624854165,9.923864334606757e-61,-0.106941182291974,-1.516402613573313,3.1919212651783433e-72,-0.10596312170471864,-1.589653126525341,1.1399695740576967e-73,0.24717302927652876,0.49308936202902076,3.021177105200227,0.16921478007948987,0.3322360646231795,1.0871869238377927e-15,0.1731342654835775,0.3437219695378622,4.329776777670394e-23,0.5540031239846329,0.5550751956585797,8.478598859579287e-06,-0.08157530161706825,-0.6954460560467308,4.102669390866436e-60,0.11263380831580935,0.3021044912199006,8.898286882725034e-21,0.2209583317020792,0.4323222103316956,2.623097268095134
64,0.16985249209691283,0.548194179058506,5.050630169850751,-0.14637548870511793,-1.3479071507570768,7.627046052415436e-11,0.1632268388714715,0.6314131230641211,0.011262906701512598,-0.16167403247067702,-2.1433528604974588,1.7281644374267584e-08,0.14867265305552965,0.6299939535953554,0.0005558359452229398,0.18429632784128328,0.6666739876773226,7.2329529124194005,0.09783682252890719,0.5004469105197521,5.646277412479349e-09,-0.16588730719653896,-2.48577648794135,7.148872757742996e-08,-0.16969971413071874,-2.792876797678839,2.830133574955407e-07,-0.1191883189623421,-0.5911620342366396,5.1992696470204485e-15,0.18642588711264554,0.24606325383579172,3.5101823804421306e-08,1.0134287598010552,0.403422459006572,0.7483742320789093,-0.05133043426623227,-2.283793624283486,8.182088116340276e-35,0.13293256499573747,0.2665255343687612,0.00218664078176704,0.13193717113034656,-0.7888436710985416,2.561788881128975e-25,0.1330533048915264,-0.7160484484410473,1.0607674751864732e-21,0.061461959514616485,-1.2180659895925268,3.539693278743645e-15,-0.039726912076284635,-2.3707487405895433,8.508896869668326e-40,0.03239888214509622,-1.7313683681847618,3.6768239099867434e-28,1.6776209946749168,0.5481595351044009,1.2322396446344144,0.18037810451387523,0.548194179058506,5.015399745498561,-0.14298803595628884,-1.3479071507570768,6.694878913336186e-26,0.1846394509136565,0.6314131230641211,9.949825912692791e-05,-0.1575244522249669,-2.1433528604974588,1.2591800999551217e-20,0.18256468456465405,0.6299939535953554,4.0967245948149386e-08,0.2217979330545359,0.6666739876773226,7.125541485391042,0.10325216068281545,0.5004469105197521,2.3528151119503422e-17,-0.16179611066117663,-2.48577648794135,3.553552429348308e-19,-0.16619486465820882,-2.792876797678839,7.85685155442909e-18,-0.10854302330788779,-0.5911620342366396,1.829767871433302e-34,0.04829613874049392,0.24606325383579172,4.678691450922232e-25,0.0784023371143513,0.403422459006572,1.5910837155551957e-12,-0.1582902381864712,-2.283793624283486,3.636843612261974e-47,0.050963131842040654,0.2665255343687612,3.6197852764061006e-20,-0.1259328242998527,-0.7888436710985416,7.470715208287955e-43,-0.12149060543906054,-0.7160484484410473,7.278393693738595e-40,-0.14192528757320177,-1.2180659895925268,9.577764200339361e-30,-0.1603878771818204,-2.3707487405895433,1.024896623794005e-51,-0.15485349121078607,-1.7313683681847618,3.6274797966255517e-41,0.10129301398503834,0.5481595351044009,6.307016037341072e-11
65,0.1543359961629651,-0.0769753821746979,1.1621329638989844e-18,0.06671403840653915,-0.22348973762705646,8.513774129113909e-25,0.21544208657439257,0.1876415627278183,2.0113819304402907,0.16268833144762368,0.18473860101188438,2.980809033018673e-16,0.1627673566087936,0.15479701072479216,0.0008517015313571887,0.3721801569136408,0.33760234747204826,2.04755580408079,0.35721240510125857,0.48696428797300445,3.187572678918528,0.17280722418076022,0.449470626957264,0.20746678513286992,0.16725255374844555,0.1636661642214191,6.964794963983701e-18,0.4269231981458438,0.5165983232412039,1.6610996514898486,0.18772201362527707,0.3067453018337461,3.24729288022995,-0.008495358272279971,-1.4144010086276593,5.4240803057627474e-27,0.0030013948693942832,-1.6236384612171202,1.7198724138839968e-20,0.34633344278229933,0.28023328538628883,3.2395765422551794,0.16617036845704325,0.3856240967195438,0.09993531529560523,0.11076442755205299,-0.23237034771570392,6.227367406794652e-08,0.34312204384642875,0.17031992539990104,1.9989044607405606,0.0402162981169657,-0.6966123195792412,7.440024605912312e-23,0.1589806734269348,-0.016408847214598468,3.0683284227692925e-16,0.14442943508778006,-0.35144184015122176,8.072207212041124e-10,0.13438841678860974,-0.0769753821746979,4.856751534169176e-35,0.05733499977685236,-0.22348973762705646,1.9531331797929994e-48,0.1632101610103127,0.1876415627278183,6.41779234658098e-10,0.1617809431450432,0.18473860101188438,6.230510038946627e-32,0.11594382131683792,0.15479701072479216,1.3928248009787665e-16,0.33533860608989396,0.33760234747204826,0.885366838323853,0.36862536803974355,0.48696428797300445,3.082394027000989,0.17316089509090998,0.449470626957264,0.25952951134830005,0.15532515863068386,0.1636661642214191,8.007853919416029e-35,0.41750397222896113,0.5165983232412039,1.8905957714358936,0.22533961528429713,0.3067453018337461,0.056962755189045235,-0.06400368342119617,-1.4144010086276593,3.673721330520646e-60,-0.08586050416302077,-1.6236384612171202,1.30524021692786e-54,0.3364560788828246,0.28023328538628883,1.2072751608516303,0.2462396305098095,0.3856240967195438,2.0276759398684328,0.029486758200776245,-0.23237034771570392,3.110856594304755e-30,0.16588691437298206,0.17031992539990104,1.67006926718665e-16,0.003949506208281869,-0.6966123195792412,9.197825280742086e-51,0.15258772646239885,-0.016408847214598468,1.130960601287596e-29,0.01951294143091127,-0.35144184015122176,2.9703246685413835e-36
66,-0.10044138258431598,-2.9092936697796605,3.934644116379168e-34,0.17040937125478167,0.31780433539337977,2.445482451186529e-20,0.3585583819058192,0.5102622904651894,3.009588580334227,0.25699172998080055,0.4265347831549224,4.9862078754478665,0.14781167415034052,-0.23747584437576433,0.5047680468423457,0.16803419493931002,0.3763694489407035,4.254252502035814e-06,0.018772382157730874,-0.6629542349771026,1.5834663900151413e-17,0.1528832829820346,-0.11758312415498327,0.9351890604586568,0.1887682345913891,0.2452997022336108,1.8503451481532217e-12,-0.06936439825946403,-0.9628749857022163,2.1160565378346575e-32,0.026910625565060353,-1.2384638548654752,2.1385583858838068e-25,0.1256947561967045,-0.5771818688480141,3.073332094537307e-17,0.15760248550235398,0.18017317759608034,0.8395918859208804,0.9868812658823989,0.4736783141204546,2.3140434927381865,1.03144057688296,0.4225216116951381,6.000873135147542e-37,-0.02924596660857051,-2.3740378984043553,1.2899178277640942e-38,0.13937837200158548,-0.35363846987636083,6.313165301349922e-19,0.05288971964410699,-1.1310386369447547,3.180708801531514e-29,0.3251787087810218,-0.0830263063527722,1.3294769156807544,0.14768678435641666,-0.2563853574361954,1.1320348908473373e-07,-0.10275411939367246,-2.9092936697796605,1.820295551336891e-68,0.16701273319768026,0.31780433539337977,2.1243341246267926e-36,0.3528992244962377,0.5102622904651894,2.6044536649232835,0.24218941454370368,0.4265347831549224,0.016952964944636727,0.1442439278774347,-0.23747584437576433,0.5055204914529116,0.15678126586860575,0.3763694489407035,2.9626680276392476e-14,0.01551898718161808,-0.6629542349771026,1.5476025217485614e-38,0.14748366210279407,-0.11758312415498327,5.5730504221931214e-14,0.1843403362839285,0.2452997022336108,1.946820052023176e-23,-0.07131261593921173,-0.9628749857022163,9.781756145927337e-64,-0.04071082022992309,-1.2384638548654752,2.886529442983882e-52,0.013447732129913653,-0.5771818688480141,2.2215702887311807e-37,0.34929746516776905,0.18017317759608034,1.0681793318441684,0.4036322203758481,0.4736783141204546,4.0950362251761385,0.1730330918564299,0.4225216116951381,8.97873388713422e-43,-0.11606922630650582,-2.3740378984043553,2.2797540497767766e-73,0.040848262908158545,-0.35363846987636083,5.239534035215353e-41,-0.0722142534467444,-1.1310386369447547,5.680466208753948e-62,0.027140919786856496,-0.0830263063527722,3.73442766856231e-25,0.11283017760700634,-0.2563853574361954,4.041028292402731e-24
67,-0.01437621393632281,-1.3150000670426258,5.6187987515278715e-25,-0.019804857220321798,-2.0470927099435863,7.597326079528857e-22,0.31862144207585974,0.35656136876474415,3.260843764661637,-0.03624666823010144,-1.8156725639227547,1.1624766565629419e-26,0.009600470328736899,-1.013994321148918,5.830567276916443e-20,0.15628444978988795,0.3879083880647622,3.4695119138820734,-0.025132736249465645,-1.4860643742606563,3.1896458448501813e-22,0.15110157376540262,0.30186176785856034,4.4523667999892057e-07,0.14790298499607357,-0.15017859447174428,1.6559977531513717,0.002285869733889362,-1.4658798122993768,1.7607408939657167e-19,-0.08870556600639386,-2.5868554898760605,2.5475218491838487e-36,0.16178583266882723,0.44445677903106406,1.90998034634278,0.10790000433123786,-0.9264106512474506,0.02321459653609608,0.14377719957537452,-0.5034805163938267,0.0918261252332731,0.11358349737030063,0.2575580732532247,3.054462422445129,0.0012939327913937815,0.15665909109081616,3.734081945850074e-16,0.0028790149372420054,-1.6426406932883868,3.846732933780362e-21,0.1459796190785109,0.3277574877019955,0.04368941678346016,0.5509395838965678,0.226375572662073,2.1562070726328884,-0.053117092278420694,-0.535463819568039,9.35544544604641e-30,-0.039821968723127876,-1.3150000670426258,1.2872469436721209e-49,-0.0781988317990718,-2.0470927099435863,3.7994026278662575e-50,0.2863063362108211,0.35656136876474415,2.3903323496947975,-0.072318083323798,-1.8156725639227547,9.879436604237003e-55,-0.020516506555317587,-1.013994321148918,5.787402379341274e-45,0.24549250922204194,0.3879083880647622,3.159531053710806,-0.07662669244045309,-1.4860643742606563,7.707987494881323e-51,0.1675056980515581,0.30186176785856034,4.843933452627738e-17,0.14879357352730896,-0.15017859447174428,1.5895472693758685e-13,-0.054980535103854124,-1.4658798122993768,1.686400244148481e-46,-0.1110009905908321,-2.5868554898760605,4.018881082909984e-67,0.2705351495527831,0.44445677903106406,3.08590400131005,0.009034863029005191,-0.9264106512474506,1.0271060307756423e-20,0.056935533821322826,-0.5034805163938267,7.8686240858781e-15,0.15780752134905643,0.2575580732532247,3.634072162394346e-06,0.08184973309498045,0.15665909109081616,4.751188028010662e-33,-0.045438877426011715,-1.6426406932883868,1.074571219924194e-45,0.1972021211511932,0.3277574877019955,4.626614035079976e-07,0.30579947383809114,0.226375572662073,1.2721142249533262,-0.009211740192217183,-0.535463819568039,3.227015581411895e-53
68,0.15172766475749397,-0.043056269467349036,3.489191844738602e-19,0.1680878596821898,0.2021758723403509,4.696612610009947e-17,-0.012276416282402919,-0.5309521217704667,4.4943360475615406e-30,0.1730504797521601,0.31956652563788635,1.0119333235893808e-18,0.17587785528035557,0.45328307037766064,1.926542480524859,0.43290989573876837,0.5906606887672943,2.336786331902005,0.36172676667821474,0.49253299591445987,3.6922181124269544,0.13579137200721572,-0.08326534039573762,1.9365031563287782e-21,0.406453943672887,0.32076172453045493,1.6744153146190568,-0.08106414062157788,-1.4035096277291559,4.00216462953366e-36,0.16165556155598554,0.25687132193585616,1.6246280678957685,0.16255284724931787,0.27968110791512774,2.113490088307019,0.0349666195561458,-0.10619273409994316,1.0056259009372185e-17,0.10255268664025402,0.14955145084749322,1.9032296462636402e-08,0.6408862571038016,0.3681766721492826,1.4912591088576646,-0.11160845248476534,-2.4897693131584897,8.775727800139344e-37,0.15842000919177018,0.31792828803476725,2.979596320271695,0.0006791924500837709,-0.2768209758372142,5.8322632881058415e-24,0.16773060531814454,0.20972663772041092,0.2293289185192885,0.16581629844548396,0.37259264928963914,0.1461420166504379,0.030971322690190192,-0.043056269467349036,3.8653913636523585e-38,0.19479276131254117,0.2021758723403509,7.663534127617848e-34,-0.031645870364891276,-0.5309521217704667,4.782151301220622e-58,0.21410924864224895,0.31956652563788635,9.132820821445009e-36,0.30181671595818393,0.45328307037766064,1.9515049822491302,0.5012246739921198,0.5906606887672943,2.1588100660207017,0.4474994055550456,0.49253299591445987,2.26507683792473,0.01718556133931186,-0.08326534039573762,8.829205089657533e-42,0.1713689183782082,0.32076172453045493,0.0025748063411148783,-0.09992845194747413,-1.4035096277291559,5.5180709028742254e-70,0.16560516290273636,0.25687132193585616,2.147770539865461e-19,0.17005344578384451,0.27968110791512774,7.360588296520207e-13,0.03296400213345632,-0.10619273409994316,9.888424214529763e-41,0.10692947043627304,0.14955145084749322,1.157514712581137e-25,0.16508887703459899,0.3681766721492826,0.008193417906490573,-0.125885912821179,-2.4897693131584897,8.37149961126944e-74,0.18774625143047974,0.31792828803476725,0.0006678635655982213,-0.011480942758525445,-0.2768209758372142,1.5350205258262607e-47,0.15407471148680607,0.20972663772041092,4.591684114609413e-16,0.1914662936529673,0.37259264928963914,2.2648869436283356
69,0.16595448874684657,0.5872119417967508,2.0656026888700763,0.17480432960207584,0.5972544505867322,0.06830106001302162,0.16539241244539662,0.463500316280372,2.238458213801375,-0.08049368834351137,-1.1166859768877546,4.845230629172517e-37,0.1479594467565203,0.07160243347920649,1.3868806326503065e-22,0.5841966385893234,0.5127631596048802,1.2390582389999611,-0.06666619089092657,-0.5444249909883836,2.3287778111482017e-33,-0.04740747781628174,-0.40194919678506746,9.516080509638241e-32,0.2866705208247824,0.15481808250085785,1.1142021981998037e-19,0.176984980117653,0.5986635345885117,4.732930212162978,0.13792307926204422,-0.481868303233625,3.0827277778265064e-06,-0.007150399361712731,-1.287070251529239,3.3631162241940093e-25,0.21536000313564235,0.19070614837661642,4.3977714242690014e-08,0.3396723272693076,0.29529667815834254,3.1698041657488956,-0.06807972634979068,-2.904333310128516,3.987559883871037e-30,0.3140407830760887,0.39234879739371703,4.632827998229167,0.10954262734499018,0.18382047257914877,2.7857194315536116e-23,0.1557973960782635,0.0423033274404284,2.924936883866866e-16,0.1570795394558565,0.1567391850867769,2.354667114991217e-16,0.07802477840206673,-0.6588060228827736,7.178236506595669e-13,1.4962446589253497,0.5872119417967508,0.38318859576826814,1.4801532610523025,0.5972544505867322,0.0839597723066896,0.32237787101673826,0.463500316280372,2.431441761825468,0.015198053887820723,-1.1166859768877546,4.160884896264492e-72,0.14555914702692146,0.07160243347920649,1.7608589983119954e-43,0.3539445232416393,0.5127631596048802,2.249796477567464,0.07872640187813464,-0.5444249909883836,9.809900956504213e-65,0.1112583147622968,-0.40194919678506746,1.1641356028624492e-61,0.09014212753634845,0.15481808250085785,1.5980154161991098e-37,1.4682833525716017,0.5986635345885117,1.1316321684220088,0.09856603900328077,-0.481868303233625,3.3843630929101114e-37,-0.032641224232334856,-1.287070251529239,3.4775786740028303e-60,0.15080053562641013,0.19070614837661642,2.872590329415838e-22,0.25457908026652887,0.29529667815834254,4.048242208389084e-13,-0.08206912494597869,-2.904333310128516,3.753057054088607e-69,0.23373486487624415,0.39234879739371703,0.00013075230651340633,0.0524129645010246,0.18382047257914877,3.8150408979207052e-34,0.09601831274912806,0.0423033274404284,3.4411154678450744e-37,0.09814015558568678,0.1567391850867769,1.1185920163254914e-28,0.041162428868484105,-0.6588060228827736,1.4570842170030056e-44
70,-0.07327965113542761,-2.02714688023533,1.1473047132680743e-37,0.9974749029737896,0.41381666725068217,1.2808526707254513,0.09537951828199917,-0.32044536505954024,1.8561601391418922e-26,-0.015904270653372243,-1.8047302452741372,4.4672743425994975e-40,-0.044334728285355215,-1.4404581285283768,3.177197370980676e-34,0.15424706322967197,-0.010540109577957812,1.8204125822527484e-15,0.4155091225514031,0.35846453889840046,2.3192088945751106,0.05998375457708746,-0.586381664119957,8.619613638882068e-31,0.15601016476838273,0.2890642922670152,0.6052138224020491,0.16315498476591778,0.23575667805622424,1.8448433762467533,1.0637853158278596,0.4116458693278691,1.4047604076109648,0.16751173330496308,-0.2016737544201984,2.4335936669704124,0.1531867154862927,0.2881046945368297,0.02171087778172823,0.23583392311978485,-0.028411414610309462,2.9402876851405834e-07,0.150185857032645,0.32679163480868545,2.5207253187566327,0.1046805815531069,-0.7907607959805885,1.5809992758258818e-21,0.0683533902809519,-0.7807200893072698,3.9181317191315904e-24,0.07169879967756179,-0.6459063680984143,6.505701942366948e-14,0.14505548927129372,-0.26263978634970797,6.632742054146004e-11,0.0860673040892297,0.3279033226007318,2.601624046414683e-07,-0.08856456384351458,-2.02714688023533,2.104507676844275e-72,0.723801611338506,0.41381666725068217,1.4116719672909177,0.05313780189939965,-0.32044536505954024,4.594802591596516e-50,-0.05233083219473476,-1.8047302452741372,1.4854986054553506e-74,-0.05125014557107843,-1.4404581285283768,6.580185866772861e-67,0.1640828339351069,-0.010540109577957812,1.879524231886001e-31,0.39812926259470804,0.35846453889840046,2.013915054765541,0.0418012906846838,-0.586381664119957,2.3906322608176065e-57,0.43143641344257616,0.2890642922670152,1.8243278805461902,0.04011268655576494,0.23575667805622424,6.414546278184319e-06,0.8083594160270361,0.4116458693278691,0.7281420368618126,0.10294950422991381,-0.2016737544201984,5.934468732062178e-21,0.14988474647207595,0.2881046945368297,0.0001007477281345683,0.16176365094933157,-0.028411414610309462,1.3761922258009895e-24,0.1473647850832085,0.32679163480868545,1.1359919474303288,0.04231905737815167,-0.7907607959805885,8.932835683393107e-51,0.022840965756705675,-0.7807200893072698,5.736235146857463e-53,0.02162492256754514,-0.6459063680984143,1.104528589013934e-40,0.09278173608123816,-0.26263978634970797,4.166995747511781e-33,0.10028416463402656,0.3279033226007318,2.4296320859364633e-09
71,-0.08800656984812366,-2.1696833267765037,8.415815783545053e-34,0.14730764161017143,-0.14466547278144234,0.8900813141041779,0.1594309230231744,0.09465800987631794,9.80798471478526e-14,-0.0739959849001355,-2.1191172261735383,2.531100318377237e-29,0.2726312953615182,0.3762642024269519,3.398771950462538,-0.02123342737111432,-0.8776614756487334,5.359932245491103e-22,-0.03595063859309201,-1.523096683412127,1.059300123270687e-29,0.1623640009166309,0.1228484337242207,1.1853990130929952,0.6043400190924428,0.4330829769704888,2.4404877945664847,0.17791977721410554,0.0980440895150315,1.3179562467405078e-07,0.16207705582278853,0.08512629106901466,1.7470652568494094,0.16796936495483378,0.33141673635813806,4.756218194351587e-08,0.07659956721164905,-0.2620714766310995,4.240350034015831e-13,0.12809075190560423,-0.338254052521065,1.609061046607251e-18,0.3716850104099216,0.49267100576974965,2.036323209218378,-0.053649911569898685,-1.3187175199412342,3.3816510125163136e-33,-0.08905518417147465,-2.4604633645839096,8.279130154448996e-35,-0.08258201973951057,-1.7754756253056694,9.59884405791537e-33,0.32758265713197654,0.46161083047833923,7.97197351834942e-05,0.39957776020621294,0.42493346602431076,4.444315154947019,-0.08936649092706671,-2.1696833267765037,5.706430235604036e-67,0.1490997404514734,-0.14466547278144234,1.8429544702912972e-08,0.1559101075740313,0.09465800987631794,5.660512321354492e-28,-0.06359628746038565,-2.1191172261735383,7.372767576007053e-60,0.3148786186636707,0.3762642024269519,2.4250290758425543,0.0016143978863895903,-0.8776614756487334,3.240783059529852e-47,-0.044471223923350886,-1.523096683412127,2.083182229610565e-60,0.1546195096740981,0.1228484337242207,1.731679387315424e-14,0.3212494607052001,0.4330829769704888,1.5379845249322333e-05,0.18278093420547495,0.0980440895150315,2.3637065582622958e-18,0.21457851382454846,0.08512629106901466,1.0333288266041307,0.17028785143212827,0.33141673635813806,1.8841091659068158e-25,0.07543714445778665,-0.2620714766310995,1.4049094261066327e-30,0.08902304496356322,-0.338254052521065,1.3013857287195273e-35,0.40009825433059554,0.49267100576974965,1.884880059058598,-0.055590643863908676,-1.3187175199412342,4.368995252361197e-63,-0.1105252007080934,-2.4604633645839096,2.489200001258574e-70,-0.09208839197062511,-1.7754756253056694,3.293215973681724e-66,0.3308189980761079,0.46161083047833923,3.4909253318955605e-10,0.3738773727242178,0.42493346602431076,4.365543425734689
72,0.0074521412902832235,-1.4280324322060556,5.826053961084154e-33,1.1565275682673455,0.5185923918177239,1.7012077640045193,0.014973363368882414,-1.83177682538234,1.8243901101960535e-29,0.1282795296814388,-0.5853312252187106,5.124656974129299e-21,-0.017162233817277286,-2.1826654146983655,2.634196222696704e-31,-0.09545218584715132,-4.406747212217624,3.0787683796268906e-36,0.013748602081928296,-1.4116060792003513,8.736619925060518e-25,-0.10952546498318505,-2.4457695958198804,8.56516186742242e-38,0.14422388291127544,0.054310184892456294,1.1322599939983719e-07,0.37700247394504127,-0.08131805360180093,2.076813067495278,0.7579876799227396,0.3656056790656482,1.2141558413008964,0.1620136581488761,0.4599660699169675,0.7878102313054961,0.011161074754816397,-1.0763872593616064,1.1557350620154765e-28,0.1707833827253849,0.4723084709550206,0.1450177457258687,-0.11124336911408311,-3.5565934471476575,2.2971944997008744e-39,-0.0343309837792881,-1.1521330653070947,1.0732134433662249e-27,0.1645995849387499,0.5332011764626681,4.0842112224008975,0.15969096220285586,0.1912188502995433,1.8498493192676768e-08,0.21304243011887286,0.2132209698045917,2.1171907666471887,0.008922308618034766,-0.9025262089306221,8.401931165209893e-28,-0.04355827381489155,-1.4280324322060556,8.561510699241508e-68,0.9188128811492288,0.5185923918177239,2.2363226850015043,-0.06582604057205818,-1.83177682538234,4.0976114685862855e-64,0.06553287227850084,-0.5853312252187106,1.0288745658099708e-51,-0.08282481125928881,-2.1826654146983655,1.6666741951254978e-66,-0.12942663912726293,-4.406747212217624,2.656686216462312e-75,-0.04399941024504196,-1.4116060792003513,2.311417345802227e-58,-0.1043852943891273,-2.4457695958198804,8.081126211387313e-75,0.15384563568198234,0.054310184892456294,5.537628889227059e-27,0.1493758725028401,-0.08131805360180093,8.13321071773492e-20,0.5749786085933067,0.3656056790656482,1.8976174094025966e-19,0.4784349951963796,0.4599660699169675,2.695826920051303,0.0030152729431714292,-1.0763872593616064,1.4117142199214214e-62,0.7485079794459537,0.4723084709550206,0.00048571478104889536,-0.1166089787236579,-3.5565934471476575,1.4095495809195256e-78,-0.011313294844153707,-1.1521330653070947,3.5465233520515106e-60,0.846974572717592,0.5332011764626681,0.40411623840679256,0.15795278656241685,0.1912188502995433,8.481114561070036e-15,0.16340209139613002,0.2132209698045917,1.561802869684074,0.021973121655739836,-0.9025262089306221,7.420565772498581e-61
73,0.06352499526147262,-0.9078178659017355,3.582172862447932e-24,0.13443798185231218,0.29435042655440463,0.0001477953476886431,-0.10268621038960139,-3.950200765768412,4.2408349086325905e-36,0.38834688445596227,-0.12765207611876178,4.7832557288658215,-0.02179568734523768,0.024955987158926222,4.790648705897728e-23,-0.11032469319278904,-0.6255103901587155,8.882399892570892e-32,0.0599662137717563,-1.1625760753618664,2.212477527398706e-22,0.9688613159942638,0.42192236095637853,0.3429505493738646,0.1426682394551887,0.3171450023468545,0.001990276122462874,-0.1355379215480935,-8.602570207701204,1.3400700793499329e-39,0.23045102829692699,0.11429854167918456,2.557510348985996,0.17562631420262598,0.571359794253994,5.216934146150819e-08,-0.07698229571763479,-0.9669784441192172,3.5980917506045906e-31,0.21474166206161158,0.047999472464796425,0.017732508387049043,0.3662326503891304,0.6214884779324115,2.8538166645650254,0.15029439887053678,-0.13633416583484675,2.2616313042926226e-08,-0.1523384744060161,-5.302244317263269,4.021216503144051e-35,-0.02912042170372353,-0.8508876675438006,1.5723763600179563e-26,0.17707843775461168,0.620396505178718,4.6498620934286095,0.10340448408362615,-0.09186412134189427,2.279512316110359e-12,-0.036730980995384535,-0.9078178659017355,3.4379618760682573e-57,0.15885172013378263,0.29435042655440463,1.6086886083250271,-0.1313609442640695,-3.950200765768412,4.9983340947365155e-76,0.1053963343779708,-0.12765207611876178,2.0671105158994477e-27,0.026648955858718723,0.024955987158926222,1.6748025858350735e-33,-0.057629476125617654,-0.6255103901587155,1.7820128375112885e-54,-0.05132070213893253,-1.1625760753618664,4.071168939946149e-54,0.16277639748381054,0.42192236095637853,1.3451722809612845e-13,0.1791582276395825,0.3171450023468545,0.22217409586869308,-0.15886054953174053,-8.602570207701204,1.5976963321367067e-80,0.2801327199089484,0.11429854167918456,2.109374937675069,0.7084098334037291,0.571359794253994,0.003093114658790073,-0.004490210687444637,-0.9669784441192172,5.510261711601589e-62,0.27994240141998405,0.047999472464796425,0.0032482310294084074,0.54893945823969,0.6214884779324115,2.5302994140426374,0.14937713381642925,-0.13633416583484675,5.367099909074658e-19,-0.1418259796717173,-5.302244317263269,1.5013980922480171e-74,-0.039065387739705804,-0.8508876675438006,3.890768690946498e-54,1.1084584657669438,0.620396505178718,1.0450305933495794,0.17314633208456875,-0.09186412134189427,1.493395782458188e-26
74,0.12490138266460069,0.4337999591565146,7.465536226157657e-05,0.24522627379197745,0.2593613247807976,2.268493339757172,0.8971036778031185,0.4696094230087576,1.034480034326637,-0.07646213841191812,-1.5066024347756672,1.5118791067812475e-34,-0.021658850046571476,-0.9775641698556772,6.921908142397097e-35,0.15197305511260706,-0.011830984210522307,1.4231972335206387e-14,-0.08279729186066183,-1.5077459595205807,2.080011966530345e-34,-0.06582469863284289,-1.4472155409545924,5.324617834671759e-36,0.17454065340178346,0.4975546561620939,4.516034599046011,0.16114466970750177,0.2042503014160762,0.969575374657715,0.8656559708894653,0.419976303067832,2.2650892471203528,0.13742206273517943,-0.6267369284400585,3.2617607013112564,-0.0024635209430137056,-1.6082819016471084,8.947211677005123e-26,0.14458978671641862,-0.5498309435248364,1.0205940475347404e-07,0.05721880838113445,-1.0602258312785313,3.0187462584660346e-11,0.84726231298707,0.3672760251182683,0.11731182055087147,0.03738726714255321,-1.2979275858625532,3.512485976160149e-19,-0.08944057999885713,-3.3976857020146536,8.243561491680725e-28,0.08777239913681983,-0.9134738147884116,3.2010080058428436e-19,0.06874617313149697,-0.9003439731958227,0.0021692397108648872,0.9159168269996194,0.4337999591565146,1.7473150177196538e-10,0.3077113801325528,0.2593613247807976,2.3413499878563466,0.8218177539109697,0.4696094230087576,1.0916081264178241,-0.05800975748400366,-1.5066024347756672,4.616541663939306e-68,0.05769580553942813,-0.9775641698556772,5.7631621177353634e-67,0.1477094652103536,-0.011830984210522307,3.459924826433025e-26,-0.05223940708430153,-1.5077459595205807,1.4778651440716239e-69,-0.020893882068774322,-1.4472155409545924,2.3236477662990737e-70,1.059361324067122,0.4975546561620939,1.2110206867899276,0.1489520971682706,0.2042503014160762,1.3101917984686826e-11,0.7091154276526905,0.419976303067832,0.00022429645350430423,0.06735833726687318,-0.6267369284400585,3.1827860820992646e-25,-0.006030304294129291,-1.6082819016471084,1.4348441721617736e-60,0.10946095733616934,-0.5498309435248364,1.2246736424849394e-36,0.03170860314931784,-1.0602258312785313,5.220847962084217e-44,0.23598866771006527,0.3672760251182683,1.9446600623296477,-0.023959840582396794,-1.2979275858625532,5.341467791319542e-50,-0.09193448775368644,-3.3976857020146536,1.5917744941896564e-67,0.01439266627466182,-0.9134738147884116,3.7420473798707765e-48,0.06591006473311914,-0.9003439731958227,6.119975001673381e-36
75,0.14620393158409994,-0.12590388971625022,9.062698577485682e-11,0.2326884066773353,-0.07811538931748052,0.06583197696325253,0.17046060409592403,0.34010692994285796,2.6780150754606095e-13,0.1627834886735059,0.18047839102543256,1.9690308370135823,0.2847561631718651,0.43564517392177,4.17446278078751,0.15761668615639823,-0.06557078126468725,1.36586631894627,0.22929278737386308,-0.0988514080083056,0.04594942527660571,0.16757690053256713,0.32696414115577993,0.013108976146588104,0.19288898982725203,0.35555475268812026,2.389740354893949,0.14713263557581532,0.30699389891006706,5.209692155499879e-05,0.15291765851125447,-0.04034486045059821,4.3232601780700896e-15,0.22219384675415707,0.42306659870517405,2.2821621508511725,0.12926486901066828,-0.38139904332221725,0.3617378200115274,0.07758779068729083,-0.5024458881843136,1.855878457348547e-15,0.6751309125738529,0.3909381777342676,1.109819607246957,0.1671999292540242,0.289206472699694,1.0747175490056386e-06,0.14133332250445443,-0.040674906089020565,2.9675586015399986e-12,0.07501786258824567,0.044790976789587975,7.563052611369358e-16,0.3706153461447688,0.379199657307078,2.903682135237997,0.16173231392353737,0.03432830349963159,1.895248852425869,0.1213870033306256,-0.12590388971625022,7.997736801894899e-32,0.15137744052645702,-0.07811538931748052,9.160976181905453e-21,0.1662936822738804,0.34010692994285796,1.24631429320756e-22,0.3980805462926576,0.18047839102543256,0.726959619504861,0.3081251919369539,0.43564517392177,3.4161431548249324,0.1501955852178405,-0.06557078126468725,0.0022487465288687364,0.14397958228375368,-0.0988514080083056,5.205707708269182e-22,0.19497436861480885,0.32696414115577993,0.0011948984272286255,0.1650925167482242,0.35555475268812026,0.034075658143841475,0.12843344556879238,0.30699389891006706,1.6918999914974695e-07,0.1493820927952447,-0.04034486045059821,3.4626523972426914e-32,0.24005714298040975,0.42306659870517405,2.719796060318481e-06,0.13833403779991477,-0.38139904332221725,6.425276410608904e-20,0.057087218549523464,-0.5024458881843136,4.908848987546094e-40,0.18646792980156668,0.3909381777342676,2.27119833332966,0.16562687773530224,0.289206472699694,6.575230634248647e-19,0.15413268265666055,-0.040674906089020565,2.653319310200305e-29,0.07616188311721322,0.044790976789587975,2.883805686181602e-36,0.44263257651160365,0.379199657307078,1.6078990068860597,0.19444296458686042,0.03432830349963159,1.2540271452749068
76,0.3748234053596044,0.5367255587547446,4.125656231750746,-0.026098323055308764,-1.408293153516927,1.1352287343417906e-32,-0.06290095024956331,-1.8134930390743995,2.9081015692743296e-31,0.14949346184190293,0.3903542306087517,1.0434283683781178,0.13194310988428998,-0.43643572429220023,6.309821570499307e-33,0.0062103863367916345,-1.5140225573732178,1.2351206644994835e-25,0.6476801477461429,0.2817510552173551,1.450107857611098,0.2594528217713119,0.43689936986600164,2.315818921765413e-10,0.16024579404307504,0.3400210685353541,4.1536179092828075e-18,0.1580166647462755,-0.10548301445861258,0.6672714530333413,0.12719096101795757,-0.670623733940249,9.251769252665878e-17,-0.028855004368448206,-1.5788021310546836,1.0596434051819072e-27,0.1449687182271291,-0.11927527453078143,1.4668128587249126e-11,0.2756993245392899,0.47339164275603235,4.355011905944285,0.28682608207173843,0.1589848038013824,3.374462033923331,0.16101775923543205,0.36951625819835027,2.9062466974424977e-08,-0.050848613809907316,-2.035539353155246,1.249965801224123e-30,0.13262044735055106,-0.3709141706179171,0.0013081746507494572,0.08976796133666792,-0.7386954478370428,4.381050887149264e-21,0.2253808297631179,-0.2035288088264986,0.9210502754235687,0.39907308637127503,0.5367255587547446,3.9488535783118315,-0.08574382508343201,-1.408293153516927,3.8076333532066304e-66,-0.08702788356371123,-1.8134930390743995,2.2443070078049866e-64,0.16241056053220643,0.3903542306087517,0.002007153332078613,-0.01427090677795162,-0.43643572429220023,6.942729717049833e-61,-0.0555511633096186,-1.5140225573732178,1.3009611109562446e-53,0.250343180030531,0.2817510552173551,3.15189174116902,0.24351650047987639,0.43689936986600164,3.729085924878459e-19,0.1672049107570196,0.3400210685353541,2.8338345153858057e-32,-0.004492063108106903,-0.10548301445861258,5.511686285957422e-26,-0.012539473735074483,-0.670623733940249,1.4444736480814213e-41,-0.06344717240185631,-1.5788021310546836,9.665692055798961e-58,0.08215802253463386,-0.11927527453078143,1.0462182635563438e-28,0.2175364095399018,0.47339164275603235,2.5146484694539675,0.1597530002331078,0.1589848038013824,6.382392328531253e-12,0.16430721180726668,0.36951625819835027,1.6117186253993424e-14,-0.09601383338586916,-2.035539353155246,1.7987525506950264e-63,0.14124415624803383,-0.3709141706179171,2.8712228969045533e-09,-0.044307009347044735,-0.7386954478370428,7.615529409232032e-50,0.12609027267990636,-0.2035288088264986,4.27115827675213e-13
77,0.16484113833798436,0.2018981716533272,2.16143420709159,-0.11997688798083644,-3.798475199266214,1.4013194097068624e-36,-0.06275590544799209,-1.517214149390425,1.8694710854713437e-31,0.1705407722774755,0.217684916705066,2.5155662618284716e-17,-0.08779650081360385,-2.2640842494158933,7.147146287945094e-36,0.016956930286760277,-0.7442495510833658,3.861123476674115e-26,0.1561421380365093,0.18685371877454843,1.7988422557823742,-0.018600182882753488,-0.8902990251262499,2.1923174511945854e-27,0.38362755989905967,0.4154385156516864,4.732203951561584,0.34415415379791026,0.4851337820335507,0.572355711932841,0.06775256433961131,-0.12305335437082732,4.232468852708677e-27,0.2441796074368572,0.439361432252578,2.3497103460694424,0.0013412436378989478,-1.4153950649556524,7.322428394616153e-39,0.15904249036691556,0.09473923309343457,7.83008242254794e-20,0.15587008863536972,0.10964297193343496,7.985486798830029e-19,0.8318102658624904,0.40036386511471056,1.77744532876391,-0.13488825807710894,-4.848886579892947,8.722393436477129e-43,0.8489299574927562,0.5575003767009513,0.0009879984775725522,0.5785567178505999,0.5495317450704562,3.1370484371590224,-0.032721131531644146,-1.6738213647280047,2.2690197959772233e-38,0.16735381857283863,0.2018981716533272,1.1277975288407236e-18,-0.1390757581024889,-3.798475199266214,5.521456113181872e-75,-0.091001131070165,-1.517214149390425,1.3746135199356656e-66,0.16678148264914489,0.217684916705066,1.1619083527811298e-31,-0.10641388771460286,-2.2640842494158933,1.214847125376773e-71,-0.019199454473132968,-0.7442495510833658,1.1300218196881729e-55,0.1650814116622932,0.18685371877454843,1.5522697966279089e-18,-0.0433208834058489,-0.8902990251262499,4.275770229665235e-59,0.34631953145044814,0.4154385156516864,3.0468390767489466,0.3554904887657569,0.4851337820335507,1.113661120510346,0.06841105410422554,-0.12305335437082732,9.710587479872663e-52,0.38399707537291067,0.439361432252578,1.658446022768893,-0.07706663219648255,-1.4153950649556524,5.888549182162224e-73,0.11212817585356766,0.09473923309343457,5.586178562805659e-42,0.1603944845125175,0.10964297193343496,1.2291682087525238e-35,0.32749132814244986,0.40036386511471056,0.13025639216695745,-0.15267052588008986,-4.848886579892947,4.281369605444181e-82,0.5010730250835256,0.5575003767009513,2.0897703279679987,0.4482030428303565,0.5495317450704562,1.4834945514842592,-0.09258174223512783,-1.6738213647280047,1.2825952051960062e-73
78,-0.004500499187966953,-1.6588408938798258,4.666604644784647e-31,0.18341681328964032,0.36473329387563497,0.16774517851386445,0.15303652753978045,0.37615197726345095,0.878876337363034,0.142889576174914,-0.26169569959758615,1.3782062587489351e-13,-0.010911189068457464,-2.093958696027023,8.688780003916136e-35,0.06126770504016596,-1.0537946203697701,8.96705638798473e-21,0.5395802106571177,0.2789930316242756,3.3138289221104262,0.03719161402037202,-1.1032914448961333,2.9543887870676766e-28,0.08766854182703909,-0.7950340305653603,2.955868443526139e-25,0.9142063848610842,0.4311867068775797,0.9505723225543938,0.14639123887794064,-0.2788321103602449,0.06866470322689543,-0.05546538689816277,-1.9346928534461791,7.086751774486025e-29,0.010491973839439242,-1.2785028475971532,1.3577011650003702e-27,0.1468105470854849,-0.2688320031007759,6.4821211194384126e-15,0.02464874717608448,-0.8751547366026515,8.879811702665104e-22,0.7689283477652193,0.4250726945861944,1.4437026532345747,0.1689480988874567,0.3522959187086595,1.9821365592116724,-0.017053690976216854,-1.510721154466393,1.1844160260146323e-21,0.26884035071752854,-0.015963113898845516,3.36485002976847,0.03356817286853715,-0.7934645298959307,5.957227464331251e-24,-0.03869293456125557,-1.6588408938798258,3.6742347346995566e-60,0.16158305630553144,0.36473329387563497,0.018632762563054524,0.15732464494874185,0.37615197726345095,2.0615046398833314,0.06436114486828828,-0.26169569959758615,4.84350501259264e-28,-0.04589927628493297,-2.093958696027023,3.374336882576253e-67,0.02893730452883446,-1.0537946203697701,1.0639139533582659e-39,0.383421285696678,0.2789930316242756,2.8322931022863056,0.005739128227813764,-1.1032914448961333,5.956981631995372e-54,0.0169911716612971,-0.7950340305653603,4.242656141255374e-50,0.6621565874770258,0.4311867068775797,1.6551653906915897,0.1421720141589218,-0.2788321103602449,6.926100363731187e-09,-0.08344525423615787,-1.9346928534461791,2.348836699765805e-56,-0.026554226755573895,-1.2785028475971532,3.687739008867227e-57,0.05356242342219093,-0.2688320031007759,3.237409932802666e-29,0.022505694676047724,-0.8751547366026515,1.388102807307916e-44,0.6032643591825508,0.4250726945861944,2.9721939379126535e-14,0.08488036324838807,0.3522959187086595,9.034904359642042e-05,-0.02046878013969601,-1.510721154466393,4.405823710632304e-46,0.14985414733977684,-0.015963113898845516,0.010484666732652937,-0.004152158372386805,-0.7934645298959307,4.1662739317982955e-51
79,-0.0059078384356482105,-1.1605196273620415,2.5837310147730254e-32,1.6566380224810477,0.6499528694290242,1.1662302076499012,0.14309431927474822,-0.48702027904064255,3.8191188700915033e-31,1.3844919629121435,0.5979638595896105,0.9079294229272213,-0.12309772924817872,-6.02151455138704,3.2202728605209025e-44,0.09670332021321922,-0.6358340584827352,2.7121070214766115e-31,0.10074336402574469,-0.6060039515540884,4.095646623144424e-28,0.15521862523389215,0.03473563596731121,2.7315517291862733e-09,0.5769966954136101,0.3197943535822698,1.8285850382844429,0.11528707978030894,-0.6519824446683667,1.5756633536401442e-35,0.07266701523216915,-1.1058774148998605,3.268261930149344e-21,0.03479954613401555,-1.3971027398349736,2.5079241985496598e-26,0.7226735655412144,0.36312326230093306,1.5950981859611173,0.11765516014434106,-0.982532145200527,1.1000818558971708e-13,0.006562091088324867,-1.8437703428423624,1.909927131765202e-26,0.09026930355110485,-1.1280105197478238,1.9273816098517706e-17,0.5625960633343596,0.27908131517134477,3.149602986887963,0.7926178056422445,0.4685621370948257,2.7196509889010534e-06,0.0212418282208008,-2.1447251947987978,6.087758421868644e-14,0.13308071405753819,-0.7665463115865092,1.4688231696609365e-16,-0.04284268397510348,-1.1605196273620415,8.116117969036998e-68,1.5792957175980207,0.6499528694290242,1.3230668634159293,0.09735887317018803,-0.48702027904064255,3.289051607569464e-63,1.4787496345317384,0.5979638595896105,0.6940571023865206,-0.1181358500067398,-6.02151455138704,3.1338183410064734e-85,0.04719796589735027,-0.6358340584827352,9.595798903874938e-63,0.02135824709187302,-0.6060039515540884,1.207752851873166e-59,0.14868120201277318,0.03473563596731121,8.031748105414069e-27,0.21804114725694548,0.3197943535822698,1.8940656280364458e-14,0.10279607581355994,-0.6519824446683667,2.8040416534284234e-69,-0.04052021714196076,-1.1058774148998605,2.1704173234415945e-56,-0.05524494729564171,-1.3971027398349736,1.757587390356267e-62,0.2971766642723792,0.36312326230093306,2.314823166118178,0.00619310255826705,-0.982532145200527,1.6329281167512789e-46,-0.0658996115263974,-1.8437703428423624,1.4664860402222568e-63,-0.013646564042930631,-1.1280105197478238,5.417708003941985e-51,0.14301722038422274,0.27908131517134477,1.0472932341422986e-16,0.15254808432742545,0.4685621370948257,1.60111525330475e-11,-0.023841539921590618,-2.1447251947987978,1.4423873877295747e-52,0.0003752974547632931,-0.7665463115865092,2.3327192394814013e-49
80,0.15261389854577792,0.07829352204631562,4.3797349074019284e-06,0.9040254106374566,0.5389143159303446,0.9940763784233069,0.052827800239559505,-0.6983335612361027,3.0500283863732472e-30,0.7679202627122728,0.48189837312349293,0.0004524843437688814,0.07611166668467853,-0.008487055778922104,3.2551816635150513e-19,-0.10422916438060292,-1.5363619683209737,1.8778508033327298e-32,0.17645710885822144,0.34396897981237357,2.1740508509845173,0.21779464607081203,0.18509840553710083,3.832455999351137,-0.004818035387237685,-1.2718317893725457,3.1862051480690534e-27,0.17163145256217435,0.19567057356667855,0.9928171897136918,-0.018125871635903817,-1.024606092745557,5.52606151628082e-35,0.8452269849700185,0.3677698480815651,1.6349334255267627,0.23097307163812072,0.4035151910421844,2.677801390967587,0.0663162851516652,0.13369236298869586,6.931330982275024e-10,0.20517034536551462,0.34889776255309546,6.816312625796228e-08,0.15218214962523582,0.2568470174377569,2.9473115314343802e-09,0.1644414952478334,0.2508294232216969,3.4475815788507626e-11,0.16109595920841438,0.3277997115703703,1.8675287475482902,0.16021119425525898,0.2180857545895084,6.456786351600749e-10,0.15750449327853816,0.16932435337644794,1.336103794160743,0.10891691798967762,0.07829352204631562,4.455181697341318e-18,0.8337507035902432,0.5389143159303446,1.3459620122069738,0.028465127339127774,-0.6983335612361027,2.4342813908563944e-61,0.7326114737503268,0.48189837312349293,0.007527415602396644,0.06455153747976729,-0.008487055778922104,3.2202079526715032e-37,-0.11107653981439419,-1.5363619683209737,1.0061472753141077e-64,0.17152680709607798,0.34396897981237357,1.8201776505785134,0.15752252110482168,0.18509840553710083,7.806045188130754e-09,-0.05558618102934046,-1.2718317893725457,6.7821348847504095e-59,0.14645490807086048,0.19567057356667855,3.9294862181624695e-14,-0.08034032569593048,-1.024606092745557,3.637922648850682e-65,0.3907264669755873,0.3677698480815651,8.531759276264537e-05,0.26714337473514965,0.4035151910421844,2.276544781520758,0.07068933769495571,0.13369236298869586,1.3345947987315516e-17,0.21802740758243902,0.34889776255309546,5.291317349175504e-12,0.18542126569942044,0.2568470174377569,1.560377454735611e-17,0.1630418221364221,0.2508294232216969,1.3994913264822415e-19,0.16206414741531522,0.3277997115703703,1.783737827100312,0.1624386307611514,0.2180857545895084,2.6616796825844925e-19,0.16065171140474668,0.16932435337644794,1.862175834498274
81,0.20702580767980977,-0.040679862856968084,4.952696270234531,0.1507893825156191,-0.1483684958449585,0.6526950320037189,0.25880709670982355,0.4933810031174013,3.5014273582368287,0.07378319519878765,0.07507576148479132,1.4335664567313202e-18,0.01429472715122257,-1.0297260753237696,3.865407351561121e-22,0.192729382746901,0.2502124329122473,0.00012078612936839214,0.035416657963975556,-0.6585468894263328,2.53865871215413e-19,0.14672892264304854,-0.06074699121116537,0.0246676989580317,0.1636063152238407,0.35378444248358176,3.0043194411437296e-08,0.15438424574966814,0.009707116496476676,0.06543801028310785,0.38616224326457266,0.4225378982968347,2.3834391318138612,0.18000965705240804,0.37527750877614185,0.003954848436894645,0.07960633499009855,-0.12187325754138306,6.701875721006472e-16,0.1616001247764723,0.286385877872583,1.3723544048926481,0.7079325156301685,0.4184412083909879,0.8561852103659883,-0.07017871102634116,-1.0658896854465385,1.5823079598636963e-32,-0.02284660533071381,-1.1702741621683828,2.4546936936048408e-33,0.17339057687850543,0.44672559256668654,1.5293944231816063,0.17018695905793005,0.12788203689892313,2.101172183056054,0.13444725442225364,-0.3271442892360762,5.243420938545649e-27,0.14631653936055924,-0.040679862856968084,1.883501204131753e-14,0.1969642214094782,-0.1483684958449585,1.82959362645842e-22,0.24908886342585068,0.4933810031174013,2.4267391030751897,0.057954113036906715,0.07507576148479132,5.924611424666388e-38,-0.022867031346608682,-1.0297260753237696,3.430036284751558e-52,0.1571380094150468,0.2502124329122473,2.607196038475651e-16,0.0151588945053103,-0.6585468894263328,1.0363598515850351e-46,0.14961209710373005,-0.06074699121116537,8.28902106033769e-14,0.16528341192711368,0.35378444248358176,8.122562617753533e-17,0.15376518867514571,0.009707116496476676,5.456647494135054e-13,0.576786130177827,0.4225378982968347,1.473649848134338,0.25552748070238274,0.37527750877614185,1.6550301651760624e-05,0.10625367108769984,-0.12187325754138306,4.182552657917983e-30,0.18190434163754143,0.286385877872583,2.6839572905474773e-11,0.6176168556906121,0.4184412083909879,1.0102869597164998,-0.06817974594494652,-1.0658896854465385,7.250134585052484e-64,-0.006747285049987575,-1.1702741621683828,1.94141443200406e-64,0.1675829082871648,0.44672559256668654,1.7384124480628151,0.21246892161505035,0.12788203689892313,2.2703610809476227,0.11529377190038326,-0.3271442892360762,7.481906086258719e-52
82,0.1773928181400034,0.46786494592142325,1.291114145061735e-10,0.40763998979246097,0.2838470721318261,1.503947679404887,0.3078616905900273,0.5822189371744306,4.767895088940591,0.16093690711985734,0.16656023727961636,0.00023300169304126792,-0.08482695027801083,-1.4214042759511523,8.661433898045148e-35,0.16754465755218084,0.1797204291076937,1.629940722816752,0.1469840921783124,-0.13881192306653187,1.4965672024729866e-20,0.2161318822972993,0.2195113669484923,2.126564216263881,0.29975730137030576,0.498397781576032,4.4150050030925245e-06,0.1290595278276514,0.06274533099877777,3.4306920855246607e-11,0.15773914329115774,0.12501932976325775,0.9257450630836829,-0.08050006223789,-1.297098698444572,6.5804677009823955e-31,0.17313666610613712,0.4210818886534969,7.452212385209387e-06,-0.015181240217619685,-0.9817539454387244,4.925597221104995e-22,-0.10749102355059642,-1.7534083720984657,2.9973154821488017e-32,0.1642955896839955,0.4317452090942138,0.00017388862050740303,0.17213638922847393,0.36006721606252967,1.3926872066489474e-18,0.20048833484609488,0.40661759921457646,4.837303381916383,0.13910246091073514,-0.2369531358781466,0.00185778260367792,0.3062446844415898,0.5342320175363269,4.446227469059654,0.21415459631791584,0.46786494592142325,7.767741645133676e-21,0.16842843583451372,0.2838470721318261,2.9554925215618567e-13,0.3449807783586155,0.5822189371744306,4.567935802140895,0.16391911188148683,0.16656023727961636,3.8752127130142824e-07,-0.10054551919231833,-1.4214042759511523,1.2172072915147325e-67,0.16370576489438415,0.1797204291076937,1.2775173784732567,0.012544852153571914,-0.13881192306653187,8.368608739517359e-47,0.19814555740216697,0.2195113669484923,1.6966922280256653,0.27857453325631987,0.498397781576032,1.1555396532201843e-11,0.10456218021305308,0.06274533099877777,6.726386473236314e-22,0.11401948707535306,0.12501932976325775,8.053604963745274e-12,-0.09571576638428325,-1.297098698444572,2.8479760036583246e-63,0.17402328265054928,0.4210818886534969,1.9114639718155496e-19,-0.05844457673893183,-0.9817539454387244,8.969799574517503e-50,-0.1030810365242664,-1.7534083720984657,6.1567734176329455e-65,0.28169989329646405,0.4317452090942138,3.133825057173692e-07,0.1713129042553551,0.36006721606252967,2.7960265004480687e-33,0.29840579853961235,0.40661759921457646,2.9493597238405083,0.025204646168981604,-0.2369531358781466,5.257505609708021e-22,0.3093981489175961,0.5342320175363269,0.0002464163968108552
83,0.04374884479511158,-0.20934226448534843,2.672536636011265e-10,0.22877634916250456,-0.13478215991206707,2.7543134145237365,-0.076078891762206,-3.0649888809826487,6.9437125694321415e-31,0.07289597969045977,-1.5920889333662311,1.298066519551702e-25,0.7357289859718565,0.3028924868266152,1.93965156914456,0.1369149882844509,0.013346224298081586,0.0002699420813234422,-0.002690294679578417,-1.896583793013895,5.116461884921184e-29,0.050727257370503286,-2.2911182768069667,3.493879960106243e-28,0.04473487264099904,-0.33794193774100284,5.491505449492624e-15,0.023723772417668723,-1.6724129896736004,3.7033843633289453e-25,0.04741906061210578,-0.6506860877153009,5.820975490415854e-19,0.0222898548598936,-0.8558267808616993,2.1044982969889675e-17,0.33237873378207516,0.26674996984014726,3.518151998409058,0.16135260118528677,0.0023447887380398953,5.69568303280056e-14,0.333014873688366,0.4525335475826543,3.330027461790899,0.4264366239932441,0.4404280067804798,0.0004433137181117363,0.149964141694581,0.27832828416915756,2.1603593348875553e-17,0.07262009966113822,-0.3133795831714493,2.2513805959083358e-23,0.15973205457212405,-0.011988293607095161,1.4867470988213058,0.15265941759994578,0.09782126343976962,1.2979370794903444e-06,0.007572384713632432,-0.20934226448534843,7.03164400769704e-36,0.08973474598150916,-0.13478215991206707,9.79917360379187e-10,-0.1156045251027857,-3.0649888809826487,6.647724727262316e-64,-0.02645274932478961,-1.5920889333662311,6.052900902144316e-44,0.7228653430064815,0.3028924868266152,0.9936960708196596,0.11369135513697204,0.013346224298081586,8.051806968085164e-24,-0.07759105117408861,-1.896583793013895,1.1648954011372815e-63,-0.07127983779494416,-2.2911182768069667,7.244519081581797e-55,-0.007441213832961285,-0.33794193774100284,4.3704621029024234e-42,-0.06426341633872071,-1.6724129896736004,8.406137084413166e-55,0.051735572763458665,-0.6506860877153009,1.1180573783581205e-42,0.03404062036470104,-0.8558267808616993,4.7229340035318224e-39,0.31396455251244765,0.26674996984014726,0.19129755533066475,0.14800722841876104,0.0023447887380398953,1.5054075780051246e-23,0.3291961379616166,0.4525335475826543,2.9266866660405664,0.38014264037574363,0.4404280067804798,2.154745153715861,0.14357694710843713,0.27832828416915756,3.0822873225170872e-30,0.06378935559341505,-0.3133795831714493,3.685054989641142e-47,0.15503796059746852,-0.011988293607095161,1.590421917778423,0.16446787169174543,0.09782126343976962,2.568744883632375e-18
84,0.17910822721067468,0.5096388378729398,4.943749468318055e-19,0.4407297810875158,0.62211057776066,0.20311617266620735,0.963864886654355,0.5054215032344128,0.3187361701256178,0.15484847148347564,0.4039950942513774,1.4390987312560422,0.45409632848363857,0.6436219337215362,5.567134556478644,0.02057111022634056,-1.2595106382168249,1.5345485346799283e-31,0.3727317714458264,0.6100850015948189,8.117202506771988e-13,0.1288265478553348,-0.4345503685106167,4.178132076448087e-09,0.01623805046695341,-0.7416704522857052,2.1615026479724862e-29,0.43565103719447185,0.6172852182261904,0.00030789583257130626,0.12178374390119914,-0.18428298146063748,8.471662188722188e-22,0.4789709677963049,0.4258891541534496,2.28701200837667,0.1597026572113433,-0.13403232733781892,3.301700527676905e-14,0.40352540865514497,0.3303835620317906,2.135968822601825,0.77159084848673,0.48776043811676717,0.3866044837799987,0.04632480615195554,-0.9750489044379581,1.8684051447820355e-26,0.38563267470352874,0.35582204647915394,1.39698461651664,0.15604957929280686,-0.014619583264149007,2.586597468738019e-19,0.5401370577046801,0.45456908634674537,1.396761533925817,0.03687617269001635,-1.028200800028312,1.4165285888463383e-29,0.17315197378014988,0.5096388378729398,5.319832434126319e-37,0.36733725527801775,0.62211057776066,0.0007261270438536177,0.28860378195714687,0.5054215032344128,4.082968762086788,0.17355870302558138,0.4039950942513774,2.0149306852029425e-06,0.3822950235424992,0.6436219337215362,5.595670580157452,-0.0633064755548872,-1.2595106382168249,9.328100951350745e-61,0.30318007335790964,0.6100850015948189,5.282053329008423e-25,0.09830201317511143,-0.4345503685106167,4.212388730839061e-19,-0.03908859849221666,-0.7416704522857052,1.4579676096370087e-57,0.35961586486497227,0.6172852182261904,9.333830587661733e-09,-0.012581600391254277,-0.18428298146063748,1.9933119049305787e-49,0.12107797927731198,0.4258891541534496,9.310956526433484e-23,0.022047482690246104,-0.13403232733781892,7.090088733672719e-41,0.1672423781968844,0.3303835620317906,7.262297113601576e-11,0.16125611490092281,0.48776043811676717,1.4069162688945375e-09,-0.05344338657488676,-0.9750489044379581,1.5741420528870405e-55,0.1662959879857875,0.35582204647915394,4.390873534774061e-12,0.004271344984499922,-0.014619583264149007,9.839721139382028e-47,0.2061197782003785,0.45456908634674537,0.007044337751450838,-0.06829401385089544,-1.028200800028312,6.048545466434406e-59
85,0.43857262874725605,0.5742454226738488,1.4615269324746,0.10301073866243385,0.4518607815316346,4.663089827545886e-10,0.17311380235132748,0.598605794877875,0.1884833358850817,0.1297011560233244,0.4874455598722415,0.0013318652678423904,-0.0738061696129823,-1.465797337833079,1.936821695344115e-27,-0.04322395858161156,-1.7010720651271827,1.0213204458193904e-35,-0.08482596553466157,-3.5412375088451644,4.128698711925197e-38,0.2291781698277155,0.5136099578158109,2.980263000762155,0.14014145861080088,-0.3170521340919232,1.0057896706489647e-08,0.901106032996073,0.4693905115141716,1.536266678779841,0.008410627081927025,-1.6397929407323724,1.407865925353778e-38,0.14841342235975907,-0.1877791651753858,3.0670368561968047e-28,0.07568785014744339,-0.871074552882818,1.0295023671736052e-18,0.498926599272745,0.4667736533357673,3.2741318498516208,0.16069709165582274,0.30902792280773494,2.3000393153336108e-08,-0.042268292225014686,-1.8145956444059383,9.441941634553888e-28,0.9220502998157104,0.43192191823966,1.3528630527368774e-06,0.13329233082132022,-0.5141596988505636,2.9109172627935936e-15,0.03327851008279038,-1.149405014316491,1.097115877561281e-24,1.0943093946845432,0.5016245294049588,1.5019051914535118,0.409681094843597,0.5742454226738488,1.4005687210677524,0.17131454217087708,0.4518607815316346,5.7998048800171554e-21,0.3265631069511327,0.598605794877875,3.010060682506201,0.24898432025526462,0.4874455598722415,3.125146247356847e-06,-0.019793427505709768,-1.465797337833079,6.413427584584097e-55,-0.1123719806233189,-1.7010720651271827,1.4950506307903562e-70,-0.13502809224287868,-3.5412375088451644,9.561376282395132e-74,0.33907595415215896,0.5136099578158109,0.09088561904029235,0.11938152128145396,-0.3170521340919232,3.5547112527025467e-23,0.17158595315498695,0.4693905115141716,1.2649929235547377e-05,-0.12396116172810279,-1.6397929407323724,3.121806162993918e-73,-0.03772080698161975,-0.1877791651753858,1.2545144992738183e-56,0.00921116827935893,-0.871074552882818,1.808833205315668e-44,0.2158513303131761,0.4667736533357673,2.542749860679501e-09,0.16861480222401032,0.30902792280773494,1.5645486070642728e-27,-0.06565845151777425,-1.8145956444059383,3.022591383230498e-59,0.23548812912132314,0.43192191823966,6.282056142002609e-12,0.03111415925931829,-0.5141596988505636,4.721915254446592e-38,-0.03981012714623071,-1.149405014316491,1.2616707112412777e-53,0.3099327690256596,0.5016245294049588,4.805696177355606
86,0.02799317077554915,0.04544364292176479,2.4346126110283558e-20,0.1274610030668682,-0.21163639363183925,9.592763561014861e-20,0.1662306874137952,0.3493990138446926,3.474671260654363e-06,0.15714684341277457,0.20478551262236808,1.176191790806634e-12,0.2481499224725186,0.3918361273516481,2.629777231984844,0.4430946730352308,0.2764696535136955,3.517695358401002,0.34322280540216915,0.23251919269438556,2.1530563917764636,0.014102024528005727,-0.4043607340470315,5.16828620222059e-27,0.1487868390357012,-0.17431601491326104,1.6718607230209955e-16,0.06200107159415484,-0.6174221531329699,2.462805660051566e-26,-0.052558587623069135,-2.0588912474602683,1.674834662664038e-24,1.064388432321293,0.6148929759188712,1.0268043600306729,0.14069265074103565,0.027923668857346914,1.2766645694439277e-17,0.3217541840163262,0.35110001615568914,3.934220661761946,0.4891929654478063,0.48527050169136304,1.2217116779640746,0.0824439434853417,-0.46974544315128347,3.587703044145057e-23,0.16471595580953918,0.15707452185211526,5.295382698769588e-13,0.14503365873888646,-0.2829553703524969,6.424185670029417e-09,-0.10404496901766337,-2.8092575377873965,1.5930147154067345e-38,0.009697006221433407,-1.0625191631311837,4.66223364205583e-23,0.030508230926322946,0.04544364292176479,6.4874078242084115e-40,0.10423500848820319,-0.21163639363183925,1.3146425419211314e-43,0.16564647126396856,0.3493990138446926,3.691728293784625e-18,0.1387410375980307,0.20478551262236808,6.994873001857665e-27,0.2511218393359469,0.3918361273516481,3.2694897488421892,0.36657680898759115,0.2764696535136955,1.1885212786810641e-07,0.3485828925070624,0.23251919269438556,1.9720422898447756,0.00801612216880336,-0.4043607340470315,2.6534988475502068e-48,0.14638018525998048,-0.17431601491326104,2.1232737564157998e-35,0.045710524005784944,-0.6174221531329699,2.8815281713216228e-49,-0.05648846640301999,-2.0588912474602683,6.46387377725109e-54,0.946335946347016,0.6148929759188712,1.9490728532272212,0.05756023835695112,0.027923668857346914,4.787233130697593e-39,0.22802244165386448,0.35110001615568914,0.0004123078697700609,0.5474958958155269,0.48527050169136304,0.2807947467403213,0.04500065863257949,-0.46974544315128347,6.474780170568693e-51,0.1164473427908928,0.15707452185211526,4.270504635849478e-26,0.1421384199297364,-0.2829553703524969,3.569906262647447e-26,-0.11956889730164218,-2.8092575377873965,3.292462077441287e-76,-0.016869905841085164,-1.0625191631311837,2.7722021565441488e-52
87,0.0744892788634579,-0.7860139126919701,1.1793891392958816e-31,0.1595894123404959,0.4621492859267527,3.5820073785832344e-17,0.9858368823531138,0.422094824236456,1.0327583803238403,0.14078043077320446,-0.45950882243193214,9.665187347004552e-31,0.1226838069136085,-0.6519968176864197,8.609171998579213e-26,0.08609388170973187,-0.6456710243231054,5.256271192829188e-29,-0.007272270431402841,-1.5362355370884822,4.3167550718772955e-35,0.4807260208432085,0.5333790016226125,1.615813421789486e-15,0.4916334902393458,0.6051168218815847,5.520988803743006,0.1452877711356445,0.33897672468718204,9.218373112646243e-23,0.03735126940392909,-1.0847973735815886,6.881999208744231e-26,1.3527344762613844,0.5597055700340892,1.176315643912846,0.005843112664024652,-1.0145609027077862,1.4233714300243215e-28,0.01005968476473229,-1.660974510390221,1.8737308664683173e-27,0.08672793580444174,-1.0198843848409278,3.7857804862570814e-24,0.15773048164748937,-0.16192692948878462,0.06858380972800528,0.15018274715059748,-0.14973575668811212,2.3139747800366415,-0.020254682179780714,-1.62040150044898,2.7741609991329847e-35,0.15080550779773194,0.32772470656535985,2.0058510704602375,-0.038541894254422296,-1.2258684416872914,1.213324764961788e-25,0.024768366081383997,-0.7860139126919701,3.495381613815301e-59,0.20588617196037864,0.4621492859267527,5.485597197157304e-38,0.9487881157485747,0.422094824236456,0.4806309397379459,0.08676333900049568,-0.45950882243193214,4.026655471692751e-58,0.07616405376402592,-0.6519968176864197,1.2038014560741258e-47,0.051537846766357726,-0.6456710243231054,6.924181425212901e-55,-0.026614713133582865,-1.5362355370884822,1.1211659751179124e-66,0.3568943446494135,0.5333790016226125,9.062061255772853e-24,0.44645027089047823,0.6051168218815847,6.097686382606516,0.15380673018972982,0.33897672468718204,3.633975312458151e-46,0.013502663630184888,-1.0847973735815886,2.254728900825408e-57,1.3717019528897507,0.5597055700340892,0.6146526208108212,-0.013571366921633368,-1.0145609027077862,1.667901587604118e-63,-0.0010742853378750278,-1.660974510390221,1.6863625027699186e-55,0.030625224910020538,-1.0198843848409278,3.819443663369979e-58,0.1841255286530748,-0.16192692948878462,9.984395239569139e-05,0.14436740022391992,-0.14973575668811212,1.891560448436524e-09,-0.03061885879722563,-1.62040150044898,2.1663071043065803e-72,0.15370125507173663,0.32772470656535985,6.417305539782475e-22,-0.06111327024932456,-1.2258684416872914,1.7551590659210635e-58
88,-0.04466135240675717,-1.6620308843806344,1.5025270717622386e-38,0.007866820887680717,-2.1082935402239515,3.955822156796032e-40,0.7846278666198689,0.3689046058133764,1.559539590731022,-0.019329045285336605,-3.263456920114142,1.633970189801492e-44,1.9662850362526962,0.5938862968204153,1.0326855753110717,-0.07124765668231282,-4.008771834062577,1.6145260099612116e-43,-0.04608492092192571,-1.8343275355814306,1.708248976829169e-38,0.14110062029111395,0.30963762408101636,6.698419107297352e-08,0.1365374069120468,0.2783909381815152,2.741809878832705e-09,0.10091891664130063,-0.726616603179297,4.1046324012377196e-38,0.17009815887155905,0.5555018507479111,4.136657788545191,-0.08615833076833256,-1.206532647780492,3.0011044551467968e-36,0.09985872904939416,0.5414611017901819,1.8751954671689041e-06,-0.06728757435901425,-0.514215542384263,1.9208042815437963e-31,-0.01693227257142066,-0.24639132598231095,7.225296579534267e-24,-0.03957464338285312,-0.6708799226933593,9.031311149602821e-33,0.17416190013923635,0.561894011421802,3.7207564805897784,0.05057003181072468,-0.4117679776749378,3.779866644110125e-30,0.6098181063302438,0.41116974630214564,0.927362774058686,0.17184057470933728,0.2993097764608022,1.3978536421125165,-0.11604209467867133,-1.6620308843806344,2.956445790466914e-49,-0.13608772928068613,-2.1082935402239515,1.1608655515227737e-46,0.17017259395745776,0.3689046058133764,0.0001372309319680716,-0.15751215739146646,-3.263456920114142,1.92077423203006e-47,0.18074839768386133,0.5938862968204153,4.6776998202737445,-0.16020976711248408,-4.008771834062577,6.645350554309348e-46,-0.1253122206836734,-1.8343275355814306,2.1346745633730452e-47,0.16657034015868294,0.30963762408101636,5.2900108208295406e-08,0.14246442189926084,0.2783909381815152,1.387308288288401e-12,-0.08745004515425035,-0.726616603179297,2.14275853027454e-53,0.17799086433623146,0.5555018507479111,2.4908297077795685,-0.11863710104035202,-1.206532647780492,3.763199193266382e-46,0.13899105086112865,0.5414611017901819,2.0344128903146795e-11,-0.07392521297284652,-0.514215542384263,1.3089200696296373e-48,-0.02064243626468172,-0.24639132598231095,2.9489232631447574e-43,-0.07986843513081006,-0.6708799226933593,1.133155472326844e-48,0.17629060469862462,0.561894011421802,0.9575359589786528,-0.056643029781134294,-0.4117679776749378,5.4115547413009686e-48,0.21565534123466,0.41116974630214564,1.7789862136057855,0.16516098652601516,0.2993097764608022,1.6752757651807968
89,0.36415462617022853,0.5495712682929224,0.0904998752648447,-0.016039770360960978,-0.7656781421996661,1.7216992214465468e-28,0.3342930861606671,0.35831288580735465,2.845928284881468,0.38321433856810205,0.5407744288601906,5.6782879913462745,0.1522140914888204,0.0726812841842123,6.627053354801786e-17,0.11290619008965591,0.00732238742399829,1.2976841583030394e-16,0.11244003325163388,-0.7506129329568743,5.635509978543619e-14,0.1796461106010819,0.24381458750191495,4.544907417112415e-14,0.1746232601620609,0.393642539555147,1.6390882009919342e-18,0.11094594930590798,-0.5267379804468363,1.6131004656383677e-14,0.15135122525815578,0.355623172185149,1.826567083544716e-05,0.16192688940816027,0.5089005438312937,4.6285235031251855,0.12889608813894232,-0.3136407217319887,1.0954649195207185e-23,0.1469783737994372,0.3356569510965442,4.408451713709292e-12,-0.035445881084949796,-0.8953694504935622,3.217963539558498e-32,0.223899814470512,-0.18434614972811508,3.2687856858409646e-23,0.54006441225882,0.3943950338075777,1.5474930119236983,0.005498853749154944,-0.5884004737668782,4.308173359648118e-35,1.7800759205354033,0.5648119061839665,1.247154612415459e-25,1.5493252188576856,0.5348919124176481,0.7383723078123525,0.4513821441507677,0.5495712682929224,2.3639012656112075,-0.06401192713745044,-0.7656781421996661,2.578051794887186e-60,0.16901525526111272,0.35831288580735465,0.5617968484529302,0.4273738172309753,0.5407744288601906,1.4079196071308446,0.05865320082513878,0.0726812841842123,1.4249594058784824e-31,0.03912462589043526,0.00732238742399829,1.3443934973556113e-39,-0.05973621115617317,-0.7506129329568743,1.125902846670096e-46,0.16710467364624967,0.24381458750191495,1.729458473486224e-31,0.27262234137094665,0.393642539555147,7.4762631044571e-30,-0.05073206322045755,-0.5267379804468363,8.53887637079173e-45,0.1740471275431096,0.355623172185149,8.128731013335956e-13,0.32685930161708754,0.5089005438312937,4.214118338269508,-0.021028424841384216,-0.3136407217319887,3.8514575375211416e-50,0.1729791682297224,0.3356569510965442,2.0857482166515558e-26,-0.08054198643836147,-0.8953694504935622,1.3950590412122861e-65,0.002017884611682702,-0.18434614972811508,2.5108425681810262e-46,0.17612431926207028,0.3943950338075777,1.531154648319832,-0.05296056020086157,-0.5884004737668782,3.74415792329596e-65,0.5243279679491089,0.5648119061839665,1.4981336676847735e-23,0.4379413521927851,0.5348919124176481,0.08339305421505099
90,-0.06282940005021365,-1.5391356064758102,3.7489155084528785e-26,0.04056514506917917,-1.4236334786646931,4.174110194491902e-21,1.2291590959867846,0.41364625361367613,0.4590752802059139,0.09862697829349859,0.27575810486396574,1.2252735079515172e-07,0.07678292739539821,-0.9058921258877817,1.0362672184633602e-20,0.142685725464435,0.09073316973130362,2.4125851650814115e-08,0.20390897243770734,0.3204178807761029,2.4081438238487363,0.141130360807627,-0.5241635413171907,2.387682956793802e-24,0.10173845387853925,-0.7475867430990961,5.4331195826837e-21,1.045493621254981,0.5132389392006629,1.7432745868813655,0.01825099603650912,0.27160565521082175,4.384182846434209e-20,0.17675549259095452,0.5088593320972766,2.8341625395710315,-0.06691861703552526,-0.5206774740313627,2.5033561750805293e-28,0.17252210498282747,0.36006840134586593,1.683711953918177,0.1809063573461935,0.543784906429741,7.623693928259003e-08,0.17050638748991914,0.34921795679349316,2.066398813947338,-0.12905101600662577,-1.5354711358325421,2.1207419610129108e-29,-0.1301232420169917,-1.5191870918901382,1.8417569857252788e-29,-0.12665841743151318,-1.4929110470735039,1.739864845442813e-29,0.27480685210530065,0.6198538494422099,4.476182074409282,-0.112350125956225,-1.5391356064758102,7.650837949605178e-61,-0.06337546033887298,-1.4236334786646931,6.745106418900792e-57,0.2418554612346071,0.41364625361367613,2.249569877579073,0.16510454465697283,0.27575810486396574,7.104587046855899e-24,0.01612202359018798,-0.9058921258877817,6.560250588141428e-57,0.12244765145043446,0.09073316973130362,1.8702841588600498e-30,0.16325370024866379,0.3204178807761029,1.3202081834564131e-11,-0.004327930454675,-0.5241635413171907,2.5975763167056285e-55,0.019972140985631867,-0.7475867430990961,8.752661642745138e-56,0.5210202343505914,0.5132389392006629,2.4108269380364136,0.16128015238600577,0.27160565521082175,1.382232529384616e-32,0.38283530125244236,0.5088593320972766,2.5310141165211117,-0.04660694377219597,-0.5206774740313627,1.619152198452157e-56,0.1654529653832999,0.36006840134586593,1.8681050676082827,0.8327247548333502,0.543784906429741,4.889252921537914e-19,0.16579613395584003,0.34921795679349316,1.1761069865872846e-06,-0.057043560092627024,-1.5354711358325421,2.4262573445619704e-66,-0.06764672202589844,-1.5191870918901382,1.0475781636350426e-65,-0.05140330487038078,-1.4929110470735039,1.6208408600781436e-66,1.1683305207745192,0.6198538494422099,2.722282245028789e-10
91,-0.05096115963628693,-0.9723873196354381,7.871824506819106e-30,0.1637580071625884,-0.02572161718140841,1.1815132002569084,0.16901676153152417,0.1891409442848033,1.4787001828964657,0.040282116345657454,-0.07748587305126985,1.5884122791747343e-27,0.4328303096634804,0.5493315778359514,2.2012355795550245,0.3009627019027091,0.42363413054924026,4.861010985604002,0.41570485819488867,0.5626583238248393,0.18823061935581006,0.16818932667093592,0.20670150200109302,2.8072948287027377e-08,0.17363103424709916,0.3280852583289374,5.061013637658524e-20,0.17036665483022165,0.30394271983327964,7.246093546333171e-17,0.023056035577696865,-0.9684480125012556,1.9522304547905526e-25,0.4220577657321245,0.40202574716969847,3.6754715832759643,0.15930009335563175,0.21026005846265627,2.563328142444345e-08,0.20983944217156314,0.22316786497742894,0.00012217160174446867,-0.06462005172244244,-1.916288064046657,5.292926581696995e-33,0.16441464664618233,0.17019341952425712,1.9348513233250957,0.257773830043463,0.22951138851250064,3.000294184363753,0.13813019031881693,-0.15382527043689245,4.132245755686093e-12,0.13082967097695836,0.06402697835297774,9.426769440116664e-13,0.16135563455108604,0.17697225661835764,3.9153091492956055e-20,-0.054374894809728486,-0.9723873196354381,4.38389330836254e-59,0.1561610466073242,-0.02572161718140841,2.939239125410268e-09,0.13795930106429377,0.1891409442848033,0.009778687890506088,0.03767382564120535,-0.07748587305126985,5.247186935792876e-53,0.4271758495868755,0.5493315778359514,2.179557640120038,0.3062041956675967,0.42363413054924026,4.640820376325127,0.4101367124678901,0.5626583238248393,0.11459923895872108,0.16546651439427112,0.20670150200109302,1.3840108202763033e-16,0.1714393368702685,0.3280852583289374,1.9698299967450094e-38,0.17143016936372713,0.30394271983327964,1.1387488057021571e-32,-0.057977878190484736,-0.9684480125012556,6.627784408142087e-56,0.26026291628647846,0.40202574716969847,1.5392389979845466e-09,0.14878063433430364,0.21026005846265627,2.0617018704215233e-08,0.15462720379304007,0.22316786497742894,9.057273043923076e-08,-0.10479019749969781,-1.916288064046657,5.515545656628342e-66,0.23359911601210537,0.17019341952425712,1.6236984004073887,0.16728737789954679,0.22951138851250064,1.4750174571450234,0.04424749585921778,-0.15382527043689245,1.3135859851420252e-29,0.0948360732251961,0.06402697835297774,4.6863665549195005e-23,0.10426369135763125,0.17697225661835764,5.466067485034649e-42
92,-0.02069405347087141,-2.2283623373969252,9.8591445845714e-41,0.8717001676818807,0.27941598371872683,0.7030611077789779,0.07424322764338376,-1.4645021088274353,1.3528767964059896e-38,0.12616678540996246,-0.9653614280638751,8.163250909139294e-34,0.21344655728072387,0.27490608490824175,6.290686012575323e-16,0.48455801227566664,0.4486796786896511,5.0885067816032885,0.1423485399623383,0.24863644082673533,1.0063021327603764e-13,0.014354747354971123,-1.6928338149651163,8.258781834883575e-33,0.09138725066745626,-1.0832867072736363,2.270163993459234e-40,-0.025084377800335844,-3.740582237957585,2.5136175941681022e-48,1.1425828769211748,0.6016241094427072,1.3166845674895218e-12,1.2974067536892195,0.6243222574856184,2.916576436147318,-0.0850157831680455,-2.7778337905828487,2.9024530205562796e-39,0.03830613428452821,-0.9279286300169873,3.859759113192838e-34,0.13082979566025546,-0.3740537061269551,2.9531155832708564e-29,0.023963749832272424,-0.939152656733747,4.317969731861385e-31,0.043207182272976,-0.8393007155561454,1.7699741147927022e-29,-0.033822828042758754,-1.507131607038014,7.814485194174888e-37,0.6409240453054579,0.41612255493356465,2.379280872724441,-0.10281732944490954,-3.1330798419462496,7.372006644654663e-38,-0.05189218738622306,-2.2283623373969252,1.1543979104090084e-83,0.15624747847101864,0.27941598371872683,1.4217865350323754e-06,-0.05484730695586834,-1.4645021088274353,4.98025520928108e-78,0.049262424436310404,-0.9653614280638751,5.497128894733408e-75,0.24453336607022305,0.27490608490824175,7.164074597027098e-25,0.4612721318707956,0.4486796786896511,2.104766892094918,0.16309911385992482,0.24863644082673533,7.593331448907861e-24,-0.08566555267548441,-1.6928338149651163,3.637672362814495e-67,0.042613283789027706,-1.0832867072736363,1.9094546284531719e-85,-0.05044817857504523,-3.740582237957585,1.0821479092930793e-98,0.6932008217921027,0.6016241094427072,2.761704990288752,1.2131213271400942,0.6243222574856184,2.795676462645602e-39,-0.08558454466484464,-2.7778337905828487,1.4803870370838708e-80,0.035135182043725746,-0.9279286300169873,1.9630213316556466e-76,0.10449990384497274,-0.3740537061269551,1.3387657232350453e-68,0.028070534835823793,-0.939152656733747,9.12137631537828e-75,0.048286923889430775,-0.8393007155561454,1.7333818950239456e-73,-0.09483994827795703,-1.507131607038014,7.61039307650474e-71,0.4898242392139413,0.41612255493356465,1.6122829389731086,-0.11642247555180257,-3.1330798419462496,6.687492353015122e-79
93,0.16334352396793808,0.26733750370588694,1.539329568588404,0.03731342858496463,0.25481093306757097,3.616163831678481e-17,0.1734817210458862,0.4386544558713589,4.233445501635577,0.05948332180850463,-0.2437925862646531,6.077705912837764e-13,-0.040415545047735396,-1.0642434475035814,5.254671504942668e-21,-0.07717274091176025,-1.5547181591109038,1.3108217481299904e-18,0.16981725854045687,0.5596592860642331,0.13472587588554494,0.16311079392072303,0.28130927946078216,2.983412676075341,-0.12879206942543006,-2.1886028891767535,1.3699109906871779e-11,0.17485489430076193,0.44137147751801237,1.4931319325414707,0.15987947483571407,0.07480931806146209,3.0662479680883793e-06,0.14749786459706588,0.15964152885905072,0.06571790863390342,-0.08593330770065448,-3.3288241774609024,1.3504604148454744e-30,0.14572732249529796,-0.0043602865100432885,1.4859053977036716e-13,0.1166556005476271,-0.653415954983685,1.1968187610223927e-13,1.2049728285256358,0.49738081985731997,1.319436129256654,0.06736637952537486,-1.0266770094323792,1.6652157183688713e-22,0.1556871722697015,0.15521826953865858,2.4701315313378664,1.4063650132445593,0.5573072268159662,0.0262199692548145,0.19659937240340006,0.3047579703967106,2.5402748491769382,0.3336176770347835,0.26733750370588694,0.23789307335686835,0.16539234211569964,0.25481093306757097,2.7117825117856483e-32,0.3174921241708876,0.4386544558713589,0.00563567812425164,0.054735526874687676,-0.2437925862646531,4.4672611899579814e-35,-0.031236320209657067,-1.0642434475035814,9.365429845624093e-50,-0.09759090241885633,-1.5547181591109038,8.54093183778044e-52,0.38216390024388947,0.5596592860642331,2.1304514389713445,0.16745864583964087,0.28130927946078216,7.668234653072302e-16,-0.1231024432484915,-2.1886028891767535,2.6653757201032994e-47,0.17257925804783747,0.44137147751801237,5.860427906474275e-07,0.1988194067120559,0.07480931806146209,4.568977958012891e-18,0.25082536327334737,0.15964152885905072,7.678776505063982e-09,-0.1390480574461706,-3.3288241774609024,1.0374841299577826e-66,0.15659787303297817,-0.0043602865100432885,3.910733581390613e-27,-0.03536137499551227,-0.653415954983685,2.3086252437749214e-42,0.363780722418089,0.49738081985731997,0.004097430067737061,-0.07722679508953122,-1.0266770094323792,1.708865979487995e-53,0.16258099114540497,0.15521826953865858,2.299772254906147,0.37832264962594797,0.5573072268159662,3.826028894001881,0.35502590847392723,0.3047579703967106,1.1600967858265923
94,-0.015468249569564455,-2.1504285780054126,2.958778734881522e-35,0.23627996810010107,0.3741756767190783,2.3469465256655924,0.06589416523316939,-0.7816660941878465,1.8670663946949163e-33,0.2563451204162803,0.3988553534144254,6.743288332008445e-06,0.144022494644981,0.10316343630876988,4.596632738402971e-10,1.0270056509357046,0.31662460057571024,0.6064180505548764,0.16099977824712772,0.40045851383059805,2.615335408641266,0.2025871231651389,-0.37216347065329086,1.1775156671556771e-17,0.15040620296854612,0.162222715814569,2.5288103922947164e-09,0.6945220955070279,0.3397630210611703,1.2833733158512106,0.17091609551422532,0.4094667252779265,1.1748579697844297,0.1501123582919453,0.3629703059538335,0.07027950734355007,0.31567146168331495,0.36308845001481804,1.7848257410988524,0.03526511815805761,0.08401160981916869,8.523282230364417e-16,-0.05649158327656306,-0.8208011959057662,4.596193983622062e-28,0.16449559412640127,0.048920368018541195,1.115005367651023e-15,0.1670368760445056,0.20308649574691245,1.9572921658330233,-0.09088997692472942,-1.2337263960188614,1.4279323582981922e-28,0.17525671724806535,0.3683383959976755,2.1288788725318337,0.17499821233677895,0.517646813355754,3.552125080597899,-0.1316111197961183,-2.1504285780054126,1.1801835215546076e-61,0.20832846948342795,0.3741756767190783,2.15404283421379,-0.061839887657753626,-0.7816660941878465,6.697739582929695e-60,0.29040281310876237,0.3988553534144254,0.00260683644131494,0.12722673946060262,0.10316343630876988,8.133399668586542e-24,0.15190604856141238,0.31662460057571024,1.3619323916733594,0.28456270614618073,0.40045851383059805,2.108924697941969,-0.04137684563744394,-0.37216347065329086,8.65533833471967e-43,0.0943952906255269,0.162222715814569,5.556235425285303e-22,0.1633707120898392,0.3397630210611703,0.019990134444626266,0.19614775888974226,0.4094667252779265,0.0005340818364119822,0.1733011727666093,0.3629703059538335,1.0885618318501384e-06,0.17223846979229981,0.36308845001481804,0.0026054713313528976,0.0516332140185667,0.08401160981916869,7.675004785930824e-33,-0.07438658186412764,-0.8208011959057662,3.3766408402127714e-55,0.04842967281426648,0.048920368018541195,1.3237212597155414e-31,0.1668721614024309,0.20308649574691245,3.8002926333470536e-11,-0.10087952527028443,-1.2337263960188614,4.722688324229381e-56,0.17762083104776455,0.3683383959976755,2.123098710361225,0.2647814314718899,0.517646813355754,3.1219916917718673
95,0.09612097139989999,-0.7038022735036943,5.731705983770667e-10,0.1563855304422719,0.3384097333916738,4.716046471887089e-11,0.17954033488070711,-0.45215389607464757,0.9080801889544011,0.16247992860666885,0.05098426970445915,1.5532876121112424,0.11645222768268557,-0.14642086633695223,8.690610478310016e-11,-0.048524174736842805,-2.0596071029800185,3.270671881892596e-26,0.2384192198743167,0.3346868814998599,5.037812152738347,-0.030769627190804394,-2.058624982965085,1.68295453556731e-24,0.1614791330044651,0.04544868616427371,1.475202345725942,0.030119747113896464,-1.020010085571899,1.369052707039691e-18,0.02571980029487396,-0.01768891166920335,5.2541234299287247e-23,0.17043938420116858,0.5663176568503651,2.972709515269553,0.1676260781324117,0.5432068523119923,0.045447982766123246,0.12480418127659906,0.17955910638405792,5.58061102178703e-15,0.12637288440134686,-0.4773935315936977,2.6160759298369123e-12,0.13356122215413277,-0.2074245617566531,1.1510226878625668e-13,0.006640838995535067,-0.3717031038257623,2.3411918841392948e-24,0.26468495969486694,0.43024210412203423,2.755313391672289,0.16654930868078924,0.3681604803042866,4.462000008893616e-10,0.21177176461282823,0.42711309824554283,4.286674919147618,0.03272340008487276,-0.7038022735036943,7.208982460804475e-39,0.1580282525630098,0.3384097333916738,9.490621193453779e-16,0.04114992319782361,-0.45215389607464757,1.9771326604691363e-29,0.15586469246845816,0.05098426970445915,1.2911238834263268,0.04373498401745461,-0.14642086633695223,2.6164170997935796e-33,-0.08360850734980795,-2.0596071029800185,3.982244889956884e-62,0.21166099398266985,0.3346868814998599,2.2633188988641515,-0.08309461723426274,-2.058624982965085,1.9908115161816128e-58,0.157341356466694,0.04544868616427371,0.01846804196102166,-0.05220827559781893,-1.020010085571899,5.69953767033324e-48,0.120988924865053,-0.01768891166920335,1.597216270647065e-44,1.1208691037690506,0.5663176568503651,1.1127513954179242,1.3034080593892599,0.5432068523119923,2.4032282282432884e-42,0.1578077988433744,0.17955910638405792,4.453541735263165e-30,-0.002868368104322866,-0.4773935315936977,1.337615448422326e-38,0.12267895156967268,-0.2074245617566531,2.443637998285231e-33,0.04694523919871292,-0.3717031038257623,7.656395415143543e-54,0.3437166234781778,0.43024210412203423,2.8001032330456592,0.2938403402505967,0.3681604803042866,1.1513797660902566e-16,0.8016738176358096,0.42711309824554283,1.8844399572781065e-20
96,0.0001971112192552943,-1.1377199894760541,3.4859352314592576e-34,0.168838969333224,0.4698052762311832,1.2113549271013803e-05,-0.09871849403422299,-1.8162888957240937,5.613087098393575e-38,0.1796384087843239,0.5028669914456185,0.0024286424251803293,0.8896218395148265,0.3419530308903888,1.3907671891870839,-0.06882240345240695,-1.486118433529641,1.7600518673481767e-36,0.15088022797752101,0.2758216458610702,1.2597642183731754,0.2539959172742621,0.541462494118619,4.300180781000264,0.09067458749014777,-0.46984552665038615,2.2046268786861947e-28,-0.06847081214380932,-2.628325873845963,2.5783367404196517e-39,0.18710022964769302,0.29205585346375157,2.500173511178521,0.14773850125841972,0.3392869548674893,0.023974162706643688,1.5302703460326899,0.5978498386362155,1.404045885684855,0.1157078173482011,0.12447387213543062,3.422083397787014e-09,0.08026920605880601,-0.3233315131593295,7.190916574474874e-18,0.10483746415015087,-1.0289585738416778,1.1992571611295267e-14,0.01084663960469448,-1.8630616820315775,1.6938484593067485e-28,-0.030599959256101983,-2.036493661202458,2.214692058187657e-27,0.06307944900790982,-1.0125641557238674,5.99355129941159e-29,0.4949776878257187,0.18820780943606366,5.0578552312839345e-12,-0.005676159611834847,-1.1377199894760541,1.140297687106383e-65,0.22516148198737926,0.4698052762311832,5.186441749124934e-23,-0.10053206399338036,-1.8162888957240937,4.220366642607802e-74,0.17276197655747702,0.5028669914456185,4.305096395695305e-12,0.9191617651416544,0.3419530308903888,1.126147813194153,-0.06628882108751066,-1.486118433529641,6.764935618915588e-72,0.14218910708096535,0.2758216458610702,8.921412094578574e-07,0.2645421369798675,0.541462494118619,6.669366246313045e-08,0.07551641699987349,-0.46984552665038615,2.445216547741083e-53,-0.07682615340889828,-2.628325873845963,5.866101975675344e-75,0.15372305061787908,0.29205585346375157,0.010687360291562585,0.15069246251924048,0.3392869548674893,1.5897437190237769,0.37282311631026543,0.5978498386362155,4.798982347730639,0.08334285084383984,0.12447387213543062,1.1137639392099355e-21,0.016386281481141282,-0.3233315131593295,1.5336610783798353e-43,0.014749863952439365,-1.0289585738416778,3.2826691813350444e-47,-0.06735415801357533,-1.8630616820315775,3.148829354038091e-65,-0.06140549948451154,-2.036493661202458,6.425693180529401e-63,-0.06789989344275141,-1.0125641557238674,1.779152301501056e-62,0.12469312736143728,0.18820780943606366,2.71395254341181e-32
97,0.06824178758650229,-0.8456527823618988,1.1265113469705808e-09,0.07122681906104451,-0.7924578150469693,1.4919616433615586e-09,0.11284512576294425,-0.6382742673888652,0.0009424208980536484,0.0010028207910962178,-1.3330895560386018,5.114276770564795e-22,0.14187301370879907,-0.4121081705545864,2.702411268171748,0.031348260180439305,-1.007253662605517,3.199218134451017e-25,0.5905077274032879,0.21680121945220066,1.226646545334655,0.18243248072218693,-0.32674971369132105,0.46057661654125653,0.14600163696671137,-0.2259861667294179,4.179871291510929e-08,0.3985214559134996,0.4439700170059511,2.4211480913557963,-0.020378077615931398,-0.4975080538743673,5.399285046335738e-25,-0.043578173001999065,-1.2428297797557184,5.10299600447149e-27,0.1639415900208988,0.4258697848881327,2.830763519630091,0.16091644197693836,0.27029482584997355,7.998286868536768e-05,0.06217959541833179,-0.04625052047182302,3.5399504985205716e-16,0.13021403944914567,0.21474227463185208,0.02588243945157088,0.14337174279654188,-0.21774119897267144,6.441643795347728e-10,0.22135604188208574,0.368119034290168,3.7641465674234182,0.4523602044511558,0.21933883074913652,1.6142603694578967,0.15921641978248863,0.2900343471338206,1.370400586777403e-05,0.046081935942262064,-0.8456527823618988,3.656406983533069e-25,0.0433164023476231,-0.7924578150469693,1.1707934363306385e-26,0.08341256887322226,-0.6382742673888652,3.4922261779418927e-19,-0.029807379074789697,-1.3330895560386018,2.3390346155575204e-49,0.10919648296730099,-0.4121081705545864,1.1122387230017365e-08,-0.039990669361762834,-1.007253662605517,7.095193469567699e-51,0.15094342781863915,0.21680121945220066,2.009836042454002e-05,0.09853468971407128,-0.32674971369132105,9.224654157728461e-25,0.08303765584062296,-0.2259861667294179,7.354263799768868e-21,0.22882885330459693,0.4439700170059511,0.46207201750145654,-0.007202453626380528,-0.4975080538743673,7.217063935256373e-49,-0.02906517791583753,-1.2428297797557184,1.666226768555237e-51,0.2342948011942551,0.4258697848881327,2.866244817107561,0.2169073746165409,0.27029482584997355,1.0875441712423914e-07,0.10065612652315795,-0.04625052047182302,4.45458442878491e-30,0.17222057804652469,0.21474227463185208,0.00026081958756911014,0.13655251378982383,-0.21774119897267144,2.1060502917392778e-20,0.23260883112318786,0.368119034290168,3.265417806809668,0.46198932216187844,0.21933883074913652,1.6550081450876348,0.1554282485696443,0.2900343471338206,4.019947751835818e-12
98,0.20096862817559166,0.5574275994198277,4.032113310407439,-0.10471197467544366,-0.7039666105276591,8.907018516513205e-22,-0.11247685474803035,-1.1985581934690717,5.114826593816659e-21,0.17200437594813486,0.4718221795499971,0.03911756717574912,-0.1372229577181243,-2.0883828749927553,1.4700438542553946e-17,-0.1416854170827248,-1.6708879339365428,1.0535368077995987e-16,0.17547661366871053,0.5631557860995956,0.3063070425511347,-0.1613231122858712,-3.065988113806801,7.564146551524638e-13,0.17387835152470008,0.4364718120922735,4.162600889826741,0.20653527845683078,0.5157697464399654,3.1184316725237258,0.16702168739788617,0.5333502433715749,1.4987871781738187,0.15914746144141884,0.3669625804943425,3.472283319452004e-13,-0.0014391869152006187,-0.5257420204762611,2.6885775795116792e-34,-0.04778516540112641,-2.362720738067033,1.4232015497113036e-42,-0.02254101182930185,-1.2556155820249373,3.599645930821446e-43,0.0585651447400591,-0.9353416873259175,4.9336022337223934e-42,0.4258944681226621,0.6434749148621639,4.784584420375145,-0.0996348863451938,-1.608052367017674,5.064982939098981e-36,-0.02166358717459463,-0.977505947930955,2.1342699134521727e-40,0.9473930461669862,0.5079578866505289,0.9412451022236586,0.2886286515773988,0.5574275994198277,2.2285833220258597,-0.09707453189192451,-0.7039666105276591,7.10219134918489e-55,-0.1234045209900777,-1.1985581934690717,3.299877032122243e-55,0.17532646412543781,0.4718221795499971,9.378479581146037e-10,-0.1424342349190088,-2.0883828749927553,1.2812025326545962e-52,-0.13659357176246278,-1.6708879339365428,4.2939508128198346e-52,0.24225303996858247,0.5631557860995956,2.1537781112482443e-07,-0.15668578816819592,-3.065988113806801,1.8830442098015602e-48,0.14936843738280484,0.4364718120922735,0.08488722097281554,0.23335678395663384,0.5157697464399654,0.5582041231543031,0.17489790594107538,0.5333502433715749,9.560770439367417e-13,0.13787173510819437,0.3669625804943425,1.346443378595238e-32,-0.08497918658118525,-0.5257420204762611,3.765356585147051e-66,-0.14904295724282185,-2.362720738067033,1.2389637830049607e-77,-0.12201055057499499,-1.2556155820249373,8.709942743508676e-77,-0.10561257826970785,-0.9353416873259175,1.6007161184621456e-74,0.39853800468938944,0.6434749148621639,3.6047855840781535,-0.13840429925553685,-1.608052367017674,6.188096981371256e-71,-0.11132016705706954,-0.977505947930955,1.813392770619595e-73,0.18793099263730145,0.5079578866505289,4.143526636162866
99,0.14746827821202083,0.06462010320458497,2.7959448546611307,0.03287429329374991,-1.600846047903275,2.8036492720005796e-43,0.048509362496957406,-0.7626498343163024,1.5981330235504073e-08,0.1487245296754877,-0.1722328955170384,1.138594581614022e-13,0.14806559536423944,-0.22801175677007252,0.09908059690728267,1.4811421255287054,0.5856690433988447,1.5530724768178354,1.1483435838323754,0.5208181931485584,0.33680806524691,0.12674042876212988,-0.6791802149256345,1.4728131852172582e-33,-0.03426622277563758,-2.2697337512711724,2.0169013368050455e-35,-0.07083184708002385,-2.6510327111078773,1.923937231626615e-37,0.29219973422241097,0.5432400090433883,4.495007265598387,0.16835904315793104,0.40184562655774686,2.1793870807753057,-0.12901292045308704,-1.5236099761561341,5.0441964164685754e-33,0.31769955418385776,0.5444523157633534,0.6742177532667809,0.1724062365074632,0.5447618273618616,2.659873699943565,-0.004614299549966588,-0.7626961085125895,8.505698930469149e-26,-0.05778000205674293,-0.7984702648683024,5.662558149294313e-29,0.17582460310627496,0.5471125648977144,3.8162574245487114e-08,0.11709596542211918,-0.2634343463292313,1.5081555236222097e-15,0.1577684379987186,-0.39180025884754216,1.8759189427760764e-08,0.15657836535615666,0.06462010320458497,6.399204101548924e-11,-0.13520655369753393,-1.600846047903275,1.919564797714873e-69,0.042598290633776695,-0.7626498343163024,3.8491358390631574e-22,0.05191830836153796,-0.1722328955170384,6.356472735597986e-33,0.05813067998838754,-0.22801175677007252,6.792106810761048e-16,0.22923181596732808,0.5856690433988447,8.483246044869471,0.13258295464027073,0.5208181931485584,9.426803967740012e-06,-0.06914735325294376,-0.6791802149256345,9.585097842668631e-61,-0.15106094395325953,-2.2697337512711724,1.0108051428942194e-59,-0.10982543341501677,-2.6510327111078773,5.310144084992813e-65,0.1859185850300509,0.5432400090433883,0.190008945173929,0.3054978855434619,0.40184562655774686,1.6830686142795273,-0.1120648331427663,-1.5236099761561341,1.2611503720870882e-59,0.17054460473519525,0.5444523157633534,0.028402116030535895,0.17536200185431408,0.5447618273618616,2.4406889810579805e-08,-0.04761758436580342,-0.7626961085125895,1.3280426443312913e-50,-0.05913646587970994,-0.7984702648683024,8.609846041620734e-56,0.12482647648149472,0.5471125648977144,6.81457141246022e-19,0.02104630261512018,-0.2634343463292313,5.706067004916285e-31,0.07417080558453194,-0.39180025884754216,2.642392047234995e-18
