Seed,Community_CUE,Dominant_Species,Similarity,Species_ID,Species_CUE,Equilibrium_Abundance
50,-1.7964882203020613e-10,58,0.7558579877463822,1,-0.00038891497751135465,5.8160127457068634e-05
50,-1.7964882203020613e-10,58,0.7558579877463822,2,-9.282207212193354e-06,0.7880705847685209
50,-1.7964882203020613e-10,58,0.7558579877463822,3,-3.100484847900344e-05,0.7202728252275836
50,-1.7964882203020613e-10,58,0.7558579877463822,4,-0.0003123730196919903,0.00018552827370826888
50,-1.7964882203020613e-10,58,0.7558579877463822,5,-3.984177181917248e-06,3.9387669051207257
50,-1.7964882203020613e-10,58,0.7558579877463822,6,-0.0004992995334510159,5.81026948903829e-07
50,-1.7964882203020613e-10,58,0.7558579877463822,7,-0.0004046643254312753,0.0003530381296676857
50,-1.7964882203020613e-10,58,0.7558579877463822,8,-5.156864105291845e-05,0.08703458355730671
50,-1.7964882203020613e-10,58,0.7558579877463822,9,-0.00015338336779268275,0.015109117576688744
50,-1.7964882203020613e-10,58,0.7558579877463822,10,-4.477287854058803e-05,0.03833595308244103
50,-1.7964882203020613e-10,58,0.7558579877463822,11,-0.0003839020562914959,3.827525816425665e-05
50,-1.7964882203020613e-10,58,0.7558579877463822,12,-0.00012607010440214737,0.06757108436336944
50,-1.7964882203020613e-10,58,0.7558579877463822,13,-0.00022233014662433994,0.0014421584942391319
50,-1.7964882203020613e-10,58,0.7558579877463822,14,-0.00016563435344113666,0.0034543015821488347
50,-1.7964882203020613e-10,58,0.7558579877463822,15,-3.035846280099959e-06,4.923453425635147
50,-1.7964882203020613e-10,58,0.7558579877463822,16,-5.998904226247411e-05,0.12104619402268674
50,-1.7964882203020613e-10,58,0.7558579877463822,17,-1.431901961277497e-07,1.2708753231685843
50,-1.7964882203020613e-10,58,0.7558579877463822,18,7.908018070471822e-06,4.4498043824621965
50,-1.7964882203020613e-10,58,0.7558579877463822,19,-0.00044460987885763456,5.448467141274904e-06
50,-1.7964882203020613e-10,58,0.7558579877463822,20,-8.00371192406064e-06,1.5934791481484643
50,-1.7964882203020613e-10,58,0.7558579877463822,21,3.2330083182382197e-06,5.9978421577359455
50,-1.7964882203020613e-10,58,0.7558579877463822,22,9.656229553409364e-06,2.756962186393948
50,-1.7964882203020613e-10,58,0.7558579877463822,23,-0.00039369021824515413,0.00012042896158898522
50,-1.7964882203020613e-10,58,0.7558579877463822,24,-1.1776944410110293e-05,2.0016997892719735
50,-1.7964882203020613e-10,58,0.7558579877463822,25,-3.565365614173907e-06,2.259953565640885
50,-1.7964882203020613e-10,58,0.7558579877463822,26,-0.0003762849571692728,1.391748582272232e-05
50,-1.7964882203020613e-10,58,0.7558579877463822,27,7.184286698667186e-06,2.378111372166412
50,-1.7964882203020613e-10,58,0.7558579877463822,28,-8.595740931150923e-07,8.448358169115448
50,-1.7964882203020613e-10,58,0.7558579877463822,29,-0.00012472058770842114,0.005723345637370149
50,-1.7964882203020613e-10,58,0.7558579877463822,30,9.446228191971032e-06,4.2462194738378685
50,-1.7964882203020613e-10,58,0.7558579877463822,31,-1.9284554789596933e-05,0.7826282862797654
50,-1.7964882203020613e-10,58,0.7558579877463822,32,-6.482877114882048e-05,0.3012283472380758
50,-1.7964882203020613e-10,58,0.7558579877463822,33,-0.00043533107028036384,7.09246724052307e-07
50,-1.7964882203020613e-10,58,0.7558579877463822,34,-4.909627440520461e-05,0.2955168953086563
50,-1.7964882203020613e-10,58,0.7558579877463822,35,-0.00019517707078420352,0.02684158723252663
50,-1.7964882203020613e-10,58,0.7558579877463822,36,-0.0006764791284083548,9.921811293973909e-09
50,-1.7964882203020613e-10,58,0.7558579877463822,37,1.2398977294772724e-05,2.2848301767410395
50,-1.7964882203020613e-10,58,0.7558579877463822,38,-0.00037529324093485417,8.040396439660631e-06
50,-1.7964882203020613e-10,58,0.7558579877463822,39,-8.118686749515729e-06,0.98874469003193
50,-1.7964882203020613e-10,58,0.7558579877463822,40,5.050102410133243e-06,4.145554514497954
50,-1.7964882203020613e-10,58,0.7558579877463822,41,-2.4992685823988228e-05,1.1513451475851428
50,-1.7964882203020613e-10,58,0.7558579877463822,42,-4.8067792513026556e-06,2.0984313617039265
50,-1.7964882203020613e-10,58,0.7558579877463822,43,3.3469653386766406e-06,4.614520773000716
50,-1.7964882203020613e-10,58,0.7558579877463822,44,-3.919796696718922e-05,0.7398208990620849
50,-1.7964882203020613e-10,58,0.7558579877463822,45,-0.0001958259910372697,0.002082779843824622
50,-1.7964882203020613e-10,58,0.7558579877463822,46,2.948013377759642e-06,6.175389732401412
50,-1.7964882203020613e-10,58,0.7558579877463822,47,1.6873585988853253e-07,9.322048757028186
50,-1.7964882203020613e-10,58,0.7558579877463822,48,-0.0004321336723131373,0.00015071984627337834
50,-1.7964882203020613e-10,58,0.7558579877463822,49,-4.354930759081084e-05,0.07925032506032421
50,-1.7964882203020613e-10,58,0.7558579877463822,50,-0.0007557732988329553,-1.0406755299352991e-10
50,-1.7964882203020613e-10,58,0.7558579877463822,51,-0.000599423531101572,1.6179413423891535e-08
50,-1.7964882203020613e-10,58,0.7558579877463822,52,-6.690290265126599e-05,0.2586155286426194
50,-1.7964882203020613e-10,58,0.7558579877463822,53,-0.00037021366714877306,1.946931265539456e-05
50,-1.7964882203020613e-10,58,0.7558579877463822,54,-7.567781717940664e-05,0.07341385287867169
50,-1.7964882203020613e-10,58,0.7558579877463822,55,5.2952152075804415e-06,3.0016734228919173
50,-1.7964882203020613e-10,58,0.7558579877463822,56,-1.5667253738889215e-05,0.3499306365942987
50,-1.7964882203020613e-10,58,0.7558579877463822,57,-0.0003274035015919624,0.00023441525511496165
50,-1.7964882203020613e-10,58,0.7558579877463822,58,-1.017835621473874e-06,1.2062362492103909
50,-1.7964882203020613e-10,58,0.7558579877463822,59,2.233160148042656e-06,9.33274750455599
50,-1.7964882203020613e-10,58,0.7558579877463822,60,-0.00031115466734577213,3.7365232538083304e-05
50,-1.7964882203020613e-10,58,0.7558579877463822,61,-0.00017103311794517084,0.0027446660375677126
50,-1.7964882203020613e-10,58,0.7558579877463822,62,-0.00044041447464407424,2.50774924590387e-06
50,-1.7964882203020613e-10,58,0.7558579877463822,63,-0.00017457787577749965,0.0236198854513507
50,-1.7964882203020613e-10,58,0.7558579877463822,64,-0.0005917022983105075,6.227590533313368e-08
50,-1.7964882203020613e-10,58,0.7558579877463822,65,2.2885010727944864e-05,1.3823931878189148
50,-1.7964882203020613e-10,58,0.7558579877463822,66,-0.00034106865802962003,2.226653069873195e-05
50,-1.7964882203020613e-10,58,0.7558579877463822,67,-6.790051240540299e-06,1.5126065071326655
50,-1.7964882203020613e-10,58,0.7558579877463822,68,-4.7363495011530105e-05,0.4327715506202475
50,-1.7964882203020613e-10,58,0.7558579877463822,69,7.418360430856731e-06,1.382478438321062
50,-1.7964882203020613e-10,58,0.7558579877463822,70,-1.2141943789019926e-06,5.219324841890193
50,-1.7964882203020613e-10,58,0.7558579877463822,71,-0.00021761998625541604,0.0021710079982157535
50,-1.7964882203020613e-10,58,0.7558579877463822,72,-1.1834511893277334e-05,0.8286874435699116
50,-1.7964882203020613e-10,58,0.7558579877463822,73,-0.00011785190075471522,0.1189144964773971
50,-1.7964882203020613e-10,58,0.7558579877463822,74,1.7324846631756724e-06,3.8166338540775504
50,-1.7964882203020613e-10,58,0.7558579877463822,75,-4.417993678279864e-06,4.376418559477707
50,-1.7964882203020613e-10,58,0.7558579877463822,76,7.715699800990782e-08,3.51000977855038
50,-1.7964882203020613e-10,58,0.7558579877463822,77,3.0574718397030835e-06,6.186302288437419
50,-1.7964882203020613e-10,58,0.7558579877463822,78,-0.0004996812551780834,5.876562241457484e-08
50,-1.7964882203020613e-10,58,0.7558579877463822,79,-6.206906053133227e-07,1.2547563686358367
50,-1.7964882203020613e-10,58,0.7558579877463822,80,-2.2350177746289843e-06,1.9839913382439267
50,-1.7964882203020613e-10,58,0.7558579877463822,81,2.7056303530885245e-06,2.402440163257501
50,-1.7964882203020613e-10,58,0.7558579877463822,82,-0.0012221306950225273,8.573482587681306e-12
50,-1.7964882203020613e-10,58,0.7558579877463822,83,-0.00030810693664271065,0.0003951292293491173
50,-1.7964882203020613e-10,58,0.7558579877463822,84,9.511075777901861e-06,1.7795639812490025
50,-1.7964882203020613e-10,58,0.7558579877463822,85,1.1327056683168992e-05,3.362932836889015
50,-1.7964882203020613e-10,58,0.7558579877463822,86,-0.0004340047654851781,5.105723888384883e-06
50,-1.7964882203020613e-10,58,0.7558579877463822,87,1.3252073082449468e-06,3.2091919553939796
50,-1.7964882203020613e-10,58,0.7558579877463822,88,-5.536557262048192e-05,0.2451960743020505
50,-1.7964882203020613e-10,58,0.7558579877463822,89,2.970160922251422e-06,1.1356424009396349
50,-1.7964882203020613e-10,58,0.7558579877463822,90,-5.9382952102571454e-05,0.3100459693058102
50,-1.7964882203020613e-10,58,0.7558579877463822,91,-0.00021151063013326736,0.0013573811852384218
50,-1.7964882203020613e-10,58,0.7558579877463822,92,-0.00033911353971519456,0.0002618216251109801
50,-1.7964882203020613e-10,58,0.7558579877463822,93,-6.799515279540121e-06,0.8891126556964309
50,-1.7964882203020613e-10,58,0.7558579877463822,94,2.2305791187418628e-05,1.715078160856257
50,-1.7964882203020613e-10,58,0.7558579877463822,95,3.6681802917735283e-06,2.804867822610401
50,-1.7964882203020613e-10,58,0.7558579877463822,96,-2.3998347341773236e-05,0.5058795941463528
50,-1.7964882203020613e-10,58,0.7558579877463822,97,-0.0006967944713732414,1.2378712594023295e-08
50,-1.7964882203020613e-10,58,0.7558579877463822,98,-0.00026523230011410594,0.00010376551156341735
50,-1.7964882203020613e-10,58,0.7558579877463822,99,-0.00023066504265577723,0.00015350425317420187
50,-1.7964882203020613e-10,58,0.7558579877463822,100,-0.0001976414470073911,0.007964461984969686
51,-1.408528492357424e-10,45,0.7500098533415752,1,2.853837736127068e-06,6.697695426621479
51,-1.408528492357424e-10,45,0.7500098533415752,2,-0.0005527998685408595,1.9470463593297846e-05
51,-1.408528492357424e-10,45,0.7500098533415752,3,1.1368973950765983e-05,3.539597386043034
51,-1.408528492357424e-10,45,0.7500098533415752,4,-4.379406551672513e-06,5.734521974040789
51,-1.408528492357424e-10,45,0.7500098533415752,5,-0.0002808771740977691,0.00045113816266553167
51,-1.408528492357424e-10,45,0.7500098533415752,6,-0.00040890543938312433,7.065791355144379e-05
51,-1.408528492357424e-10,45,0.7500098533415752,7,-4.044833396672972e-05,0.11921982833080128
51,-1.408528492357424e-10,45,0.7500098533415752,8,6.711653636699203e-06,4.2560237341906975
51,-1.408528492357424e-10,45,0.7500098533415752,9,6.79243960233738e-07,0.1618473134263894
51,-1.408528492357424e-10,45,0.7500098533415752,10,-1.5780472621687838e-07,4.580728314838589
51,-1.408528492357424e-10,45,0.7500098533415752,11,2.0757204287822903e-06,2.765770620453495
51,-1.408528492357424e-10,45,0.7500098533415752,12,5.863149485911308e-06,1.8570627927290424
51,-1.408528492357424e-10,45,0.7500098533415752,13,2.2095329158547637e-06,1.6465269256025856
51,-1.408528492357424e-10,45,0.7500098533415752,14,-1.6118287326157157e-05,0.5130312316067608
51,-1.408528492357424e-10,45,0.7500098533415752,15,-3.4757535359675487e-06,1.3169069183795545
51,-1.408528492357424e-10,45,0.7500098533415752,16,-9.382156602454082e-05,0.008045538193583036
51,-1.408528492357424e-10,45,0.7500098533415752,17,-0.0006582825533260533,6.179277280933062e-09
51,-1.408528492357424e-10,45,0.7500098533415752,18,-0.000684050723034896,8.328681162265298e-09
51,-1.408528492357424e-10,45,0.7500098533415752,19,4.757357352032391e-06,6.30461650274357
51,-1.408528492357424e-10,45,0.7500098533415752,20,-0.00038756298914054994,2.0497228699829877e-05
51,-1.408528492357424e-10,45,0.7500098533415752,21,-3.798803001456355e-05,0.20364641406763878
51,-1.408528492357424e-10,45,0.7500098533415752,22,-0.00023955552074807372,0.0038753766843859856
51,-1.408528492357424e-10,45,0.7500098533415752,23,-0.0004768928846706531,4.691219279065083e-07
51,-1.408528492357424e-10,45,0.7500098533415752,24,-0.0005350003318481685,3.080203303563542e-08
51,-1.408528492357424e-10,45,0.7500098533415752,25,-0.00011838480020396465,0.031591470226984844
51,-1.408528492357424e-10,45,0.7500098533415752,26,-2.1660352027013448e-05,0.6490734832549926
51,-1.408528492357424e-10,45,0.7500098533415752,27,-0.00026525190846949216,0.0015700781523309902
51,-1.408528492357424e-10,45,0.7500098533415752,28,-0.0003884301387034893,0.0010534955472646067
51,-1.408528492357424e-10,45,0.7500098533415752,29,-0.00014623551409838573,0.17407907067114173
51,-1.408528492357424e-10,45,0.7500098533415752,30,-0.0002892318084245627,0.0002996072881863019
51,-1.408528492357424e-10,45,0.7500098533415752,31,-2.332571785348538e-05,0.7995009070101249
51,-1.408528492357424e-10,45,0.7500098533415752,32,-2.734864333445181e-05,0.33922621562990607
51,-1.408528492357424e-10,45,0.7500098533415752,33,-0.0005295898862633019,1.3481052966469917e-06
51,-1.408528492357424e-10,45,0.7500098533415752,34,9.882366503380775e-08,7.5550948478774185
51,-1.408528492357424e-10,45,0.7500098533415752,35,-0.0003858354989390639,9.122909788719525e-06
51,-1.408528492357424e-10,45,0.7500098533415752,36,-0.0012198700202733974,1.0010159963884553e-10
51,-1.408528492357424e-10,45,0.7500098533415752,37,3.9348778364636505e-06,3.2722602643974747
51,-1.408528492357424e-10,45,0.7500098533415752,38,1.4260453092384952e-06,2.1016880883365534
51,-1.408528492357424e-10,45,0.7500098533415752,39,1.6999156518206556e-05,2.2518142799401715
51,-1.408528492357424e-10,45,0.7500098533415752,40,-0.00032162038567345487,0.0034314525964189175
51,-1.408528492357424e-10,45,0.7500098533415752,41,-3.398364972047377e-05,0.5797195152284451
51,-1.408528492357424e-10,45,0.7500098533415752,42,5.15315223765819e-06,2.2759797978743976
51,-1.408528492357424e-10,45,0.7500098533415752,43,-8.100875916939545e-05,0.40016472367033334
51,-1.408528492357424e-10,45,0.7500098533415752,44,-0.00018582322496648628,0.00915013833919012
51,-1.408528492357424e-10,45,0.7500098533415752,45,-7.416907886601603e-06,2.4557350492785384
51,-1.408528492357424e-10,45,0.7500098533415752,46,3.1414604168057938e-06,8.822029576382551
51,-1.408528492357424e-10,45,0.7500098533415752,47,-0.0005799647752914658,5.390523699388907e-08
51,-1.408528492357424e-10,45,0.7500098533415752,48,4.0891659335500096e-06,0.8418830925210752
51,-1.408528492357424e-10,45,0.7500098533415752,49,-0.00018055356138678557,0.008631189218842504
51,-1.408528492357424e-10,45,0.7500098533415752,50,5.761147092491693e-06,2.281611902688982
51,-1.408528492357424e-10,45,0.7500098533415752,51,-4.709360540685081e-05,0.13296910303708864
51,-1.408528492357424e-10,45,0.7500098533415752,52,4.5631045327382817e-07,5.413921620651886
51,-1.408528492357424e-10,45,0.7500098533415752,53,-8.093103728865962e-05,0.03947280203322384
51,-1.408528492357424e-10,45,0.7500098533415752,54,-3.3045505451327218e-06,2.0484833833731835
51,-1.408528492357424e-10,45,0.7500098533415752,55,-0.00038684020532193947,9.815329944513422e-06
51,-1.408528492357424e-10,45,0.7500098533415752,56,2.8845731755662327e-06,2.7512455113560885
51,-1.408528492357424e-10,45,0.7500098533415752,57,-4.233570434920346e-06,0.8342055139349583
51,-1.408528492357424e-10,45,0.7500098533415752,58,-0.0005609244345750206,1.847182394132394e-06
51,-1.408528492357424e-10,45,0.7500098533415752,59,-1.479983176316444e-05,0.27961797781116876
51,-1.408528492357424e-10,45,0.7500098533415752,60,6.019831309563521e-06,3.1087098055970723
51,-1.408528492357424e-10,45,0.7500098533415752,61,-3.6762034595047067e-06,1.3619040256237511
51,-1.408528492357424e-10,45,0.7500098533415752,62,-1.7255411625671902e-05,0.7064313902693935
51,-1.408528492357424e-10,45,0.7500098533415752,63,-3.224148732588378e-06,2.578217870954453
51,-1.408528492357424e-10,45,0.7500098533415752,64,8.421466533904563e-06,2.599906059115016
51,-1.408528492357424e-10,45,0.7500098533415752,65,-1.1650226325395354e-06,2.778423152604359
51,-1.408528492357424e-10,45,0.7500098533415752,66,-0.0006448686424224633,2.376442090343795e-07
51,-1.408528492357424e-10,45,0.7500098533415752,67,-1.1279544754683083e-05,0.7623950062824291
51,-1.408528492357424e-10,45,0.7500098533415752,68,-2.66649858373929e-05,0.43065421833925144
51,-1.408528492357424e-10,45,0.7500098533415752,69,-0.0004861871583355647,3.060967383118853e-05
51,-1.408528492357424e-10,45,0.7500098533415752,70,5.117080218313567e-07,2.1568546307366625
51,-1.408528492357424e-10,45,0.7500098533415752,71,-1.2822277218860188e-06,1.7731666577743137
51,-1.408528492357424e-10,45,0.7500098533415752,72,-0.00034776318507489596,0.0006138410977973028
51,-1.408528492357424e-10,45,0.7500098533415752,73,-0.0002082751855424687,0.01170341882975635
51,-1.408528492357424e-10,45,0.7500098533415752,74,-3.0357886740916827e-05,0.8049071878668062
51,-1.408528492357424e-10,45,0.7500098533415752,75,-0.0006614843183253095,8.566486205073502e-10
51,-1.408528492357424e-10,45,0.7500098533415752,76,-0.0002713497828397622,0.00024089445374321335
51,-1.408528492357424e-10,45,0.7500098533415752,77,-9.057748646888816e-07,0.2797607350030468
51,-1.408528492357424e-10,45,0.7500098533415752,78,8.431356904003053e-07,5.801219159836521
51,-1.408528492357424e-10,45,0.7500098533415752,79,-0.0005597007235548107,3.9884256685053345e-08
51,-1.408528492357424e-10,45,0.7500098533415752,80,-3.8039698069302415e-06,5.372810489749412
51,-1.408528492357424e-10,45,0.7500098533415752,81,-0.0005306640148828545,1.1990954078639474e-06
51,-1.408528492357424e-10,45,0.7500098533415752,82,-0.00023098139440710482,0.0008312314350364196
51,-1.408528492357424e-10,45,0.7500098533415752,83,-0.0005128777830904769,7.10740921240786e-07
51,-1.408528492357424e-10,45,0.7500098533415752,84,6.20062829210809e-07,1.5679283232934837
51,-1.408528492357424e-10,45,0.7500098533415752,85,-0.00047793322625658296,8.096200839127367e-07
51,-1.408528492357424e-10,45,0.7500098533415752,86,-0.00011974544708805015,0.018905664793084413
51,-1.408528492357424e-10,45,0.7500098533415752,87,-4.165480251551956e-06,3.1948190645853454
51,-1.408528492357424e-10,45,0.7500098533415752,88,-0.00021211654924008127,0.003405297625062792
51,-1.408528492357424e-10,45,0.7500098533415752,89,1.0077781432998894e-05,0.11462043072944647
51,-1.408528492357424e-10,45,0.7500098533415752,90,-0.0007456834450445438,2.101041663690651e-09
51,-1.408528492357424e-10,45,0.7500098533415752,91,-4.810519213305387e-06,1.9572773922151683
51,-1.408528492357424e-10,45,0.7500098533415752,92,2.4287563391088734e-06,3.13943852450245
51,-1.408528492357424e-10,45,0.7500098533415752,93,-4.245643924086139e-06,2.459454802228183
51,-1.408528492357424e-10,45,0.7500098533415752,94,1.3082560421058253e-05,1.943236671096756
51,-1.408528492357424e-10,45,0.7500098533415752,95,-0.00025563777545606543,0.0007843939199025115
51,-1.408528492357424e-10,45,0.7500098533415752,96,-1.0365091067779588e-06,2.8040676431453972
51,-1.408528492357424e-10,45,0.7500098533415752,97,7.740683723784376e-07,4.993133659666412
51,-1.408528492357424e-10,45,0.7500098533415752,98,-0.0007648438451192828,5.412522422812742e-10
51,-1.408528492357424e-10,45,0.7500098533415752,99,3.5008341739868304e-06,4.956679468234698
51,-1.408528492357424e-10,45,0.7500098533415752,100,-0.00021090298330234648,0.0020747358522954927
52,1.138936017015051e-09,38,0.749938957666766,1,9.048477160734905e-06,4.54661996020575
52,1.138936017015051e-09,38,0.749938957666766,2,-1.4303929371849686e-05,1.0351922874906818
52,1.138936017015051e-09,38,0.749938957666766,3,8.661881834954233e-06,1.2358308740569113
52,1.138936017015051e-09,38,0.749938957666766,4,-4.341124966927706e-05,0.06197038142334111
52,1.138936017015051e-09,38,0.749938957666766,5,-4.255431810252241e-05,0.1247996735365162
52,1.138936017015051e-09,38,0.749938957666766,6,-2.1504441055737733e-06,1.6342009477705095
52,1.138936017015051e-09,38,0.749938957666766,7,-1.3461680054203868e-05,0.6814485239091338
52,1.138936017015051e-09,38,0.749938957666766,8,9.01587023734237e-06,2.0777055960589674
52,1.138936017015051e-09,38,0.749938957666766,9,-1.591788541499768e-05,0.6175678692961195
52,1.138936017015051e-09,38,0.749938957666766,10,4.8874213162039094e-06,1.1713116049472172
52,1.138936017015051e-09,38,0.749938957666766,11,-2.3184682591529253e-05,0.5383760291139487
52,1.138936017015051e-09,38,0.749938957666766,12,-6.828476875077401e-06,0.6004964789165921
52,1.138936017015051e-09,38,0.749938957666766,13,-2.1188468008471103e-05,0.7908181508641111
52,1.138936017015051e-09,38,0.749938957666766,14,4.06035672679898e-06,2.383597697222405
52,1.138936017015051e-09,38,0.749938957666766,15,-1.0082296094578915e-05,1.5711360107075192
52,1.138936017015051e-09,38,0.749938957666766,16,5.1934686171591375e-06,0.5825130658210738
52,1.138936017015051e-09,38,0.749938957666766,17,5.686019962503792e-06,1.6123886980151203
52,1.138936017015051e-09,38,0.749938957666766,18,-9.182763045434783e-07,1.9983527338022757
52,1.138936017015051e-09,38,0.749938957666766,19,4.895582505490793e-06,1.485227864944996
52,1.138936017015051e-09,38,0.749938957666766,20,3.0688957188805156e-06,5.069719261113625
52,1.138936017015051e-09,38,0.749938957666766,21,-2.3592944739038716e-07,1.945298733472452
52,1.138936017015051e-09,38,0.749938957666766,22,-2.9769576801851713e-05,0.3436390925657064
52,1.138936017015051e-09,38,0.749938957666766,23,1.0766714533604965e-06,5.393658547446626
52,1.138936017015051e-09,38,0.749938957666766,24,-1.8189152740541916e-05,0.45857744047081583
52,1.138936017015051e-09,38,0.749938957666766,25,1.7697713476612734e-06,1.9441767481291625
52,1.138936017015051e-09,38,0.749938957666766,26,1.3402130709525174e-06,0.6175717753638276
52,1.138936017015051e-09,38,0.749938957666766,27,-0.00010460670839706661,0.009960487295035158
52,1.138936017015051e-09,38,0.749938957666766,28,-2.0893388322439164e-05,0.20005435187016085
52,1.138936017015051e-09,38,0.749938957666766,29,-7.327454412676049e-06,0.6622898801794687
52,1.138936017015051e-09,38,0.749938957666766,30,4.365674826340086e-06,0.8822320213703231
52,1.138936017015051e-09,38,0.749938957666766,31,6.815381174147504e-07,0.5014606551380393
52,1.138936017015051e-09,38,0.749938957666766,32,-8.441994059562104e-05,0.0074098084184180376
52,1.138936017015051e-09,38,0.749938957666766,33,5.202126643301847e-06,2.377887668026243
52,1.138936017015051e-09,38,0.749938957666766,34,-9.508668589264879e-06,0.16089952028998153
52,1.138936017015051e-09,38,0.749938957666766,35,-2.457254142799189e-06,0.975295640428463
52,1.138936017015051e-09,38,0.749938957666766,36,-5.422579546223542e-06,2.9722785236980367
52,1.138936017015051e-09,38,0.749938957666766,37,1.0683476542690095e-06,5.939560248389835
52,1.138936017015051e-09,38,0.749938957666766,38,-5.077631575307602e-05,0.06386300378307436
52,1.138936017015051e-09,38,0.749938957666766,39,2.4167409648030466e-06,8.301382250802517
52,1.138936017015051e-09,38,0.749938957666766,40,3.7240001847212986e-06,5.16483789028136
52,1.138936017015051e-09,38,0.749938957666766,41,7.2639404464141885e-06,1.8028335605354513
52,1.138936017015051e-09,38,0.749938957666766,42,-6.6911730371322065e-06,0.8566966589903312
52,1.138936017015051e-09,38,0.749938957666766,43,4.89249749835029e-06,0.3734413452458152
52,1.138936017015051e-09,38,0.749938957666766,44,3.3887166724760547e-06,0.5265926253064429
52,1.138936017015051e-09,38,0.749938957666766,45,-7.311154437477441e-06,0.9564113595768444
52,1.138936017015051e-09,38,0.749938957666766,46,4.268505182026336e-06,0.5866270839589072
52,1.138936017015051e-09,38,0.749938957666766,47,-1.2928137904222229e-05,0.41684741055533275
52,1.138936017015051e-09,38,0.749938957666766,48,6.5691679500023706e-06,1.3179423226746627
52,1.138936017015051e-09,38,0.749938957666766,49,5.505000300317263e-06,1.359459850128802
52,1.138936017015051e-09,38,0.749938957666766,50,1.0317362091899997e-05,1.0550380557556958
52,1.138936017015051e-09,38,0.749938957666766,51,-1.102114005040751e-05,1.0404071179214274
52,1.138936017015051e-09,38,0.749938957666766,52,-5.988337049091842e-06,2.6096994485782905
52,1.138936017015051e-09,38,0.749938957666766,53,4.646230363162782e-06,1.296348096524306
52,1.138936017015051e-09,38,0.749938957666766,54,-5.611371851134482e-05,0.10796493193627879
52,1.138936017015051e-09,38,0.749938957666766,55,-3.427191487017085e-05,0.12009205293658771
52,1.138936017015051e-09,38,0.749938957666766,56,1.1105452354420612e-05,1.2843530218254673
52,1.138936017015051e-09,38,0.749938957666766,57,-3.7480727148853575e-06,1.3915064343346253
52,1.138936017015051e-09,38,0.749938957666766,58,-2.4533151928227554e-05,0.13644059858814378
52,1.138936017015051e-09,38,0.749938957666766,59,3.1098962712445733e-06,1.4165617664871732
52,1.138936017015051e-09,38,0.749938957666766,60,1.539277408997109e-06,0.6877177016735331
52,1.138936017015051e-09,38,0.749938957666766,61,-1.4673475880655091e-05,0.12000203184728125
52,1.138936017015051e-09,38,0.749938957666766,62,4.819039549196359e-06,2.5248270967508866
52,1.138936017015051e-09,38,0.749938957666766,63,-1.0421150447871506e-05,1.8388668396627212
52,1.138936017015051e-09,38,0.749938957666766,64,7.551815492851511e-06,2.884507786376544
52,1.138936017015051e-09,38,0.749938957666766,65,4.260030446643336e-06,1.1497953599281099
52,1.138936017015051e-09,38,0.749938957666766,66,8.125043985678705e-06,1.564784921168611
52,1.138936017015051e-09,38,0.749938957666766,67,-1.1927503299968054e-05,0.6824518098271612
52,1.138936017015051e-09,38,0.749938957666766,68,5.309510637878701e-06,0.6441891624590063
52,1.138936017015051e-09,38,0.749938957666766,69,1.5275824767327828e-06,3.8834959521889405
52,1.138936017015051e-09,38,0.749938957666766,70,4.8246891731389695e-06,1.630673651121539
52,1.138936017015051e-09,38,0.749938957666766,71,-4.554830420913493e-05,0.12528892772696706
52,1.138936017015051e-09,38,0.749938957666766,72,-9.58081297502465e-07,6.2971167111678295
52,1.138936017015051e-09,38,0.749938957666766,73,-2.5032903110916088e-05,0.35804663765777733
52,1.138936017015051e-09,38,0.749938957666766,74,8.871636834613821e-06,0.40245161376883387
52,1.138936017015051e-09,38,0.749938957666766,75,-5.966609045520778e-06,1.8194151279041018
52,1.138936017015051e-09,38,0.749938957666766,76,-1.632462961526062e-07,0.5479204983030558
52,1.138936017015051e-09,38,0.749938957666766,77,1.9711790011951494e-06,0.3624593214451405
52,1.138936017015051e-09,38,0.749938957666766,78,-2.091330098801713e-05,0.20338018919860526
52,1.138936017015051e-09,38,0.749938957666766,79,-5.744981910586704e-06,0.748802240286587
52,1.138936017015051e-09,38,0.749938957666766,80,-5.447184065114165e-05,0.045867399059865414
52,1.138936017015051e-09,38,0.749938957666766,81,1.4280061974460147e-05,0.8645119535817769
52,1.138936017015051e-09,38,0.749938957666766,82,-2.4627636972875593e-07,2.5348728625028096
52,1.138936017015051e-09,38,0.749938957666766,83,4.475171507696562e-06,3.7378451059010107
52,1.138936017015051e-09,38,0.749938957666766,84,-1.9629290317475743e-05,0.21541252409824657
52,1.138936017015051e-09,38,0.749938957666766,85,-5.5590753701452976e-06,0.8410133860144916
52,1.138936017015051e-09,38,0.749938957666766,86,-4.476112722514789e-06,1.7975476149289509
52,1.138936017015051e-09,38,0.749938957666766,87,-9.384282993629953e-06,1.72411258178182
52,1.138936017015051e-09,38,0.749938957666766,88,-4.833021286862844e-06,1.3918087111423256
52,1.138936017015051e-09,38,0.749938957666766,89,4.8900414392972863e-08,1.2535108285620014
52,1.138936017015051e-09,38,0.749938957666766,90,-1.3931399091246911e-05,0.6412712732801614
52,1.138936017015051e-09,38,0.749938957666766,91,5.088295101068804e-06,3.277460631234949
52,1.138936017015051e-09,38,0.749938957666766,92,-7.050999072639393e-05,0.018462727757601795
52,1.138936017015051e-09,38,0.749938957666766,93,-4.286311130910553e-05,0.24811578387925112
52,1.138936017015051e-09,38,0.749938957666766,94,-6.256250266065099e-05,0.2351418628281971
52,1.138936017015051e-09,38,0.749938957666766,95,-9.716395638131817e-06,1.3455910289434008
52,1.138936017015051e-09,38,0.749938957666766,96,8.334213796167268e-06,0.18266939827475173
52,1.138936017015051e-09,38,0.749938957666766,97,5.528677457556994e-07,3.114217070791889
52,1.138936017015051e-09,38,0.749938957666766,98,-8.461387647920456e-06,1.637278260347518
52,1.138936017015051e-09,38,0.749938957666766,99,1.0653604497589246e-06,2.2470137156885124
52,1.138936017015051e-09,38,0.749938957666766,100,-2.994159761067916e-06,0.5231985400705395
53,1.1409371826787991e-10,72,0.7495387590720364,1,4.364720165083336e-06,0.48522643966998164
53,1.1409371826787991e-10,72,0.7495387590720364,2,-1.8685068083163654e-05,0.9435408640642244
53,1.1409371826787991e-10,72,0.7495387590720364,3,-1.8723898104600404e-05,0.4750728594325108
53,1.1409371826787991e-10,72,0.7495387590720364,4,-3.492263213777175e-05,1.0961537634077398
53,1.1409371826787991e-10,72,0.7495387590720364,5,-6.984732587782771e-06,0.9796027757810173
53,1.1409371826787991e-10,72,0.7495387590720364,6,-5.850532312656995e-06,1.9185120073093764
53,1.1409371826787991e-10,72,0.7495387590720364,7,-2.452886440375062e-05,0.9227500202692358
53,1.1409371826787991e-10,72,0.7495387590720364,8,-2.848207546246361e-06,2.5412473759977514
53,1.1409371826787991e-10,72,0.7495387590720364,9,-3.650367362030748e-07,2.915244593762521
53,1.1409371826787991e-10,72,0.7495387590720364,10,-1.7562448728787382e-06,2.30806378046057
53,1.1409371826787991e-10,72,0.7495387590720364,11,-1.1692147834901431e-05,2.6646687978894943
53,1.1409371826787991e-10,72,0.7495387590720364,12,-4.105690006131035e-05,0.447791541573884
53,1.1409371826787991e-10,72,0.7495387590720364,13,-1.1904180210518282e-06,2.3655354013100096
53,1.1409371826787991e-10,72,0.7495387590720364,14,5.21788078737156e-06,3.092222730444718
53,1.1409371826787991e-10,72,0.7495387590720364,15,-3.5859196464194322e-06,0.8977988033917162
53,1.1409371826787991e-10,72,0.7495387590720364,16,-3.4939450460167695e-07,1.0167916362345009
53,1.1409371826787991e-10,72,0.7495387590720364,17,1.4775580545402365e-05,0.6726600453081719
53,1.1409371826787991e-10,72,0.7495387590720364,18,4.29931229168595e-06,2.2286920482648647
53,1.1409371826787991e-10,72,0.7495387590720364,19,-3.5121351263216476e-05,0.24302032871505994
53,1.1409371826787991e-10,72,0.7495387590720364,20,3.8908261499878056e-06,3.660728452074905
53,1.1409371826787991e-10,72,0.7495387590720364,21,-1.0536987933848551e-05,0.49404074068970355
53,1.1409371826787991e-10,72,0.7495387590720364,22,-1.7200955794034347e-05,0.18039013834076711
53,1.1409371826787991e-10,72,0.7495387590720364,23,2.62970140252961e-06,1.707643704233169
53,1.1409371826787991e-10,72,0.7495387590720364,24,5.4524358631730555e-06,3.3985748549898798
53,1.1409371826787991e-10,72,0.7495387590720364,25,-5.7331434914651995e-06,0.3977511134775255
53,1.1409371826787991e-10,72,0.7495387590720364,26,1.1437162048120869e-05,2.8279631633871056
53,1.1409371826787991e-10,72,0.7495387590720364,27,-8.718475261837939e-05,0.06295032561977593
53,1.1409371826787991e-10,72,0.7495387590720364,28,-6.949235352540074e-06,0.42769641883875337
53,1.1409371826787991e-10,72,0.7495387590720364,29,-1.658343857758298e-05,0.22206943834861229
53,1.1409371826787991e-10,72,0.7495387590720364,30,1.1683002430941228e-05,0.7419141698724913
53,1.1409371826787991e-10,72,0.7495387590720364,31,-5.8393404599886235e-06,0.6274409377491451
53,1.1409371826787991e-10,72,0.7495387590720364,32,9.160388038228405e-06,2.4595463593877995
53,1.1409371826787991e-10,72,0.7495387590720364,33,-7.830950500130383e-06,0.8545664123970458
53,1.1409371826787991e-10,72,0.7495387590720364,34,7.098940405094187e-06,4.495660027625965
53,1.1409371826787991e-10,72,0.7495387590720364,35,4.258509937239795e-06,3.704000410453356
53,1.1409371826787991e-10,72,0.7495387590720364,36,2.265131822100573e-06,2.5387701465693344
53,1.1409371826787991e-10,72,0.7495387590720364,37,-1.9592611926089567e-05,0.6545333067932576
53,1.1409371826787991e-10,72,0.7495387590720364,38,-5.6587263387182275e-05,0.26171920241723184
53,1.1409371826787991e-10,72,0.7495387590720364,39,-1.9125966440889787e-05,1.0409715603605996
53,1.1409371826787991e-10,72,0.7495387590720364,40,-2.04179501030548e-05,0.4479444834455759
53,1.1409371826787991e-10,72,0.7495387590720364,41,5.768316905709814e-06,0.8988605573996621
53,1.1409371826787991e-10,72,0.7495387590720364,42,6.26983282994473e-06,2.2219113626324405
53,1.1409371826787991e-10,72,0.7495387590720364,43,3.117141100210272e-06,3.4654817017027963
53,1.1409371826787991e-10,72,0.7495387590720364,44,1.1301604213899707e-06,4.536770228667603
53,1.1409371826787991e-10,72,0.7495387590720364,45,-2.631336103424567e-05,0.28488453674573383
53,1.1409371826787991e-10,72,0.7495387590720364,46,-4.7445415392611026e-05,0.5755840744159656
53,1.1409371826787991e-10,72,0.7495387590720364,47,-3.2122252639063487e-05,0.08022987247751732
53,1.1409371826787991e-10,72,0.7495387590720364,48,-0.00016876159148436221,0.008679985890171344
53,1.1409371826787991e-10,72,0.7495387590720364,49,1.756485974601623e-05,2.3229524057729445
53,1.1409371826787991e-10,72,0.7495387590720364,50,4.298053091040945e-06,2.479835763586436
53,1.1409371826787991e-10,72,0.7495387590720364,51,-9.162412544561616e-05,0.04964602487476909
53,1.1409371826787991e-10,72,0.7495387590720364,52,-5.745879885522758e-06,1.667991029302868
53,1.1409371826787991e-10,72,0.7495387590720364,53,9.0712962716227e-06,4.046688598095701
53,1.1409371826787991e-10,72,0.7495387590720364,54,-1.3254312502449235e-06,1.6926505099560376
53,1.1409371826787991e-10,72,0.7495387590720364,55,5.394791264094993e-06,2.6392756196037523
53,1.1409371826787991e-10,72,0.7495387590720364,56,-1.36788597687573e-05,1.323316468108784
53,1.1409371826787991e-10,72,0.7495387590720364,57,-3.0693119073203614e-05,0.14135539367208216
53,1.1409371826787991e-10,72,0.7495387590720364,58,4.2453232970777965e-06,0.4363333693750376
53,1.1409371826787991e-10,72,0.7495387590720364,59,4.59966782002852e-06,3.8464777411172486
53,1.1409371826787991e-10,72,0.7495387590720364,60,4.227758923636201e-06,1.9649615441321209
53,1.1409371826787991e-10,72,0.7495387590720364,61,-9.262035125897705e-06,0.5087355359770137
53,1.1409371826787991e-10,72,0.7495387590720364,62,9.500111658498154e-06,2.905916218540365
53,1.1409371826787991e-10,72,0.7495387590720364,63,-2.9173661493548837e-06,0.5921520263026465
53,1.1409371826787991e-10,72,0.7495387590720364,64,-1.7928682097356742e-06,2.8023819330557385
53,1.1409371826787991e-10,72,0.7495387590720364,65,8.728833524647443e-06,2.0995796141781615
53,1.1409371826787991e-10,72,0.7495387590720364,66,1.4109896278604962e-06,3.3624184639835
53,1.1409371826787991e-10,72,0.7495387590720364,67,6.6877556000826e-06,0.44019976627481
53,1.1409371826787991e-10,72,0.7495387590720364,68,5.664738233879429e-06,3.270661743017449
53,1.1409371826787991e-10,72,0.7495387590720364,69,-9.354496804630265e-05,0.08171546411645379
53,1.1409371826787991e-10,72,0.7495387590720364,70,-3.793970517703997e-05,0.5992017426318683
53,1.1409371826787991e-10,72,0.7495387590720364,71,-8.073324488289139e-05,0.12284427541301761
53,1.1409371826787991e-10,72,0.7495387590720364,72,-3.248365116523264e-05,1.1051099949747467
53,1.1409371826787991e-10,72,0.7495387590720364,73,5.9796751934923004e-06,4.6188475842444445
53,1.1409371826787991e-10,72,0.7495387590720364,74,-0.00010281489398894852,0.0274050207074434
53,1.1409371826787991e-10,72,0.7495387590720364,75,1.3738492151981294e-05,1.0184694872478206
53,1.1409371826787991e-10,72,0.7495387590720364,76,-4.794928978753907e-06,0.37718596087124534
53,1.1409371826787991e-10,72,0.7495387590720364,77,-1.547536795564208e-05,0.4625250938847322
53,1.1409371826787991e-10,72,0.7495387590720364,78,-1.2382698477515524e-05,0.5197814421878756
53,1.1409371826787991e-10,72,0.7495387590720364,79,6.970809781494892e-06,1.8002327930721223
53,1.1409371826787991e-10,72,0.7495387590720364,80,-2.4649375491819598e-05,0.2921081223127484
53,1.1409371826787991e-10,72,0.7495387590720364,81,-6.082501519127716e-06,0.2893060112599081
53,1.1409371826787991e-10,72,0.7495387590720364,82,-1.9859894262717612e-05,0.09183463986447875
53,1.1409371826787991e-10,72,0.7495387590720364,83,-3.305493470321728e-05,0.27873011754723265
53,1.1409371826787991e-10,72,0.7495387590720364,84,7.310737352064399e-06,1.241407469801185
53,1.1409371826787991e-10,72,0.7495387590720364,85,-2.359189172779713e-06,2.290112011318434
53,1.1409371826787991e-10,72,0.7495387590720364,86,2.8442699298937524e-06,1.753771526077391
53,1.1409371826787991e-10,72,0.7495387590720364,87,-2.9314018701921327e-06,0.8530115615002227
53,1.1409371826787991e-10,72,0.7495387590720364,88,4.041033495512121e-06,0.9987964029750047
53,1.1409371826787991e-10,72,0.7495387590720364,89,3.1898383245305734e-06,2.492496787265983
53,1.1409371826787991e-10,72,0.7495387590720364,90,-2.83162578830992e-05,0.5538063382038256
53,1.1409371826787991e-10,72,0.7495387590720364,91,9.567854028254921e-06,2.160776612411989
53,1.1409371826787991e-10,72,0.7495387590720364,92,-1.6623823786068504e-05,0.8110525037653716
53,1.1409371826787991e-10,72,0.7495387590720364,93,-0.00014892250171151387,0.004676172654439438
53,1.1409371826787991e-10,72,0.7495387590720364,94,1.0026831952922982e-05,1.5173714988068154
53,1.1409371826787991e-10,72,0.7495387590720364,95,-1.031099962926482e-05,1.7415808348769979
53,1.1409371826787991e-10,72,0.7495387590720364,96,-1.6415920984616846e-05,0.8623231369755114
53,1.1409371826787991e-10,72,0.7495387590720364,97,1.4023812937789437e-06,2.819795747986969
53,1.1409371826787991e-10,72,0.7495387590720364,98,-1.8081186306470328e-05,0.09930715888767015
53,1.1409371826787991e-10,72,0.7495387590720364,99,5.516763586687947e-06,1.4184806639029903
53,1.1409371826787991e-10,72,0.7495387590720364,100,-2.7942494361214225e-05,0.35855495021488387
54,-2.087593099445099e-10,56,0.7478952815110588,1,-8.385552744340444e-05,0.1496513594403615
54,-2.087593099445099e-10,56,0.7478952815110588,2,-0.00042745948615000127,5.7735733290143845e-06
54,-2.087593099445099e-10,56,0.7478952815110588,3,-0.00011123975704496062,0.10446714832382768
54,-2.087593099445099e-10,56,0.7478952815110588,4,-2.4228904266904893e-06,6.592411047211299
54,-2.087593099445099e-10,56,0.7478952815110588,5,-2.0890196591175042e-05,0.5331418808377878
54,-2.087593099445099e-10,56,0.7478952815110588,6,-3.017066749003868e-05,0.9043880554409259
54,-2.087593099445099e-10,56,0.7478952815110588,7,-0.0005205642427735194,5.63568539505848e-07
54,-2.087593099445099e-10,56,0.7478952815110588,8,-0.0004433864846289897,3.9058072544300575e-06
54,-2.087593099445099e-10,56,0.7478952815110588,9,-0.00044514904096196086,8.669444484767043e-06
54,-2.087593099445099e-10,56,0.7478952815110588,10,-0.0009621957375496415,-8.809157713640492e-10
54,-2.087593099445099e-10,56,0.7478952815110588,11,-0.0010794239945479559,3.9736516876567337e-10
54,-2.087593099445099e-10,56,0.7478952815110588,12,-0.0002579388829389668,0.0011807363246682976
54,-2.087593099445099e-10,56,0.7478952815110588,13,-5.961500608646204e-05,0.17330858706171462
54,-2.087593099445099e-10,56,0.7478952815110588,14,-5.174398125098935e-05,0.4526893923514707
54,-2.087593099445099e-10,56,0.7478952815110588,15,-2.276583281483937e-05,0.8821072576398942
54,-2.087593099445099e-10,56,0.7478952815110588,16,3.805673328633766e-06,0.22906971791276348
54,-2.087593099445099e-10,56,0.7478952815110588,17,-2.1186143506217533e-05,1.3610735374145193
54,-2.087593099445099e-10,56,0.7478952815110588,18,7.99085189639027e-06,4.2618959195764425
54,-2.087593099445099e-10,56,0.7478952815110588,19,8.315738747167727e-06,3.0887901253132393
54,-2.087593099445099e-10,56,0.7478952815110588,20,-2.913872281293193e-05,0.7035433464695915
54,-2.087593099445099e-10,56,0.7478952815110588,21,6.248745980335928e-07,5.117035968830108
54,-2.087593099445099e-10,56,0.7478952815110588,22,-7.957521570449643e-05,0.28457981464662624
54,-2.087593099445099e-10,56,0.7478952815110588,23,-0.0001779833905576318,0.001717083474509717
54,-2.087593099445099e-10,56,0.7478952815110588,24,4.594571335414421e-06,5.45213583538554
54,-2.087593099445099e-10,56,0.7478952815110588,25,1.0296086879951314e-05,0.9804638586718466
54,-2.087593099445099e-10,56,0.7478952815110588,26,9.002807108150111e-07,0.6577300922897418
54,-2.087593099445099e-10,56,0.7478952815110588,27,-1.8616366726230444e-05,1.4190175322833023
54,-2.087593099445099e-10,56,0.7478952815110588,28,-5.0794318570581825e-06,0.33110833477803997
54,-2.087593099445099e-10,56,0.7478952815110588,29,-9.80260042703829e-06,2.6782342719893046
54,-2.087593099445099e-10,56,0.7478952815110588,30,-0.00038272966641813113,1.4263254236893698e-05
54,-2.087593099445099e-10,56,0.7478952815110588,31,1.1186609075136498e-05,5.705105146020611
54,-2.087593099445099e-10,56,0.7478952815110588,32,-0.0003962217915722672,3.2350024305366043e-06
54,-2.087593099445099e-10,56,0.7478952815110588,33,-0.00013132213387575061,0.04790133482439603
54,-2.087593099445099e-10,56,0.7478952815110588,34,-0.0007795293221834456,2.6766890339521932e-08
54,-2.087593099445099e-10,56,0.7478952815110588,35,6.553647426102727e-07,4.545729219017641
54,-2.087593099445099e-10,56,0.7478952815110588,36,1.0763574140140599e-05,1.915213428703103
54,-2.087593099445099e-10,56,0.7478952815110588,37,6.3963886099998385e-06,3.266275525906647
54,-2.087593099445099e-10,56,0.7478952815110588,38,-3.485383552170187e-05,0.37579734700913553
54,-2.087593099445099e-10,56,0.7478952815110588,39,-3.104741844597441e-06,1.3832362459010092
54,-2.087593099445099e-10,56,0.7478952815110588,40,9.366690531461826e-06,4.3956193262327625
54,-2.087593099445099e-10,56,0.7478952815110588,41,7.659075351233119e-06,5.791491046109522
54,-2.087593099445099e-10,56,0.7478952815110588,42,-0.0003732534891560387,2.5832130293944802e-05
54,-2.087593099445099e-10,56,0.7478952815110588,43,2.751846762697243e-06,2.8580440696194263
54,-2.087593099445099e-10,56,0.7478952815110588,44,3.848431831388914e-06,3.7302146083428354
54,-2.087593099445099e-10,56,0.7478952815110588,45,-0.0008871448730909674,3.0191927716710454e-10
54,-2.087593099445099e-10,56,0.7478952815110588,46,-9.664798471342986e-07,5.484615804231052
54,-2.087593099445099e-10,56,0.7478952815110588,47,-2.3101486177131612e-05,0.4988068773223142
54,-2.087593099445099e-10,56,0.7478952815110588,48,5.823869960792047e-06,4.930740790724798
54,-2.087593099445099e-10,56,0.7478952815110588,49,-0.00023577630558279305,0.0004406124753701502
54,-2.087593099445099e-10,56,0.7478952815110588,50,-2.21577023234481e-06,0.38207965096377744
54,-2.087593099445099e-10,56,0.7478952815110588,51,-0.00027321101337357193,0.0010776063364820458
54,-2.087593099445099e-10,56,0.7478952815110588,52,2.247261941191322e-05,1.60228453273337
54,-2.087593099445099e-10,56,0.7478952815110588,53,-5.3692589623122684e-06,1.6761158845448907
54,-2.087593099445099e-10,56,0.7478952815110588,54,-0.0001375020418613209,0.19904291382811573
54,-2.087593099445099e-10,56,0.7478952815110588,55,-0.0004995695909778232,2.2842163909480973e-08
54,-2.087593099445099e-10,56,0.7478952815110588,56,8.72352638337205e-07,6.0698609874803235
54,-2.087593099445099e-10,56,0.7478952815110588,57,5.656356599200858e-06,6.644031956048379
54,-2.087593099445099e-10,56,0.7478952815110588,58,-1.868696608332033e-05,0.5449516598690084
54,-2.087593099445099e-10,56,0.7478952815110588,59,-0.0002534609633219982,0.002244715973169125
54,-2.087593099445099e-10,56,0.7478952815110588,60,-0.00030783490095147135,0.00036433347702601363
54,-2.087593099445099e-10,56,0.7478952815110588,61,-0.0001372846361223949,0.0010648927526165234
54,-2.087593099445099e-10,56,0.7478952815110588,62,-0.0007117621386233204,3.403925659516093e-09
54,-2.087593099445099e-10,56,0.7478952815110588,63,3.959300713986464e-07,2.97174925125185
54,-2.087593099445099e-10,56,0.7478952815110588,64,-1.7011185529963463e-05,1.2570701724162363
54,-2.087593099445099e-10,56,0.7478952815110588,65,-7.68179510267477e-06,2.206894985548361
54,-2.087593099445099e-10,56,0.7478952815110588,66,-0.000211912676365631,0.001741190127449535
54,-2.087593099445099e-10,56,0.7478952815110588,67,-0.0007123210514282293,8.105164882489799e-10
54,-2.087593099445099e-10,56,0.7478952815110588,68,-2.0737277074449462e-05,0.11914190494628593
54,-2.087593099445099e-10,56,0.7478952815110588,69,-2.2059481722771217e-05,0.9608144756817956
54,-2.087593099445099e-10,56,0.7478952815110588,70,1.3118132532114781e-05,1.570838242419055
54,-2.087593099445099e-10,56,0.7478952815110588,71,5.681915171261802e-06,1.1725531833082035
54,-2.087593099445099e-10,56,0.7478952815110588,72,-0.0008188927958254867,-1.575591438426602e-08
54,-2.087593099445099e-10,56,0.7478952815110588,73,-0.00036869970874061497,3.6042733886845817e-05
54,-2.087593099445099e-10,56,0.7478952815110588,74,-0.0002903009152516651,0.0005209128532436564
54,-2.087593099445099e-10,56,0.7478952815110588,75,-2.3345979121299576e-05,0.6218387271676715
54,-2.087593099445099e-10,56,0.7478952815110588,76,-5.000644849703218e-05,0.26997966850242855
54,-2.087593099445099e-10,56,0.7478952815110588,77,-7.66932295938202e-05,0.04299337764273871
54,-2.087593099445099e-10,56,0.7478952815110588,78,-1.7423910646985968e-06,3.2117128454282966
54,-2.087593099445099e-10,56,0.7478952815110588,79,-0.0005375196168607321,3.425845938045678e-07
54,-2.087593099445099e-10,56,0.7478952815110588,80,-3.3726595260670366e-06,2.146612325754857
54,-2.087593099445099e-10,56,0.7478952815110588,81,-2.310196548415757e-06,1.2429711843919873
54,-2.087593099445099e-10,56,0.7478952815110588,82,3.0237921368025795e-05,0.4239941946154681
54,-2.087593099445099e-10,56,0.7478952815110588,83,3.7685468382073955e-06,2.1100241447856907
54,-2.087593099445099e-10,56,0.7478952815110588,84,2.4876348321876056e-05,1.5725286808940029
54,-2.087593099445099e-10,56,0.7478952815110588,85,-0.0008415908278012746,1.508720623920832e-08
54,-2.087593099445099e-10,56,0.7478952815110588,86,6.347553277352522e-06,3.0921225344051573
54,-2.087593099445099e-10,56,0.7478952815110588,87,-8.863587295255373e-05,0.025367002739493813
54,-2.087593099445099e-10,56,0.7478952815110588,88,-2.416794847693901e-05,2.408243759710608
54,-2.087593099445099e-10,56,0.7478952815110588,89,-1.3112863310677506e-05,1.5305909969432976
54,-2.087593099445099e-10,56,0.7478952815110588,90,-0.0011810648769229508,-5.209979848884192e-11
54,-2.087593099445099e-10,56,0.7478952815110588,91,9.978135378139047e-07,2.197989561145009
54,-2.087593099445099e-10,56,0.7478952815110588,92,4.538073876633033e-06,3.495082424277689
54,-2.087593099445099e-10,56,0.7478952815110588,93,-0.0002707582576855423,0.0003035460459052826
54,-2.087593099445099e-10,56,0.7478952815110588,94,-0.000800749135032559,-2.1701462585719172e-09
54,-2.087593099445099e-10,56,0.7478952815110588,95,-3.031379434824066e-07,5.627106992225118
54,-2.087593099445099e-10,56,0.7478952815110588,96,5.703093410832685e-07,4.802176871415193
54,-2.087593099445099e-10,56,0.7478952815110588,97,-4.561471444110691e-05,0.2545664276534524
54,-2.087593099445099e-10,56,0.7478952815110588,98,-0.00035354848067652254,1.1754137423635534e-05
54,-2.087593099445099e-10,56,0.7478952815110588,99,-0.00033662972443379514,9.646251904230913e-06
54,-2.087593099445099e-10,56,0.7478952815110588,100,-0.0011270145190585834,-3.7167087815363905e-10
55,-4.244534736795388e-11,18,0.758862888713962,1,2.126053412768503e-06,1.4148357112009262
55,-4.244534736795388e-11,18,0.758862888713962,2,-3.1750237752255874e-06,4.069120022090374
55,-4.244534736795388e-11,18,0.758862888713962,3,-8.536380056955946e-05,0.08633419649449764
55,-4.244534736795388e-11,18,0.758862888713962,4,8.889375975505929e-06,1.8979720893794434
55,-4.244534736795388e-11,18,0.758862888713962,5,-4.4977947421307293e-05,0.1539430472263456
55,-4.244534736795388e-11,18,0.758862888713962,6,-3.6438455752177522e-09,3.2426168241168845
55,-4.244534736795388e-11,18,0.758862888713962,7,-3.2296905364581713e-06,1.1931454896572486
55,-4.244534736795388e-11,18,0.758862888713962,8,1.82587024362569e-06,2.211523588055189
55,-4.244534736795388e-11,18,0.758862888713962,9,-2.598228335132539e-05,0.6234508853934083
55,-4.244534736795388e-11,18,0.758862888713962,10,-2.4124416738455433e-06,1.6821275107072535
55,-4.244534736795388e-11,18,0.758862888713962,11,-5.329366814150451e-06,1.1592132162403328
55,-4.244534736795388e-11,18,0.758862888713962,12,-2.3694124707740674e-07,2.3450069243848146
55,-4.244534736795388e-11,18,0.758862888713962,13,-2.9351491319719933e-06,0.8816839961206747
55,-4.244534736795388e-11,18,0.758862888713962,14,1.6351391096657153e-06,2.3453049762507505
55,-4.244534736795388e-11,18,0.758862888713962,15,-1.979783062595733e-05,0.17295486239276608
55,-4.244534736795388e-11,18,0.758862888713962,16,-1.3645792319880245e-05,1.2236181562002642
55,-4.244534736795388e-11,18,0.758862888713962,17,-6.753081954787196e-06,1.3709222045266836
55,-4.244534736795388e-11,18,0.758862888713962,18,-1.3463813143535529e-05,0.5715848218532609
55,-4.244534736795388e-11,18,0.758862888713962,19,6.178103032431383e-06,6.656371086146008
55,-4.244534736795388e-11,18,0.758862888713962,20,8.533307885400256e-06,3.5769933338834137
55,-4.244534736795388e-11,18,0.758862888713962,21,-5.5927938388967495e-06,1.5284889574134808
55,-4.244534736795388e-11,18,0.758862888713962,22,-7.1934241048565e-05,0.05384202967381496
55,-4.244534736795388e-11,18,0.758862888713962,23,2.622500456337689e-06,1.413560745522086
55,-4.244534736795388e-11,18,0.758862888713962,24,2.571139322809966e-06,0.8789996562552178
55,-4.244534736795388e-11,18,0.758862888713962,25,-3.051963179803778e-05,0.2699497317250934
55,-4.244534736795388e-11,18,0.758862888713962,26,-4.1039628540289685e-05,0.2061767236572805
55,-4.244534736795388e-11,18,0.758862888713962,27,9.500884489704247e-06,1.9404259310198178
55,-4.244534736795388e-11,18,0.758862888713962,28,1.1089677764794109e-05,1.2304196431732501
55,-4.244534736795388e-11,18,0.758862888713962,29,-5.705329773369862e-05,0.06217444182983897
55,-4.244534736795388e-11,18,0.758862888713962,30,-1.3004580670222186e-05,0.3869088549926536
55,-4.244534736795388e-11,18,0.758862888713962,31,-1.0202931792524138e-05,1.6141380920708397
55,-4.244534736795388e-11,18,0.758862888713962,32,-3.273015563505971e-05,0.405552770939731
55,-4.244534736795388e-11,18,0.758862888713962,33,9.607155256199176e-06,0.565976492065243
55,-4.244534736795388e-11,18,0.758862888713962,34,1.5354369844575056e-06,5.002933588137138
55,-4.244534736795388e-11,18,0.758862888713962,35,1.5241769779622953e-06,1.9574871893540824
55,-4.244534736795388e-11,18,0.758862888713962,36,-3.507237011600901e-06,1.790484728059386
55,-4.244534736795388e-11,18,0.758862888713962,37,-1.1319135648494757e-05,0.5641161818665955
55,-4.244534736795388e-11,18,0.758862888713962,38,9.991688964067822e-06,2.1079641196466254
55,-4.244534736795388e-11,18,0.758862888713962,39,-3.4896357716493185e-05,0.038015454708438146
55,-4.244534736795388e-11,18,0.758862888713962,40,3.820963965169548e-06,2.315614388583358
55,-4.244534736795388e-11,18,0.758862888713962,41,-1.1209599572024572e-05,0.6790395786526232
55,-4.244534736795388e-11,18,0.758862888713962,42,5.369343412285009e-06,1.0871677776100699
55,-4.244534736795388e-11,18,0.758862888713962,43,-3.186318429087334e-05,0.2854078691579755
55,-4.244534736795388e-11,18,0.758862888713962,44,1.6636675095765682e-06,1.1782238512805785
55,-4.244534736795388e-11,18,0.758862888713962,45,-1.6619928825291837e-05,0.9677802375158209
55,-4.244534736795388e-11,18,0.758862888713962,46,-0.0001017491830434925,0.02674035865614405
55,-4.244534736795388e-11,18,0.758862888713962,47,3.4834041617341223e-06,2.058820029311975
55,-4.244534736795388e-11,18,0.758862888713962,48,-5.322859433278594e-05,0.0940109845819111
55,-4.244534736795388e-11,18,0.758862888713962,49,9.516876308546235e-06,4.0807134025637595
55,-4.244534736795388e-11,18,0.758862888713962,50,1.1115149525475023e-05,0.06810706678491006
55,-4.244534736795388e-11,18,0.758862888713962,51,-3.073071208421152e-05,0.08537572048761514
55,-4.244534736795388e-11,18,0.758862888713962,52,4.585694480887973e-06,3.2925462426114684
55,-4.244534736795388e-11,18,0.758862888713962,53,6.610452333332348e-06,1.085587601984606
55,-4.244534736795388e-11,18,0.758862888713962,54,1.3051096585977412e-05,1.7398456660095927
55,-4.244534736795388e-11,18,0.758862888713962,55,1.3722785821675234e-06,0.4103928403504666
55,-4.244534736795388e-11,18,0.758862888713962,56,-1.626453877574272e-06,1.1838300302293805
55,-4.244534736795388e-11,18,0.758862888713962,57,-2.0541590373097138e-05,0.8771787765972707
55,-4.244534736795388e-11,18,0.758862888713962,58,1.0534446336816588e-05,1.722538949389106
55,-4.244534736795388e-11,18,0.758862888713962,59,-4.708152120677027e-05,0.024442128003623526
55,-4.244534736795388e-11,18,0.758862888713962,60,-2.5506670870376717e-05,0.8819790071003104
55,-4.244534736795388e-11,18,0.758862888713962,61,-2.188546814653161e-05,0.4486222828836914
55,-4.244534736795388e-11,18,0.758862888713962,62,-8.38372176410662e-06,2.099552314613794
55,-4.244534736795388e-11,18,0.758862888713962,63,7.221515847601932e-06,1.4259811508327696
55,-4.244534736795388e-11,18,0.758862888713962,64,1.531164204803024e-05,1.7906151100742254
55,-4.244534736795388e-11,18,0.758862888713962,65,-9.024367841637064e-06,0.5179465445860145
55,-4.244534736795388e-11,18,0.758862888713962,66,-6.793404854335224e-05,0.10563822797777654
55,-4.244534736795388e-11,18,0.758862888713962,67,5.477998285031105e-06,6.577988901650236
55,-4.244534736795388e-11,18,0.758862888713962,68,-4.211549548691821e-05,0.08344655787152992
55,-4.244534736795388e-11,18,0.758862888713962,69,2.3421604602615997e-06,3.1598928380133717
55,-4.244534736795388e-11,18,0.758862888713962,70,-1.2131653023343377e-05,0.605726721588243
55,-4.244534736795388e-11,18,0.758862888713962,71,-8.617145073841597e-06,0.38186655451300056
55,-4.244534736795388e-11,18,0.758862888713962,72,-1.788146685600664e-05,0.10704161157429014
55,-4.244534736795388e-11,18,0.758862888713962,73,-1.4177242173602893e-05,0.8883238077403105
55,-4.244534736795388e-11,18,0.758862888713962,74,-9.0493671491586e-06,1.7520150620441135
55,-4.244534736795388e-11,18,0.758862888713962,75,4.698549245315217e-06,4.200710704907505
55,-4.244534736795388e-11,18,0.758862888713962,76,-1.6860777742512324e-06,4.957780057758973
55,-4.244534736795388e-11,18,0.758862888713962,77,-3.98969127377139e-06,1.0397104241674835
55,-4.244534736795388e-11,18,0.758862888713962,78,-1.919120655169477e-05,0.5705877059595293
55,-4.244534736795388e-11,18,0.758862888713962,79,8.873501986352484e-06,0.9764799229197914
55,-4.244534736795388e-11,18,0.758862888713962,80,5.608193504964305e-07,0.4542735981790224
55,-4.244534736795388e-11,18,0.758862888713962,81,1.4476389480107669e-05,2.3705055794522862
55,-4.244534736795388e-11,18,0.758862888713962,82,5.010929559995214e-06,2.723478704610722
55,-4.244534736795388e-11,18,0.758862888713962,83,-9.57994906692252e-06,0.37895696623713165
55,-4.244534736795388e-11,18,0.758862888713962,84,-5.875606208142266e-07,3.7702763211395403
55,-4.244534736795388e-11,18,0.758862888713962,85,-5.810575214803691e-06,1.2495444693463436
55,-4.244534736795388e-11,18,0.758862888713962,86,-1.3740228884642404e-05,1.95287874386818
55,-4.244534736795388e-11,18,0.758862888713962,87,7.12270416089626e-07,1.083214985390585
55,-4.244534736795388e-11,18,0.758862888713962,88,-3.7795499670761594e-05,0.1521470642902908
55,-4.244534736795388e-11,18,0.758862888713962,89,-7.002968867369025e-05,0.23379139159546927
55,-4.244534736795388e-11,18,0.758862888713962,90,-8.99006785359158e-06,0.9577406512037199
55,-4.244534736795388e-11,18,0.758862888713962,91,-9.561338861945867e-05,0.06700299906487434
55,-4.244534736795388e-11,18,0.758862888713962,92,2.57792700317148e-06,2.979094018103758
55,-4.244534736795388e-11,18,0.758862888713962,93,-3.902298917056775e-06,2.056584466319439
55,-4.244534736795388e-11,18,0.758862888713962,94,4.585015134547143e-06,1.3569256470205606
55,-4.244534736795388e-11,18,0.758862888713962,95,-9.284250676053445e-06,0.7375651632530437
55,-4.244534736795388e-11,18,0.758862888713962,96,-1.0543675771388758e-05,1.5088346382398476
55,-4.244534736795388e-11,18,0.758862888713962,97,7.291831577823465e-06,0.43696550891303915
55,-4.244534736795388e-11,18,0.758862888713962,98,6.420274334529417e-06,3.8274505208626564
55,-4.244534736795388e-11,18,0.758862888713962,99,-4.835515709693102e-05,0.29015608605689236
55,-4.244534736795388e-11,18,0.758862888713962,100,-1.5985704174599e-05,0.43101603995697974
56,4.1151491439810635e-11,64,0.7481742591533747,1,7.75760945983362e-06,4.035260148129852
56,4.1151491439810635e-11,64,0.7481742591533747,2,-5.548303605322851e-06,1.8031557768634352
56,4.1151491439810635e-11,64,0.7481742591533747,3,-1.6699434963776322e-06,2.1032276058321875
56,4.1151491439810635e-11,64,0.7481742591533747,4,-4.514562145015321e-05,0.08135663769852595
56,4.1151491439810635e-11,64,0.7481742591533747,5,-2.4487227944782037e-06,1.9966667801301408
56,4.1151491439810635e-11,64,0.7481742591533747,6,-1.0811613309144648e-05,1.0377790022594604
56,4.1151491439810635e-11,64,0.7481742591533747,7,-6.532197448961109e-06,1.2787730416914482
56,4.1151491439810635e-11,64,0.7481742591533747,8,-0.00011547514514791084,0.013625469499836293
56,4.1151491439810635e-11,64,0.7481742591533747,9,-3.1835148297381583e-06,1.145327094712958
56,4.1151491439810635e-11,64,0.7481742591533747,10,1.6079509482490603e-06,3.7897748272659775
56,4.1151491439810635e-11,64,0.7481742591533747,11,-7.578563145838042e-06,0.6671023843724964
56,4.1151491439810635e-11,64,0.7481742591533747,12,-1.2462913862590548e-05,0.6548473941720585
56,4.1151491439810635e-11,64,0.7481742591533747,13,-0.00013478881301086864,0.015184547075099369
56,4.1151491439810635e-11,64,0.7481742591533747,14,-1.1784558222106649e-05,0.7429602343266407
56,4.1151491439810635e-11,64,0.7481742591533747,15,1.8235666853539185e-06,1.2063535846784852
56,4.1151491439810635e-11,64,0.7481742591533747,16,-2.459450219942445e-05,0.3408613470284131
56,4.1151491439810635e-11,64,0.7481742591533747,17,1.3855394086893734e-05,1.0141998398603582
56,4.1151491439810635e-11,64,0.7481742591533747,18,-8.426705355578245e-05,0.04981826569825547
56,4.1151491439810635e-11,64,0.7481742591533747,19,-9.947616645921007e-05,0.02344413547780813
56,4.1151491439810635e-11,64,0.7481742591533747,20,-6.487068302488865e-05,0.2789573330156197
56,4.1151491439810635e-11,64,0.7481742591533747,21,-3.8116663617607215e-05,0.1955469654868122
56,4.1151491439810635e-11,64,0.7481742591533747,22,-5.656921213676171e-06,0.6820581217223829
56,4.1151491439810635e-11,64,0.7481742591533747,23,-2.8104407132490587e-05,0.17952101420443314
56,4.1151491439810635e-11,64,0.7481742591533747,24,-4.433722008022656e-05,0.15831499504299176
56,4.1151491439810635e-11,64,0.7481742591533747,25,-1.6406247570730633e-06,0.7196187073854404
56,4.1151491439810635e-11,64,0.7481742591533747,26,8.689681571257673e-07,1.316278202703645
56,4.1151491439810635e-11,64,0.7481742591533747,27,8.07876986045944e-07,3.713512609735444
56,4.1151491439810635e-11,64,0.7481742591533747,28,5.3293118594451945e-06,4.923488833427617
56,4.1151491439810635e-11,64,0.7481742591533747,29,-7.250081267825676e-05,0.037387597660750775
56,4.1151491439810635e-11,64,0.7481742591533747,30,-7.066431391077702e-05,0.042688538583385845
56,4.1151491439810635e-11,64,0.7481742591533747,31,1.325881132673116e-06,1.8474345893824624
56,4.1151491439810635e-11,64,0.7481742591533747,32,-0.00013754198432607432,0.011171998733896368
56,4.1151491439810635e-11,64,0.7481742591533747,33,-1.1895504601987597e-05,1.147372554505033
56,4.1151491439810635e-11,64,0.7481742591533747,34,6.088411960224153e-06,3.4686947050915897
56,4.1151491439810635e-11,64,0.7481742591533747,35,5.474750738852656e-06,3.7319628219010594
56,4.1151491439810635e-11,64,0.7481742591533747,36,2.2762150989273578e-05,1.7640076041745585
56,4.1151491439810635e-11,64,0.7481742591533747,37,-1.7176879066951445e-06,1.3932173990570487
56,4.1151491439810635e-11,64,0.7481742591533747,38,-6.408684410336709e-05,0.2237257015836485
56,4.1151491439810635e-11,64,0.7481742591533747,39,-1.2191961586786532e-05,2.279209011847276
56,4.1151491439810635e-11,64,0.7481742591533747,40,-0.00011870992964474517,0.008714405225986783
56,4.1151491439810635e-11,64,0.7481742591533747,41,5.386823168717969e-06,7.085843959337128
56,4.1151491439810635e-11,64,0.7481742591533747,42,-1.5053016994890665e-05,0.7310286609770555
56,4.1151491439810635e-11,64,0.7481742591533747,43,1.1485596944247884e-05,2.8606458086133864
56,4.1151491439810635e-11,64,0.7481742591533747,44,6.004913654860138e-06,4.098818407916845
56,4.1151491439810635e-11,64,0.7481742591533747,45,-8.784882311362937e-05,0.049375449056792364
56,4.1151491439810635e-11,64,0.7481742591533747,46,-3.3061278928958036e-05,1.0343018686843188
56,4.1151491439810635e-11,64,0.7481742591533747,47,6.607418818943022e-06,1.7666638998770665
56,4.1151491439810635e-11,64,0.7481742591533747,48,-1.4351878310072288e-05,0.5080941139287473
56,4.1151491439810635e-11,64,0.7481742591533747,49,-1.26659597657252e-07,2.0846448930039996
56,4.1151491439810635e-11,64,0.7481742591533747,50,-6.688271569724858e-06,1.720183051743261
56,4.1151491439810635e-11,64,0.7481742591533747,51,7.5339195410949435e-06,1.3670761089857393
56,4.1151491439810635e-11,64,0.7481742591533747,52,-2.1639727789892172e-05,0.43183100224703547
56,4.1151491439810635e-11,64,0.7481742591533747,53,-2.4985600030477625e-05,0.631420555651986
56,4.1151491439810635e-11,64,0.7481742591533747,54,-1.3798353378353132e-05,0.5360070856701699
56,4.1151491439810635e-11,64,0.7481742591533747,55,-4.865574242876849e-07,1.4192775105025819
56,4.1151491439810635e-11,64,0.7481742591533747,56,1.3106437929946058e-05,2.9166702461069645
56,4.1151491439810635e-11,64,0.7481742591533747,57,-4.048774224486289e-05,0.13707717981374012
56,4.1151491439810635e-11,64,0.7481742591533747,58,-5.7486638995136506e-05,0.13868291316128684
56,4.1151491439810635e-11,64,0.7481742591533747,59,1.2416265624942188e-05,2.9657414911710847
56,4.1151491439810635e-11,64,0.7481742591533747,60,-2.0809708788698632e-05,1.0246356545752002
56,4.1151491439810635e-11,64,0.7481742591533747,61,-4.523014655622847e-05,0.20843035729931736
56,4.1151491439810635e-11,64,0.7481742591533747,62,-3.861256560267994e-06,1.5409490780350898
56,4.1151491439810635e-11,64,0.7481742591533747,63,7.70403480595953e-06,2.136961773361285
56,4.1151491439810635e-11,64,0.7481742591533747,64,-9.427520576174727e-07,0.7779470401864862
56,4.1151491439810635e-11,64,0.7481742591533747,65,2.3525559776544274e-06,8.291869897110121
56,4.1151491439810635e-11,64,0.7481742591533747,66,-3.780533171386801e-05,0.3340535584306391
56,4.1151491439810635e-11,64,0.7481742591533747,67,4.467010480693404e-06,2.504144210587413
56,4.1151491439810635e-11,64,0.7481742591533747,68,-6.607957391064363e-05,0.23159443011027558
56,4.1151491439810635e-11,64,0.7481742591533747,69,-0.00016323516714597923,0.0009191100452880808
56,4.1151491439810635e-11,64,0.7481742591533747,70,-2.7419927807837065e-05,0.4535329790274301
56,4.1151491439810635e-11,64,0.7481742591533747,71,3.948698883572487e-06,2.7761393391297076
56,4.1151491439810635e-11,64,0.7481742591533747,72,5.820759318218944e-07,2.975999523154187
56,4.1151491439810635e-11,64,0.7481742591533747,73,-7.6115109693988544e-06,1.5442830620477224
56,4.1151491439810635e-11,64,0.7481742591533747,74,6.664592547744156e-06,3.963566118299149
56,4.1151491439810635e-11,64,0.7481742591533747,75,-7.106186869496824e-05,0.22149348817413025
56,4.1151491439810635e-11,64,0.7481742591533747,76,-0.00010368379739984836,0.009170618516857255
56,4.1151491439810635e-11,64,0.7481742591533747,77,-0.00010156578868809668,0.0817313065453442
56,4.1151491439810635e-11,64,0.7481742591533747,78,1.4897262315354815e-05,2.3312903735281827
56,4.1151491439810635e-11,64,0.7481742591533747,79,5.489689574998804e-06,0.9630929865631385
56,4.1151491439810635e-11,64,0.7481742591533747,80,-1.8754003071862526e-06,1.2231073367852503
56,4.1151491439810635e-11,64,0.7481742591533747,81,-4.7037810503415065e-05,0.1020159845123805
56,4.1151491439810635e-11,64,0.7481742591533747,82,-5.03439569133987e-05,0.4599342325277704
56,4.1151491439810635e-11,64,0.7481742591533747,83,-6.856557316571192e-05,0.048400732056148296
56,4.1151491439810635e-11,64,0.7481742591533747,84,-4.183925445362559e-06,2.8016950079601814
56,4.1151491439810635e-11,64,0.7481742591533747,85,-8.133921287272558e-05,0.09725766561532494
56,4.1151491439810635e-11,64,0.7481742591533747,86,-1.1111033836024956e-05,1.3849732905837195
56,4.1151491439810635e-11,64,0.7481742591533747,87,1.0517088573913896e-06,1.653310587845945
56,4.1151491439810635e-11,64,0.7481742591533747,88,-2.9745854840920107e-05,0.3355411201525149
56,4.1151491439810635e-11,64,0.7481742591533747,89,-7.947746757438261e-05,0.05773245271313295
56,4.1151491439810635e-11,64,0.7481742591533747,90,4.979084429895199e-06,4.156231830116073
56,4.1151491439810635e-11,64,0.7481742591533747,91,-5.923251623009212e-05,0.1577668753095668
56,4.1151491439810635e-11,64,0.7481742591533747,92,-4.807868224645459e-06,3.064217835721347
56,4.1151491439810635e-11,64,0.7481742591533747,93,-5.403389383995987e-05,0.14149527363799455
56,4.1151491439810635e-11,64,0.7481742591533747,94,3.1725681017396276e-06,3.579093804697435
56,4.1151491439810635e-11,64,0.7481742591533747,95,-2.518791881554362e-06,0.6163080393152403
56,4.1151491439810635e-11,64,0.7481742591533747,96,-8.365008903980294e-05,0.039925357785063044
56,4.1151491439810635e-11,64,0.7481742591533747,97,5.669386129599566e-07,3.244051077992559
56,4.1151491439810635e-11,64,0.7481742591533747,98,-7.017963909789343e-05,0.04190156945627673
56,4.1151491439810635e-11,64,0.7481742591533747,99,7.702625084425478e-08,1.2220822526938349
56,4.1151491439810635e-11,64,0.7481742591533747,100,5.711137872902121e-06,4.345170879018674
57,-1.9305254546166037e-10,9,0.7476708619116696,1,-0.0003327723989445444,1.2119181215143616e-05
57,-1.9305254546166037e-10,9,0.7476708619116696,2,-0.0003147669574313213,2.0265901848062127e-05
57,-1.9305254546166037e-10,9,0.7476708619116696,3,-0.00012660165860433722,0.013666619737882873
57,-1.9305254546166037e-10,9,0.7476708619116696,4,5.074935522039306e-06,3.025652447331279
57,-1.9305254546166037e-10,9,0.7476708619116696,5,-2.2842343213921736e-05,0.8120843063907992
57,-1.9305254546166037e-10,9,0.7476708619116696,6,-0.0004654095354657264,-1.0973995147893747e-07
57,-1.9305254546166037e-10,9,0.7476708619116696,7,-0.00027932930683934233,0.00020058599097764543
57,-1.9305254546166037e-10,9,0.7476708619116696,8,-0.00017067365755832407,0.006803466037279211
57,-1.9305254546166037e-10,9,0.7476708619116696,9,-0.00027023437294063416,0.002967611423002827
57,-1.9305254546166037e-10,9,0.7476708619116696,10,3.552304667591265e-06,9.03190650128309
57,-1.9305254546166037e-10,9,0.7476708619116696,11,-9.145275230889222e-05,0.010067380676310637
57,-1.9305254546166037e-10,9,0.7476708619116696,12,-0.00046671297043290676,2.6210942182932554e-07
57,-1.9305254546166037e-10,9,0.7476708619116696,13,-0.000476778056923929,1.2331408511782432e-06
57,-1.9305254546166037e-10,9,0.7476708619116696,14,1.6277923203299256e-05,1.285376952537568
57,-1.9305254546166037e-10,9,0.7476708619116696,15,-2.1787762148048624e-05,1.0114605918960986
57,-1.9305254546166037e-10,9,0.7476708619116696,16,-0.0007275444901005332,8.133827318708478e-09
57,-1.9305254546166037e-10,9,0.7476708619116696,17,-7.561677714599938e-05,0.2036683307536516
57,-1.9305254546166037e-10,9,0.7476708619116696,18,8.374433088033324e-06,3.2103863808295015
57,-1.9305254546166037e-10,9,0.7476708619116696,19,2.242845004567869e-05,2.0402290431646
57,-1.9305254546166037e-10,9,0.7476708619116696,20,-3.078062325424773e-06,0.7653093717126644
57,-1.9305254546166037e-10,9,0.7476708619116696,21,-5.960217565308723e-05,0.41426755842568647
57,-1.9305254546166037e-10,9,0.7476708619116696,22,-5.36321210210011e-05,0.3545608419163699
57,-1.9305254546166037e-10,9,0.7476708619116696,23,1.576107679161402e-07,5.565455719199894
57,-1.9305254546166037e-10,9,0.7476708619116696,24,9.152433764108208e-06,4.171275224131891
57,-1.9305254546166037e-10,9,0.7476708619116696,25,1.817410617627362e-06,3.4267299502909827
57,-1.9305254546166037e-10,9,0.7476708619116696,26,-0.000469687803375978,1.229529577785885e-06
57,-1.9305254546166037e-10,9,0.7476708619116696,27,-3.146386523968582e-06,2.290225082157307
57,-1.9305254546166037e-10,9,0.7476708619116696,28,-0.0004052776015646437,1.5995725766588665e-05
57,-1.9305254546166037e-10,9,0.7476708619116696,29,-0.0003756048502434491,4.540115151144264e-05
57,-1.9305254546166037e-10,9,0.7476708619116696,30,-1.3191833439844143e-05,1.4171479540055814
57,-1.9305254546166037e-10,9,0.7476708619116696,31,-0.00010922028563729362,0.0072335431533088025
57,-1.9305254546166037e-10,9,0.7476708619116696,32,-9.914663582147761e-06,2.0763154247658733
57,-1.9305254546166037e-10,9,0.7476708619116696,33,2.664391864219544e-05,1.2796330772371107
57,-1.9305254546166037e-10,9,0.7476708619116696,34,-1.0234254598958485e-06,5.434192177560762
57,-1.9305254546166037e-10,9,0.7476708619116696,35,6.303536102294396e-07,1.7725697149795545
57,-1.9305254546166037e-10,9,0.7476708619116696,36,-6.4743660983893055e-06,3.104425776020314
57,-1.9305254546166037e-10,9,0.7476708619116696,37,-1.982810490552045e-05,0.4598170418965509
57,-1.9305254546166037e-10,9,0.7476708619116696,38,-0.0002583117464955567,0.00022016548512822053
57,-1.9305254546166037e-10,9,0.7476708619116696,39,-5.073400396787616e-06,4.148662981783614
57,-1.9305254546166037e-10,9,0.7476708619116696,40,-0.0005170148634190334,2.53939722001933e-07
57,-1.9305254546166037e-10,9,0.7476708619116696,41,-0.00043404260899882635,5.593695766136851e-07
57,-1.9305254546166037e-10,9,0.7476708619116696,42,1.8928087914890942e-05,2.331676095180342
57,-1.9305254546166037e-10,9,0.7476708619116696,43,4.3471296266311325e-07,2.393306572808762
57,-1.9305254546166037e-10,9,0.7476708619116696,44,-2.224615170979961e-05,0.9363873136627118
57,-1.9305254546166037e-10,9,0.7476708619116696,45,9.193080618119864e-06,2.1915098989905815
57,-1.9305254546166037e-10,9,0.7476708619116696,46,-0.00036703437446518046,2.808147102790829e-05
57,-1.9305254546166037e-10,9,0.7476708619116696,47,-6.531696441981828e-06,1.5248673888752022
57,-1.9305254546166037e-10,9,0.7476708619116696,48,-5.21607566668133e-06,4.931827081878673
57,-1.9305254546166037e-10,9,0.7476708619116696,49,-0.0006501041880641701,6.013610272808563e-09
57,-1.9305254546166037e-10,9,0.7476708619116696,50,-6.548410725435139e-06,1.3758515386696966
57,-1.9305254546166037e-10,9,0.7476708619116696,51,-1.3895787789122737e-05,0.6568522269057026
57,-1.9305254546166037e-10,9,0.7476708619116696,52,-1.8697241418994568e-05,0.8715825838845319
57,-1.9305254546166037e-10,9,0.7476708619116696,53,-8.626552928167736e-06,1.980975023077829
57,-1.9305254546166037e-10,9,0.7476708619116696,54,6.414565266867766e-06,5.523567934608724
57,-1.9305254546166037e-10,9,0.7476708619116696,55,-7.589684333421062e-05,0.13366485105704434
57,-1.9305254546166037e-10,9,0.7476708619116696,56,6.440096298582459e-06,5.739707308295763
57,-1.9305254546166037e-10,9,0.7476708619116696,57,-1.0662269310328989e-05,1.3953610374297318
57,-1.9305254546166037e-10,9,0.7476708619116696,58,-0.00016671092818865978,0.00013354649348895552
57,-1.9305254546166037e-10,9,0.7476708619116696,59,-1.2067752984096837e-05,1.8279434920012718
57,-1.9305254546166037e-10,9,0.7476708619116696,60,-3.8202885939996445e-05,0.736520808842428
57,-1.9305254546166037e-10,9,0.7476708619116696,61,8.572194862772262e-06,5.643341206586949
57,-1.9305254546166037e-10,9,0.7476708619116696,62,-1.2678073074375082e-05,1.54404315407167
57,-1.9305254546166037e-10,9,0.7476708619116696,63,-9.958788298793627e-05,0.00546053020452847
57,-1.9305254546166037e-10,9,0.7476708619116696,64,-7.380068513332507e-09,4.512388429185689
57,-1.9305254546166037e-10,9,0.7476708619116696,65,6.037629190046533e-06,6.663594084355353
57,-1.9305254546166037e-10,9,0.7476708619116696,66,-0.0006944929500341634,-5.32909826120689e-09
57,-1.9305254546166037e-10,9,0.7476708619116696,67,-0.0003924443762206563,4.3056977867630256e-05
57,-1.9305254546166037e-10,9,0.7476708619116696,68,-0.0003353828389342986,0.00036406776466982706
57,-1.9305254546166037e-10,9,0.7476708619116696,69,-1.2710926682779483e-05,0.5380387952587513
57,-1.9305254546166037e-10,9,0.7476708619116696,70,5.655905019040482e-06,2.2306617825442165
57,-1.9305254546166037e-10,9,0.7476708619116696,71,-0.00019849124273015498,0.0006527497887533438
57,-1.9305254546166037e-10,9,0.7476708619116696,72,-6.981513207944353e-05,0.15232001191510416
57,-1.9305254546166037e-10,9,0.7476708619116696,73,-0.0004418995361473343,2.7646616175829077e-06
57,-1.9305254546166037e-10,9,0.7476708619116696,74,-0.00014687221303359162,0.014949633419645121
57,-1.9305254546166037e-10,9,0.7476708619116696,75,-5.269782851894079e-06,0.623752258880072
57,-1.9305254546166037e-10,9,0.7476708619116696,76,-0.00032438298522485863,8.042723763294266e-05
57,-1.9305254546166037e-10,9,0.7476708619116696,77,-1.9750023519434314e-05,0.7733547194514626
57,-1.9305254546166037e-10,9,0.7476708619116696,78,-0.00017692775372015325,0.00799924805754391
57,-1.9305254546166037e-10,9,0.7476708619116696,79,-0.00020114101618549937,0.014767698193590096
57,-1.9305254546166037e-10,9,0.7476708619116696,80,9.083986848086961e-06,2.448958781507217
57,-1.9305254546166037e-10,9,0.7476708619116696,81,-0.0003819237598048452,1.0533222739429725e-05
57,-1.9305254546166037e-10,9,0.7476708619116696,82,-8.273655850275356e-06,1.0944754315460599
57,-1.9305254546166037e-10,9,0.7476708619116696,83,-6.22874194891788e-05,0.12790480047951555
57,-1.9305254546166037e-10,9,0.7476708619116696,84,-7.077776505487463e-05,0.15456085599162675
57,-1.9305254546166037e-10,9,0.7476708619116696,85,-7.198591960183204e-05,0.22153866495513672
57,-1.9305254546166037e-10,9,0.7476708619116696,86,-5.692082507420188e-06,4.281551391786142
57,-1.9305254546166037e-10,9,0.7476708619116696,87,-0.00012194050855960556,0.023842390545690616
57,-1.9305254546166037e-10,9,0.7476708619116696,88,-0.00046029592224988296,2.7247174725886866e-07
57,-1.9305254546166037e-10,9,0.7476708619116696,89,-0.00017786313490112334,0.0034298108990869864
57,-1.9305254546166037e-10,9,0.7476708619116696,90,-1.5840371165684123e-05,0.8259535082201924
57,-1.9305254546166037e-10,9,0.7476708619116696,91,-0.00027157252732731374,0.002254305308232115
57,-1.9305254546166037e-10,9,0.7476708619116696,92,-0.0003863694507040996,1.3036835659121297e-06
57,-1.9305254546166037e-10,9,0.7476708619116696,93,2.0970550458184817e-06,5.156091699740138
57,-1.9305254546166037e-10,9,0.7476708619116696,94,-0.00014429022867803432,0.06436299145287588
57,-1.9305254546166037e-10,9,0.7476708619116696,95,1.0075349595245982e-05,4.854391415177776
57,-1.9305254546166037e-10,9,0.7476708619116696,96,-0.0001740921693056782,0.0018098085107262315
57,-1.9305254546166037e-10,9,0.7476708619116696,97,-0.00021654895585128213,0.00026374978590502576
57,-1.9305254546166037e-10,9,0.7476708619116696,98,4.6638207612038075e-06,6.461520714515115
57,-1.9305254546166037e-10,9,0.7476708619116696,99,-5.794819736140934e-06,2.322029231238175
57,-1.9305254546166037e-10,9,0.7476708619116696,100,-7.09047228618403e-06,1.0848100129085256
58,-1.356932369203339e-10,16,0.7519344061999303,1,-1.1803708440519247e-06,2.561203394665532
58,-1.356932369203339e-10,16,0.7519344061999303,2,2.379248806148968e-06,0.961181385917233
58,-1.356932369203339e-10,16,0.7519344061999303,3,-0.000267520685974907,0.00013081049515300752
58,-1.356932369203339e-10,16,0.7519344061999303,4,-7.621869936538938e-05,0.024633181779124144
58,-1.356932369203339e-10,16,0.7519344061999303,5,-0.0003599411143226121,0.00033262874978029716
58,-1.356932369203339e-10,16,0.7519344061999303,6,1.2806191252298073e-06,2.3840213581174052
58,-1.356932369203339e-10,16,0.7519344061999303,7,1.4612593779275326e-06,3.4441762850563116
58,-1.356932369203339e-10,16,0.7519344061999303,8,-0.00028468627817726934,0.0043932950563886726
58,-1.356932369203339e-10,16,0.7519344061999303,9,4.7008794549044595e-05,0.47026920200426103
58,-1.356932369203339e-10,16,0.7519344061999303,10,-0.0010138691164429691,-4.815842878566021e-10
58,-1.356932369203339e-10,16,0.7519344061999303,11,-0.00035929516193466396,0.00013194915065548745
58,-1.356932369203339e-10,16,0.7519344061999303,12,-0.00021971659065799567,0.019478828932046128
58,-1.356932369203339e-10,16,0.7519344061999303,13,-0.00017498263010325295,0.07425492830595719
58,-1.356932369203339e-10,16,0.7519344061999303,14,-5.73615409997926e-06,3.1314574553320997
58,-1.356932369203339e-10,16,0.7519344061999303,15,-0.0002938713840197152,0.0007733017557479601
58,-1.356932369203339e-10,16,0.7519344061999303,16,2.346531236587558e-06,3.402317452513631
58,-1.356932369203339e-10,16,0.7519344061999303,17,2.1582310697350076e-06,8.698073470327925
58,-1.356932369203339e-10,16,0.7519344061999303,18,-5.059380311844448e-05,0.2561943733295977
58,-1.356932369203339e-10,16,0.7519344061999303,19,1.3248670006743396e-05,1.2397375922280154
58,-1.356932369203339e-10,16,0.7519344061999303,20,-1.74279318889611e-05,1.6549844708802355
58,-1.356932369203339e-10,16,0.7519344061999303,21,1.0637379025395644e-06,5.895868533018658
58,-1.356932369203339e-10,16,0.7519344061999303,22,-2.965851818016169e-06,5.429555622350245
58,-1.356932369203339e-10,16,0.7519344061999303,23,-0.0011171357228238186,-1.411313213517836e-09
58,-1.356932369203339e-10,16,0.7519344061999303,24,-9.611311172548966e-06,1.3322628558495513
58,-1.356932369203339e-10,16,0.7519344061999303,25,-0.00031338238156026967,0.0008927565671597241
58,-1.356932369203339e-10,16,0.7519344061999303,26,1.3909151017397094e-06,4.952716869972718
58,-1.356932369203339e-10,16,0.7519344061999303,27,-0.00018367943913797827,0.0006145808636001817
58,-1.356932369203339e-10,16,0.7519344061999303,28,-0.000206891126446773,0.004704101123432372
58,-1.356932369203339e-10,16,0.7519344061999303,29,-0.0001226970976754057,0.016646860182933307
58,-1.356932369203339e-10,16,0.7519344061999303,30,-4.726239165427553e-06,0.015070431790695206
58,-1.356932369203339e-10,16,0.7519344061999303,31,-0.00011652214578586954,0.0120558988567093
58,-1.356932369203339e-10,16,0.7519344061999303,32,-0.00036775933378171337,0.00026101216453637153
58,-1.356932369203339e-10,16,0.7519344061999303,33,-0.0008309783001277421,-4.741618204568408e-10
58,-1.356932369203339e-10,16,0.7519344061999303,34,-0.0006282269761539094,2.132876692164215e-08
58,-1.356932369203339e-10,16,0.7519344061999303,35,-3.719180490316454e-05,0.5522385605912095
58,-1.356932369203339e-10,16,0.7519344061999303,36,2.019010861680842e-06,4.534799365611984
58,-1.356932369203339e-10,16,0.7519344061999303,37,-0.0006947680316348895,-5.852893521628507e-09
58,-1.356932369203339e-10,16,0.7519344061999303,38,-5.501261033200271e-05,0.2136567229888842
58,-1.356932369203339e-10,16,0.7519344061999303,39,-0.0008123919934478846,-4.441338338218357e-08
58,-1.356932369203339e-10,16,0.7519344061999303,40,-2.0917013757722717e-05,1.2095393193236232
58,-1.356932369203339e-10,16,0.7519344061999303,41,-4.3691876582835445e-05,0.1349556766857859
58,-1.356932369203339e-10,16,0.7519344061999303,42,4.708118887224505e-06,1.1066442487769612
58,-1.356932369203339e-10,16,0.7519344061999303,43,-2.0408558979063996e-06,2.666212065928085
58,-1.356932369203339e-10,16,0.7519344061999303,44,-0.00017166584965995713,0.0006797429207363886
58,-1.356932369203339e-10,16,0.7519344061999303,45,-3.0516031302011893e-05,0.6746679174427603
58,-1.356932369203339e-10,16,0.7519344061999303,46,-0.00048140537859085616,8.236152769059913e-07
58,-1.356932369203339e-10,16,0.7519344061999303,47,-1.51264716393521e-06,3.9515929953217297
58,-1.356932369203339e-10,16,0.7519344061999303,48,-0.0001379312998232539,0.008702975952929183
58,-1.356932369203339e-10,16,0.7519344061999303,49,-0.0018370184113660282,3.1261633844252616e-10
58,-1.356932369203339e-10,16,0.7519344061999303,50,9.740523859375965e-07,2.788496115120739
58,-1.356932369203339e-10,16,0.7519344061999303,51,-0.0006217847430625358,2.379191577573333e-09
58,-1.356932369203339e-10,16,0.7519344061999303,52,6.068033196898906e-05,0.4606144304019449
58,-1.356932369203339e-10,16,0.7519344061999303,53,-0.00029115074642295166,0.000152372595923255
58,-1.356932369203339e-10,16,0.7519344061999303,54,-9.326638565190375e-05,0.0926548214743196
58,-1.356932369203339e-10,16,0.7519344061999303,55,-0.00047105320676152845,0.00028198644916955845
58,-1.356932369203339e-10,16,0.7519344061999303,56,-0.00010212071596668942,0.14738443794449468
58,-1.356932369203339e-10,16,0.7519344061999303,57,2.280786006579984e-06,3.753736322726797
58,-1.356932369203339e-10,16,0.7519344061999303,58,4.4491107476541055e-06,2.020253962154174
58,-1.356932369203339e-10,16,0.7519344061999303,59,2.8725313841737544e-06,5.355958043625723
58,-1.356932369203339e-10,16,0.7519344061999303,60,-4.7435318042359886e-05,0.03808662203228576
58,-1.356932369203339e-10,16,0.7519344061999303,61,-0.0005778440245990173,3.932691463212457e-07
58,-1.356932369203339e-10,16,0.7519344061999303,62,-2.7795243172880206e-05,1.4484462087617476
58,-1.356932369203339e-10,16,0.7519344061999303,63,-5.703396326808933e-06,2.159910130031206
58,-1.356932369203339e-10,16,0.7519344061999303,64,-0.0002508535340877387,0.0013616994280477614
58,-1.356932369203339e-10,16,0.7519344061999303,65,-0.00015603290733706365,0.012739514030207465
58,-1.356932369203339e-10,16,0.7519344061999303,66,-0.0006296883026344757,2.206747101341108e-07
58,-1.356932369203339e-10,16,0.7519344061999303,67,-0.0003713024027052522,0.00010783250123853038
58,-1.356932369203339e-10,16,0.7519344061999303,68,1.651091692063845e-05,2.003679026497783
58,-1.356932369203339e-10,16,0.7519344061999303,69,8.571476021159562e-07,4.481635624131808
58,-1.356932369203339e-10,16,0.7519344061999303,70,-0.00045523473339171167,1.5062368800335872e-07
58,-1.356932369203339e-10,16,0.7519344061999303,71,-1.0784466722769668e-05,1.7927567570229646
58,-1.356932369203339e-10,16,0.7519344061999303,72,-0.00012687729168677,0.04014171623502989
58,-1.356932369203339e-10,16,0.7519344061999303,73,-3.942798158291124e-05,0.4514822319879482
58,-1.356932369203339e-10,16,0.7519344061999303,74,-0.0006412669899573571,1.738314077075207e-08
58,-1.356932369203339e-10,16,0.7519344061999303,75,-0.00034704272269027876,0.0001598534656383289
58,-1.356932369203339e-10,16,0.7519344061999303,76,-0.0012396146947418485,3.0263853558395577e-09
58,-1.356932369203339e-10,16,0.7519344061999303,77,-8.381023023903234e-07,5.045236188430456
58,-1.356932369203339e-10,16,0.7519344061999303,78,3.592504401041656e-06,6.733261423511733
58,-1.356932369203339e-10,16,0.7519344061999303,79,-5.525429831797223e-06,1.7917173148250698
58,-1.356932369203339e-10,16,0.7519344061999303,80,-0.001136246900938245,3.224397945347988e-08
58,-1.356932369203339e-10,16,0.7519344061999303,81,-0.0002343943207678311,5.809186336915579e-05
58,-1.356932369203339e-10,16,0.7519344061999303,82,-1.2108831075622158e-05,0.9680038680478403
58,-1.356932369203339e-10,16,0.7519344061999303,83,3.216638165088679e-06,4.453160044639083
58,-1.356932369203339e-10,16,0.7519344061999303,84,2.119717194872832e-06,2.423535283792979
58,-1.356932369203339e-10,16,0.7519344061999303,85,4.760737210291981e-06,6.725033953973937
58,-1.356932369203339e-10,16,0.7519344061999303,86,-0.0011180945325002703,-1.3121541722223057e-09
58,-1.356932369203339e-10,16,0.7519344061999303,87,-0.0006224397091463807,8.174505737382332e-08
58,-1.356932369203339e-10,16,0.7519344061999303,88,8.62805950526315e-06,0.4174542300090326
58,-1.356932369203339e-10,16,0.7519344061999303,89,4.412802592474201e-06,5.320831653185645
58,-1.356932369203339e-10,16,0.7519344061999303,90,-8.366221015437249e-06,1.6891383735798615
58,-1.356932369203339e-10,16,0.7519344061999303,91,6.791485052878134e-08,5.113443222340983
58,-1.356932369203339e-10,16,0.7519344061999303,92,-0.0006293195842628133,3.205514935606351e-08
58,-1.356932369203339e-10,16,0.7519344061999303,93,-0.00035145321563560583,2.3156025056236623e-05
58,-1.356932369203339e-10,16,0.7519344061999303,94,-0.00048812255875105965,6.804441839537193e-06
58,-1.356932369203339e-10,16,0.7519344061999303,95,-0.0008575983002935964,-3.377940728931369e-09
58,-1.356932369203339e-10,16,0.7519344061999303,96,1.0859881832694923e-05,2.6019840837185644
58,-1.356932369203339e-10,16,0.7519344061999303,97,7.535935911707039e-06,5.03247253939166
58,-1.356932369203339e-10,16,0.7519344061999303,98,-6.873172273880725e-05,0.12781862318282333
58,-1.356932369203339e-10,16,0.7519344061999303,99,-0.00021479555378864368,8.99340133975003e-05
58,-1.356932369203339e-10,16,0.7519344061999303,100,1.806755254123392e-06,7.213853138296273
59,-6.458016104285945e-12,33,0.7520294046685341,1,3.6458666763196367e-06,4.7156255720426055
59,-6.458016104285945e-12,33,0.7520294046685341,2,-8.432800162920511e-06,0.8168319008963009
59,-6.458016104285945e-12,33,0.7520294046685341,3,-6.515918525960942e-05,0.04369001926357228
59,-6.458016104285945e-12,33,0.7520294046685341,4,-0.00017634602217339473,3.224460687435686e-05
59,-6.458016104285945e-12,33,0.7520294046685341,5,-3.1169679335817884e-05,0.103753334608981
59,-6.458016104285945e-12,33,0.7520294046685341,6,-4.489299254165617e-06,3.5289550025200587
59,-6.458016104285945e-12,33,0.7520294046685341,7,-6.918663274327618e-05,0.060308970775961784
59,-6.458016104285945e-12,33,0.7520294046685341,8,-2.282531833049134e-05,0.6471984059369575
59,-6.458016104285945e-12,33,0.7520294046685341,9,7.776716146086067e-06,1.094067427158519
59,-6.458016104285945e-12,33,0.7520294046685341,10,-3.2978556931094275e-05,0.26144995241083374
59,-6.458016104285945e-12,33,0.7520294046685341,11,-8.948311831701777e-06,0.3240539293065107
59,-6.458016104285945e-12,33,0.7520294046685341,12,-3.397226765451274e-05,0.3591920505489903
59,-6.458016104285945e-12,33,0.7520294046685341,13,-1.938723315064555e-05,0.7194230322908506
59,-6.458016104285945e-12,33,0.7520294046685341,14,1.804914782996866e-06,6.464523441794776
59,-6.458016104285945e-12,33,0.7520294046685341,15,2.322359630830072e-06,1.0440123438184228
59,-6.458016104285945e-12,33,0.7520294046685341,16,-7.965296137214842e-05,0.012545337604305224
59,-6.458016104285945e-12,33,0.7520294046685341,17,-2.5807765034968187e-07,5.630986036600806
59,-6.458016104285945e-12,33,0.7520294046685341,18,-2.0324446242697915e-05,0.16130518015434156
59,-6.458016104285945e-12,33,0.7520294046685341,19,-1.5588623227782126e-05,0.48994470244602095
59,-6.458016104285945e-12,33,0.7520294046685341,20,4.294448631166923e-06,1.2795990739241212
59,-6.458016104285945e-12,33,0.7520294046685341,21,-4.04233879100794e-06,0.6323444541033051
59,-6.458016104285945e-12,33,0.7520294046685341,22,-0.00014850224484510327,0.001027099716858768
59,-6.458016104285945e-12,33,0.7520294046685341,23,-5.5955053838372385e-06,3.3452634390048237
59,-6.458016104285945e-12,33,0.7520294046685341,24,-3.511248181257936e-05,0.26819814708334555
59,-6.458016104285945e-12,33,0.7520294046685341,25,3.7617361746671075e-06,1.0793058218142144
59,-6.458016104285945e-12,33,0.7520294046685341,26,-1.5205883581375995e-05,1.1112654996866587
59,-6.458016104285945e-12,33,0.7520294046685341,27,-6.799444894005042e-05,0.02231909142594421
59,-6.458016104285945e-12,33,0.7520294046685341,28,2.068355185883374e-06,4.332648059532875
59,-6.458016104285945e-12,33,0.7520294046685341,29,-5.3861336421692165e-05,0.014725052858329793
59,-6.458016104285945e-12,33,0.7520294046685341,30,-9.010461220064862e-05,0.005506357637338296
59,-6.458016104285945e-12,33,0.7520294046685341,31,-9.83783313344061e-07,1.3886974440218078
59,-6.458016104285945e-12,33,0.7520294046685341,32,-9.405486728011902e-05,0.0011852032995366267
59,-6.458016104285945e-12,33,0.7520294046685341,33,6.575270395980714e-06,6.137073004531925
59,-6.458016104285945e-12,33,0.7520294046685341,34,2.3179718493855325e-06,9.278940311902302
59,-6.458016104285945e-12,33,0.7520294046685341,35,-1.0831968239451686e-05,0.5449102828346674
59,-6.458016104285945e-12,33,0.7520294046685341,36,1.01346101800585e-05,2.63540483367741
59,-6.458016104285945e-12,33,0.7520294046685341,37,4.698783315326824e-06,4.990520044188037
59,-6.458016104285945e-12,33,0.7520294046685341,38,4.255066486834127e-06,0.3950430303601431
59,-6.458016104285945e-12,33,0.7520294046685341,39,1.674183400379437e-06,3.7542516803249364
59,-6.458016104285945e-12,33,0.7520294046685341,40,-0.00013677650761711362,0.00029084207780225366
59,-6.458016104285945e-12,33,0.7520294046685341,41,-7.323507353450056e-05,0.01584302671072778
59,-6.458016104285945e-12,33,0.7520294046685341,42,-3.2811040621174225e-05,0.12809377347849635
59,-6.458016104285945e-12,33,0.7520294046685341,43,-0.00022957767830632632,6.819351143350746e-06
59,-6.458016104285945e-12,33,0.7520294046685341,44,-5.50285789737856e-05,0.03689999213631457
59,-6.458016104285945e-12,33,0.7520294046685341,45,-5.190812509439148e-06,2.4839379176256497
59,-6.458016104285945e-12,33,0.7520294046685341,46,1.0925774805121432e-05,3.2751215270771117
59,-6.458016104285945e-12,33,0.7520294046685341,47,2.2794621592117756e-06,2.684043392100415
59,-6.458016104285945e-12,33,0.7520294046685341,48,6.429127627646502e-06,2.13973141463194
59,-6.458016104285945e-12,33,0.7520294046685341,49,-0.00020789710757256643,5.108300337162996e-05
59,-6.458016104285945e-12,33,0.7520294046685341,50,-0.00011448654931740116,0.006750206446251831
59,-6.458016104285945e-12,33,0.7520294046685341,51,-0.0001689208495743287,0.00026886789713938356
59,-6.458016104285945e-12,33,0.7520294046685341,52,-5.408496940995466e-06,2.1651225785305908
59,-6.458016104285945e-12,33,0.7520294046685341,53,-9.027650340259853e-06,0.2487033114368906
59,-6.458016104285945e-12,33,0.7520294046685341,54,1.1229200292169892e-07,3.914386399584462
59,-6.458016104285945e-12,33,0.7520294046685341,55,8.886946353124495e-07,3.999848746265766
59,-6.458016104285945e-12,33,0.7520294046685341,56,1.4543551867802743e-06,1.6778504991613572
59,-6.458016104285945e-12,33,0.7520294046685341,57,7.035384751629146e-07,2.46003335125835
59,-6.458016104285945e-12,33,0.7520294046685341,58,-7.708319496209254e-05,0.03778067614328428
59,-6.458016104285945e-12,33,0.7520294046685341,59,-1.1629125387673158e-05,1.0425351756097385
59,-6.458016104285945e-12,33,0.7520294046685341,60,2.3161738610508668e-06,0.8209402555591132
59,-6.458016104285945e-12,33,0.7520294046685341,61,-4.068047165027205e-05,0.39041903825865326
59,-6.458016104285945e-12,33,0.7520294046685341,62,-4.4299600520007626e-05,0.03761244576492795
59,-6.458016104285945e-12,33,0.7520294046685341,63,-7.509528780850523e-05,0.013915425997156259
59,-6.458016104285945e-12,33,0.7520294046685341,64,-0.00011988885943679028,0.00527981177499251
59,-6.458016104285945e-12,33,0.7520294046685341,65,-1.0119902924100075e-06,2.666475376666092
59,-6.458016104285945e-12,33,0.7520294046685341,66,-9.78856359055125e-06,0.472424552953817
59,-6.458016104285945e-12,33,0.7520294046685341,67,2.6651597901050142e-06,1.077953892815788
59,-6.458016104285945e-12,33,0.7520294046685341,68,-6.819623680744276e-06,1.8210759622645913
59,-6.458016104285945e-12,33,0.7520294046685341,69,5.953260418701047e-07,1.5765212486604643
59,-6.458016104285945e-12,33,0.7520294046685341,70,-6.604312124071907e-06,1.8960103389902452
59,-6.458016104285945e-12,33,0.7520294046685341,71,2.9923786048861e-06,2.457964136225102
59,-6.458016104285945e-12,33,0.7520294046685341,72,-4.973225835030787e-05,0.06157329273606727
59,-6.458016104285945e-12,33,0.7520294046685341,73,1.5107777951832884e-06,0.9500752761951976
59,-6.458016104285945e-12,33,0.7520294046685341,74,-8.151354533566638e-07,1.2434081624343958
59,-6.458016104285945e-12,33,0.7520294046685341,75,3.5315916321969148e-06,5.053234083452182
59,-6.458016104285945e-12,33,0.7520294046685341,76,-0.00011083012878097756,0.0022491935312834747
59,-6.458016104285945e-12,33,0.7520294046685341,77,-2.971072637451291e-05,0.46680497043134606
59,-6.458016104285945e-12,33,0.7520294046685341,78,-9.881270427172294e-06,1.4209836785299907
59,-6.458016104285945e-12,33,0.7520294046685341,79,8.022254626169925e-06,1.3508657008198788
59,-6.458016104285945e-12,33,0.7520294046685341,80,-7.45793932037227e-06,0.7503677088242104
59,-6.458016104285945e-12,33,0.7520294046685341,81,-3.118179512640779e-05,0.1900440598910196
59,-6.458016104285945e-12,33,0.7520294046685341,82,3.034471424085296e-06,2.8817168998809213
59,-6.458016104285945e-12,33,0.7520294046685341,83,-7.302040189645344e-05,0.08276463062251925
59,-6.458016104285945e-12,33,0.7520294046685341,84,-4.625913263862161e-06,1.24135554184229
59,-6.458016104285945e-12,33,0.7520294046685341,85,4.5661732354348904e-06,1.752155550189063
59,-6.458016104285945e-12,33,0.7520294046685341,86,-7.626966211138103e-05,0.023999966909532232
59,-6.458016104285945e-12,33,0.7520294046685341,87,-9.666740007488146e-05,0.03750241918761012
59,-6.458016104285945e-12,33,0.7520294046685341,88,-0.000120660063607675,0.009359515654595259
59,-6.458016104285945e-12,33,0.7520294046685341,89,7.821158342974626e-07,1.2334994790349805
59,-6.458016104285945e-12,33,0.7520294046685341,90,2.360348096678957e-07,5.505644284116997
59,-6.458016104285945e-12,33,0.7520294046685341,91,-7.587033933797184e-05,0.09941739303680158
59,-6.458016104285945e-12,33,0.7520294046685341,92,6.509091931308084e-06,4.29419290974649
59,-6.458016104285945e-12,33,0.7520294046685341,93,-2.9248298385702738e-06,4.926570440183482
59,-6.458016104285945e-12,33,0.7520294046685341,94,9.54505410346835e-06,1.899310453243361
59,-6.458016104285945e-12,33,0.7520294046685341,95,-0.00013929958427991748,0.00043911230647502637
59,-6.458016104285945e-12,33,0.7520294046685341,96,-0.00014140901344384071,0.002517164683385222
59,-6.458016104285945e-12,33,0.7520294046685341,97,-5.4520664687413853e-05,0.056562784036887435
59,-6.458016104285945e-12,33,0.7520294046685341,98,-0.00011049410488264207,0.01056373352688204
59,-6.458016104285945e-12,33,0.7520294046685341,99,-0.00013909127869489487,0.0011008300058607803
59,-6.458016104285945e-12,33,0.7520294046685341,100,-3.281362917606836e-06,0.9517113679378557
60,-2.853543833954169e-10,60,0.7530951636773016,1,-5.673429542815292e-06,1.547126906915018
60,-2.853543833954169e-10,60,0.7530951636773016,2,-0.0001736274972280962,0.0009594476213439435
60,-2.853543833954169e-10,60,0.7530951636773016,3,5.3604619403885935e-06,0.9886016266957383
60,-2.853543833954169e-10,60,0.7530951636773016,4,1.7731435554502028e-06,2.791414317158117
60,-2.853543833954169e-10,60,0.7530951636773016,5,4.381694490742254e-06,4.065001687444688
60,-2.853543833954169e-10,60,0.7530951636773016,6,2.989536851430688e-06,3.195741097599876
60,-2.853543833954169e-10,60,0.7530951636773016,7,5.990643447769348e-06,3.512895876593748
60,-2.853543833954169e-10,60,0.7530951636773016,8,-5.142331520460775e-05,0.11833731311518535
60,-2.853543833954169e-10,60,0.7530951636773016,9,2.8928022319711794e-06,4.416187306279781
60,-2.853543833954169e-10,60,0.7530951636773016,10,-0.00010248334689039931,0.10860648574005335
60,-2.853543833954169e-10,60,0.7530951636773016,11,-2.6195952566992765e-05,0.3231252699137539
60,-2.853543833954169e-10,60,0.7530951636773016,12,-0.00010992825211904862,0.10200471184456836
60,-2.853543833954169e-10,60,0.7530951636773016,13,-5.664908353528968e-06,3.2502497219580553
60,-2.853543833954169e-10,60,0.7530951636773016,14,-0.00010583018273886987,0.014936500324109026
60,-2.853543833954169e-10,60,0.7530951636773016,15,-1.2755313901967908e-05,0.5910797765811333
60,-2.853543833954169e-10,60,0.7530951636773016,16,-4.208726171110398e-06,0.6893998312220592
60,-2.853543833954169e-10,60,0.7530951636773016,17,9.48736278981531e-06,2.4003309193337046
60,-2.853543833954169e-10,60,0.7530951636773016,18,-0.0001488190985105163,0.005258718663916687
60,-2.853543833954169e-10,60,0.7530951636773016,19,-4.0911608324666026e-05,0.038660982556205266
60,-2.853543833954169e-10,60,0.7530951636773016,20,-3.441496063170321e-05,0.019074775479687847
60,-2.853543833954169e-10,60,0.7530951636773016,21,-3.4908268782414404e-06,1.0610225819732082
60,-2.853543833954169e-10,60,0.7530951636773016,22,1.9743000767436684e-06,4.426326603233929
60,-2.853543833954169e-10,60,0.7530951636773016,23,-3.9514568175550264e-05,0.11076683610404423
60,-2.853543833954169e-10,60,0.7530951636773016,24,-2.930256353289113e-05,0.24813110345211697
60,-2.853543833954169e-10,60,0.7530951636773016,25,-0.00011041019917217031,0.07419105152292962
60,-2.853543833954169e-10,60,0.7530951636773016,26,-3.5947049942794633e-09,2.7067917463340825
60,-2.853543833954169e-10,60,0.7530951636773016,27,8.251692579785932e-06,3.812730742727555
60,-2.853543833954169e-10,60,0.7530951636773016,28,-6.65137853636629e-05,0.0030795795402244097
60,-2.853543833954169e-10,60,0.7530951636773016,29,9.050000224036938e-06,0.6840867172349563
60,-2.853543833954169e-10,60,0.7530951636773016,30,6.720009273040018e-07,1.383032319646138
60,-2.853543833954169e-10,60,0.7530951636773016,31,5.288678348744691e-06,3.0581619053020184
60,-2.853543833954169e-10,60,0.7530951636773016,32,-3.0331797682583996e-05,0.15816704860355618
60,-2.853543833954169e-10,60,0.7530951636773016,33,-0.00013500227500410638,0.003657414789550467
60,-2.853543833954169e-10,60,0.7530951636773016,34,3.0760136431904574e-06,0.3504431756224114
60,-2.853543833954169e-10,60,0.7530951636773016,35,-0.00015383387233933797,0.004712833725386935
60,-2.853543833954169e-10,60,0.7530951636773016,36,-1.7007761934971393e-05,1.2856622453730184
60,-2.853543833954169e-10,60,0.7530951636773016,37,-1.0653360322664856e-05,0.4117696899863913
60,-2.853543833954169e-10,60,0.7530951636773016,38,-6.585993818314691e-05,0.01714769316245991
60,-2.853543833954169e-10,60,0.7530951636773016,39,-9.595093245849666e-05,0.024680171068581756
60,-2.853543833954169e-10,60,0.7530951636773016,40,1.9619625084192546e-06,6.39060271597747
60,-2.853543833954169e-10,60,0.7530951636773016,41,-1.299994298645065e-05,0.613586365778375
60,-2.853543833954169e-10,60,0.7530951636773016,42,-1.5146870925534867e-06,2.700417445192692
60,-2.853543833954169e-10,60,0.7530951636773016,43,8.370954784143616e-06,2.730849576601001
60,-2.853543833954169e-10,60,0.7530951636773016,44,-4.326332342203663e-05,0.21911526920075786
60,-2.853543833954169e-10,60,0.7530951636773016,45,6.0072984037551454e-06,0.5525175716740366
60,-2.853543833954169e-10,60,0.7530951636773016,46,-9.472928654470705e-05,0.005409559972835285
60,-2.853543833954169e-10,60,0.7530951636773016,47,-9.69096518355326e-05,0.05244832561648933
60,-2.853543833954169e-10,60,0.7530951636773016,48,-6.435322711322085e-06,1.0899148003278643
60,-2.853543833954169e-10,60,0.7530951636773016,49,-1.6520334140855907e-06,5.33376444315445
60,-2.853543833954169e-10,60,0.7530951636773016,50,-7.689934567741082e-06,0.5198858918872338
60,-2.853543833954169e-10,60,0.7530951636773016,51,-5.4812147528188914e-05,0.1426621558242773
60,-2.853543833954169e-10,60,0.7530951636773016,52,-8.745626971574984e-05,0.029089443830530026
60,-2.853543833954169e-10,60,0.7530951636773016,53,-0.000152959043002911,0.004766420349513982
60,-2.853543833954169e-10,60,0.7530951636773016,54,-0.00011736565898962949,0.00842469401872219
60,-2.853543833954169e-10,60,0.7530951636773016,55,-3.760465993328332e-05,0.15309774274425414
60,-2.853543833954169e-10,60,0.7530951636773016,56,-8.49199812993398e-06,1.1121619281470247
60,-2.853543833954169e-10,60,0.7530951636773016,57,-6.860314563654924e-06,2.036583686785066
60,-2.853543833954169e-10,60,0.7530951636773016,58,4.72026284769533e-07,0.9909310594886126
60,-2.853543833954169e-10,60,0.7530951636773016,59,-0.00012309364673736024,0.01151099707843976
60,-2.853543833954169e-10,60,0.7530951636773016,60,9.002579131026445e-07,0.9457179111560882
60,-2.853543833954169e-10,60,0.7530951636773016,61,5.920494998002415e-06,6.898261554896202
60,-2.853543833954169e-10,60,0.7530951636773016,62,5.8270754380653695e-06,4.578604387305624
60,-2.853543833954169e-10,60,0.7530951636773016,63,-3.618357950306745e-05,0.5094873419997707
60,-2.853543833954169e-10,60,0.7530951636773016,64,-3.207889062331436e-05,0.2744199390788195
60,-2.853543833954169e-10,60,0.7530951636773016,65,-1.840514669467939e-05,0.6393023908427257
60,-2.853543833954169e-10,60,0.7530951636773016,66,6.059838293376977e-06,5.547430818132173
60,-2.853543833954169e-10,60,0.7530951636773016,67,-2.1596310457222767e-05,0.2985653328013519
60,-2.853543833954169e-10,60,0.7530951636773016,68,-8.700928597870877e-06,0.032344330354370426
60,-2.853543833954169e-10,60,0.7530951636773016,69,6.663022968336281e-06,3.442792599769588
60,-2.853543833954169e-10,60,0.7530951636773016,70,1.3838864089117194e-05,1.7331289160769208
60,-2.853543833954169e-10,60,0.7530951636773016,71,-0.00014495915803037902,0.0004306896013135432
60,-2.853543833954169e-10,60,0.7530951636773016,72,1.213910072124823e-06,3.7539222625767077
60,-2.853543833954169e-10,60,0.7530951636773016,73,6.091111504457788e-06,0.7740741206583489
60,-2.853543833954169e-10,60,0.7530951636773016,74,-6.690780138805851e-05,0.02031993689719924
60,-2.853543833954169e-10,60,0.7530951636773016,75,2.6115916286093077e-07,2.5357194030110337
60,-2.853543833954169e-10,60,0.7530951636773016,76,-3.6812176023117396e-06,1.326068464351167
60,-2.853543833954169e-10,60,0.7530951636773016,77,-0.00016578403817663436,0.00037049279862008466
60,-2.853543833954169e-10,60,0.7530951636773016,78,-5.904528605907623e-05,0.18577330107603607
60,-2.853543833954169e-10,60,0.7530951636773016,79,-8.450873887554232e-05,0.042931015410262736
60,-2.853543833954169e-10,60,0.7530951636773016,80,-3.633618982887308e-05,0.46722539891409437
60,-2.853543833954169e-10,60,0.7530951636773016,81,6.18850844520487e-06,3.813927126861442
60,-2.853543833954169e-10,60,0.7530951636773016,82,-2.2974708177143098e-05,0.7065055308133957
60,-2.853543833954169e-10,60,0.7530951636773016,83,-1.9653135059288223e-05,0.9934403405870789
60,-2.853543833954169e-10,60,0.7530951636773016,84,-3.5946950911746838e-06,3.337588185548322
60,-2.853543833954169e-10,60,0.7530951636773016,85,1.1766966160481704e-05,1.7356667516686244
60,-2.853543833954169e-10,60,0.7530951636773016,86,-4.818105223168095e-06,1.1203894836962125
60,-2.853543833954169e-10,60,0.7530951636773016,87,-1.0083376123446456e-05,1.5133702530983144
60,-2.853543833954169e-10,60,0.7530951636773016,88,9.481522446319909e-07,3.865919044584373
60,-2.853543833954169e-10,60,0.7530951636773016,89,-4.3091748057858026e-05,0.32711664474616436
60,-2.853543833954169e-10,60,0.7530951636773016,90,-9.191512029729246e-05,0.05459848885349251
60,-2.853543833954169e-10,60,0.7530951636773016,91,-5.4232105268966163e-05,0.30897087651762817
60,-2.853543833954169e-10,60,0.7530951636773016,92,-9.601809691624043e-05,0.0775119520019186
60,-2.853543833954169e-10,60,0.7530951636773016,93,-3.6873512699813095e-06,1.2187614121783348
60,-2.853543833954169e-10,60,0.7530951636773016,94,6.98961759288555e-06,4.52388985700585
60,-2.853543833954169e-10,60,0.7530951636773016,95,2.6297241098828697e-06,3.7346974117560263
60,-2.853543833954169e-10,60,0.7530951636773016,96,-8.734009991025702e-06,1.1477322974171749
60,-2.853543833954169e-10,60,0.7530951636773016,97,-4.811818049534168e-06,1.6913603655488705
60,-2.853543833954169e-10,60,0.7530951636773016,98,-0.0001015716411689079,0.00965251801659499
60,-2.853543833954169e-10,60,0.7530951636773016,99,-5.698077308384253e-06,2.147477305142323
60,-2.853543833954169e-10,60,0.7530951636773016,100,2.9152079807637927e-06,4.713242173328269
61,-1.7464388962419782e-10,30,0.7481672750646364,1,-1.855816213057977e-05,0.07200777129106001
61,-1.7464388962419782e-10,30,0.7481672750646364,2,6.015347529835712e-06,8.303795493671535
61,-1.7464388962419782e-10,30,0.7481672750646364,3,2.344188277953649e-06,4.426596680756809
61,-1.7464388962419782e-10,30,0.7481672750646364,4,7.132912497977681e-07,4.371432461083354
61,-1.7464388962419782e-10,30,0.7481672750646364,5,-0.0002628140113181634,2.148196162291395e-06
61,-1.7464388962419782e-10,30,0.7481672750646364,6,-1.3044971263308293e-05,2.0260185977713254
61,-1.7464388962419782e-10,30,0.7481672750646364,7,-8.610904356288187e-06,1.7607752340537912
61,-1.7464388962419782e-10,30,0.7481672750646364,8,-1.9436744411018357e-05,0.29106047427470666
61,-1.7464388962419782e-10,30,0.7481672750646364,9,-1.974563182966346e-05,0.7582148453045515
61,-1.7464388962419782e-10,30,0.7481672750646364,10,-0.00012014651102026847,0.0016444370155189254
61,-1.7464388962419782e-10,30,0.7481672750646364,11,9.585339485810901e-06,3.067526077842298
61,-1.7464388962419782e-10,30,0.7481672750646364,12,-7.564953688397031e-05,0.17831684289243788
61,-1.7464388962419782e-10,30,0.7481672750646364,13,5.7782676120092564e-06,3.790801629368553
61,-1.7464388962419782e-10,30,0.7481672750646364,14,1.4644930030283418e-05,1.6614282372191578
61,-1.7464388962419782e-10,30,0.7481672750646364,15,-1.648769404737167e-05,1.127206881442863
61,-1.7464388962419782e-10,30,0.7481672750646364,16,-0.00031047946179705763,1.1319807034160205e-08
61,-1.7464388962419782e-10,30,0.7481672750646364,17,-9.439034975631168e-06,0.8220010912793553
61,-1.7464388962419782e-10,30,0.7481672750646364,18,-0.00035407248158604403,7.674626433454288e-07
61,-1.7464388962419782e-10,30,0.7481672750646364,19,7.5464399863451425e-06,2.8328968911119627
61,-1.7464388962419782e-10,30,0.7481672750646364,20,-0.0001408561759896247,0.08072633956091804
61,-1.7464388962419782e-10,30,0.7481672750646364,21,-0.00017677746760770782,0.004234182434389071
61,-1.7464388962419782e-10,30,0.7481672750646364,22,4.0905858845098735e-06,3.7428917133484148
61,-1.7464388962419782e-10,30,0.7481672750646364,23,-4.8284558813748686e-05,0.6195369355855915
61,-1.7464388962419782e-10,30,0.7481672750646364,24,-2.0341688739611317e-05,0.9765106936023308
61,-1.7464388962419782e-10,30,0.7481672750646364,25,-5.9493053031411405e-06,1.125247724183852
61,-1.7464388962419782e-10,30,0.7481672750646364,26,-6.175534246130208e-05,0.019398019839058565
61,-1.7464388962419782e-10,30,0.7481672750646364,27,1.2176030853420932e-06,2.3873672663795813
61,-1.7464388962419782e-10,30,0.7481672750646364,28,-0.00026302138278171377,1.1579154713270002e-05
61,-1.7464388962419782e-10,30,0.7481672750646364,29,-6.86105783636211e-05,0.05011961809404937
61,-1.7464388962419782e-10,30,0.7481672750646364,30,-1.6761029627640865e-06,2.76546001752492
61,-1.7464388962419782e-10,30,0.7481672750646364,31,6.223852937373743e-06,12.349037614044425
61,-1.7464388962419782e-10,30,0.7481672750646364,32,-0.0002812558606739552,6.863745972270057e-05
61,-1.7464388962419782e-10,30,0.7481672750646364,33,-0.0001945825732891422,0.0023438336681789666
61,-1.7464388962419782e-10,30,0.7481672750646364,34,4.194087492526525e-06,4.0103089049746465
61,-1.7464388962419782e-10,30,0.7481672750646364,35,-2.5968370917436203e-05,0.6625796016517997
61,-1.7464388962419782e-10,30,0.7481672750646364,36,-0.0004505124796141885,-4.806423180002175e-10
61,-1.7464388962419782e-10,30,0.7481672750646364,37,1.094444397204556e-06,2.201344040527662
61,-1.7464388962419782e-10,30,0.7481672750646364,38,-2.97699385679314e-07,0.6738924975059915
61,-1.7464388962419782e-10,30,0.7481672750646364,39,-9.396696200970343e-05,0.0144934124197589
61,-1.7464388962419782e-10,30,0.7481672750646364,40,-8.807842539873985e-06,2.230702953263741
61,-1.7464388962419782e-10,30,0.7481672750646364,41,3.7650158425451466e-06,4.1117818384889135
61,-1.7464388962419782e-10,30,0.7481672750646364,42,-0.0003303729560494137,5.453625988786767e-07
61,-1.7464388962419782e-10,30,0.7481672750646364,43,1.2713760683078006e-06,4.846018966510738
61,-1.7464388962419782e-10,30,0.7481672750646364,44,-9.826649284801031e-05,0.031515676589653645
61,-1.7464388962419782e-10,30,0.7481672750646364,45,-2.777856532778913e-05,1.096745679313
61,-1.7464388962419782e-10,30,0.7481672750646364,46,-0.00020543067513064593,0.0004088716492951206
61,-1.7464388962419782e-10,30,0.7481672750646364,47,-9.22484156479039e-05,0.04797220287671152
61,-1.7464388962419782e-10,30,0.7481672750646364,48,-0.0002935370111842746,7.002855228087017e-06
61,-1.7464388962419782e-10,30,0.7481672750646364,49,-0.00018573779261155178,0.0002080491866551936
61,-1.7464388962419782e-10,30,0.7481672750646364,50,-0.00014254266934017723,0.002928190806313327
61,-1.7464388962419782e-10,30,0.7481672750646364,51,-5.318390141479177e-06,0.893289506729374
61,-1.7464388962419782e-10,30,0.7481672750646364,52,-1.2328059037393646e-05,0.863307015458582
61,-1.7464388962419782e-10,30,0.7481672750646364,53,1.9333567981836896e-05,0.12298702544066041
61,-1.7464388962419782e-10,30,0.7481672750646364,54,-4.082296574693947e-05,0.41920671999820774
61,-1.7464388962419782e-10,30,0.7481672750646364,55,-1.2863774384248212e-05,1.5130316923707776
61,-1.7464388962419782e-10,30,0.7481672750646364,56,-2.4579976834327486e-05,0.5291563055044739
61,-1.7464388962419782e-10,30,0.7481672750646364,57,-1.1913692773906508e-05,2.595187501121654
61,-1.7464388962419782e-10,30,0.7481672750646364,58,2.1459848993756827e-06,0.27401939164683253
61,-1.7464388962419782e-10,30,0.7481672750646364,59,3.599712865897236e-06,10.833271048627486
61,-1.7464388962419782e-10,30,0.7481672750646364,60,1.2605824130459624e-05,2.914001566809268
61,-1.7464388962419782e-10,30,0.7481672750646364,61,6.994631317164138e-06,1.6367339503091494
61,-1.7464388962419782e-10,30,0.7481672750646364,62,4.639154046940217e-06,3.011757751497453
61,-1.7464388962419782e-10,30,0.7481672750646364,63,-3.8766692854493365e-06,0.7499432965534598
61,-1.7464388962419782e-10,30,0.7481672750646364,64,-3.7388046517842836e-05,0.48374297456386073
61,-1.7464388962419782e-10,30,0.7481672750646364,65,-0.0002635626924796107,1.5067784350061874e-05
61,-1.7464388962419782e-10,30,0.7481672750646364,66,-7.567641615332048e-06,4.45188033510129
61,-1.7464388962419782e-10,30,0.7481672750646364,67,-7.016130610608842e-05,0.018474439114462046
61,-1.7464388962419782e-10,30,0.7481672750646364,68,3.898786608928369e-06,2.914478409527276
61,-1.7464388962419782e-10,30,0.7481672750646364,69,-0.00010260295873833895,0.03629145382335548
61,-1.7464388962419782e-10,30,0.7481672750646364,70,-0.0001142504265997869,0.018362992174395496
61,-1.7464388962419782e-10,30,0.7481672750646364,71,-0.0001436559876742478,0.0007181350279446018
61,-1.7464388962419782e-10,30,0.7481672750646364,72,-0.00024368453020663975,0.00013118758097142142
61,-1.7464388962419782e-10,30,0.7481672750646364,73,-0.0002496883905736213,6.01306205369124e-06
61,-1.7464388962419782e-10,30,0.7481672750646364,74,-7.439317598225635e-05,0.19161703396893687
61,-1.7464388962419782e-10,30,0.7481672750646364,75,2.4148135474494415e-06,1.7942365261609021
61,-1.7464388962419782e-10,30,0.7481672750646364,76,-3.1140811295996426e-06,3.140751577842957
61,-1.7464388962419782e-10,30,0.7481672750646364,77,-6.697484910688178e-05,0.2163719666044365
61,-1.7464388962419782e-10,30,0.7481672750646364,78,2.3929102582263993e-06,2.7212355386385587
61,-1.7464388962419782e-10,30,0.7481672750646364,79,1.2734372382129344e-05,1.517724898738026
61,-1.7464388962419782e-10,30,0.7481672750646364,80,-9.367627852811502e-05,0.02618752267548666
61,-1.7464388962419782e-10,30,0.7481672750646364,81,-7.916922349783043e-05,0.027679081445183287
61,-1.7464388962419782e-10,30,0.7481672750646364,82,-0.0005532136627483112,-5.135759031159533e-09
61,-1.7464388962419782e-10,30,0.7481672750646364,83,-0.00013554931062974483,0.008340298803329744
61,-1.7464388962419782e-10,30,0.7481672750646364,84,-8.129909482076147e-05,0.13185803207467164
61,-1.7464388962419782e-10,30,0.7481672750646364,85,-0.0006121983639726941,-5.219355427670923e-09
61,-1.7464388962419782e-10,30,0.7481672750646364,86,-0.00040985697362417434,1.680137377711685e-08
61,-1.7464388962419782e-10,30,0.7481672750646364,87,7.166386529791665e-06,5.733963989268521
61,-1.7464388962419782e-10,30,0.7481672750646364,88,-0.0003000172510549934,3.0300094032761252e-06
61,-1.7464388962419782e-10,30,0.7481672750646364,89,-0.0002155101073219626,2.1660757687671566e-05
61,-1.7464388962419782e-10,30,0.7481672750646364,90,6.381206054923681e-06,3.1547268923127216
61,-1.7464388962419782e-10,30,0.7481672750646364,91,-9.884629091345467e-06,1.4559358884517821
61,-1.7464388962419782e-10,30,0.7481672750646364,92,3.767510734883414e-06,2.6732374213555476
61,-1.7464388962419782e-10,30,0.7481672750646364,93,-0.0005268146131283748,-1.2010310853010711e-09
61,-1.7464388962419782e-10,30,0.7481672750646364,94,-0.00037090834756988426,2.5977061336531065e-08
61,-1.7464388962419782e-10,30,0.7481672750646364,95,-5.112425595799187e-06,0.3367696895644072
61,-1.7464388962419782e-10,30,0.7481672750646364,96,-2.2282060371822173e-05,1.0140144962686892
61,-1.7464388962419782e-10,30,0.7481672750646364,97,-1.0399792293765717e-05,0.8959369205494261
61,-1.7464388962419782e-10,30,0.7481672750646364,98,-0.0002899007221274536,1.0082139126322517e-05
61,-1.7464388962419782e-10,30,0.7481672750646364,99,-0.00020546028932885832,0.0012660741020732733
61,-1.7464388962419782e-10,30,0.7481672750646364,100,1.3620808997965624e-06,4.882570519972988
62,-1.4320314814914756e-10,20,0.7510033060460538,1,-6.911182079944326e-05,0.2976892696410194
62,-1.4320314814914756e-10,20,0.7510033060460538,2,-1.4227239102854404e-05,1.715596848028259
62,-1.4320314814914756e-10,20,0.7510033060460538,3,-0.0005237768598293324,1.79005462922046e-08
62,-1.4320314814914756e-10,20,0.7510033060460538,4,-0.0001626647288848462,0.004718980159286162
62,-1.4320314814914756e-10,20,0.7510033060460538,5,-0.00015819304194269082,0.026099503978189352
62,-1.4320314814914756e-10,20,0.7510033060460538,6,-0.0003568109162482825,1.3869218797658934e-05
62,-1.4320314814914756e-10,20,0.7510033060460538,7,-0.00023951705378202142,0.0016827039050762772
62,-1.4320314814914756e-10,20,0.7510033060460538,8,5.732015139947976e-06,2.4707065904296224
62,-1.4320314814914756e-10,20,0.7510033060460538,9,1.5215046704391527e-05,1.6070375508329635
62,-1.4320314814914756e-10,20,0.7510033060460538,10,-2.992908939597926e-05,0.494997436980138
62,-1.4320314814914756e-10,20,0.7510033060460538,11,-0.00022373748553946056,0.0019496953114275448
62,-1.4320314814914756e-10,20,0.7510033060460538,12,-0.00010858384082563348,0.012696990242407533
62,-1.4320314814914756e-10,20,0.7510033060460538,13,-1.05239932355608e-06,5.972390976915132
62,-1.4320314814914756e-10,20,0.7510033060460538,14,-0.0005351292326804283,1.4351151767329078e-09
62,-1.4320314814914756e-10,20,0.7510033060460538,15,-6.902903882011172e-06,0.7549158881403096
62,-1.4320314814914756e-10,20,0.7510033060460538,16,-1.6875440525382825e-06,0.05123222966388206
62,-1.4320314814914756e-10,20,0.7510033060460538,17,-4.6981565739297934e-05,0.2819845701828783
62,-1.4320314814914756e-10,20,0.7510033060460538,18,-1.3954729333518572e-05,1.4180549628444945
62,-1.4320314814914756e-10,20,0.7510033060460538,19,5.5317003490624105e-06,3.3652107367814366
62,-1.4320314814914756e-10,20,0.7510033060460538,20,-0.0005464390042653286,1.0691213330876627e-08
62,-1.4320314814914756e-10,20,0.7510033060460538,21,4.5575959114847835e-06,8.334591180273094
62,-1.4320314814914756e-10,20,0.7510033060460538,22,-0.0003338589624943952,6.435740792276731e-05
62,-1.4320314814914756e-10,20,0.7510033060460538,23,2.3475089012005213e-07,0.526756016324487
62,-1.4320314814914756e-10,20,0.7510033060460538,24,-0.00024351976240701164,0.001185101098036084
62,-1.4320314814914756e-10,20,0.7510033060460538,25,-0.00032801126427609695,7.899388606733862e-05
62,-1.4320314814914756e-10,20,0.7510033060460538,26,4.946017918045282e-06,2.760583116361702
62,-1.4320314814914756e-10,20,0.7510033060460538,27,4.493958809719305e-06,5.026596563469592
62,-1.4320314814914756e-10,20,0.7510033060460538,28,-2.0203203035749715e-05,1.2441513403340128
62,-1.4320314814914756e-10,20,0.7510033060460538,29,-7.016382729798355e-05,0.4116930975236872
62,-1.4320314814914756e-10,20,0.7510033060460538,30,-1.5843926986815305e-05,0.4031151126440862
62,-1.4320314814914756e-10,20,0.7510033060460538,31,-0.00010719495809400325,0.023999441835878942
62,-1.4320314814914756e-10,20,0.7510033060460538,32,2.49173967662272e-06,5.0943610937412345
62,-1.4320314814914756e-10,20,0.7510033060460538,33,-1.2991642991776324e-05,0.3997890019772307
62,-1.4320314814914756e-10,20,0.7510033060460538,34,3.3490350475212973e-06,3.5054358511689307
62,-1.4320314814914756e-10,20,0.7510033060460538,35,-1.2280342898218933e-05,0.7065482010856081
62,-1.4320314814914756e-10,20,0.7510033060460538,36,-0.0003149550366155463,2.8557962656854084e-05
62,-1.4320314814914756e-10,20,0.7510033060460538,37,3.47010909966862e-06,0.7250639617637966
62,-1.4320314814914756e-10,20,0.7510033060460538,38,-0.0003119266807332298,1.053722909332968e-05
62,-1.4320314814914756e-10,20,0.7510033060460538,39,-0.0001945571605734624,0.0003240281012315038
62,-1.4320314814914756e-10,20,0.7510033060460538,40,-2.05277209279745e-07,3.9962698994416064
62,-1.4320314814914756e-10,20,0.7510033060460538,41,-2.9656576123679916e-06,4.524301146836813
62,-1.4320314814914756e-10,20,0.7510033060460538,42,-1.2029879919600415e-05,1.0294822955259118
62,-1.4320314814914756e-10,20,0.7510033060460538,43,-1.3180786455839675e-05,1.2627873352475374
62,-1.4320314814914756e-10,20,0.7510033060460538,44,-0.0001836616642183467,0.010858609640412263
62,-1.4320314814914756e-10,20,0.7510033060460538,45,2.653376023698727e-07,4.578936482131176
62,-1.4320314814914756e-10,20,0.7510033060460538,46,-1.9487084100349682e-05,0.6832124871363602
62,-1.4320314814914756e-10,20,0.7510033060460538,47,-8.772741559521006e-05,0.05812194781963968
62,-1.4320314814914756e-10,20,0.7510033060460538,48,-2.0325699359586457e-05,0.8590593097245889
62,-1.4320314814914756e-10,20,0.7510033060460538,49,-0.0001679447234418245,0.0008041015278391371
62,-1.4320314814914756e-10,20,0.7510033060460538,50,-1.3529227312485873e-05,0.24476105352792965
62,-1.4320314814914756e-10,20,0.7510033060460538,51,-0.0002649096505222847,0.00019622263123039051
62,-1.4320314814914756e-10,20,0.7510033060460538,52,3.960681834192017e-06,1.3160841379427772
62,-1.4320314814914756e-10,20,0.7510033060460538,53,-6.20320138712189e-05,0.14061655353766359
62,-1.4320314814914756e-10,20,0.7510033060460538,54,-8.141865156751606e-06,3.0601008392103806
62,-1.4320314814914756e-10,20,0.7510033060460538,55,-8.566500561583388e-06,0.8156769992486915
62,-1.4320314814914756e-10,20,0.7510033060460538,56,-6.114416777571359e-05,0.1957805789847133
62,-1.4320314814914756e-10,20,0.7510033060460538,57,-0.0004543844181004899,2.5162985600247744e-08
62,-1.4320314814914756e-10,20,0.7510033060460538,58,-0.0002409347096547526,0.0023768404659246624
62,-1.4320314814914756e-10,20,0.7510033060460538,59,-0.00032614359932907285,1.222263496080069e-05
62,-1.4320314814914756e-10,20,0.7510033060460538,60,-0.0001539252546223822,0.004472986428666353
62,-1.4320314814914756e-10,20,0.7510033060460538,61,-0.00022636828065931465,0.00017108064460667966
62,-1.4320314814914756e-10,20,0.7510033060460538,62,-5.529262449911319e-06,3.3259857711904663
62,-1.4320314814914756e-10,20,0.7510033060460538,63,-0.0002723755934716984,6.434505217969043e-06
62,-1.4320314814914756e-10,20,0.7510033060460538,64,1.0497029995180655e-06,6.595600589167062
62,-1.4320314814914756e-10,20,0.7510033060460538,65,1.5589308732344478e-06,6.81978943123833
62,-1.4320314814914756e-10,20,0.7510033060460538,66,-1.550753165174226e-05,0.10350352244672768
62,-1.4320314814914756e-10,20,0.7510033060460538,67,1.1407268378911782e-05,1.6606039095740337
62,-1.4320314814914756e-10,20,0.7510033060460538,68,6.4447118937560025e-06,4.796672872400094
62,-1.4320314814914756e-10,20,0.7510033060460538,69,-6.084022583886028e-06,1.3435154827463496
62,-1.4320314814914756e-10,20,0.7510033060460538,70,7.159698197994911e-06,4.115933206228635
62,-1.4320314814914756e-10,20,0.7510033060460538,71,-0.0001099034888638754,0.0037310581457260543
62,-1.4320314814914756e-10,20,0.7510033060460538,72,5.11174439157874e-06,3.1955509211485063
62,-1.4320314814914756e-10,20,0.7510033060460538,73,-2.4187448073293242e-05,0.4236499399689832
62,-1.4320314814914756e-10,20,0.7510033060460538,74,-0.0002012256194442324,0.0004401992622898391
62,-1.4320314814914756e-10,20,0.7510033060460538,75,-2.4594142027481137e-05,0.7384909439653615
62,-1.4320314814914756e-10,20,0.7510033060460538,76,5.643407234674388e-06,6.825211589600139
62,-1.4320314814914756e-10,20,0.7510033060460538,77,3.137491487796342e-06,4.038569268067316
62,-1.4320314814914756e-10,20,0.7510033060460538,78,5.3908413390041744e-06,6.908600347249489
62,-1.4320314814914756e-10,20,0.7510033060460538,79,-1.7468219294731655e-05,0.05077783080242599
62,-1.4320314814914756e-10,20,0.7510033060460538,80,-0.0002805737573435867,9.726113601225145e-05
62,-1.4320314814914756e-10,20,0.7510033060460538,81,1.9872805840805874e-05,2.216420989245971
62,-1.4320314814914756e-10,20,0.7510033060460538,82,-0.00016103921969660778,0.0013134213755362193
62,-1.4320314814914756e-10,20,0.7510033060460538,83,-0.0002660925000201034,4.40666947710203e-05
62,-1.4320314814914756e-10,20,0.7510033060460538,84,-0.0004049936781347898,3.7644412041864573e-07
62,-1.4320314814914756e-10,20,0.7510033060460538,85,-3.607933675799637e-06,6.011008377811691
62,-1.4320314814914756e-10,20,0.7510033060460538,86,-6.078156289071021e-06,0.8945660642635564
62,-1.4320314814914756e-10,20,0.7510033060460538,87,-0.00011727127907887073,0.025558642491525008
62,-1.4320314814914756e-10,20,0.7510033060460538,88,-1.2407732311973278e-07,3.1729716438330646
62,-1.4320314814914756e-10,20,0.7510033060460538,89,-1.1408289322624331e-06,1.1156455803390477
62,-1.4320314814914756e-10,20,0.7510033060460538,90,-0.00011114298071448355,0.0831034527959753
62,-1.4320314814914756e-10,20,0.7510033060460538,91,-0.00040780212456019064,5.203987021103233e-07
62,-1.4320314814914756e-10,20,0.7510033060460538,92,-0.00020073693282240428,0.0004882245144956922
62,-1.4320314814914756e-10,20,0.7510033060460538,93,4.125253760648898e-06,1.6734236716638877
62,-1.4320314814914756e-10,20,0.7510033060460538,94,-0.0006751182450407415,-2.711282911881251e-10
62,-1.4320314814914756e-10,20,0.7510033060460538,95,6.846896412924007e-07,2.4916123912766297
62,-1.4320314814914756e-10,20,0.7510033060460538,96,-1.6252234940160262e-05,1.297517542947836
62,-1.4320314814914756e-10,20,0.7510033060460538,97,-0.00012137267687170256,0.0008930867224039338
62,-1.4320314814914756e-10,20,0.7510033060460538,98,-6.769766189137366e-06,1.6917807303709038
62,-1.4320314814914756e-10,20,0.7510033060460538,99,2.367308211352691e-05,1.700594521657401
62,-1.4320314814914756e-10,20,0.7510033060460538,100,-0.00028591742989892945,0.0007640688466170926
63,-1.9468717204821734e-11,72,0.753265491945784,1,-8.915274347633563e-05,0.047888294135294544
63,-1.9468717204821734e-11,72,0.753265491945784,2,2.358018916451794e-06,1.376154132197734
63,-1.9468717204821734e-11,72,0.753265491945784,3,-2.54452702857887e-06,2.2222983239743592
63,-1.9468717204821734e-11,72,0.753265491945784,4,-6.774022817196604e-06,0.2498908620671472
63,-1.9468717204821734e-11,72,0.753265491945784,5,-1.8766043791544832e-05,0.7073130360922854
63,-1.9468717204821734e-11,72,0.753265491945784,6,-4.010235731067818e-06,2.8409960777549643
63,-1.9468717204821734e-11,72,0.753265491945784,7,4.194753038160547e-06,3.0857784166397164
63,-1.9468717204821734e-11,72,0.753265491945784,8,-1.0093637741681409e-05,0.5361910317649137
63,-1.9468717204821734e-11,72,0.753265491945784,9,4.125653163814592e-06,3.399025102115388
63,-1.9468717204821734e-11,72,0.753265491945784,10,-5.748464160696346e-05,0.045435404669279304
63,-1.9468717204821734e-11,72,0.753265491945784,11,-1.3276087845672274e-05,0.7641179344831575
63,-1.9468717204821734e-11,72,0.753265491945784,12,-5.350140623581954e-06,3.2295387399088367
63,-1.9468717204821734e-11,72,0.753265491945784,13,6.645326678971518e-06,3.1712365389719808
63,-1.9468717204821734e-11,72,0.753265491945784,14,-1.9042075458338747e-05,0.4933161477888103
63,-1.9468717204821734e-11,72,0.753265491945784,15,4.6713956881236977e-07,2.1734708124391413
63,-1.9468717204821734e-11,72,0.753265491945784,16,5.763769319231745e-06,2.9509536697335745
63,-1.9468717204821734e-11,72,0.753265491945784,17,-0.00012120535658042396,0.006724895479934321
63,-1.9468717204821734e-11,72,0.753265491945784,18,-2.8219112089447357e-06,2.1508323182888414
63,-1.9468717204821734e-11,72,0.753265491945784,19,1.140980286618549e-05,2.0259560306220066
63,-1.9468717204821734e-11,72,0.753265491945784,20,1.4686760163463798e-05,1.7825472148275734
63,-1.9468717204821734e-11,72,0.753265491945784,21,-9.543291673745071e-06,0.6004539098895437
63,-1.9468717204821734e-11,72,0.753265491945784,22,-8.852368218926042e-06,1.188179980601658
63,-1.9468717204821734e-11,72,0.753265491945784,23,4.060966584989081e-06,2.2725764897446172
63,-1.9468717204821734e-11,72,0.753265491945784,24,-4.8015382081508365e-06,1.2496204645771891
63,-1.9468717204821734e-11,72,0.753265491945784,25,-1.4308982648855795e-05,0.37383055718381325
63,-1.9468717204821734e-11,72,0.753265491945784,26,-2.993661893971231e-07,1.5285123694563854
63,-1.9468717204821734e-11,72,0.753265491945784,27,-8.849758164176296e-06,0.7417351221952818
63,-1.9468717204821734e-11,72,0.753265491945784,28,-2.335879452255876e-05,0.4371700538402147
63,-1.9468717204821734e-11,72,0.753265491945784,29,6.477596679035332e-06,4.1660368051138645
63,-1.9468717204821734e-11,72,0.753265491945784,30,-8.38155957488684e-06,0.5176028715010755
63,-1.9468717204821734e-11,72,0.753265491945784,31,-4.345544893934033e-06,1.4469789861874707
63,-1.9468717204821734e-11,72,0.753265491945784,32,-5.012763348084911e-06,1.6898990451943268
63,-1.9468717204821734e-11,72,0.753265491945784,33,-7.014827710461388e-06,1.0057989156414187
63,-1.9468717204821734e-11,72,0.753265491945784,34,-3.1372272776373575e-05,0.36237689286324887
63,-1.9468717204821734e-11,72,0.753265491945784,35,-2.5207403111170808e-05,0.5790769547094463
63,-1.9468717204821734e-11,72,0.753265491945784,36,-1.4133392508294769e-05,0.530643640262996
63,-1.9468717204821734e-11,72,0.753265491945784,37,-6.5482389098361925e-06,2.297027188256368
63,-1.9468717204821734e-11,72,0.753265491945784,38,1.5247850400996165e-05,0.7796215331825628
63,-1.9468717204821734e-11,72,0.753265491945784,39,-7.227743969105128e-06,0.7933176796300909
63,-1.9468717204821734e-11,72,0.753265491945784,40,-5.8081789977359395e-05,0.05834716897591587
63,-1.9468717204821734e-11,72,0.753265491945784,41,-1.9557803177434835e-05,0.9672089936901146
63,-1.9468717204821734e-11,72,0.753265491945784,42,-1.6913863847471483e-05,0.47883460139291284
63,-1.9468717204821734e-11,72,0.753265491945784,43,6.396518075144247e-06,3.9318194684834187
63,-1.9468717204821734e-11,72,0.753265491945784,44,2.43245764275221e-06,1.7168017002127591
63,-1.9468717204821734e-11,72,0.753265491945784,45,-2.4880196702881823e-05,0.34658726466851875
63,-1.9468717204821734e-11,72,0.753265491945784,46,7.188315097183204e-06,3.0503507634942233
63,-1.9468717204821734e-11,72,0.753265491945784,47,-3.3474391543215627e-07,1.461376731124101
63,-1.9468717204821734e-11,72,0.753265491945784,48,8.914367049760111e-06,2.1620378159428686
63,-1.9468717204821734e-11,72,0.753265491945784,49,8.09675902686793e-06,0.5788958844810302
63,-1.9468717204821734e-11,72,0.753265491945784,50,4.509483956688026e-06,0.5472353313259521
63,-1.9468717204821734e-11,72,0.753265491945784,51,8.833038095995303e-06,4.6180088668118415
63,-1.9468717204821734e-11,72,0.753265491945784,52,-9.077191218940637e-05,0.025689160025032798
63,-1.9468717204821734e-11,72,0.753265491945784,53,-3.454739818752667e-05,0.08423212848728677
63,-1.9468717204821734e-11,72,0.753265491945784,54,6.908910603957842e-06,3.013231774084676
63,-1.9468717204821734e-11,72,0.753265491945784,55,2.1646514600110808e-06,1.121955995135738
63,-1.9468717204821734e-11,72,0.753265491945784,56,1.7181031688672764e-05,1.8865843853224609
63,-1.9468717204821734e-11,72,0.753265491945784,57,-1.655746709889024e-05,0.9769579665618056
63,-1.9468717204821734e-11,72,0.753265491945784,58,-5.600447885680623e-05,0.08012975107457908
63,-1.9468717204821734e-11,72,0.753265491945784,59,-3.335877697616982e-05,0.17508362529389407
63,-1.9468717204821734e-11,72,0.753265491945784,60,1.914643057987403e-05,0.4706767776659518
63,-1.9468717204821734e-11,72,0.753265491945784,61,-1.6554382504541354e-05,0.4863375945048106
63,-1.9468717204821734e-11,72,0.753265491945784,62,-1.699346933694234e-05,1.5683485296523851
63,-1.9468717204821734e-11,72,0.753265491945784,63,-6.03265185587041e-05,0.052650772284316104
63,-1.9468717204821734e-11,72,0.753265491945784,64,-7.974882232263491e-06,0.6618800598458017
63,-1.9468717204821734e-11,72,0.753265491945784,65,-9.296737620167207e-05,0.0362993896061788
63,-1.9468717204821734e-11,72,0.753265491945784,66,-5.744895771141876e-06,0.8519230887997996
63,-1.9468717204821734e-11,72,0.753265491945784,67,-1.953902765623973e-05,0.31924387083526357
63,-1.9468717204821734e-11,72,0.753265491945784,68,-1.126425820899169e-05,1.5448475820952483
63,-1.9468717204821734e-11,72,0.753265491945784,69,6.03896275882107e-06,3.9015689397355997
63,-1.9468717204821734e-11,72,0.753265491945784,70,-3.6816842813057343e-06,1.2689991302813433
63,-1.9468717204821734e-11,72,0.753265491945784,71,-2.1544579720883225e-05,0.5144216281158088
63,-1.9468717204821734e-11,72,0.753265491945784,72,-5.780540786905484e-06,1.8284125854599544
63,-1.9468717204821734e-11,72,0.753265491945784,73,2.8440295855263266e-06,7.601194403578475
63,-1.9468717204821734e-11,72,0.753265491945784,74,-6.022555272046924e-06,2.5415297279198383
63,-1.9468717204821734e-11,72,0.753265491945784,75,1.2917959879191472e-06,1.4387150620191376
63,-1.9468717204821734e-11,72,0.753265491945784,76,1.545742925451884e-05,2.409013040087299
63,-1.9468717204821734e-11,72,0.753265491945784,77,-8.893364892177269e-05,0.05057639695956422
63,-1.9468717204821734e-11,72,0.753265491945784,78,1.0452311113780552e-06,2.244070805986586
63,-1.9468717204821734e-11,72,0.753265491945784,79,-7.719681272050296e-06,2.124335009560447
63,-1.9468717204821734e-11,72,0.753265491945784,80,1.5263102615932896e-06,5.23593684734385
63,-1.9468717204821734e-11,72,0.753265491945784,81,-1.8981649437262343e-05,0.8380424468028802
63,-1.9468717204821734e-11,72,0.753265491945784,82,-9.141568270026846e-08,1.3266797366682492
63,-1.9468717204821734e-11,72,0.753265491945784,83,8.27778996515641e-06,1.688582890603056
63,-1.9468717204821734e-11,72,0.753265491945784,84,-7.000482000712016e-05,0.02643382617015653
63,-1.9468717204821734e-11,72,0.753265491945784,85,4.0697894082739034e-06,2.8192448920594226
63,-1.9468717204821734e-11,72,0.753265491945784,86,4.242869407821172e-06,1.637552539709583
63,-1.9468717204821734e-11,72,0.753265491945784,87,1.3072474789888502e-06,3.300695335008836
63,-1.9468717204821734e-11,72,0.753265491945784,88,-1.6478623072650417e-05,0.31463007300458506
63,-1.9468717204821734e-11,72,0.753265491945784,89,4.73091257434019e-06,1.3429433968071527
63,-1.9468717204821734e-11,72,0.753265491945784,90,-1.915303319471671e-05,0.29981043314352396
63,-1.9468717204821734e-11,72,0.753265491945784,91,-5.819461591735573e-05,0.051907603902619254
63,-1.9468717204821734e-11,72,0.753265491945784,92,-4.897035529296488e-06,2.9287060021665567
63,-1.9468717204821734e-11,72,0.753265491945784,93,-5.21847124302259e-06,0.43716047600891594
63,-1.9468717204821734e-11,72,0.753265491945784,94,-3.88534915607234e-05,0.0682604754493257
63,-1.9468717204821734e-11,72,0.753265491945784,95,-1.2059577920503819e-05,1.5694482335560984
63,-1.9468717204821734e-11,72,0.753265491945784,96,-1.3204009265353456e-05,0.5118585402778658
63,-1.9468717204821734e-11,72,0.753265491945784,97,-1.6968723272732786e-05,0.5326975076938992
63,-1.9468717204821734e-11,72,0.753265491945784,98,1.5202345990858268e-07,0.5442733017596939
63,-1.9468717204821734e-11,72,0.753265491945784,99,7.131966720916603e-06,3.1092575973630305
63,-1.9468717204821734e-11,72,0.753265491945784,100,-1.2562666384156656e-05,0.14934209780744023
64,-5.891413214516195e-10,10,0.7549790302335107,1,-4.9434656350402686e-05,0.06629016803601857
64,-5.891413214516195e-10,10,0.7549790302335107,2,-2.7134928018475052e-05,0.17481859903453237
64,-5.891413214516195e-10,10,0.7549790302335107,3,-2.180365276406358e-05,1.0026416377265859
64,-5.891413214516195e-10,10,0.7549790302335107,4,5.131496198240662e-07,3.1121348819288324
64,-5.891413214516195e-10,10,0.7549790302335107,5,-3.184125073536116e-05,0.2921730581660942
64,-5.891413214516195e-10,10,0.7549790302335107,6,6.409172660684732e-06,0.7392995592332512
64,-5.891413214516195e-10,10,0.7549790302335107,7,-0.0002206912903744207,0.0007947568227385057
64,-5.891413214516195e-10,10,0.7549790302335107,8,-5.1738887529409236e-06,1.8245800286893072
64,-5.891413214516195e-10,10,0.7549790302335107,9,-3.512325125710932e-05,0.4651540300080804
64,-5.891413214516195e-10,10,0.7549790302335107,10,-2.544256317280233e-05,0.27011200220256415
64,-5.891413214516195e-10,10,0.7549790302335107,11,-8.300408728212737e-07,6.233035297209236
64,-5.891413214516195e-10,10,0.7549790302335107,12,-5.288439092861599e-06,2.8505351472715907
64,-5.891413214516195e-10,10,0.7549790302335107,13,1.1636998696341578e-05,3.3118097422773967
64,-5.891413214516195e-10,10,0.7549790302335107,14,-1.682939131412652e-05,0.9196171137999508
64,-5.891413214516195e-10,10,0.7549790302335107,15,9.01689161995669e-07,2.135312209080575
64,-5.891413214516195e-10,10,0.7549790302335107,16,1.881642944625272e-06,2.073686086889614
64,-5.891413214516195e-10,10,0.7549790302335107,17,3.8268899671614465e-06,1.260242731349382
64,-5.891413214516195e-10,10,0.7549790302335107,18,-1.425183256369975e-06,1.465548365888383
64,-5.891413214516195e-10,10,0.7549790302335107,19,-0.00010875159300394962,0.03145475548820186
64,-5.891413214516195e-10,10,0.7549790302335107,20,7.0232288583297595e-06,1.1868399032813721
64,-5.891413214516195e-10,10,0.7549790302335107,21,-0.00012420590904335733,0.0014090129535256556
64,-5.891413214516195e-10,10,0.7549790302335107,22,-5.754423235654861e-05,0.1558779521896375
64,-5.891413214516195e-10,10,0.7549790302335107,23,1.566334865727483e-05,0.876474986141173
64,-5.891413214516195e-10,10,0.7549790302335107,24,1.6715589177330972e-06,2.016859074819243
64,-5.891413214516195e-10,10,0.7549790302335107,25,-0.00014372463005788225,0.006984160051858916
64,-5.891413214516195e-10,10,0.7549790302335107,26,3.273083665432234e-06,1.6523464933379188
64,-5.891413214516195e-10,10,0.7549790302335107,27,-6.394313729535974e-05,0.07740216043859266
64,-5.891413214516195e-10,10,0.7549790302335107,28,8.061373305362028e-06,4.516621804905137
64,-5.891413214516195e-10,10,0.7549790302335107,29,-1.850962986037088e-05,0.44625277991530343
64,-5.891413214516195e-10,10,0.7549790302335107,30,-7.431166407368718e-06,2.0599875071793323
64,-5.891413214516195e-10,10,0.7549790302335107,31,-1.6419310369055424e-05,0.6783974380086402
64,-5.891413214516195e-10,10,0.7549790302335107,32,-0.0001427470794859387,0.015799658026782883
64,-5.891413214516195e-10,10,0.7549790302335107,33,-3.819841414146771e-05,0.03710546814774995
64,-5.891413214516195e-10,10,0.7549790302335107,34,6.521273429767387e-06,2.392474409242027
64,-5.891413214516195e-10,10,0.7549790302335107,35,-1.679340080814864e-06,0.5486581576614362
64,-5.891413214516195e-10,10,0.7549790302335107,36,-5.2098805292667146e-05,0.06734957281632235
64,-5.891413214516195e-10,10,0.7549790302335107,37,-0.00010642759038030911,0.006502115899646935
64,-5.891413214516195e-10,10,0.7549790302335107,38,-2.2342033565081416e-05,0.46278418753032163
64,-5.891413214516195e-10,10,0.7549790302335107,39,5.66928806987519e-06,4.436457173212761
64,-5.891413214516195e-10,10,0.7549790302335107,40,-2.639974883585678e-06,0.983995519373885
64,-5.891413214516195e-10,10,0.7549790302335107,41,8.141292910671237e-06,2.829360628943324
64,-5.891413214516195e-10,10,0.7549790302335107,42,-0.00014015962053778093,0.016058144973707784
64,-5.891413214516195e-10,10,0.7549790302335107,43,2.042004165282565e-05,1.3589832949929819
64,-5.891413214516195e-10,10,0.7549790302335107,44,6.152765902556817e-06,1.3183871056961136
64,-5.891413214516195e-10,10,0.7549790302335107,45,1.1400309402853836e-05,3.5595988817166746
64,-5.891413214516195e-10,10,0.7549790302335107,46,-0.00010244325328408194,0.05674667564528688
64,-5.891413214516195e-10,10,0.7549790302335107,47,-1.7727033149751578e-05,1.7790691711190234
64,-5.891413214516195e-10,10,0.7549790302335107,48,-3.031279058965608e-05,0.39357997217831464
64,-5.891413214516195e-10,10,0.7549790302335107,49,-1.9689112249144835e-05,0.41344000780173096
64,-5.891413214516195e-10,10,0.7549790302335107,50,-0.00011621061335444365,0.01693738404031292
64,-5.891413214516195e-10,10,0.7549790302335107,51,-4.554586993663493e-05,0.09860848316102405
64,-5.891413214516195e-10,10,0.7549790302335107,52,-8.579701875628436e-05,0.07863727226286597
64,-5.891413214516195e-10,10,0.7549790302335107,53,2.281940565993395e-06,1.6612288020309722
64,-5.891413214516195e-10,10,0.7549790302335107,54,-3.6362305997095306e-05,0.5786738684467998
64,-5.891413214516195e-10,10,0.7549790302335107,55,4.057630424524715e-06,0.6428916106113778
64,-5.891413214516195e-10,10,0.7549790302335107,56,-1.1167401389709681e-05,0.5771866614064953
64,-5.891413214516195e-10,10,0.7549790302335107,57,9.306372690456025e-06,2.7160702529684166
64,-5.891413214516195e-10,10,0.7549790302335107,58,-8.449575642933566e-07,2.3985859240801513
64,-5.891413214516195e-10,10,0.7549790302335107,59,9.088116366379547e-06,2.0848488070423583
64,-5.891413214516195e-10,10,0.7549790302335107,60,-1.0294856073966305e-05,1.446674588603675
64,-5.891413214516195e-10,10,0.7549790302335107,61,-4.696227308001548e-05,0.31890490521214737
64,-5.891413214516195e-10,10,0.7549790302335107,62,2.176555725711509e-06,1.302624641465012
64,-5.891413214516195e-10,10,0.7549790302335107,63,-7.23473817852489e-06,2.2573719424848973
64,-5.891413214516195e-10,10,0.7549790302335107,64,-6.9872973544552475e-06,1.4576888351211392
64,-5.891413214516195e-10,10,0.7549790302335107,65,-7.256197062167147e-05,0.07280516455227849
64,-5.891413214516195e-10,10,0.7549790302335107,66,-1.2662603613052357e-05,0.8696082883852143
64,-5.891413214516195e-10,10,0.7549790302335107,67,-1.0577687396570356e-05,1.2740298934878695
64,-5.891413214516195e-10,10,0.7549790302335107,68,8.039433467114896e-06,2.6082091733527197
64,-5.891413214516195e-10,10,0.7549790302335107,69,8.85163164344658e-06,2.7300744442642952
64,-5.891413214516195e-10,10,0.7549790302335107,70,-1.167337640146488e-06,2.335892070292858
64,-5.891413214516195e-10,10,0.7549790302335107,71,-1.2777957530430583e-05,0.8182451422401286
64,-5.891413214516195e-10,10,0.7549790302335107,72,-2.1670937688714508e-05,0.6297486145355028
64,-5.891413214516195e-10,10,0.7549790302335107,73,-1.1679265967479346e-05,2.798062276630185
64,-5.891413214516195e-10,10,0.7549790302335107,74,3.4728093476848483e-06,3.9821152332744907
64,-5.891413214516195e-10,10,0.7549790302335107,75,-7.564248895115134e-06,2.0458160702258317
64,-5.891413214516195e-10,10,0.7549790302335107,76,-5.120598096838026e-07,3.940461621111528
64,-5.891413214516195e-10,10,0.7549790302335107,77,3.423820516911274e-06,4.047520705337962
64,-5.891413214516195e-10,10,0.7549790302335107,78,3.931394804099097e-06,1.2392137364173774
64,-5.891413214516195e-10,10,0.7549790302335107,79,-0.00013245384342177896,0.006026263741541251
64,-5.891413214516195e-10,10,0.7549790302335107,80,-7.571697088540525e-06,0.44687852944912915
64,-5.891413214516195e-10,10,0.7549790302335107,81,-5.134160020264915e-07,2.6523472277013034
64,-5.891413214516195e-10,10,0.7549790302335107,82,-3.2790331456665757e-06,3.4976387732805065
64,-5.891413214516195e-10,10,0.7549790302335107,83,-5.1650706427573244e-06,0.8094363975766006
64,-5.891413214516195e-10,10,0.7549790302335107,84,6.56837813654631e-06,2.774536026153774
64,-5.891413214516195e-10,10,0.7549790302335107,85,-5.3629425808551583e-05,0.1755185439851659
64,-5.891413214516195e-10,10,0.7549790302335107,86,3.7115018979066733e-06,3.541634415638761
64,-5.891413214516195e-10,10,0.7549790302335107,87,7.175339195329743e-06,3.5026733696991528
64,-5.891413214516195e-10,10,0.7549790302335107,88,-1.0413163301201175e-05,0.7602216799041677
64,-5.891413214516195e-10,10,0.7549790302335107,89,1.8185418464813428e-06,2.516331688628123
64,-5.891413214516195e-10,10,0.7549790302335107,90,1.1139114483070875e-05,0.7317650655260735
64,-5.891413214516195e-10,10,0.7549790302335107,91,-7.011715327018983e-05,0.0693023381412865
64,-5.891413214516195e-10,10,0.7549790302335107,92,-1.4306361345624746e-05,0.7792652049913086
64,-5.891413214516195e-10,10,0.7549790302335107,93,-0.00015019367698175602,0.004044593676311084
64,-5.891413214516195e-10,10,0.7549790302335107,94,-2.919333905866221e-05,0.5530895501515958
64,-5.891413214516195e-10,10,0.7549790302335107,95,7.067661139712356e-06,3.267088869142744
64,-5.891413214516195e-10,10,0.7549790302335107,96,5.406169847754627e-06,4.452444515111548
64,-5.891413214516195e-10,10,0.7549790302335107,97,-5.101721668168034e-05,0.2088022873175042
64,-5.891413214516195e-10,10,0.7549790302335107,98,9.255452982869112e-06,3.211074548365706
64,-5.891413214516195e-10,10,0.7549790302335107,99,-2.626459166683127e-05,0.12150024996668078
64,-5.891413214516195e-10,10,0.7549790302335107,100,-8.346316506566006e-05,0.058639044371079925
65,-1.7920716448869617e-10,34,0.7512197050116092,1,-1.6832610473047376e-06,1.0257334142239707
65,-1.7920716448869617e-10,34,0.7512197050116092,2,-0.00021247627876660444,0.0032584304852043217
65,-1.7920716448869617e-10,34,0.7512197050116092,3,-1.4232381810048542e-06,1.1233495995693044
65,-1.7920716448869617e-10,34,0.7512197050116092,4,5.91770124192853e-06,0.13345311024940953
65,-1.7920716448869617e-10,34,0.7512197050116092,5,-0.0004332821845837492,-1.1792587415955486e-09
65,-1.7920716448869617e-10,34,0.7512197050116092,6,-0.00028138715618718745,7.157461702024472e-07
65,-1.7920716448869617e-10,34,0.7512197050116092,7,2.8594258178512186e-06,1.9504664149594353
65,-1.7920716448869617e-10,34,0.7512197050116092,8,-8.540292410100754e-05,0.009573357667652604
65,-1.7920716448869617e-10,34,0.7512197050116092,9,-3.402191642394365e-05,0.11701708756404391
65,-1.7920716448869617e-10,34,0.7512197050116092,10,2.9698255751044346e-06,2.459533824672473
65,-1.7920716448869617e-10,34,0.7512197050116092,11,-0.0004008382131504067,-2.1579871192584275e-09
65,-1.7920716448869617e-10,34,0.7512197050116092,12,-7.695919608675743e-07,3.735005858131912
65,-1.7920716448869617e-10,34,0.7512197050116092,13,-1.2583794202001573e-06,0.8643572500613746
65,-1.7920716448869617e-10,34,0.7512197050116092,14,-1.758944569289705e-05,0.20520385587466608
65,-1.7920716448869617e-10,34,0.7512197050116092,15,1.6999256789183624e-06,3.910282470201097
65,-1.7920716448869617e-10,34,0.7512197050116092,16,-0.00013946427922791326,0.020998872434573254
65,-1.7920716448869617e-10,34,0.7512197050116092,17,-1.569187287485033e-05,1.3810816908563348
65,-1.7920716448869617e-10,34,0.7512197050116092,18,-6.311570859873071e-05,0.11005099848009385
65,-1.7920716448869617e-10,34,0.7512197050116092,19,-3.4771521581520124e-05,0.1446153877722798
65,-1.7920716448869617e-10,34,0.7512197050116092,20,-3.0356629502450844e-06,2.1688115590334465
65,-1.7920716448869617e-10,34,0.7512197050116092,21,6.692573775200915e-07,4.1291421939666195
65,-1.7920716448869617e-10,34,0.7512197050116092,22,-0.00016291281764236373,0.0006668300870685161
65,-1.7920716448869617e-10,34,0.7512197050116092,23,-1.3346180938784595e-08,2.9670173216830658
65,-1.7920716448869617e-10,34,0.7512197050116092,24,-0.00019101785174210163,0.0003158225585486409
65,-1.7920716448869617e-10,34,0.7512197050116092,25,-8.246460600682792e-05,0.0035248465751123092
65,-1.7920716448869617e-10,34,0.7512197050116092,26,-0.0001178823265491785,0.024264974974986187
65,-1.7920716448869617e-10,34,0.7512197050116092,27,5.7098622741676764e-06,1.2711917901258476
65,-1.7920716448869617e-10,34,0.7512197050116092,28,-0.0003662881574599995,1.7454217813896628e-07
65,-1.7920716448869617e-10,34,0.7512197050116092,29,8.020401931799403e-06,1.5824037739881252
65,-1.7920716448869617e-10,34,0.7512197050116092,30,3.5859491267510925e-07,5.564838563386402
65,-1.7920716448869617e-10,34,0.7512197050116092,31,-0.00013509115878483372,0.0018111363857504167
65,-1.7920716448869617e-10,34,0.7512197050116092,32,1.3259213215031683e-06,5.639665790990303
65,-1.7920716448869617e-10,34,0.7512197050116092,33,-8.400815747744647e-05,0.02902637089648753
65,-1.7920716448869617e-10,34,0.7512197050116092,34,-8.977865633080658e-05,0.013332016094614537
65,-1.7920716448869617e-10,34,0.7512197050116092,35,3.109515129092222e-06,8.706352121013213
65,-1.7920716448869617e-10,34,0.7512197050116092,36,7.654707949537511e-07,5.1384877248274625
65,-1.7920716448869617e-10,34,0.7512197050116092,37,1.430826496152682e-06,1.6931836483291303
65,-1.7920716448869617e-10,34,0.7512197050116092,38,5.641445580639937e-06,3.4606597941455277
65,-1.7920716448869617e-10,34,0.7512197050116092,39,-1.6309353256299073e-05,0.1916776358098783
65,-1.7920716448869617e-10,34,0.7512197050116092,40,-4.4482923687871635e-06,1.623839944818136
65,-1.7920716448869617e-10,34,0.7512197050116092,41,-1.1487674741578102e-06,4.821362180204352
65,-1.7920716448869617e-10,34,0.7512197050116092,42,-5.937558919825092e-06,2.0500801088740075
65,-1.7920716448869617e-10,34,0.7512197050116092,43,-1.6265598051370045e-05,1.005304392787477
65,-1.7920716448869617e-10,34,0.7512197050116092,44,-2.3460200740361934e-05,0.38957693238983926
65,-1.7920716448869617e-10,34,0.7512197050116092,45,-0.00014949349664902093,0.0026438845662809583
65,-1.7920716448869617e-10,34,0.7512197050116092,46,-3.8985935313404574e-05,0.18939139820114823
65,-1.7920716448869617e-10,34,0.7512197050116092,47,-6.998498740822903e-05,0.21752194405011738
65,-1.7920716448869617e-10,34,0.7512197050116092,48,-4.981806089243961e-08,1.567743559416157
65,-1.7920716448869617e-10,34,0.7512197050116092,49,-9.423351341717438e-06,0.7547252033131508
65,-1.7920716448869617e-10,34,0.7512197050116092,50,-8.499572023035765e-05,0.025368882579496436
65,-1.7920716448869617e-10,34,0.7512197050116092,51,-2.0489577429974254e-06,1.3183876906716083
65,-1.7920716448869617e-10,34,0.7512197050116092,52,-4.5939829648425516e-05,0.012210243147594203
65,-1.7920716448869617e-10,34,0.7512197050116092,53,-0.0006128980080114916,-9.552470358191693e-10
65,-1.7920716448869617e-10,34,0.7512197050116092,54,2.150736547020995e-06,3.704161290245168
65,-1.7920716448869617e-10,34,0.7512197050116092,55,1.5836757457698322e-06,5.7153813479047155
65,-1.7920716448869617e-10,34,0.7512197050116092,56,-1.1895832196716222e-06,3.1647172890742765
65,-1.7920716448869617e-10,34,0.7512197050116092,57,-9.786784328020587e-06,1.3414825085607385
65,-1.7920716448869617e-10,34,0.7512197050116092,58,-1.790450439397728e-05,0.261049283909779
65,-1.7920716448869617e-10,34,0.7512197050116092,59,-0.00012421405347374771,0.02955676103449746
65,-1.7920716448869617e-10,34,0.7512197050116092,60,-4.4076714925335406e-05,0.15260457021354917
65,-1.7920716448869617e-10,34,0.7512197050116092,61,-0.0003153418395425058,5.656786978424115e-07
65,-1.7920716448869617e-10,34,0.7512197050116092,62,-1.4430660035971148e-06,4.2245420587326326
65,-1.7920716448869617e-10,34,0.7512197050116092,63,-1.928147009839003e-06,1.9694119652431
65,-1.7920716448869617e-10,34,0.7512197050116092,64,-6.17981394443148e-05,0.0064327408303108905
65,-1.7920716448869617e-10,34,0.7512197050116092,65,-2.791440728812099e-05,0.5865875963613562
65,-1.7920716448869617e-10,34,0.7512197050116092,66,1.1804008238893182e-07,3.2713697750239903
65,-1.7920716448869617e-10,34,0.7512197050116092,67,-1.1549935495343867e-06,2.490437908404129
65,-1.7920716448869617e-10,34,0.7512197050116092,68,1.0436217671292494e-05,1.2724317866434676
65,-1.7920716448869617e-10,34,0.7512197050116092,69,-0.00025760020882247393,2.1013162205128552e-06
65,-1.7920716448869617e-10,34,0.7512197050116092,70,-7.324612552924184e-05,0.11089389495168331
65,-1.7920716448869617e-10,34,0.7512197050116092,71,2.5108932960857462e-05,0.03462396490000943
65,-1.7920716448869617e-10,34,0.7512197050116092,72,-5.202225976625164e-05,0.25656978174678385
65,-1.7920716448869617e-10,34,0.7512197050116092,73,-4.696964121046348e-06,0.8089265814868568
65,-1.7920716448869617e-10,34,0.7512197050116092,74,-3.071829923064516e-05,0.15701819470335635
65,-1.7920716448869617e-10,34,0.7512197050116092,75,6.033187639247299e-07,6.020857719736815
65,-1.7920716448869617e-10,34,0.7512197050116092,76,-0.00034254538624389373,1.331417682134311e-07
65,-1.7920716448869617e-10,34,0.7512197050116092,77,1.4589639922496608e-05,0.6148880318140277
65,-1.7920716448869617e-10,34,0.7512197050116092,78,5.684150451994189e-06,4.099971407372382
65,-1.7920716448869617e-10,34,0.7512197050116092,79,1.594211955676044e-06,4.665932235411199
65,-1.7920716448869617e-10,34,0.7512197050116092,80,1.866224667218645e-05,1.5944808335689644
65,-1.7920716448869617e-10,34,0.7512197050116092,81,3.184946767936042e-06,3.688888185875387
65,-1.7920716448869617e-10,34,0.7512197050116092,82,1.440487932765979e-06,2.3157774152593866
65,-1.7920716448869617e-10,34,0.7512197050116092,83,-3.9537776767629863e-05,0.011022972653812064
65,-1.7920716448869617e-10,34,0.7512197050116092,84,-1.2887301720677015e-05,0.995359488895868
65,-1.7920716448869617e-10,34,0.7512197050116092,85,3.0707607771077644e-06,3.1212877389397615
65,-1.7920716448869617e-10,34,0.7512197050116092,86,-3.090679584533427e-05,0.4041614825700174
65,-1.7920716448869617e-10,34,0.7512197050116092,87,-7.396117791801073e-05,0.08799838136644787
65,-1.7920716448869617e-10,34,0.7512197050116092,88,2.2521889163522145e-08,3.216850121574741
65,-1.7920716448869617e-10,34,0.7512197050116092,89,-5.1995899100031766e-06,1.7489526483390565
65,-1.7920716448869617e-10,34,0.7512197050116092,90,-5.3472138213246416e-05,0.101717270465233
65,-1.7920716448869617e-10,34,0.7512197050116092,91,-2.392815311862682e-05,0.09761998844093184
65,-1.7920716448869617e-10,34,0.7512197050116092,92,-0.0001715872992222267,0.002084857424459871
65,-1.7920716448869617e-10,34,0.7512197050116092,93,-0.00012341346857136566,0.003675159738688887
65,-1.7920716448869617e-10,34,0.7512197050116092,94,-3.359322168084792e-05,0.14558731960094343
65,-1.7920716448869617e-10,34,0.7512197050116092,95,-0.00026025816247075574,2.253272683637803e-07
65,-1.7920716448869617e-10,34,0.7512197050116092,96,-7.917956139505449e-05,0.03441149105690817
65,-1.7920716448869617e-10,34,0.7512197050116092,97,9.749871907880296e-06,4.132917361377018
65,-1.7920716448869617e-10,34,0.7512197050116092,98,-4.070282169593734e-05,0.009915904677171366
65,-1.7920716448869617e-10,34,0.7512197050116092,99,8.742324302832674e-06,2.9822843464309683
65,-1.7920716448869617e-10,34,0.7512197050116092,100,1.2665880672361508e-05,0.33662616182620586
66,-4.107192160282452e-10,95,0.7481230951955238,1,-1.1404635660170786e-05,0.391839800334245
66,-4.107192160282452e-10,95,0.7481230951955238,2,-0.0003460500830842246,7.501183496826264e-06
66,-4.107192160282452e-10,95,0.7481230951955238,3,4.6156748408671855e-06,4.177237966553932
66,-4.107192160282452e-10,95,0.7481230951955238,4,-0.0002245014738375236,0.005479244503168084
66,-4.107192160282452e-10,95,0.7481230951955238,5,3.1891983461230294e-06,1.1103865566081998
66,-4.107192160282452e-10,95,0.7481230951955238,6,-5.458558067559922e-05,0.07773499768679604
66,-4.107192160282452e-10,95,0.7481230951955238,7,-4.342407351033025e-05,0.0947583833581208
66,-4.107192160282452e-10,95,0.7481230951955238,8,7.806669889509386e-06,1.0231278459660416
66,-4.107192160282452e-10,95,0.7481230951955238,9,-5.733965645068265e-05,0.19510481013342346
66,-4.107192160282452e-10,95,0.7481230951955238,10,3.3930665797832956e-06,4.683491215497795
66,-4.107192160282452e-10,95,0.7481230951955238,11,8.258080199400116e-06,4.870650179698962
66,-4.107192160282452e-10,95,0.7481230951955238,12,1.8757855933459626e-07,6.244717952831842
66,-4.107192160282452e-10,95,0.7481230951955238,13,-0.00010814205813416736,0.01934247848664163
66,-4.107192160282452e-10,95,0.7481230951955238,14,-4.584973691791636e-05,0.08543659719610529
66,-4.107192160282452e-10,95,0.7481230951955238,15,-1.3718702244948686e-05,1.091082651539805
66,-4.107192160282452e-10,95,0.7481230951955238,16,1.7559000581697911e-06,6.263382100635045
66,-4.107192160282452e-10,95,0.7481230951955238,17,-0.00013325315439597274,0.06223970613452143
66,-4.107192160282452e-10,95,0.7481230951955238,18,-0.00020874568932825768,0.008865055147366118
66,-4.107192160282452e-10,95,0.7481230951955238,19,-0.00017462637209191784,0.00042492388135201737
66,-4.107192160282452e-10,95,0.7481230951955238,20,-5.4450327329765474e-05,0.09649530212326315
66,-4.107192160282452e-10,95,0.7481230951955238,21,2.4641553064093184e-06,1.8546802960649853
66,-4.107192160282452e-10,95,0.7481230951955238,22,-3.789119200072193e-07,3.08337484740976
66,-4.107192160282452e-10,95,0.7481230951955238,23,-0.00014678676943540115,0.009852474510534481
66,-4.107192160282452e-10,95,0.7481230951955238,24,8.941348341922622e-06,2.5198334038126347
66,-4.107192160282452e-10,95,0.7481230951955238,25,-0.00013015412743366776,0.024222072358331792
66,-4.107192160282452e-10,95,0.7481230951955238,26,3.333170193712723e-06,2.7676517345246294
66,-4.107192160282452e-10,95,0.7481230951955238,27,-0.00017302429751183152,0.005170958574425176
66,-4.107192160282452e-10,95,0.7481230951955238,28,-0.0001256555702487165,0.0650230602304269
66,-4.107192160282452e-10,95,0.7481230951955238,29,5.143584560252364e-06,5.903431414460201
66,-4.107192160282452e-10,95,0.7481230951955238,30,-0.00023853617824109752,0.0012342936778899504
66,-4.107192160282452e-10,95,0.7481230951955238,31,3.533961661531969e-06,3.659246820942878
66,-4.107192160282452e-10,95,0.7481230951955238,32,-0.00011369019763322878,0.02848294113421956
66,-4.107192160282452e-10,95,0.7481230951955238,33,-0.0004131343211238988,1.0176270898269897e-06
66,-4.107192160282452e-10,95,0.7481230951955238,34,-7.662122367727388e-06,3.331579186889815
66,-4.107192160282452e-10,95,0.7481230951955238,35,-8.861996939854439e-05,0.01554317282823209
66,-4.107192160282452e-10,95,0.7481230951955238,36,4.7311153548433576e-06,2.404014150561596
66,-4.107192160282452e-10,95,0.7481230951955238,37,-2.481846823954117e-05,0.6331917294750733
66,-4.107192160282452e-10,95,0.7481230951955238,38,-0.0001271321014363751,0.24565286217555543
66,-4.107192160282452e-10,95,0.7481230951955238,39,-0.00020120260540457146,0.0032253555464602205
66,-4.107192160282452e-10,95,0.7481230951955238,40,-0.00023535396394788448,0.0011657722858773884
66,-4.107192160282452e-10,95,0.7481230951955238,41,-0.00012007591951925602,0.004575278000920683
66,-4.107192160282452e-10,95,0.7481230951955238,42,-0.00016229952204666913,0.007664970073622923
66,-4.107192160282452e-10,95,0.7481230951955238,43,8.708225726609197e-06,4.551941596525238
66,-4.107192160282452e-10,95,0.7481230951955238,44,-0.00014718777046125029,0.09465894853318042
66,-4.107192160282452e-10,95,0.7481230951955238,45,2.452964383948713e-06,4.574614525107421
66,-4.107192160282452e-10,95,0.7481230951955238,46,-0.00011787876748844306,0.10456779325413999
66,-4.107192160282452e-10,95,0.7481230951955238,47,-0.00022616472095668592,0.0015333908503888697
66,-4.107192160282452e-10,95,0.7481230951955238,48,-6.1539731690115665e-06,0.6320212803918348
66,-4.107192160282452e-10,95,0.7481230951955238,49,-9.447852767022408e-06,2.267457325131796
66,-4.107192160282452e-10,95,0.7481230951955238,50,-8.86148432004606e-05,0.123874454896181
66,-4.107192160282452e-10,95,0.7481230951955238,51,-4.995147007939716e-05,0.328449198985015
66,-4.107192160282452e-10,95,0.7481230951955238,52,-7.947253848015192e-05,0.03296466754604293
66,-4.107192160282452e-10,95,0.7481230951955238,53,1.2111723364144855e-05,1.6961366916599014
66,-4.107192160282452e-10,95,0.7481230951955238,54,1.229477002175529e-06,1.3055722575941122
66,-4.107192160282452e-10,95,0.7481230951955238,55,3.488788982244643e-06,0.3024103909795684
66,-4.107192160282452e-10,95,0.7481230951955238,56,-5.577671141651323e-09,1.5930804347557812
66,-4.107192160282452e-10,95,0.7481230951955238,57,4.786494049543876e-06,4.820796448259242
66,-4.107192160282452e-10,95,0.7481230951955238,58,-1.2169640986072525e-05,2.2888484950754386
66,-4.107192160282452e-10,95,0.7481230951955238,59,-0.00018936129172835768,0.008440081226964206
66,-4.107192160282452e-10,95,0.7481230951955238,60,8.738310872486378e-07,3.5910150107372663
66,-4.107192160282452e-10,95,0.7481230951955238,61,-1.4155372614313162e-05,1.4586945035825698
66,-4.107192160282452e-10,95,0.7481230951955238,62,-0.00012179068250680571,0.002090176819482133
66,-4.107192160282452e-10,95,0.7481230951955238,63,-0.00022755704296394068,0.0027958368859015577
66,-4.107192160282452e-10,95,0.7481230951955238,64,-0.0003128196566824474,0.0007253440209981487
66,-4.107192160282452e-10,95,0.7481230951955238,65,-6.832531029596007e-06,0.41687985823276597
66,-4.107192160282452e-10,95,0.7481230951955238,66,-4.8594173874926666e-05,0.16960029302435667
66,-4.107192160282452e-10,95,0.7481230951955238,67,-0.00013922679246475137,0.008474132777359747
66,-4.107192160282452e-10,95,0.7481230951955238,68,-4.095856648986654e-05,0.8572363797171133
66,-4.107192160282452e-10,95,0.7481230951955238,69,-0.0001324969962926725,0.013477347314071771
66,-4.107192160282452e-10,95,0.7481230951955238,70,-0.00023867493209849016,0.003958697937190521
66,-4.107192160282452e-10,95,0.7481230951955238,71,7.076187118860982e-07,5.2143306822991615
66,-4.107192160282452e-10,95,0.7481230951955238,72,4.655772297922069e-06,3.253649326298538
66,-4.107192160282452e-10,95,0.7481230951955238,73,1.7788741071488544e-05,0.2453543712864117
66,-4.107192160282452e-10,95,0.7481230951955238,74,5.509174991165515e-06,4.34742388345452
66,-4.107192160282452e-10,95,0.7481230951955238,75,-0.00015784986448103846,0.0024300695953208516
66,-4.107192160282452e-10,95,0.7481230951955238,76,-7.792903273250801e-07,2.9451955282808364
66,-4.107192160282452e-10,95,0.7481230951955238,77,-0.00012858086813098785,0.017212367243133665
66,-4.107192160282452e-10,95,0.7481230951955238,78,2.6307276023048138e-05,0.38954979992089894
66,-4.107192160282452e-10,95,0.7481230951955238,79,-4.682730381804061e-05,0.3144886488752684
66,-4.107192160282452e-10,95,0.7481230951955238,80,-0.00010171666388208487,0.022415219766106564
66,-4.107192160282452e-10,95,0.7481230951955238,81,5.6892001101715185e-06,4.775968275387537
66,-4.107192160282452e-10,95,0.7481230951955238,82,-5.611224553249597e-05,0.11975179022286495
66,-4.107192160282452e-10,95,0.7481230951955238,83,3.3320774270584607e-06,2.039746591421913
66,-4.107192160282452e-10,95,0.7481230951955238,84,-1.5408592827821452e-05,1.0432458117375132
66,-4.107192160282452e-10,95,0.7481230951955238,85,-0.0003658793740688142,7.500163197325671e-05
66,-4.107192160282452e-10,95,0.7481230951955238,86,-0.0002239662552915968,0.004614125586534508
66,-4.107192160282452e-10,95,0.7481230951955238,87,-0.000170069849276514,0.02649228804448664
66,-4.107192160282452e-10,95,0.7481230951955238,88,-0.0001787625587049891,0.017347889381761787
66,-4.107192160282452e-10,95,0.7481230951955238,89,-0.00024408845943936375,0.0013917022770589278
66,-4.107192160282452e-10,95,0.7481230951955238,90,-2.3531116454709022e-06,3.5340934343078723
66,-4.107192160282452e-10,95,0.7481230951955238,91,3.995804944675981e-06,5.584620676236916
66,-4.107192160282452e-10,95,0.7481230951955238,92,-3.0242472249534748e-05,0.6193847773127256
66,-4.107192160282452e-10,95,0.7481230951955238,93,3.958545482927679e-06,5.526484499724868
66,-4.107192160282452e-10,95,0.7481230951955238,94,2.392158448470903e-05,1.3583819862853244
66,-4.107192160282452e-10,95,0.7481230951955238,95,-1.7042699682200057e-05,2.0705808706722766
66,-4.107192160282452e-10,95,0.7481230951955238,96,3.6054356371810165e-07,6.379515417958136
66,-4.107192160282452e-10,95,0.7481230951955238,97,-9.848697798848877e-05,0.07687035332877441
66,-4.107192160282452e-10,95,0.7481230951955238,98,-1.7927533516529784e-06,3.1588576651328215
66,-4.107192160282452e-10,95,0.7481230951955238,99,9.016562335663565e-06,1.2198583210488443
66,-4.107192160282452e-10,95,0.7481230951955238,100,-2.344212456790401e-06,1.1176246122618176
67,2.8663480192628605e-10,90,0.7577416397751829,1,-6.765015257380892e-06,0.7318470294488797
67,2.8663480192628605e-10,90,0.7577416397751829,2,-2.4211734571522674e-05,0.305734229971779
67,2.8663480192628605e-10,90,0.7577416397751829,3,-8.680327976261278e-05,0.0030465819089229114
67,2.8663480192628605e-10,90,0.7577416397751829,4,-2.294226571530499e-06,0.7013397856829636
67,2.8663480192628605e-10,90,0.7577416397751829,5,4.759576947114091e-06,2.093479495589599
67,2.8663480192628605e-10,90,0.7577416397751829,6,-1.1100139375759734e-05,0.2709093612816343
67,2.8663480192628605e-10,90,0.7577416397751829,7,4.361877400871718e-06,1.6088660440005236
67,2.8663480192628605e-10,90,0.7577416397751829,8,-3.2718755259564247e-06,0.28140515954833056
67,2.8663480192628605e-10,90,0.7577416397751829,9,-3.853430908644546e-05,0.20737931715603375
67,2.8663480192628605e-10,90,0.7577416397751829,10,-4.310892982366029e-05,0.15157071573543898
67,2.8663480192628605e-10,90,0.7577416397751829,11,-1.2313066533819465e-08,4.4507654854855465
67,2.8663480192628605e-10,90,0.7577416397751829,12,1.0736738809428939e-05,0.5684893291311082
67,2.8663480192628605e-10,90,0.7577416397751829,13,4.8952236226297754e-06,5.2921306573001345
67,2.8663480192628605e-10,90,0.7577416397751829,14,-2.5703775386103563e-06,2.6122298381570994
67,2.8663480192628605e-10,90,0.7577416397751829,15,-0.00012441091228380095,0.0005914899200074264
67,2.8663480192628605e-10,90,0.7577416397751829,16,-3.0589314937432776e-06,2.1515597536591655
67,2.8663480192628605e-10,90,0.7577416397751829,17,-3.4413207787017958e-06,0.2545182713805095
67,2.8663480192628605e-10,90,0.7577416397751829,18,8.549078069987667e-06,0.4601930543585105
67,2.8663480192628605e-10,90,0.7577416397751829,19,-3.0138695160285887e-05,0.23248928867422014
67,2.8663480192628605e-10,90,0.7577416397751829,20,3.7738021010682337e-06,6.1461549244556775
67,2.8663480192628605e-10,90,0.7577416397751829,21,-4.024561190994861e-05,0.2708641766156971
67,2.8663480192628605e-10,90,0.7577416397751829,22,-3.95107242551618e-05,0.6380335732821822
67,2.8663480192628605e-10,90,0.7577416397751829,23,-1.0589210392248413e-05,0.4356299473652223
67,2.8663480192628605e-10,90,0.7577416397751829,24,6.525854182554496e-06,0.289229281817981
67,2.8663480192628605e-10,90,0.7577416397751829,25,-2.59549833493756e-05,0.5608648970594587
67,2.8663480192628605e-10,90,0.7577416397751829,26,5.066270054965508e-06,2.498115882567857
67,2.8663480192628605e-10,90,0.7577416397751829,27,1.230251564543395e-05,2.2030135254013867
67,2.8663480192628605e-10,90,0.7577416397751829,28,-1.552691767415246e-05,0.21034714969074333
67,2.8663480192628605e-10,90,0.7577416397751829,29,-1.090784738646751e-05,1.2434243101987947
67,2.8663480192628605e-10,90,0.7577416397751829,30,5.899024063560562e-06,6.319010655237185
67,2.8663480192628605e-10,90,0.7577416397751829,31,5.6759964297525795e-06,3.5478227437280085
67,2.8663480192628605e-10,90,0.7577416397751829,32,1.929524331223555e-07,3.3655596489404673
67,2.8663480192628605e-10,90,0.7577416397751829,33,-1.7998151617347952e-05,0.7373881502932895
67,2.8663480192628605e-10,90,0.7577416397751829,34,3.081796770617279e-06,3.073585405897729
67,2.8663480192628605e-10,90,0.7577416397751829,35,-3.303163040939831e-05,0.5875541639670299
67,2.8663480192628605e-10,90,0.7577416397751829,36,5.027871488753899e-06,4.036382077695465
67,2.8663480192628605e-10,90,0.7577416397751829,37,-2.133843275396028e-05,0.588535323776305
67,2.8663480192628605e-10,90,0.7577416397751829,38,-5.972580398096903e-05,0.03211611440938245
67,2.8663480192628605e-10,90,0.7577416397751829,39,7.44945821034824e-06,2.4810499905235783
67,2.8663480192628605e-10,90,0.7577416397751829,40,3.0840540778799304e-06,0.6664536739735378
67,2.8663480192628605e-10,90,0.7577416397751829,41,-1.829255898382215e-05,0.6074512644625041
67,2.8663480192628605e-10,90,0.7577416397751829,42,1.770526406665826e-06,1.1700634711360656
67,2.8663480192628605e-10,90,0.7577416397751829,43,-2.423870017784408e-05,0.9015415916266613
67,2.8663480192628605e-10,90,0.7577416397751829,44,-8.564427325553801e-07,1.4315139527040899
67,2.8663480192628605e-10,90,0.7577416397751829,45,-3.636673916569143e-06,0.4422836236355691
67,2.8663480192628605e-10,90,0.7577416397751829,46,-3.899379055044176e-05,0.1264281744056989
67,2.8663480192628605e-10,90,0.7577416397751829,47,-8.054069428591362e-07,2.2315164517960517
67,2.8663480192628605e-10,90,0.7577416397751829,48,-1.911683481769354e-06,0.8796277520854849
67,2.8663480192628605e-10,90,0.7577416397751829,49,-5.998197406307925e-05,0.01152624755087502
67,2.8663480192628605e-10,90,0.7577416397751829,50,-2.4299227859508174e-05,0.47288777894710726
67,2.8663480192628605e-10,90,0.7577416397751829,51,-5.457481191838822e-07,1.81242421671313
67,2.8663480192628605e-10,90,0.7577416397751829,52,-3.407376383578671e-05,0.031796299234452964
67,2.8663480192628605e-10,90,0.7577416397751829,53,-0.00011463464645900628,0.009673870292095396
67,2.8663480192628605e-10,90,0.7577416397751829,54,-2.4253576591839954e-06,4.097213903551519
67,2.8663480192628605e-10,90,0.7577416397751829,55,-1.0325642110057598e-05,0.29115653280073756
67,2.8663480192628605e-10,90,0.7577416397751829,56,-1.3866198923385663e-05,0.9232576639820216
67,2.8663480192628605e-10,90,0.7577416397751829,57,-1.1834788214515138e-06,4.918812479405894
67,2.8663480192628605e-10,90,0.7577416397751829,58,-8.311365940828203e-06,1.4324519743544746
67,2.8663480192628605e-10,90,0.7577416397751829,59,-7.4130221982988166e-06,0.5704593576977208
67,2.8663480192628605e-10,90,0.7577416397751829,60,-1.2679671873043026e-06,0.37531658899464476
67,2.8663480192628605e-10,90,0.7577416397751829,61,-0.00011962303411506939,0.005917530789231403
67,2.8663480192628605e-10,90,0.7577416397751829,62,-2.162718173674503e-06,0.6878070601432104
67,2.8663480192628605e-10,90,0.7577416397751829,63,-1.753471624161998e-05,0.4790572335547768
67,2.8663480192628605e-10,90,0.7577416397751829,64,-2.8089453562061385e-05,0.37972135113184685
67,2.8663480192628605e-10,90,0.7577416397751829,65,-3.498334193196172e-09,0.49829524780096945
67,2.8663480192628605e-10,90,0.7577416397751829,66,-1.7435701833408235e-05,0.09240079266677123
67,2.8663480192628605e-10,90,0.7577416397751829,67,1.1159584820117268e-05,0.49411398028875236
67,2.8663480192628605e-10,90,0.7577416397751829,68,-1.43677618971169e-06,4.718220566031915
67,2.8663480192628605e-10,90,0.7577416397751829,69,-6.683752979523899e-06,0.64079085325113
67,2.8663480192628605e-10,90,0.7577416397751829,70,1.4838681053666031e-05,1.1949906116868925
67,2.8663480192628605e-10,90,0.7577416397751829,71,-1.661702713231452e-05,1.7398999655254597
67,2.8663480192628605e-10,90,0.7577416397751829,72,-2.9907038418647858e-06,1.2744744200008358
67,2.8663480192628605e-10,90,0.7577416397751829,73,-1.59367321723978e-05,1.0477099143006368
67,2.8663480192628605e-10,90,0.7577416397751829,74,4.590088551999834e-06,2.450366594800571
67,2.8663480192628605e-10,90,0.7577416397751829,75,3.2271175578547787e-06,1.7205688850883547
67,2.8663480192628605e-10,90,0.7577416397751829,76,5.788137977268423e-06,4.075489966957191
67,2.8663480192628605e-10,90,0.7577416397751829,77,2.5420695963551842e-06,2.862268453386523
67,2.8663480192628605e-10,90,0.7577416397751829,78,5.541244465683871e-06,2.7685974780596903
67,2.8663480192628605e-10,90,0.7577416397751829,79,-9.766709992742312e-05,0.011607935320433518
67,2.8663480192628605e-10,90,0.7577416397751829,80,-2.062707090843951e-05,0.19371320661546806
67,2.8663480192628605e-10,90,0.7577416397751829,81,-1.2532955212218254e-05,0.7054242982498872
67,2.8663480192628605e-10,90,0.7577416397751829,82,1.34636926006981e-08,2.3089386764978173
67,2.8663480192628605e-10,90,0.7577416397751829,83,-4.167210253319731e-05,0.2328709964856065
67,2.8663480192628605e-10,90,0.7577416397751829,84,-1.971867709496176e-05,0.0784254294646146
67,2.8663480192628605e-10,90,0.7577416397751829,85,3.4210000913543433e-07,1.684732947866094
67,2.8663480192628605e-10,90,0.7577416397751829,86,-4.417979514405989e-05,0.08015364675156193
67,2.8663480192628605e-10,90,0.7577416397751829,87,-2.349568014736238e-05,0.12213638211432165
67,2.8663480192628605e-10,90,0.7577416397751829,88,6.863401669094863e-06,2.2840316198969455
67,2.8663480192628605e-10,90,0.7577416397751829,89,-7.568128887316741e-05,0.02665738910963378
67,2.8663480192628605e-10,90,0.7577416397751829,90,-2.6773874374110966e-07,0.8651352762082998
67,2.8663480192628605e-10,90,0.7577416397751829,91,6.2851017220537555e-06,6.640772147634506
67,2.8663480192628605e-10,90,0.7577416397751829,92,-3.1778511167231876e-06,0.3089362879733989
67,2.8663480192628605e-10,90,0.7577416397751829,93,3.105243465280487e-06,4.838438142569617
67,2.8663480192628605e-10,90,0.7577416397751829,94,3.1578586812146125e-06,2.231646120904095
67,2.8663480192628605e-10,90,0.7577416397751829,95,-8.357535415929872e-06,0.19129192390913724
67,2.8663480192628605e-10,90,0.7577416397751829,96,-5.806731875710587e-05,0.05139590145324801
67,2.8663480192628605e-10,90,0.7577416397751829,97,5.630970802198903e-06,1.5123142087183794
67,2.8663480192628605e-10,90,0.7577416397751829,98,3.0816214778552315e-06,2.227272222172947
67,2.8663480192628605e-10,90,0.7577416397751829,99,9.907622620144233e-07,4.169511811918658
67,2.8663480192628605e-10,90,0.7577416397751829,100,-1.2662793737991556e-05,0.806850480448626
68,3.563064428314396e-11,31,0.7477839833400701,1,-2.21434740329121e-07,1.8629241750849344
68,3.563064428314396e-11,31,0.7477839833400701,2,-1.6219767874595267e-06,1.1819460857410191
68,3.563064428314396e-11,31,0.7477839833400701,3,-2.0431957550277535e-05,0.3689657678751096
68,3.563064428314396e-11,31,0.7477839833400701,4,7.715402201707245e-06,0.5491343516925987
68,3.563064428314396e-11,31,0.7477839833400701,5,9.995497063684084e-06,2.098939816948016
68,3.563064428314396e-11,31,0.7477839833400701,6,-4.902170059931124e-05,0.13358922568145437
68,3.563064428314396e-11,31,0.7477839833400701,7,-1.4547458960396357e-05,0.8123382190178402
68,3.563064428314396e-11,31,0.7477839833400701,8,6.507535367888114e-06,6.173904548819778
68,3.563064428314396e-11,31,0.7477839833400701,9,-3.8532419939107095e-06,5.3262125696039275
68,3.563064428314396e-11,31,0.7477839833400701,10,-4.839634653741235e-06,0.11851322894817795
68,3.563064428314396e-11,31,0.7477839833400701,11,-2.6058594078554298e-05,0.6532643557709366
68,3.563064428314396e-11,31,0.7477839833400701,12,-9.90295221599684e-05,0.1472641617972185
68,3.563064428314396e-11,31,0.7477839833400701,13,2.9213049221985904e-06,0.1066882542826106
68,3.563064428314396e-11,31,0.7477839833400701,14,1.1691013513060392e-06,2.0786660276413986
68,3.563064428314396e-11,31,0.7477839833400701,15,-5.311020121772487e-06,1.5933617405031741
68,3.563064428314396e-11,31,0.7477839833400701,16,-1.861543576456282e-05,0.3044768431420852
68,3.563064428314396e-11,31,0.7477839833400701,17,-2.4788005684270428e-05,0.1719391357965004
68,3.563064428314396e-11,31,0.7477839833400701,18,2.1665390783093015e-08,2.437069066060622
68,3.563064428314396e-11,31,0.7477839833400701,19,-5.733878813594425e-06,2.6399591539130896
68,3.563064428314396e-11,31,0.7477839833400701,20,8.976413703385861e-07,3.5548202851079784
68,3.563064428314396e-11,31,0.7477839833400701,21,4.248326653284503e-06,2.8009791674626703
68,3.563064428314396e-11,31,0.7477839833400701,22,-6.444720556804481e-06,0.5453687916998041
68,3.563064428314396e-11,31,0.7477839833400701,23,-1.0347994077183956e-05,0.5023986788721135
68,3.563064428314396e-11,31,0.7477839833400701,24,-7.512417160853019e-06,0.40238017104942975
68,3.563064428314396e-11,31,0.7477839833400701,25,-4.394498105436146e-06,0.23086631965217091
68,3.563064428314396e-11,31,0.7477839833400701,26,6.912672796907297e-06,2.1470557801617765
68,3.563064428314396e-11,31,0.7477839833400701,27,-6.660131111588857e-05,0.020157511102774445
68,3.563064428314396e-11,31,0.7477839833400701,28,2.9340043499065347e-06,4.098993529154577
68,3.563064428314396e-11,31,0.7477839833400701,29,3.8339884672517135e-06,1.8596387537109975
68,3.563064428314396e-11,31,0.7477839833400701,30,-1.4220059407848154e-05,1.0089085586958508
68,3.563064428314396e-11,31,0.7477839833400701,31,6.4444001346089e-06,4.610311408476856
68,3.563064428314396e-11,31,0.7477839833400701,32,2.4060585218792705e-06,6.808463767448881
68,3.563064428314396e-11,31,0.7477839833400701,33,4.059387558453651e-06,4.168175659708721
68,3.563064428314396e-11,31,0.7477839833400701,34,4.249427149723797e-06,2.5678837701745336
68,3.563064428314396e-11,31,0.7477839833400701,35,-6.547259442639003e-05,0.008927870980038489
68,3.563064428314396e-11,31,0.7477839833400701,36,-6.868468415107417e-05,0.018188378999542697
68,3.563064428314396e-11,31,0.7477839833400701,37,-0.00010227043411882736,0.004769520724678301
68,3.563064428314396e-11,31,0.7477839833400701,38,7.87790767037775e-06,0.5202903731570485
68,3.563064428314396e-11,31,0.7477839833400701,39,8.841988781383306e-06,1.613933218120442
68,3.563064428314396e-11,31,0.7477839833400701,40,-2.3873075380569896e-05,0.780746509502118
68,3.563064428314396e-11,31,0.7477839833400701,41,-5.2711288212891714e-05,0.0956593769794073
68,3.563064428314396e-11,31,0.7477839833400701,42,3.830503173616222e-06,1.258128596669123
68,3.563064428314396e-11,31,0.7477839833400701,43,-4.215805883872901e-06,2.24995585726867
68,3.563064428314396e-11,31,0.7477839833400701,44,-2.62906158549622e-06,0.7384663489376162
68,3.563064428314396e-11,31,0.7477839833400701,45,3.579319341528613e-07,1.1117565440052042
68,3.563064428314396e-11,31,0.7477839833400701,46,-1.7683839964704948e-05,0.6364580402584653
68,3.563064428314396e-11,31,0.7477839833400701,47,-7.4946225501113595e-06,0.6251048633840627
68,3.563064428314396e-11,31,0.7477839833400701,48,-6.821645960198738e-05,0.1252020313497756
68,3.563064428314396e-11,31,0.7477839833400701,49,9.554708002587102e-06,1.0521833059406718
68,3.563064428314396e-11,31,0.7477839833400701,50,1.2685746425016076e-05,1.6443252220079987
68,3.563064428314396e-11,31,0.7477839833400701,51,3.948139889243975e-06,3.1881531509873495
68,3.563064428314396e-11,31,0.7477839833400701,52,-4.07171733931354e-05,0.2277292356450872
68,3.563064428314396e-11,31,0.7477839833400701,53,-7.116537518851083e-06,0.21439173475582424
68,3.563064428314396e-11,31,0.7477839833400701,54,-7.56452275223645e-05,0.09900145570820457
68,3.563064428314396e-11,31,0.7477839833400701,55,1.1239670341628616e-06,2.983213198778667
68,3.563064428314396e-11,31,0.7477839833400701,56,-4.475714420329778e-06,0.7560802436996712
68,3.563064428314396e-11,31,0.7477839833400701,57,2.8277522004705316e-06,3.506657115876464
68,3.563064428314396e-11,31,0.7477839833400701,58,4.402421237738808e-06,2.5319905127166726
68,3.563064428314396e-11,31,0.7477839833400701,59,-1.2300898454790066e-05,1.8125608341177084
68,3.563064428314396e-11,31,0.7477839833400701,60,-1.13858426896201e-06,1.840334122026666
68,3.563064428314396e-11,31,0.7477839833400701,61,1.342123597278677e-06,3.4824071601912685
68,3.563064428314396e-11,31,0.7477839833400701,62,-5.772386594420805e-05,0.029722335390106273
68,3.563064428314396e-11,31,0.7477839833400701,63,4.2979863618030645e-06,0.7938576638537287
68,3.563064428314396e-11,31,0.7477839833400701,64,-8.468923706529644e-06,0.5866159819732375
68,3.563064428314396e-11,31,0.7477839833400701,65,-1.7173267664699764e-06,2.6515393215149623
68,3.563064428314396e-11,31,0.7477839833400701,66,-6.198611908398596e-05,0.11740707506592718
68,3.563064428314396e-11,31,0.7477839833400701,67,-1.8535990656722255e-06,2.3573227456300043
68,3.563064428314396e-11,31,0.7477839833400701,68,1.3066581340098583e-06,2.9507587275999483
68,3.563064428314396e-11,31,0.7477839833400701,69,1.636716999914596e-06,2.4163925478900286
68,3.563064428314396e-11,31,0.7477839833400701,70,1.1007208894923084e-05,1.2164384110973983
68,3.563064428314396e-11,31,0.7477839833400701,71,2.714987829982248e-06,4.591706890636778
68,3.563064428314396e-11,31,0.7477839833400701,72,-3.122389385656692e-05,0.18077943831027465
68,3.563064428314396e-11,31,0.7477839833400701,73,8.709125778586052e-06,2.475552243075722
68,3.563064428314396e-11,31,0.7477839833400701,74,-4.017196305812927e-05,0.11162435262848532
68,3.563064428314396e-11,31,0.7477839833400701,75,-2.6037461649052443e-06,0.8339203718006066
68,3.563064428314396e-11,31,0.7477839833400701,76,6.269541509990932e-06,1.7442628822113406
68,3.563064428314396e-11,31,0.7477839833400701,77,-1.7296227532610867e-05,0.7965070476756232
68,3.563064428314396e-11,31,0.7477839833400701,78,-4.671151194573729e-05,0.15235990106665637
68,3.563064428314396e-11,31,0.7477839833400701,79,-1.858985595230945e-05,1.212965382576889
68,3.563064428314396e-11,31,0.7477839833400701,80,-0.00011878921865541675,0.0005471980710029502
68,3.563064428314396e-11,31,0.7477839833400701,81,-0.00012242133347482764,0.0023120691042353226
68,3.563064428314396e-11,31,0.7477839833400701,82,-2.127488961828414e-06,3.1880431139906658
68,3.563064428314396e-11,31,0.7477839833400701,83,-1.6579147532160647e-05,0.41421779807979814
68,3.563064428314396e-11,31,0.7477839833400701,84,3.8028545021398984e-07,2.9846926372776545
68,3.563064428314396e-11,31,0.7477839833400701,85,-0.00010662834162818198,0.027394686292653136
68,3.563064428314396e-11,31,0.7477839833400701,86,-0.0002123338280513266,7.4766193360928225e-06
68,3.563064428314396e-11,31,0.7477839833400701,87,-2.159497707799534e-05,0.46716982996860196
68,3.563064428314396e-11,31,0.7477839833400701,88,-0.00015663960495342674,0.0010069783934315438
68,3.563064428314396e-11,31,0.7477839833400701,89,-1.1171942608463753e-05,0.7555902970023799
68,3.563064428314396e-11,31,0.7477839833400701,90,-1.924757184002183e-05,0.9177914041081043
68,3.563064428314396e-11,31,0.7477839833400701,91,-5.166051328964061e-06,2.0524828148838843
68,3.563064428314396e-11,31,0.7477839833400701,92,-7.977264930954134e-05,0.009531737374577099
68,3.563064428314396e-11,31,0.7477839833400701,93,-0.00011260351052867177,0.004850183360784489
68,3.563064428314396e-11,31,0.7477839833400701,94,7.202837492014887e-06,1.5724582886423812
68,3.563064428314396e-11,31,0.7477839833400701,95,8.473497995088426e-06,1.2338966862056526
68,3.563064428314396e-11,31,0.7477839833400701,96,5.688172254223111e-06,3.5648528293875525
68,3.563064428314396e-11,31,0.7477839833400701,97,1.0816976459183836e-05,1.3255603849962199
68,3.563064428314396e-11,31,0.7477839833400701,98,-4.824472415525111e-06,0.347450508226718
68,3.563064428314396e-11,31,0.7477839833400701,99,-1.5002317004305643e-07,1.402213788479595
68,3.563064428314396e-11,31,0.7477839833400701,100,-1.711385592138769e-05,1.0460396377419456
69,5.175380125449715e-10,77,0.7526316109155712,1,9.377080932469382e-06,1.3722922106132085
69,5.175380125449715e-10,77,0.7526316109155712,2,-4.625496570529864e-05,0.2831156976017108
69,5.175380125449715e-10,77,0.7526316109155712,3,3.4573847337148684e-06,0.9869094999266644
69,5.175380125449715e-10,77,0.7526316109155712,4,-0.00015175576326089394,0.002022509575999853
69,5.175380125449715e-10,77,0.7526316109155712,5,-0.00011995063467831641,0.005604664955978448
69,5.175380125449715e-10,77,0.7526316109155712,6,-5.879377339398893e-05,0.05177158774947117
69,5.175380125449715e-10,77,0.7526316109155712,7,-0.00015411058187712702,0.0021484376601584518
69,5.175380125449715e-10,77,0.7526316109155712,8,6.2740727762474074e-06,6.496915598633178
69,5.175380125449715e-10,77,0.7526316109155712,9,9.723446253541366e-06,0.9743658487967468
69,5.175380125449715e-10,77,0.7526316109155712,10,-0.00013504547379579134,0.002969559493187097
69,5.175380125449715e-10,77,0.7526316109155712,11,-4.411411592029114e-05,0.20077228319710932
69,5.175380125449715e-10,77,0.7526316109155712,12,-0.00010005221714725082,0.013740839319450736
69,5.175380125449715e-10,77,0.7526316109155712,13,-8.570110466967017e-05,0.09789131786647313
69,5.175380125449715e-10,77,0.7526316109155712,14,-2.55920260714204e-06,1.2364882075320196
69,5.175380125449715e-10,77,0.7526316109155712,15,-2.949232290726249e-06,2.102016111595805
69,5.175380125449715e-10,77,0.7526316109155712,16,-1.8595166579836338e-05,0.9221783738256594
69,5.175380125449715e-10,77,0.7526316109155712,17,1.336779056120399e-07,1.9567552679672549
69,5.175380125449715e-10,77,0.7526316109155712,18,6.0775267531164e-08,6.057673272966511
69,5.175380125449715e-10,77,0.7526316109155712,19,3.9916613586060665e-06,5.644047475027126
69,5.175380125449715e-10,77,0.7526316109155712,20,1.2044321239370603e-05,1.171880495087729
69,5.175380125449715e-10,77,0.7526316109155712,21,1.6608026855575892e-06,2.9639510928688724
69,5.175380125449715e-10,77,0.7526316109155712,22,1.7730936861183326e-06,0.7709903304207568
69,5.175380125449715e-10,77,0.7526316109155712,23,7.077145681920221e-06,3.7532822369996457
69,5.175380125449715e-10,77,0.7526316109155712,24,-6.927410994132516e-05,0.11418586878574849
69,5.175380125449715e-10,77,0.7526316109155712,25,-1.4194964229206994e-05,0.11841837641731742
69,5.175380125449715e-10,77,0.7526316109155712,26,-5.319986110187387e-06,0.970027838645677
69,5.175380125449715e-10,77,0.7526316109155712,27,-5.484541296068648e-06,0.9623197400679099
69,5.175380125449715e-10,77,0.7526316109155712,28,-2.3939844353346968e-05,0.0604886885313113
69,5.175380125449715e-10,77,0.7526316109155712,29,-5.92663611581931e-05,0.13794263435243806
69,5.175380125449715e-10,77,0.7526316109155712,30,-0.0001184166519779245,0.002160763137366649
69,5.175380125449715e-10,77,0.7526316109155712,31,-6.465264869738887e-06,1.3730172915064764
69,5.175380125449715e-10,77,0.7526316109155712,32,1.2143770830034287e-05,2.3774241333909534
69,5.175380125449715e-10,77,0.7526316109155712,33,3.1301200593490177e-06,1.8063183635134246
69,5.175380125449715e-10,77,0.7526316109155712,34,-3.133696877901637e-05,0.3602986578787523
69,5.175380125449715e-10,77,0.7526316109155712,35,-1.976818263074769e-06,0.42251811501735914
69,5.175380125449715e-10,77,0.7526316109155712,36,5.689157025804282e-06,6.24679465118995
69,5.175380125449715e-10,77,0.7526316109155712,37,-9.907892143072571e-05,0.011266085092516092
69,5.175380125449715e-10,77,0.7526316109155712,38,-1.0795303608932091e-07,0.7885795274556008
69,5.175380125449715e-10,77,0.7526316109155712,39,-3.3632683726012594e-05,0.099643785440319
69,5.175380125449715e-10,77,0.7526316109155712,40,-0.00016172196686737992,0.01091302906915307
69,5.175380125449715e-10,77,0.7526316109155712,41,-6.201859636823741e-05,0.24035236303852656
69,5.175380125449715e-10,77,0.7526316109155712,42,3.0817159040384872e-06,0.9579948847187066
69,5.175380125449715e-10,77,0.7526316109155712,43,5.125469676709145e-06,4.190688764469591
69,5.175380125449715e-10,77,0.7526316109155712,44,-0.00011461001197882364,0.006209017545592869
69,5.175380125449715e-10,77,0.7526316109155712,45,-2.018813039531482e-06,5.67728050214949
69,5.175380125449715e-10,77,0.7526316109155712,46,-6.689200532659718e-05,0.08219239575983006
69,5.175380125449715e-10,77,0.7526316109155712,47,-8.811160289519987e-06,1.1136198629232927
69,5.175380125449715e-10,77,0.7526316109155712,48,-5.765189508596639e-06,0.9505898077548709
69,5.175380125449715e-10,77,0.7526316109155712,49,-8.121736813939793e-05,0.38211940909681913
69,5.175380125449715e-10,77,0.7526316109155712,50,1.6457714419295414e-06,2.7840245051236767
69,5.175380125449715e-10,77,0.7526316109155712,51,-5.6111980615525935e-06,1.864436061092631
69,5.175380125449715e-10,77,0.7526316109155712,52,-2.2078355796114323e-06,0.64814200406758
69,5.175380125449715e-10,77,0.7526316109155712,53,-0.000104272064520127,0.02829902335406651
69,5.175380125449715e-10,77,0.7526316109155712,54,-2.361114466607198e-05,0.31483300028630345
69,5.175380125449715e-10,77,0.7526316109155712,55,3.819733052230418e-06,1.439220691050261
69,5.175380125449715e-10,77,0.7526316109155712,56,3.908731959998726e-06,2.4063711100820484
69,5.175380125449715e-10,77,0.7526316109155712,57,-7.674428137337196e-06,3.2752135201756505
69,5.175380125449715e-10,77,0.7526316109155712,58,-3.970225194897535e-05,0.35040137772395474
69,5.175380125449715e-10,77,0.7526316109155712,59,3.815337724555193e-06,1.1943935430898205
69,5.175380125449715e-10,77,0.7526316109155712,60,-1.6920774983543075e-05,0.5088788500300493
69,5.175380125449715e-10,77,0.7526316109155712,61,5.261495361766304e-06,1.9276597156815105
69,5.175380125449715e-10,77,0.7526316109155712,62,-3.936616109900483e-05,0.5530436483755353
69,5.175380125449715e-10,77,0.7526316109155712,63,-0.00011480122998343306,0.015956964130422385
69,5.175380125449715e-10,77,0.7526316109155712,64,-3.8897115951017644e-05,0.0846944272592198
69,5.175380125449715e-10,77,0.7526316109155712,65,-2.406968275633055e-05,0.21974711686086126
69,5.175380125449715e-10,77,0.7526316109155712,66,9.827966083221604e-07,5.3670891334636375
69,5.175380125449715e-10,77,0.7526316109155712,67,-0.00014924540399623948,0.0031766304549128562
69,5.175380125449715e-10,77,0.7526316109155712,68,9.103374868034078e-06,4.148796914561343
69,5.175380125449715e-10,77,0.7526316109155712,69,7.492494482765645e-06,0.9301529767468256
69,5.175380125449715e-10,77,0.7526316109155712,70,6.6542822289372e-06,3.4775971762365705
69,5.175380125449715e-10,77,0.7526316109155712,71,-5.699041644717898e-05,0.4648826048994604
69,5.175380125449715e-10,77,0.7526316109155712,72,9.33496210334532e-06,0.7493479327371791
69,5.175380125449715e-10,77,0.7526316109155712,73,-1.0907769648488976e-06,0.855596321041049
69,5.175380125449715e-10,77,0.7526316109155712,74,2.0436064249890475e-05,0.4141862708474072
69,5.175380125449715e-10,77,0.7526316109155712,75,-1.4812401642050302e-05,0.8994376939221777
69,5.175380125449715e-10,77,0.7526316109155712,76,-2.168434141535307e-05,0.46466467619237867
69,5.175380125449715e-10,77,0.7526316109155712,77,7.595971955677229e-06,3.715558042874767
69,5.175380125449715e-10,77,0.7526316109155712,78,4.975642441065977e-06,6.733034510928313
69,5.175380125449715e-10,77,0.7526316109155712,79,-1.1597457915621695e-06,3.38083239042783
69,5.175380125449715e-10,77,0.7526316109155712,80,-7.027145480322273e-05,0.17514308392508535
69,5.175380125449715e-10,77,0.7526316109155712,81,-2.7721205635171964e-05,0.14373471510039248
69,5.175380125449715e-10,77,0.7526316109155712,82,-1.2177622285896946e-05,1.7626268937297143
69,5.175380125449715e-10,77,0.7526316109155712,83,1.1507907314266209e-06,1.7032874869353671
69,5.175380125449715e-10,77,0.7526316109155712,84,-8.577756717558368e-06,0.47598017622036193
69,5.175380125449715e-10,77,0.7526316109155712,85,4.801118463704138e-06,1.3498184269467983
69,5.175380125449715e-10,77,0.7526316109155712,86,-2.2168581291500497e-06,1.6849584408582818
69,5.175380125449715e-10,77,0.7526316109155712,87,-2.063220725277055e-06,1.6556406379352901
69,5.175380125449715e-10,77,0.7526316109155712,88,8.587949055294553e-06,2.587823030200572
69,5.175380125449715e-10,77,0.7526316109155712,89,-3.687547785924694e-05,0.3761065663072017
69,5.175380125449715e-10,77,0.7526316109155712,90,9.667464863485038e-06,2.2659514571475614
69,5.175380125449715e-10,77,0.7526316109155712,91,1.3655702265883572e-05,1.9427391664559779
69,5.175380125449715e-10,77,0.7526316109155712,92,-4.7894671507771954e-05,0.3341013756474643
69,5.175380125449715e-10,77,0.7526316109155712,93,-1.5064771863848692e-05,1.5083158759174082
69,5.175380125449715e-10,77,0.7526316109155712,94,-5.628176078594329e-06,2.401010722867114
69,5.175380125449715e-10,77,0.7526316109155712,95,4.604753837182441e-06,0.852188491331545
69,5.175380125449715e-10,77,0.7526316109155712,96,-8.84516195457735e-06,0.8049224481761449
69,5.175380125449715e-10,77,0.7526316109155712,97,-3.5226465318196244e-05,0.1830435174595512
69,5.175380125449715e-10,77,0.7526316109155712,98,4.1382116787929054e-07,1.623000869261225
69,5.175380125449715e-10,77,0.7526316109155712,99,-5.857807812312655e-06,2.7060669557079042
69,5.175380125449715e-10,77,0.7526316109155712,100,1.1610177277658034e-06,1.4607403752890789
70,-8.929220502740405e-11,53,0.7472405787527451,1,3.7900602607113118e-06,2.4542128365879328
70,-8.929220502740405e-11,53,0.7472405787527451,2,-8.74048198866509e-06,3.347289642101534
70,-8.929220502740405e-11,53,0.7472405787527451,3,-0.0002209247582211225,4.503169285750988e-05
70,-8.929220502740405e-11,53,0.7472405787527451,4,-0.00010574128373706543,0.004971652817208139
70,-8.929220502740405e-11,53,0.7472405787527451,5,-1.5890890312777202e-05,0.28087012082473484
70,-8.929220502740405e-11,53,0.7472405787527451,6,-0.0002384361248992236,3.337117213054914e-05
70,-8.929220502740405e-11,53,0.7472405787527451,7,3.0536296325244593e-06,4.281886710374668
70,-8.929220502740405e-11,53,0.7472405787527451,8,-3.52084519211821e-05,0.7867271339898392
70,-8.929220502740405e-11,53,0.7472405787527451,9,5.129958717144531e-06,5.690746725389433
70,-8.929220502740405e-11,53,0.7472405787527451,10,-0.00019346269459357516,0.004766752558689486
70,-8.929220502740405e-11,53,0.7472405787527451,11,-1.8291485719671045e-05,0.27332504807877
70,-8.929220502740405e-11,53,0.7472405787527451,12,-3.499619498226021e-05,0.5845508219115626
70,-8.929220502740405e-11,53,0.7472405787527451,13,-0.00011699580381165538,0.00021295513161934273
70,-8.929220502740405e-11,53,0.7472405787527451,14,-7.67933657029867e-05,0.005229527552161328
70,-8.929220502740405e-11,53,0.7472405787527451,15,-3.5415877517932476e-05,0.21132519657298113
70,-8.929220502740405e-11,53,0.7472405787527451,16,-3.1068279502071576e-06,2.766601587491763
70,-8.929220502740405e-11,53,0.7472405787527451,17,5.675731181140787e-06,5.925785906532487
70,-8.929220502740405e-11,53,0.7472405787527451,18,4.658333416619136e-06,3.8598355276193033
70,-8.929220502740405e-11,53,0.7472405787527451,19,-8.263556708856316e-05,0.020828732014299224
70,-8.929220502740405e-11,53,0.7472405787527451,20,-0.00025937730908179464,0.0001550172386682559
70,-8.929220502740405e-11,53,0.7472405787527451,21,-1.4112296129777963e-05,0.4639221153258952
70,-8.929220502740405e-11,53,0.7472405787527451,22,2.6074617432239367e-05,0.6827263643509024
70,-8.929220502740405e-11,53,0.7472405787527451,23,-0.00014805834645118869,0.0006243664007497861
70,-8.929220502740405e-11,53,0.7472405787527451,24,-7.832234091181637e-06,2.776981788701919
70,-8.929220502740405e-11,53,0.7472405787527451,25,1.3586533115829399e-06,1.839146104766038
70,-8.929220502740405e-11,53,0.7472405787527451,26,-7.326007478150796e-07,3.5582827612582704
70,-8.929220502740405e-11,53,0.7472405787527451,27,-1.044516860639671e-05,0.9440764081036863
70,-8.929220502740405e-11,53,0.7472405787527451,28,-7.034758660178067e-05,0.02475972877840249
70,-8.929220502740405e-11,53,0.7472405787527451,29,5.111366332829514e-06,1.7348561254176174
70,-8.929220502740405e-11,53,0.7472405787527451,30,-0.0001737880397000379,0.01706841772222961
70,-8.929220502740405e-11,53,0.7472405787527451,31,-0.00023794246880975203,7.624750992908987e-05
70,-8.929220502740405e-11,53,0.7472405787527451,32,-0.00012721128455430797,0.011756625674823886
70,-8.929220502740405e-11,53,0.7472405787527451,33,6.869001294881617e-06,3.6114481059619346
70,-8.929220502740405e-11,53,0.7472405787527451,34,-0.00015350342029758337,0.0021133852536388918
70,-8.929220502740405e-11,53,0.7472405787527451,35,-2.4904134767620693e-06,3.060621097354738
70,-8.929220502740405e-11,53,0.7472405787527451,36,-3.055350853968009e-05,0.6663207100856978
70,-8.929220502740405e-11,53,0.7472405787527451,37,-0.00013056628985895895,0.0019668293251754684
70,-8.929220502740405e-11,53,0.7472405787527451,38,-0.0001175595598322582,0.020134682544001224
70,-8.929220502740405e-11,53,0.7472405787527451,39,-4.08050337498084e-06,1.5305565665334409
70,-8.929220502740405e-11,53,0.7472405787527451,40,-0.00011582356608704422,0.003788974369804162
70,-8.929220502740405e-11,53,0.7472405787527451,41,6.683343515854233e-06,0.9276322253434547
70,-8.929220502740405e-11,53,0.7472405787527451,42,-0.00012692189344875614,0.00040233933558127765
70,-8.929220502740405e-11,53,0.7472405787527451,43,2.037119335958661e-06,5.252867117599236
70,-8.929220502740405e-11,53,0.7472405787527451,44,-9.965480768742418e-05,0.05590448267959186
70,-8.929220502740405e-11,53,0.7472405787527451,45,-7.208074416659628e-05,0.059204244056120174
70,-8.929220502740405e-11,53,0.7472405787527451,46,-6.19074534759252e-05,0.0890080615279197
70,-8.929220502740405e-11,53,0.7472405787527451,47,9.271406513487088e-07,0.6826012309568344
70,-8.929220502740405e-11,53,0.7472405787527451,48,4.449026805957145e-06,0.4356283190475723
70,-8.929220502740405e-11,53,0.7472405787527451,49,-4.2758444223792794e-07,2.8342846557723584
70,-8.929220502740405e-11,53,0.7472405787527451,50,-8.932285397341e-05,0.06329556617988692
70,-8.929220502740405e-11,53,0.7472405787527451,51,-0.00013856191722538182,0.022004468221846662
70,-8.929220502740405e-11,53,0.7472405787527451,52,-0.00022679961883252753,2.7257891357670867e-05
70,-8.929220502740405e-11,53,0.7472405787527451,53,-1.635341593619919e-05,0.06625703950112002
70,-8.929220502740405e-11,53,0.7472405787527451,54,2.5387686438252447e-06,9.01645080835703
70,-8.929220502740405e-11,53,0.7472405787527451,55,-5.392149281611569e-05,0.07934853027852487
70,-8.929220502740405e-11,53,0.7472405787527451,56,2.577238639022934e-06,7.746834263632508
70,-8.929220502740405e-11,53,0.7472405787527451,57,2.1708581067665865e-06,4.670306980770517
70,-8.929220502740405e-11,53,0.7472405787527451,58,-0.00020309585816709254,0.0004239296760602658
70,-8.929220502740405e-11,53,0.7472405787527451,59,-0.00011389495651456264,0.004428458232682587
70,-8.929220502740405e-11,53,0.7472405787527451,60,-6.211408096947683e-06,1.5647084996583804
70,-8.929220502740405e-11,53,0.7472405787527451,61,-0.00015080784960396174,0.004314976223217612
70,-8.929220502740405e-11,53,0.7472405787527451,62,-3.792734697093705e-06,3.190096274604056
70,-8.929220502740405e-11,53,0.7472405787527451,63,1.914566067609898e-06,4.139899685528617
70,-8.929220502740405e-11,53,0.7472405787527451,64,3.3511503670436013e-06,3.480209899614154
70,-8.929220502740405e-11,53,0.7472405787527451,65,1.5181120666396303e-05,1.480781421997167
70,-8.929220502740405e-11,53,0.7472405787527451,66,-8.524921355205824e-05,0.02674414527198348
70,-8.929220502740405e-11,53,0.7472405787527451,67,1.1679694249516732e-06,1.4475826690405322
70,-8.929220502740405e-11,53,0.7472405787527451,68,-3.04218470664827e-05,0.3494138615525182
70,-8.929220502740405e-11,53,0.7472405787527451,69,-3.628718433227628e-05,0.05186274788588621
70,-8.929220502740405e-11,53,0.7472405787527451,70,-3.943057378706992e-05,0.5146959649428013
70,-8.929220502740405e-11,53,0.7472405787527451,71,-6.71697832233592e-05,0.08026977784650188
70,-8.929220502740405e-11,53,0.7472405787527451,72,-9.615909246662337e-05,0.0062707508628375465
70,-8.929220502740405e-11,53,0.7472405787527451,73,6.3032420075394995e-06,2.220096577759379
70,-8.929220502740405e-11,53,0.7472405787527451,74,-0.00020299038724613181,0.00029771220367345305
70,-8.929220502740405e-11,53,0.7472405787527451,75,-2.0086571254749667e-06,0.9936130367236536
70,-8.929220502740405e-11,53,0.7472405787527451,76,1.6740107143483869e-06,1.1682625797529758
70,-8.929220502740405e-11,53,0.7472405787527451,77,1.2559817925691916e-05,2.3202923653762073
70,-8.929220502740405e-11,53,0.7472405787527451,78,-2.5909849404538553e-06,1.9226628344417214
70,-8.929220502740405e-11,53,0.7472405787527451,79,-0.00017825377517827426,0.0005901860670154654
70,-8.929220502740405e-11,53,0.7472405787527451,80,-1.79814535648452e-05,1.53627445984307
70,-8.929220502740405e-11,53,0.7472405787527451,81,-5.088442936756576e-05,0.014940761446185039
70,-8.929220502740405e-11,53,0.7472405787527451,82,-1.0840620056573658e-06,2.144098645616161
70,-8.929220502740405e-11,53,0.7472405787527451,83,3.5145044699082086e-06,4.96049261149087
70,-8.929220502740405e-11,53,0.7472405787527451,84,2.2504319942293082e-06,2.5581364995106792
70,-8.929220502740405e-11,53,0.7472405787527451,85,1.919707934135449e-05,2.0939063183629294
70,-8.929220502740405e-11,53,0.7472405787527451,86,-0.00010638305344386308,0.01477683279939982
70,-8.929220502740405e-11,53,0.7472405787527451,87,-9.857149077087694e-06,1.4615879058171826
70,-8.929220502740405e-11,53,0.7472405787527451,88,6.1099565563313825e-06,5.406209021559134
70,-8.929220502740405e-11,53,0.7472405787527451,89,-2.089896034281269e-05,1.248332349720825
70,-8.929220502740405e-11,53,0.7472405787527451,90,-7.283690207494501e-05,0.1410126389842129
70,-8.929220502740405e-11,53,0.7472405787527451,91,-1.3783667384647788e-05,0.6343492063695795
70,-8.929220502740405e-11,53,0.7472405787527451,92,-7.296145194024894e-06,1.7444222291134521
70,-8.929220502740405e-11,53,0.7472405787527451,93,-9.057047550483246e-05,0.010256216832574667
70,-8.929220502740405e-11,53,0.7472405787527451,94,-8.909831994850194e-06,0.7985107849261719
70,-8.929220502740405e-11,53,0.7472405787527451,95,-1.8695070284897866e-06,2.0649795849465096
70,-8.929220502740405e-11,53,0.7472405787527451,96,-0.0001721241547543098,0.006211748193347048
70,-8.929220502740405e-11,53,0.7472405787527451,97,7.416806307480518e-07,7.876935800518155
70,-8.929220502740405e-11,53,0.7472405787527451,98,-0.000298457421320424,1.2961322808289568e-06
70,-8.929220502740405e-11,53,0.7472405787527451,99,-1.570344263839284e-05,0.6095163725021389
70,-8.929220502740405e-11,53,0.7472405787527451,100,-8.710463984545918e-05,0.004799585714881562
71,-1.3652687208161848e-10,64,0.7549851882582734,1,-0.00011569871099952376,0.017523863374807602
71,-1.3652687208161848e-10,64,0.7549851882582734,2,-7.624394054722656e-05,0.16005652345825036
71,-1.3652687208161848e-10,64,0.7549851882582734,3,-0.00010045510464698215,0.045470578776197514
71,-1.3652687208161848e-10,64,0.7549851882582734,4,-7.482987547794942e-05,0.051068403412367146
71,-1.3652687208161848e-10,64,0.7549851882582734,5,-5.1057332671168674e-06,4.433248373158464
71,-1.3652687208161848e-10,64,0.7549851882582734,6,-0.0006762742497858993,-1.3438242471521335e-09
71,-1.3652687208161848e-10,64,0.7549851882582734,7,-5.466567391579299e-05,0.19884478083899276
71,-1.3652687208161848e-10,64,0.7549851882582734,8,1.0889710026395447e-06,2.1240875885731927
71,-1.3652687208161848e-10,64,0.7549851882582734,9,-2.1395353123994304e-05,0.5610602307623275
71,-1.3652687208161848e-10,64,0.7549851882582734,10,-0.00021838478709873186,0.00040325772025854515
71,-1.3652687208161848e-10,64,0.7549851882582734,11,5.210245357248575e-06,3.4376162709185643
71,-1.3652687208161848e-10,64,0.7549851882582734,12,-2.2837978562536058e-05,0.1365211309041185
71,-1.3652687208161848e-10,64,0.7549851882582734,13,3.6993938132935935e-06,3.460004615371472
71,-1.3652687208161848e-10,64,0.7549851882582734,14,-0.00020647090173551102,0.0020137781499135576
71,-1.3652687208161848e-10,64,0.7549851882582734,15,-0.00021715650235639192,0.00012116446790781954
71,-1.3652687208161848e-10,64,0.7549851882582734,16,-0.000229462090914046,0.00019829234829477427
71,-1.3652687208161848e-10,64,0.7549851882582734,17,-0.0002501299830694989,9.267723973185041e-05
71,-1.3652687208161848e-10,64,0.7549851882582734,18,-1.8782497798912622e-06,1.812906808107327
71,-1.3652687208161848e-10,64,0.7549851882582734,19,-7.908964608429368e-05,0.030019871097498506
71,-1.3652687208161848e-10,64,0.7549851882582734,20,-5.174919732589879e-06,3.609235380200623
71,-1.3652687208161848e-10,64,0.7549851882582734,21,2.0512121893203e-06,4.9434345220855676
71,-1.3652687208161848e-10,64,0.7549851882582734,22,-1.8406811938196093e-05,1.2022837255619179
71,-1.3652687208161848e-10,64,0.7549851882582734,23,-0.00018917896165562535,0.003403205464996962
71,-1.3652687208161848e-10,64,0.7549851882582734,24,8.404582765475335e-06,1.5573949600546502
71,-1.3652687208161848e-10,64,0.7549851882582734,25,3.570414555699669e-06,7.357735323115063
71,-1.3652687208161848e-10,64,0.7549851882582734,26,3.056443539596464e-07,1.3405429510702267
71,-1.3652687208161848e-10,64,0.7549851882582734,27,-8.867429870483757e-07,1.4748375292251543
71,-1.3652687208161848e-10,64,0.7549851882582734,28,-0.0002838191394752818,0.00010707394147157034
71,-1.3652687208161848e-10,64,0.7549851882582734,29,-2.785366396974037e-06,3.1773457536462235
71,-1.3652687208161848e-10,64,0.7549851882582734,30,-5.805914378688378e-06,0.7637754653713219
71,-1.3652687208161848e-10,64,0.7549851882582734,31,-4.962635856883247e-05,0.068746568556802
71,-1.3652687208161848e-10,64,0.7549851882582734,32,-2.3275216633189062e-05,0.6480423261624109
71,-1.3652687208161848e-10,64,0.7549851882582734,33,-0.00037628055949551334,1.2305959592403617e-06
71,-1.3652687208161848e-10,64,0.7549851882582734,34,-5.346948339648085e-06,4.0436921140199305
71,-1.3652687208161848e-10,64,0.7549851882582734,35,6.161647424250563e-06,3.449884485288085
71,-1.3652687208161848e-10,64,0.7549851882582734,36,-8.034635037012952e-05,0.099128504718939
71,-1.3652687208161848e-10,64,0.7549851882582734,37,1.755215433414497e-05,0.8418571982430293
71,-1.3652687208161848e-10,64,0.7549851882582734,38,-0.00021654445205866865,0.00015125851084423018
71,-1.3652687208161848e-10,64,0.7549851882582734,39,-0.0004069900640196864,1.845721481316076e-06
71,-1.3652687208161848e-10,64,0.7549851882582734,40,-6.724543674438061e-05,0.06577290707478549
71,-1.3652687208161848e-10,64,0.7549851882582734,41,-0.00020419585250363177,0.0012481505774730032
71,-1.3652687208161848e-10,64,0.7549851882582734,42,5.951027136245724e-07,4.523874153270771
71,-1.3652687208161848e-10,64,0.7549851882582734,43,-8.390531216111302e-06,0.9741100970755714
71,-1.3652687208161848e-10,64,0.7549851882582734,44,-0.00014231586330454887,0.054789399816469374
71,-1.3652687208161848e-10,64,0.7549851882582734,45,-4.66217094257945e-05,0.2314714078559768
71,-1.3652687208161848e-10,64,0.7549851882582734,46,9.553535276593501e-06,4.311598207782166
71,-1.3652687208161848e-10,64,0.7549851882582734,47,-0.0005310413503050741,1.6221387072426652e-09
71,-1.3652687208161848e-10,64,0.7549851882582734,48,-4.6461840524721617e-07,2.888397152380075
71,-1.3652687208161848e-10,64,0.7549851882582734,49,-2.5376399186813727e-05,0.3612386817453284
71,-1.3652687208161848e-10,64,0.7549851882582734,50,-0.00016770793935067473,0.0028806145940334506
71,-1.3652687208161848e-10,64,0.7549851882582734,51,5.423890994098162e-06,4.71268510177925
71,-1.3652687208161848e-10,64,0.7549851882582734,52,1.1294867493607126e-05,1.9873774705292762
71,-1.3652687208161848e-10,64,0.7549851882582734,53,1.5210801069708326e-05,0.514093054566517
71,-1.3652687208161848e-10,64,0.7549851882582734,54,6.48364034105443e-06,6.532431797528412
71,-1.3652687208161848e-10,64,0.7549851882582734,55,-0.000482825547080204,9.887582770106276e-10
71,-1.3652687208161848e-10,64,0.7549851882582734,56,-6.253404604310394e-05,0.21245315559948366
71,-1.3652687208161848e-10,64,0.7549851882582734,57,-4.130087163460411e-06,3.212302373842596
71,-1.3652687208161848e-10,64,0.7549851882582734,58,-5.861860377011703e-06,3.1924554013733135
71,-1.3652687208161848e-10,64,0.7549851882582734,59,4.262555653541349e-06,4.469562842615556
71,-1.3652687208161848e-10,64,0.7549851882582734,60,-0.0003514345330495595,5.8074110927692914e-05
71,-1.3652687208161848e-10,64,0.7549851882582734,61,-6.338376088081137e-06,1.7271873628727321
71,-1.3652687208161848e-10,64,0.7549851882582734,62,-6.26535777851312e-05,0.2370150917600925
71,-1.3652687208161848e-10,64,0.7549851882582734,63,-0.0001401936986211504,0.0005295014901313556
71,-1.3652687208161848e-10,64,0.7549851882582734,64,-0.00026487889460785516,0.0007688358605379238
71,-1.3652687208161848e-10,64,0.7549851882582734,65,3.362145121367957e-06,8.822468615040211
71,-1.3652687208161848e-10,64,0.7549851882582734,66,-0.0002855864542574049,0.00027550743945835103
71,-1.3652687208161848e-10,64,0.7549851882582734,67,-3.6087956060187533e-07,8.092093920458407
71,-1.3652687208161848e-10,64,0.7549851882582734,68,-0.0001625239384803286,0.00041329893473057114
71,-1.3652687208161848e-10,64,0.7549851882582734,69,3.0696101395385297e-07,2.761036043163194
71,-1.3652687208161848e-10,64,0.7549851882582734,70,5.206186906226007e-06,3.0231117651582613
71,-1.3652687208161848e-10,64,0.7549851882582734,71,-1.3511383768473178e-05,1.1672773527666598
71,-1.3652687208161848e-10,64,0.7549851882582734,72,-0.00033592166488279144,9.106940095907364e-07
71,-1.3652687208161848e-10,64,0.7549851882582734,73,1.747699834944394e-06,5.129690016061956
71,-1.3652687208161848e-10,64,0.7549851882582734,74,-3.2683976592839486e-05,0.4180593546594691
71,-1.3652687208161848e-10,64,0.7549851882582734,75,4.84411624088562e-06,2.809938310831708
71,-1.3652687208161848e-10,64,0.7549851882582734,76,-0.0004763645608931264,1.1769443812097462e-09
71,-1.3652687208161848e-10,64,0.7549851882582734,77,-4.3263266248471406e-05,0.3137873032421877
71,-1.3652687208161848e-10,64,0.7549851882582734,78,-7.178592459359869e-07,2.8887194316839175
71,-1.3652687208161848e-10,64,0.7549851882582734,79,1.1411981327714753e-06,0.16075650633892533
71,-1.3652687208161848e-10,64,0.7549851882582734,80,-0.00032775046532576357,3.0625344079089187e-06
71,-1.3652687208161848e-10,64,0.7549851882582734,81,-2.3025660582553018e-05,0.15252890788855877
71,-1.3652687208161848e-10,64,0.7549851882582734,82,-6.237922131242902e-05,0.27773557605535804
71,-1.3652687208161848e-10,64,0.7549851882582734,83,5.1769050739530845e-06,2.803342000833863
71,-1.3652687208161848e-10,64,0.7549851882582734,84,-0.0002170294366082417,7.202679952372621e-05
71,-1.3652687208161848e-10,64,0.7549851882582734,85,-0.00019620586109447835,0.0013086788453018877
71,-1.3652687208161848e-10,64,0.7549851882582734,86,-0.00010674306142149085,0.003382072755602574
71,-1.3652687208161848e-10,64,0.7549851882582734,87,-0.0003086866040647825,0.00011691102259680596
71,-1.3652687208161848e-10,64,0.7549851882582734,88,-1.335795001382827e-06,1.3159814913004095
71,-1.3652687208161848e-10,64,0.7549851882582734,89,-0.0005141266924192347,3.5686998125631648e-09
71,-1.3652687208161848e-10,64,0.7549851882582734,90,1.0769660226713435e-05,2.2499186754248437
71,-1.3652687208161848e-10,64,0.7549851882582734,91,-2.107743766598277e-05,0.869848270550181
71,-1.3652687208161848e-10,64,0.7549851882582734,92,-0.00011785130397726917,0.001636011922770273
71,-1.3652687208161848e-10,64,0.7549851882582734,93,-0.0003744730456319965,4.545953726389462e-07
71,-1.3652687208161848e-10,64,0.7549851882582734,94,-1.1103437018736283e-05,0.553871219286785
71,-1.3652687208161848e-10,64,0.7549851882582734,95,1.458518008533083e-05,2.1441956196219407
71,-1.3652687208161848e-10,64,0.7549851882582734,96,-7.232088809408722e-06,2.57231788599247
71,-1.3652687208161848e-10,64,0.7549851882582734,97,-1.1963513959783484e-05,1.1544703989496223
71,-1.3652687208161848e-10,64,0.7549851882582734,98,-0.00012670194474380248,0.001598009360986364
71,-1.3652687208161848e-10,64,0.7549851882582734,99,-0.0003593483344898493,4.762145573545744e-07
71,-1.3652687208161848e-10,64,0.7549851882582734,100,1.8583748896752216e-06,2.7929232273893714
72,3.290508273290877e-10,40,0.7594181203167498,1,-7.661902870684065e-05,0.011247806477132307
72,3.290508273290877e-10,40,0.7594181203167498,2,-5.1101023496345214e-05,0.07395213921465539
72,3.290508273290877e-10,40,0.7594181203167498,3,-5.679453173403494e-06,1.4425125650833683
72,3.290508273290877e-10,40,0.7594181203167498,4,1.1443300045314695e-05,0.45164252726011433
72,3.290508273290877e-10,40,0.7594181203167498,5,-1.633098402281147e-05,1.8943299715058841
72,3.290508273290877e-10,40,0.7594181203167498,6,-6.500476322620105e-06,0.2572255648339471
72,3.290508273290877e-10,40,0.7594181203167498,7,-2.1849009567115366e-06,0.2711239272836463
72,3.290508273290877e-10,40,0.7594181203167498,8,7.273008392565429e-06,3.658079860273708
72,3.290508273290877e-10,40,0.7594181203167498,9,-8.474656921223036e-05,0.0015708947545682154
72,3.290508273290877e-10,40,0.7594181203167498,10,-2.422462032463836e-05,0.09040303945145928
72,3.290508273290877e-10,40,0.7594181203167498,11,4.696837786345591e-06,2.197981847416805
72,3.290508273290877e-10,40,0.7594181203167498,12,-1.1954284021916305e-05,0.06406383016191457
72,3.290508273290877e-10,40,0.7594181203167498,13,-0.00010667779461235773,0.0005591140480797136
72,3.290508273290877e-10,40,0.7594181203167498,14,-9.91823251929492e-07,4.067025861052532
72,3.290508273290877e-10,40,0.7594181203167498,15,5.530821961966774e-06,7.3934891979842545
72,3.290508273290877e-10,40,0.7594181203167498,16,-0.00010945801085136063,0.00027658525123494055
72,3.290508273290877e-10,40,0.7594181203167498,17,-7.219247316608501e-06,0.4540436976586214
72,3.290508273290877e-10,40,0.7594181203167498,18,-2.553166848479484e-05,1.022974583077359
72,3.290508273290877e-10,40,0.7594181203167498,19,-1.2046916986170672e-05,1.982231853095806
72,3.290508273290877e-10,40,0.7594181203167498,20,-6.618944042783498e-05,0.11064781356393219
72,3.290508273290877e-10,40,0.7594181203167498,21,-2.331028413146246e-05,0.6141440225277458
72,3.290508273290877e-10,40,0.7594181203167498,22,-5.693677548682565e-06,0.2270977051954364
72,3.290508273290877e-10,40,0.7594181203167498,23,-4.0809383365320956e-05,0.30934534515118134
72,3.290508273290877e-10,40,0.7594181203167498,24,4.16346985288878e-06,0.6801144348057653
72,3.290508273290877e-10,40,0.7594181203167498,25,1.493466642543558e-05,0.42286485599814777
72,3.290508273290877e-10,40,0.7594181203167498,26,-1.007115947614568e-06,1.1795878477398096
72,3.290508273290877e-10,40,0.7594181203167498,27,3.132982716697398e-06,5.2047239959261935
72,3.290508273290877e-10,40,0.7594181203167498,28,-5.757106426818993e-07,3.543730048406839
72,3.290508273290877e-10,40,0.7594181203167498,29,-1.023013137774932e-06,0.05056141825803312
72,3.290508273290877e-10,40,0.7594181203167498,30,-9.33716196100559e-05,0.025109123682530845
72,3.290508273290877e-10,40,0.7594181203167498,31,-5.0035191115067834e-05,0.03904164828827711
72,3.290508273290877e-10,40,0.7594181203167498,32,4.9757627332335355e-06,6.375971611906065
72,3.290508273290877e-10,40,0.7594181203167498,33,6.161567068545055e-06,0.5399059416261444
72,3.290508273290877e-10,40,0.7594181203167498,34,-1.8857833156047876e-06,1.7727045083545523
72,3.290508273290877e-10,40,0.7594181203167498,35,-1.7692602446668303e-05,0.6217762135947406
72,3.290508273290877e-10,40,0.7594181203167498,36,-2.408726228884631e-05,0.6558202377586001
72,3.290508273290877e-10,40,0.7594181203167498,37,-0.0001483536913289065,0.006107192765773828
72,3.290508273290877e-10,40,0.7594181203167498,38,6.5917453068170376e-06,4.738980954678837
72,3.290508273290877e-10,40,0.7594181203167498,39,-4.889249348385036e-06,1.1574742461428413
72,3.290508273290877e-10,40,0.7594181203167498,40,-3.3107057068360074e-05,0.03579022702647315
72,3.290508273290877e-10,40,0.7594181203167498,41,2.733763287189776e-06,8.02763660253648
72,3.290508273290877e-10,40,0.7594181203167498,42,-1.7741115834829e-05,0.9635156144485149
72,3.290508273290877e-10,40,0.7594181203167498,43,6.308307315795785e-06,2.0889343221171375
72,3.290508273290877e-10,40,0.7594181203167498,44,-6.858643297340976e-08,0.5780135699579187
72,3.290508273290877e-10,40,0.7594181203167498,45,-3.820014270673151e-05,0.4807713795637155
72,3.290508273290877e-10,40,0.7594181203167498,46,3.7526855028702313e-06,1.2517062100070069
72,3.290508273290877e-10,40,0.7594181203167498,47,7.62753258952937e-07,0.9948511846706077
72,3.290508273290877e-10,40,0.7594181203167498,48,-8.362876564486159e-05,0.0018525870767112102
72,3.290508273290877e-10,40,0.7594181203167498,49,-5.979229171078682e-05,0.12460608312165405
72,3.290508273290877e-10,40,0.7594181203167498,50,-2.1517680466808752e-05,0.3048505743404475
72,3.290508273290877e-10,40,0.7594181203167498,51,-2.410129851387052e-06,0.6268528337212443
72,3.290508273290877e-10,40,0.7594181203167498,52,-2.580275261249396e-06,1.6604937263659005
72,3.290508273290877e-10,40,0.7594181203167498,53,-3.7790592820934803e-07,4.112500221041703
72,3.290508273290877e-10,40,0.7594181203167498,54,-2.987211756427337e-05,0.17667873634049772
72,3.290508273290877e-10,40,0.7594181203167498,55,-4.034235632769295e-06,1.8130747138450785
72,3.290508273290877e-10,40,0.7594181203167498,56,3.4111186660592466e-06,5.262012969703524
72,3.290508273290877e-10,40,0.7594181203167498,57,-1.3002064161682894e-06,4.468795683854427
72,3.290508273290877e-10,40,0.7594181203167498,58,-8.447475913917347e-05,0.008173090852792646
72,3.290508273290877e-10,40,0.7594181203167498,59,2.2352988509685918e-06,5.555624195930033
72,3.290508273290877e-10,40,0.7594181203167498,60,-1.3616625032579277e-06,2.1581515135645852
72,3.290508273290877e-10,40,0.7594181203167498,61,2.6400124238137937e-06,0.3572013535319388
72,3.290508273290877e-10,40,0.7594181203167498,62,-6.411219813957205e-06,0.9005608956663523
72,3.290508273290877e-10,40,0.7594181203167498,63,-0.00010625629627403092,0.0018501564641509893
72,3.290508273290877e-10,40,0.7594181203167498,64,2.3448437737661373e-06,4.841752480892998
72,3.290508273290877e-10,40,0.7594181203167498,65,1.7909235842909512e-06,1.0540364852263369
72,3.290508273290877e-10,40,0.7594181203167498,66,-2.5906125084709417e-08,5.819880586036013
72,3.290508273290877e-10,40,0.7594181203167498,67,2.761064140877478e-06,4.846850525874186
72,3.290508273290877e-10,40,0.7594181203167498,68,-1.0858971200927678e-05,0.4252117201372082
72,3.290508273290877e-10,40,0.7594181203167498,69,-2.613417874129174e-06,0.7931445993217454
72,3.290508273290877e-10,40,0.7594181203167498,70,-7.06024103940353e-05,0.006398776862741463
72,3.290508273290877e-10,40,0.7594181203167498,71,-0.00010562970930602634,0.00154403417219539
72,3.290508273290877e-10,40,0.7594181203167498,72,-8.867129302402733e-05,0.022969434805307047
72,3.290508273290877e-10,40,0.7594181203167498,73,-1.2235030416252466e-05,0.8703525692374673
72,3.290508273290877e-10,40,0.7594181203167498,74,5.761571774881342e-06,2.2858333886644435
72,3.290508273290877e-10,40,0.7594181203167498,75,-0.0001093853644551392,0.0003497959478579249
72,3.290508273290877e-10,40,0.7594181203167498,76,-6.010278908602737e-05,0.06283637760185404
72,3.290508273290877e-10,40,0.7594181203167498,77,1.8441908518431827e-05,1.6695010230881655
72,3.290508273290877e-10,40,0.7594181203167498,78,-5.064209281836035e-05,0.004296140912065469
72,3.290508273290877e-10,40,0.7594181203167498,79,1.6188955085483588e-06,3.802830973951843
72,3.290508273290877e-10,40,0.7594181203167498,80,8.57975957397705e-06,4.117285932833031
72,3.290508273290877e-10,40,0.7594181203167498,81,-5.6781615181193154e-05,0.12149768850872236
72,3.290508273290877e-10,40,0.7594181203167498,82,-3.093332738252237e-06,2.083689001632015
72,3.290508273290877e-10,40,0.7594181203167498,83,-2.2742235717890285e-05,0.34863623095559654
72,3.290508273290877e-10,40,0.7594181203167498,84,-2.800231031475742e-06,0.6982494910524645
72,3.290508273290877e-10,40,0.7594181203167498,85,6.535773300969191e-07,0.63254920259264
72,3.290508273290877e-10,40,0.7594181203167498,86,-1.0195677427075435e-05,0.3102707442216403
72,3.290508273290877e-10,40,0.7594181203167498,87,4.169734212170203e-06,1.2610869393985407
72,3.290508273290877e-10,40,0.7594181203167498,88,-2.018548003557299e-05,1.450096988839374
72,3.290508273290877e-10,40,0.7594181203167498,89,-3.00984115009644e-05,0.262804899688887
72,3.290508273290877e-10,40,0.7594181203167498,90,1.3773033572198896e-05,0.9132061200259728
72,3.290508273290877e-10,40,0.7594181203167498,91,-3.0141801187337847e-07,3.4250736921123517
72,3.290508273290877e-10,40,0.7594181203167498,92,-1.5451359331147318e-05,0.08272910126597105
72,3.290508273290877e-10,40,0.7594181203167498,93,-8.404997694443845e-05,0.005520210963108448
72,3.290508273290877e-10,40,0.7594181203167498,94,6.436222644805567e-06,0.16575119057772042
72,3.290508273290877e-10,40,0.7594181203167498,95,-1.9538977932805866e-05,0.2898457524295223
72,3.290508273290877e-10,40,0.7594181203167498,96,-9.002828460498902e-06,1.778129025675857
72,3.290508273290877e-10,40,0.7594181203167498,97,-2.3362539045768672e-05,0.3291470684765009
72,3.290508273290877e-10,40,0.7594181203167498,98,6.359453299149962e-06,1.8340232368267917
72,3.290508273290877e-10,40,0.7594181203167498,99,3.350711166272366e-06,1.5326500778462866
72,3.290508273290877e-10,40,0.7594181203167498,100,-6.587995929745092e-05,0.03504004349640429
73,2.4992099868319025e-10,37,0.7537334758805462,1,1.4763826933937284e-06,0.4610249657198067
73,2.4992099868319025e-10,37,0.7537334758805462,2,2.2265199671281e-06,1.0920953110150806
73,2.4992099868319025e-10,37,0.7537334758805462,3,7.370274108569897e-06,2.294835957372919
73,2.4992099868319025e-10,37,0.7537334758805462,4,8.352414132040544e-08,1.0811668469403959
73,2.4992099868319025e-10,37,0.7537334758805462,5,1.4640932821122658e-06,3.534454269048587
73,2.4992099868319025e-10,37,0.7537334758805462,6,3.5398175082380804e-07,1.2439973908543966
73,2.4992099868319025e-10,37,0.7537334758805462,7,1.0065812553728283e-05,0.6565391719359852
73,2.4992099868319025e-10,37,0.7537334758805462,8,6.841091967698974e-09,1.6445988652642785
73,2.4992099868319025e-10,37,0.7537334758805462,9,-6.142378903447811e-06,0.444669043251431
73,2.4992099868319025e-10,37,0.7537334758805462,10,-1.0945248981760517e-05,1.0518359894190543
73,2.4992099868319025e-10,37,0.7537334758805462,11,-3.7076194903432696e-05,0.5954500012153615
73,2.4992099868319025e-10,37,0.7537334758805462,12,-5.283301286657249e-05,0.06314374633851576
73,2.4992099868319025e-10,37,0.7537334758805462,13,-8.081342993717053e-07,1.1324846063076972
73,2.4992099868319025e-10,37,0.7537334758805462,14,-1.3197732312304658e-05,0.4134762107864121
73,2.4992099868319025e-10,37,0.7537334758805462,15,-0.00010547796784307395,0.035372131502125245
73,2.4992099868319025e-10,37,0.7537334758805462,16,-4.0209632141925915e-06,1.166372285192576
73,2.4992099868319025e-10,37,0.7537334758805462,17,4.53737977262815e-06,1.2447767933889127
73,2.4992099868319025e-10,37,0.7537334758805462,18,-0.00018532361297455787,0.002022873229309179
73,2.4992099868319025e-10,37,0.7537334758805462,19,-3.7934003880247267e-06,2.3151716680331087
73,2.4992099868319025e-10,37,0.7537334758805462,20,6.038568943013554e-06,0.5882682754632046
73,2.4992099868319025e-10,37,0.7537334758805462,21,-2.4219766557599596e-06,3.278601458207613
73,2.4992099868319025e-10,37,0.7537334758805462,22,2.8342261031398242e-06,4.9573965721397455
73,2.4992099868319025e-10,37,0.7537334758805462,23,-0.00011799822969560137,0.01116135759115302
73,2.4992099868319025e-10,37,0.7537334758805462,24,-1.6618016295563435e-07,3.9955997067795415
73,2.4992099868319025e-10,37,0.7537334758805462,25,-6.820339570165722e-07,0.662889201031485
73,2.4992099868319025e-10,37,0.7537334758805462,26,-2.774615347477782e-06,1.9694576870475218
73,2.4992099868319025e-10,37,0.7537334758805462,27,1.9773217267363697e-06,4.638206900533584
73,2.4992099868319025e-10,37,0.7537334758805462,28,-3.3641877336236117e-06,0.8904181516328383
73,2.4992099868319025e-10,37,0.7537334758805462,29,-4.9954528546539885e-05,0.47412378264462574
73,2.4992099868319025e-10,37,0.7537334758805462,30,1.85831527502047e-05,1.2125890441824718
73,2.4992099868319025e-10,37,0.7537334758805462,31,-1.483192039093449e-06,0.853669853225051
73,2.4992099868319025e-10,37,0.7537334758805462,32,1.414489508661098e-05,2.1917887391283055
73,2.4992099868319025e-10,37,0.7537334758805462,33,-1.021147388659252e-05,1.2503961641072445
73,2.4992099868319025e-10,37,0.7537334758805462,34,-9.965549456399723e-06,1.2926013223492834
73,2.4992099868319025e-10,37,0.7537334758805462,35,-3.2701737994918856e-06,1.5774275277395922
73,2.4992099868319025e-10,37,0.7537334758805462,36,-4.0933093225619555e-06,1.1834950489548037
73,2.4992099868319025e-10,37,0.7537334758805462,37,1.0467735852225595e-05,2.2353761407562267
73,2.4992099868319025e-10,37,0.7537334758805462,38,6.423396695952122e-06,6.045170025210975
73,2.4992099868319025e-10,37,0.7537334758805462,39,4.4306429383027864e-06,3.529503616684826
73,2.4992099868319025e-10,37,0.7537334758805462,40,-9.673233917014181e-05,0.12654955757928274
73,2.4992099868319025e-10,37,0.7537334758805462,41,-1.1088014087760218e-05,1.5686542482793937
73,2.4992099868319025e-10,37,0.7537334758805462,42,3.307034363876881e-06,1.872678017368623
73,2.4992099868319025e-10,37,0.7537334758805462,43,6.182132499195737e-07,3.252569946640987
73,2.4992099868319025e-10,37,0.7537334758805462,44,-7.361295876303654e-07,2.7903520670425497
73,2.4992099868319025e-10,37,0.7537334758805462,45,4.180681394527169e-06,3.590590962008109
73,2.4992099868319025e-10,37,0.7537334758805462,46,-1.1152143176767272e-05,0.16747488200849275
73,2.4992099868319025e-10,37,0.7537334758805462,47,-2.463227948393372e-05,0.6115116647130252
73,2.4992099868319025e-10,37,0.7537334758805462,48,-2.9485483099189016e-06,1.46681480690949
73,2.4992099868319025e-10,37,0.7537334758805462,49,-5.8911437545452356e-05,0.01790820391798825
73,2.4992099868319025e-10,37,0.7537334758805462,50,-2.2316167483461142e-05,0.9383933246935348
73,2.4992099868319025e-10,37,0.7537334758805462,51,-5.4026831075466455e-05,0.2572741251429507
73,2.4992099868319025e-10,37,0.7537334758805462,52,1.7721141963065126e-06,3.3060937077656276
73,2.4992099868319025e-10,37,0.7537334758805462,53,-6.066654991964684e-05,0.07995938039949474
73,2.4992099868319025e-10,37,0.7537334758805462,54,9.15642502057027e-06,0.7398979524147822
73,2.4992099868319025e-10,37,0.7537334758805462,55,-3.9708608218778497e-05,0.49626573815950625
73,2.4992099868319025e-10,37,0.7537334758805462,56,-9.624819986580865e-06,1.601596416942757
73,2.4992099868319025e-10,37,0.7537334758805462,57,3.1758299053286277e-06,2.1230204781283444
73,2.4992099868319025e-10,37,0.7537334758805462,58,-2.0723299917201457e-05,0.7269801553992566
73,2.4992099868319025e-10,37,0.7537334758805462,59,-3.166142449836101e-05,0.5450405007181535
73,2.4992099868319025e-10,37,0.7537334758805462,60,8.073906742211777e-06,2.399362159779061
73,2.4992099868319025e-10,37,0.7537334758805462,61,1.0004839624205687e-05,4.053999111855597
73,2.4992099868319025e-10,37,0.7537334758805462,62,9.012505772739399e-06,3.6065069092168627
73,2.4992099868319025e-10,37,0.7537334758805462,63,-1.1575570089627883e-05,1.538528154791697
73,2.4992099868319025e-10,37,0.7537334758805462,64,3.668377088546187e-06,3.7797206322621077
73,2.4992099868319025e-10,37,0.7537334758805462,65,-4.517312328753995e-05,0.08434469120358165
73,2.4992099868319025e-10,37,0.7537334758805462,66,-2.3473087850910767e-05,0.8099887624315066
73,2.4992099868319025e-10,37,0.7537334758805462,67,2.968657806897749e-06,0.766653706089861
73,2.4992099868319025e-10,37,0.7537334758805462,68,-2.1849021189492582e-08,2.2142705652207124
73,2.4992099868319025e-10,37,0.7537334758805462,69,-6.089466397467621e-05,0.0312733687935043
73,2.4992099868319025e-10,37,0.7537334758805462,70,1.6198725479279676e-06,1.330171973923259
73,2.4992099868319025e-10,37,0.7537334758805462,71,-3.5702554438059074e-05,0.18042593937327508
73,2.4992099868319025e-10,37,0.7537334758805462,72,-0.0001233724837056776,0.004801397682790264
73,2.4992099868319025e-10,37,0.7537334758805462,73,-4.670473552304457e-07,0.3414587267853886
73,2.4992099868319025e-10,37,0.7537334758805462,74,5.575942653877449e-06,2.0321299684454397
73,2.4992099868319025e-10,37,0.7537334758805462,75,-0.00013162922349514638,0.006474358766295211
73,2.4992099868319025e-10,37,0.7537334758805462,76,2.8812015298122876e-06,1.8507172507072043
73,2.4992099868319025e-10,37,0.7537334758805462,77,-6.35309979268839e-05,0.31189472762431986
73,2.4992099868319025e-10,37,0.7537334758805462,78,5.8235387236918855e-06,3.188932577063901
73,2.4992099868319025e-10,37,0.7537334758805462,79,-8.293233939662232e-05,0.03324722207527483
73,2.4992099868319025e-10,37,0.7537334758805462,80,2.3228731994845223e-05,0.9179722667645849
73,2.4992099868319025e-10,37,0.7537334758805462,81,-6.225771576189047e-05,0.133235861863251
73,2.4992099868319025e-10,37,0.7537334758805462,82,1.4352673684554132e-06,2.6226998650087325
73,2.4992099868319025e-10,37,0.7537334758805462,83,5.571814911739247e-06,1.955866167458359
73,2.4992099868319025e-10,37,0.7537334758805462,84,1.3678839977626238e-05,1.6762838769920019
73,2.4992099868319025e-10,37,0.7537334758805462,85,6.963868341860024e-07,4.450600510879289
73,2.4992099868319025e-10,37,0.7537334758805462,86,-4.290074921739073e-06,0.9561249667400472
73,2.4992099868319025e-10,37,0.7537334758805462,87,-1.0583069215581602e-05,0.9753202909192509
73,2.4992099868319025e-10,37,0.7537334758805462,88,8.661872692687648e-06,0.6015820150136036
73,2.4992099868319025e-10,37,0.7537334758805462,89,-3.6394803920557158e-06,1.9655761155983857
73,2.4992099868319025e-10,37,0.7537334758805462,90,-7.106406807995205e-06,1.5257771461010643
73,2.4992099868319025e-10,37,0.7537334758805462,91,-8.583454003364004e-05,0.07239507861508224
73,2.4992099868319025e-10,37,0.7537334758805462,92,-0.00012184591392290541,0.01148723384654918
73,2.4992099868319025e-10,37,0.7537334758805462,93,-9.448071720164836e-06,0.16208236898033
73,2.4992099868319025e-10,37,0.7537334758805462,94,-0.00010731469219056631,0.002723282481386436
73,2.4992099868319025e-10,37,0.7537334758805462,95,-2.818280186309431e-05,0.16014693761500437
73,2.4992099868319025e-10,37,0.7537334758805462,96,-1.584392923794635e-06,1.577786574998187
73,2.4992099868319025e-10,37,0.7537334758805462,97,-5.842861366565961e-06,1.8288447314300833
73,2.4992099868319025e-10,37,0.7537334758805462,98,-7.425519942283626e-07,3.883544975616624
73,2.4992099868319025e-10,37,0.7537334758805462,99,-3.103937420647441e-05,0.11115275139081858
73,2.4992099868319025e-10,37,0.7537334758805462,100,-0.00013425276099781258,0.002647292536919715
74,8.13720855796724e-11,8,0.7517370859551189,1,-1.0948263445299944e-06,3.468951241398422
74,8.13720855796724e-11,8,0.7517370859551189,2,3.7697733618566367e-06,1.9497953919694855
74,8.13720855796724e-11,8,0.7517370859551189,3,8.214369913984392e-06,0.984834911488602
74,8.13720855796724e-11,8,0.7517370859551189,4,-8.513908007377664e-05,0.023659107088736517
74,8.13720855796724e-11,8,0.7517370859551189,5,5.5440942272570435e-06,1.75135975915309
74,8.13720855796724e-11,8,0.7517370859551189,6,4.772285838173549e-06,2.404672104815123
74,8.13720855796724e-11,8,0.7517370859551189,7,-5.957898967818936e-06,1.5192211210881572
74,8.13720855796724e-11,8,0.7517370859551189,8,-2.186473429636891e-05,0.2972834042491842
74,8.13720855796724e-11,8,0.7517370859551189,9,-3.7110283219270104e-07,5.463760943889954
74,8.13720855796724e-11,8,0.7517370859551189,10,-5.302929955259652e-06,0.3960658365998552
74,8.13720855796724e-11,8,0.7517370859551189,11,-5.478623743018708e-06,1.7698942047921993
74,8.13720855796724e-11,8,0.7517370859551189,12,-1.5037327531246953e-05,0.6164187343839427
74,8.13720855796724e-11,8,0.7517370859551189,13,5.102413530502772e-06,2.806982384332329
74,8.13720855796724e-11,8,0.7517370859551189,14,7.244597519569647e-06,0.5836017939675916
74,8.13720855796724e-11,8,0.7517370859551189,15,-7.451348032761787e-05,0.007628543395374672
74,8.13720855796724e-11,8,0.7517370859551189,16,-2.0377990963864265e-06,2.4014382703285353
74,8.13720855796724e-11,8,0.7517370859551189,17,-3.735526639473703e-06,0.7082807161270102
74,8.13720855796724e-11,8,0.7517370859551189,18,-0.00012877176278953018,0.00968600614674155
74,8.13720855796724e-11,8,0.7517370859551189,19,-1.7137191005083907e-05,0.7014206933804873
74,8.13720855796724e-11,8,0.7517370859551189,20,4.445520934596577e-06,2.3011624276860787
74,8.13720855796724e-11,8,0.7517370859551189,21,-8.279831264727129e-05,0.00932944116661411
74,8.13720855796724e-11,8,0.7517370859551189,22,-2.6720597809835103e-06,0.43256753041873564
74,8.13720855796724e-11,8,0.7517370859551189,23,-4.564838417874311e-05,0.00635762451983611
74,8.13720855796724e-11,8,0.7517370859551189,24,6.482468769213754e-07,3.212705779805335
74,8.13720855796724e-11,8,0.7517370859551189,25,4.658089668549389e-06,3.2400630390219622
74,8.13720855796724e-11,8,0.7517370859551189,26,-3.6481817438821024e-05,0.350622319338778
74,8.13720855796724e-11,8,0.7517370859551189,27,1.3361983365818604e-05,1.4048679773487442
74,8.13720855796724e-11,8,0.7517370859551189,28,1.4446435043207688e-06,5.000735055856284
74,8.13720855796724e-11,8,0.7517370859551189,29,5.087947730136802e-06,1.8393615143502626
74,8.13720855796724e-11,8,0.7517370859551189,30,3.2257287118059327e-06,3.2483403168256606
74,8.13720855796724e-11,8,0.7517370859551189,31,-1.3074157812355282e-06,0.9526107857624642
74,8.13720855796724e-11,8,0.7517370859551189,32,-9.240504854605514e-05,0.05213839198743681
74,8.13720855796724e-11,8,0.7517370859551189,33,1.1962025445142693e-06,4.863847482114423
74,8.13720855796724e-11,8,0.7517370859551189,34,-6.006569802101157e-06,0.8232356553635279
74,8.13720855796724e-11,8,0.7517370859551189,35,5.699326603763251e-06,4.62964006100324
74,8.13720855796724e-11,8,0.7517370859551189,36,1.2738888016616432e-06,4.144691559943005
74,8.13720855796724e-11,8,0.7517370859551189,37,-1.8847325322990937e-06,0.6384066614594115
74,8.13720855796724e-11,8,0.7517370859551189,38,-4.0217857377277286e-05,0.10170255519306846
74,8.13720855796724e-11,8,0.7517370859551189,39,-3.291310327033857e-05,0.1625511423583753
74,8.13720855796724e-11,8,0.7517370859551189,40,-0.0001135673181227879,0.02804436734502958
74,8.13720855796724e-11,8,0.7517370859551189,41,-9.135264767892432e-06,0.6863524961063472
74,8.13720855796724e-11,8,0.7517370859551189,42,-2.1086364357094735e-05,0.5721928264474174
74,8.13720855796724e-11,8,0.7517370859551189,43,2.3113916682809528e-05,1.7576269167842415
74,8.13720855796724e-11,8,0.7517370859551189,44,-1.690650913702372e-05,0.28342430163582844
74,8.13720855796724e-11,8,0.7517370859551189,45,-8.96396736930134e-05,0.09219546129893066
74,8.13720855796724e-11,8,0.7517370859551189,46,-1.988265200971911e-05,0.6757867936111434
74,8.13720855796724e-11,8,0.7517370859551189,47,-5.991648642277231e-06,1.7958996748831006
74,8.13720855796724e-11,8,0.7517370859551189,48,4.637812991570529e-06,3.335806375998631
74,8.13720855796724e-11,8,0.7517370859551189,49,-2.4444879901227355e-05,0.11218533634847223
74,8.13720855796724e-11,8,0.7517370859551189,50,-2.190837446507779e-06,2.9558327787037624
74,8.13720855796724e-11,8,0.7517370859551189,51,6.179213838373128e-06,2.348012932371008
74,8.13720855796724e-11,8,0.7517370859551189,52,-7.806992607555408e-06,1.686199167560905
74,8.13720855796724e-11,8,0.7517370859551189,53,1.8134050018713336e-06,2.192809794552561
74,8.13720855796724e-11,8,0.7517370859551189,54,-2.1603010647562466e-06,3.227021393965119
74,8.13720855796724e-11,8,0.7517370859551189,55,7.375449712040543e-06,4.585880659931045
74,8.13720855796724e-11,8,0.7517370859551189,56,4.38732642987418e-06,2.0780654998588113
74,8.13720855796724e-11,8,0.7517370859551189,57,-0.0001062665358512528,0.0023425091419651506
74,8.13720855796724e-11,8,0.7517370859551189,58,-8.020017217244336e-06,0.317465245861164
74,8.13720855796724e-11,8,0.7517370859551189,59,5.595941952691925e-06,4.864706398549569
74,8.13720855796724e-11,8,0.7517370859551189,60,-2.59526944289331e-06,2.012297590710613
74,8.13720855796724e-11,8,0.7517370859551189,61,-7.13795046899139e-06,0.5140269898005463
74,8.13720855796724e-11,8,0.7517370859551189,62,-6.179793463748996e-06,0.7410588482900573
74,8.13720855796724e-11,8,0.7517370859551189,63,-4.682818546239504e-06,2.8638011645384953
74,8.13720855796724e-11,8,0.7517370859551189,64,-3.028685799456111e-06,3.9864986532455817
74,8.13720855796724e-11,8,0.7517370859551189,65,7.97215935927363e-06,1.0391024765717123
74,8.13720855796724e-11,8,0.7517370859551189,66,3.500895664484035e-08,0.2960642607664538
74,8.13720855796724e-11,8,0.7517370859551189,67,-5.474069165934812e-05,0.1577300565777711
74,8.13720855796724e-11,8,0.7517370859551189,68,-8.157414109296286e-05,0.006776148486155241
74,8.13720855796724e-11,8,0.7517370859551189,69,-4.750517087182282e-05,0.41240793133648207
74,8.13720855796724e-11,8,0.7517370859551189,70,-9.456898017011052e-05,0.15628496470632267
74,8.13720855796724e-11,8,0.7517370859551189,71,-7.63194230816295e-05,0.005721065307091801
74,8.13720855796724e-11,8,0.7517370859551189,72,6.20646828444122e-06,5.396859286014963
74,8.13720855796724e-11,8,0.7517370859551189,73,1.9337550617337503e-06,0.8664150103451196
74,8.13720855796724e-11,8,0.7517370859551189,74,-2.3108360273565544e-05,0.39768737633954626
74,8.13720855796724e-11,8,0.7517370859551189,75,-2.899536722834482e-05,0.16495342270787575
74,8.13720855796724e-11,8,0.7517370859551189,76,-0.0001269074661986597,0.00047219868194782347
74,8.13720855796724e-11,8,0.7517370859551189,77,-3.0638751866541825e-05,0.20196599705782262
74,8.13720855796724e-11,8,0.7517370859551189,78,-8.476912987019687e-06,0.6018032447373636
74,8.13720855796724e-11,8,0.7517370859551189,79,-9.743263440839853e-06,1.4052743092222006
74,8.13720855796724e-11,8,0.7517370859551189,80,-1.3804732637087128e-05,0.9791622192228862
74,8.13720855796724e-11,8,0.7517370859551189,81,-5.318502595515375e-05,0.04262845494897548
74,8.13720855796724e-11,8,0.7517370859551189,82,3.6957056145568186e-06,3.238704637692219
74,8.13720855796724e-11,8,0.7517370859551189,83,1.745638107721122e-06,2.020774425987064
74,8.13720855796724e-11,8,0.7517370859551189,84,-2.242407330875419e-06,2.0098900907338657
74,8.13720855796724e-11,8,0.7517370859551189,85,-6.707892148487966e-07,2.198992282298637
74,8.13720855796724e-11,8,0.7517370859551189,86,-1.2123135113626102e-05,1.2150092087400757
74,8.13720855796724e-11,8,0.7517370859551189,87,4.664238209852481e-06,2.1967200597284653
74,8.13720855796724e-11,8,0.7517370859551189,88,-4.293466034264731e-05,0.1709038676958823
74,8.13720855796724e-11,8,0.7517370859551189,89,-0.0001087090626558591,0.004291019079444681
74,8.13720855796724e-11,8,0.7517370859551189,90,5.54819848530062e-07,3.727766199559375
74,8.13720855796724e-11,8,0.7517370859551189,91,-1.4833288720351169e-06,0.45036349713570883
74,8.13720855796724e-11,8,0.7517370859551189,92,-6.941299544074947e-06,0.11862795631622758
74,8.13720855796724e-11,8,0.7517370859551189,93,-0.00011347545856013396,0.015214728975488112
74,8.13720855796724e-11,8,0.7517370859551189,94,-7.4435536596503535e-06,0.43934038123256786
74,8.13720855796724e-11,8,0.7517370859551189,95,-0.00012752368835593282,0.0018896113432374897
74,8.13720855796724e-11,8,0.7517370859551189,96,-1.551372708311074e-05,1.62667087756479
74,8.13720855796724e-11,8,0.7517370859551189,97,5.038959634292377e-06,2.772390186248356
74,8.13720855796724e-11,8,0.7517370859551189,98,-0.00018315808868211284,0.0005280473980729192
74,8.13720855796724e-11,8,0.7517370859551189,99,-1.445335194377283e-05,0.12599144637360807
74,8.13720855796724e-11,8,0.7517370859551189,100,-7.99735177600782e-06,0.28920248039085306
75,-3.5580248600920766e-10,18,0.7465083929728715,1,-8.511585487759598e-06,0.5838328724753211
75,-3.5580248600920766e-10,18,0.7465083929728715,2,4.155519832206185e-06,2.9646945976499666
75,-3.5580248600920766e-10,18,0.7465083929728715,3,-0.00022929635722270208,5.353436849085991e-05
75,-3.5580248600920766e-10,18,0.7465083929728715,4,-6.0055126697083455e-05,0.1595340377461445
75,-3.5580248600920766e-10,18,0.7465083929728715,5,2.554878433346709e-07,1.9251883899371711
75,-3.5580248600920766e-10,18,0.7465083929728715,6,8.072116869226671e-06,2.1721661839759956
75,-3.5580248600920766e-10,18,0.7465083929728715,7,-4.322084977917777e-05,0.1998463837134336
75,-3.5580248600920766e-10,18,0.7465083929728715,8,-2.6409708503792382e-05,0.4353854131790045
75,-3.5580248600920766e-10,18,0.7465083929728715,9,-2.7800991851218394e-05,0.36038207986489823
75,-3.5580248600920766e-10,18,0.7465083929728715,10,-6.878123527591235e-05,0.03961264845029551
75,-3.5580248600920766e-10,18,0.7465083929728715,11,-3.4195359147011723e-06,1.8627126304920445
75,-3.5580248600920766e-10,18,0.7465083929728715,12,-0.00018758051003356943,0.0019574780330247825
75,-3.5580248600920766e-10,18,0.7465083929728715,13,-4.113151574127763e-05,0.2313456146262493
75,-3.5580248600920766e-10,18,0.7465083929728715,14,1.3516621282994102e-05,2.187113342338035
75,-3.5580248600920766e-10,18,0.7465083929728715,15,-8.65050515949603e-06,0.06080832264540353
75,-3.5580248600920766e-10,18,0.7465083929728715,16,-1.5618205692895386e-05,1.3773587595510508
75,-3.5580248600920766e-10,18,0.7465083929728715,17,-1.792440062673007e-05,0.16344730510568328
75,-3.5580248600920766e-10,18,0.7465083929728715,18,-3.3271484388018533e-05,0.6008630544135778
75,-3.5580248600920766e-10,18,0.7465083929728715,19,1.8167661781665382e-06,7.551693133655819
75,-3.5580248600920766e-10,18,0.7465083929728715,20,1.0743801263929637e-05,1.6180173589116487
75,-3.5580248600920766e-10,18,0.7465083929728715,21,-0.0001626616028070208,0.0039773941929481405
75,-3.5580248600920766e-10,18,0.7465083929728715,22,-1.6953713318214898e-06,2.0231667589854667
75,-3.5580248600920766e-10,18,0.7465083929728715,23,-5.449565400793097e-07,2.118841200832364
75,-3.5580248600920766e-10,18,0.7465083929728715,24,2.394507048474225e-06,3.7743171611873803
75,-3.5580248600920766e-10,18,0.7465083929728715,25,-1.1449664817517957e-05,0.38299119233963336
75,-3.5580248600920766e-10,18,0.7465083929728715,26,-7.303456734603791e-05,0.010120767499065717
75,-3.5580248600920766e-10,18,0.7465083929728715,27,-7.113622579337131e-06,2.305104221721624
75,-3.5580248600920766e-10,18,0.7465083929728715,28,-0.00014552569306718066,0.0017982137935365163
75,-3.5580248600920766e-10,18,0.7465083929728715,29,4.659774148913464e-06,3.7271290445881906
75,-3.5580248600920766e-10,18,0.7465083929728715,30,-8.26845976757568e-05,0.010506533106787778
75,-3.5580248600920766e-10,18,0.7465083929728715,31,-1.1142439304310187e-05,1.2047130042973337
75,-3.5580248600920766e-10,18,0.7465083929728715,32,-2.6670904387816383e-05,0.6907445792588347
75,-3.5580248600920766e-10,18,0.7465083929728715,33,3.01129739788161e-06,5.190627116806908
75,-3.5580248600920766e-10,18,0.7465083929728715,34,-2.428456573389576e-05,0.41771045423895103
75,-3.5580248600920766e-10,18,0.7465083929728715,35,-2.7006371344369722e-05,1.4717850992755033
75,-3.5580248600920766e-10,18,0.7465083929728715,36,-5.10233167681787e-05,0.060947794835515
75,-3.5580248600920766e-10,18,0.7465083929728715,37,-0.00018263703740907424,0.0011557883767037602
75,-3.5580248600920766e-10,18,0.7465083929728715,38,1.8026857384412166e-06,2.276719336187275
75,-3.5580248600920766e-10,18,0.7465083929728715,39,1.776085837439319e-05,0.7744892481309872
75,-3.5580248600920766e-10,18,0.7465083929728715,40,-1.6619921534376353e-05,0.7437208828851705
75,-3.5580248600920766e-10,18,0.7465083929728715,41,2.037486840223494e-06,3.603892300855241
75,-3.5580248600920766e-10,18,0.7465083929728715,42,-8.00845327867751e-05,0.07026158001405061
75,-3.5580248600920766e-10,18,0.7465083929728715,43,-0.0001419013216379576,0.0045758360085925
75,-3.5580248600920766e-10,18,0.7465083929728715,44,1.928098393253672e-05,1.2465994018068156
75,-3.5580248600920766e-10,18,0.7465083929728715,45,1.4783072199333157e-05,1.6942781306302954
75,-3.5580248600920766e-10,18,0.7465083929728715,46,-9.430872942687824e-06,0.07771349564468139
75,-3.5580248600920766e-10,18,0.7465083929728715,47,-5.135671755484516e-06,0.6051233148936971
75,-3.5580248600920766e-10,18,0.7465083929728715,48,2.710749069743915e-06,4.595831483007333
75,-3.5580248600920766e-10,18,0.7465083929728715,49,6.710733726886539e-06,3.448538860079878
75,-3.5580248600920766e-10,18,0.7465083929728715,50,-0.0001988317722167202,0.0014668689757864027
75,-3.5580248600920766e-10,18,0.7465083929728715,51,-4.092355787990725e-06,0.5596814017845303
75,-3.5580248600920766e-10,18,0.7465083929728715,52,-2.3431974861566512e-05,0.18581599728498657
75,-3.5580248600920766e-10,18,0.7465083929728715,53,-3.847404369781622e-05,0.38748431226022395
75,-3.5580248600920766e-10,18,0.7465083929728715,54,-0.00010876365026416843,0.03568887235614621
75,-3.5580248600920766e-10,18,0.7465083929728715,55,1.3583188199728893e-05,0.47815779325279933
75,-3.5580248600920766e-10,18,0.7465083929728715,56,-2.6070435209570584e-05,0.47424284214772716
75,-3.5580248600920766e-10,18,0.7465083929728715,57,-0.0002422376190898643,0.00015625820629828395
75,-3.5580248600920766e-10,18,0.7465083929728715,58,-5.770415884196263e-05,0.0578983352863879
75,-3.5580248600920766e-10,18,0.7465083929728715,59,-9.622860021975195e-06,1.3602709295016502
75,-3.5580248600920766e-10,18,0.7465083929728715,60,-6.943845733561738e-06,2.2370821681268978
75,-3.5580248600920766e-10,18,0.7465083929728715,61,3.601059048380451e-06,1.2542565629646354
75,-3.5580248600920766e-10,18,0.7465083929728715,62,-1.0999863184676096e-05,0.39815383024650836
75,-3.5580248600920766e-10,18,0.7465083929728715,63,8.668006542356018e-06,4.681994226528039
75,-3.5580248600920766e-10,18,0.7465083929728715,64,-8.240185427880567e-08,3.4411469532219936
75,-3.5580248600920766e-10,18,0.7465083929728715,65,1.1372629769626514e-05,3.2205458030207743
75,-3.5580248600920766e-10,18,0.7465083929728715,66,-5.437647358008192e-07,3.6133034851111065
75,-3.5580248600920766e-10,18,0.7465083929728715,67,3.1040552623076222e-06,2.471790048963517
75,-3.5580248600920766e-10,18,0.7465083929728715,68,4.013269422333758e-06,0.8613348057313505
75,-3.5580248600920766e-10,18,0.7465083929728715,69,-2.1952009095394545e-05,0.7097753559734405
75,-3.5580248600920766e-10,18,0.7465083929728715,70,-5.868689150213626e-06,2.9751091930879854
75,-3.5580248600920766e-10,18,0.7465083929728715,71,4.140176758291839e-06,0.892470740137652
75,-3.5580248600920766e-10,18,0.7465083929728715,72,3.233658173817002e-06,1.8182338754695013
75,-3.5580248600920766e-10,18,0.7465083929728715,73,-8.302109675572962e-07,3.1712832743927235
75,-3.5580248600920766e-10,18,0.7465083929728715,74,-6.646678286191734e-05,0.1372545409331263
75,-3.5580248600920766e-10,18,0.7465083929728715,75,1.1366642463632342e-05,0.5796844616454431
75,-3.5580248600920766e-10,18,0.7465083929728715,76,-1.3599240919550046e-05,0.7802583990755966
75,-3.5580248600920766e-10,18,0.7465083929728715,77,-6.245191682255939e-05,0.25504526650505227
75,-3.5580248600920766e-10,18,0.7465083929728715,78,-6.894889015338384e-05,0.4180739811464724
75,-3.5580248600920766e-10,18,0.7465083929728715,79,-3.195437943284307e-05,0.1931157180905871
75,-3.5580248600920766e-10,18,0.7465083929728715,80,-3.286259100724593e-05,0.3465877622563765
75,-3.5580248600920766e-10,18,0.7465083929728715,81,-1.849203798724035e-05,0.35752079095950867
75,-3.5580248600920766e-10,18,0.7465083929728715,82,7.835379247601483e-06,1.0556869360102241
75,-3.5580248600920766e-10,18,0.7465083929728715,83,3.578900277818493e-06,3.7186630239147793
75,-3.5580248600920766e-10,18,0.7465083929728715,84,4.582813654131404e-06,3.7528576326882885
75,-3.5580248600920766e-10,18,0.7465083929728715,85,-5.4705823786668484e-05,0.152976216300437
75,-3.5580248600920766e-10,18,0.7465083929728715,86,4.0692553137212606e-06,6.241853171928452
75,-3.5580248600920766e-10,18,0.7465083929728715,87,-4.9963794543852453e-05,0.021642337112316425
75,-3.5580248600920766e-10,18,0.7465083929728715,88,9.989913387766718e-06,3.585750724481741
75,-3.5580248600920766e-10,18,0.7465083929728715,89,-3.9732239875307206e-06,1.6869085177615857
75,-3.5580248600920766e-10,18,0.7465083929728715,90,-2.4858119557358362e-05,0.4450794069279071
75,-3.5580248600920766e-10,18,0.7465083929728715,91,-2.341553757652615e-05,0.5642679238534585
75,-3.5580248600920766e-10,18,0.7465083929728715,92,3.3687782760949344e-06,4.186689224905972
75,-3.5580248600920766e-10,18,0.7465083929728715,93,3.807105056401497e-06,1.9755129265852622
75,-3.5580248600920766e-10,18,0.7465083929728715,94,-7.696620101401692e-05,0.009779505913504963
75,-3.5580248600920766e-10,18,0.7465083929728715,95,-8.92503130421813e-06,2.303396896236568
75,-3.5580248600920766e-10,18,0.7465083929728715,96,4.351787751630598e-06,3.781865602810269
75,-3.5580248600920766e-10,18,0.7465083929728715,97,-4.769183306430045e-05,0.23966273019907292
75,-3.5580248600920766e-10,18,0.7465083929728715,98,3.920322553629461e-06,2.4720641367790073
75,-3.5580248600920766e-10,18,0.7465083929728715,99,-7.276503157839319e-06,1.0580011392968078
75,-3.5580248600920766e-10,18,0.7465083929728715,100,1.7783407153441478e-05,1.1090628010574037
76,-2.8360835077008386e-10,28,0.7476918782938755,1,-5.629629952979544e-06,1.9729591284608814
76,-2.8360835077008386e-10,28,0.7476918782938755,2,-0.00010135474041396308,0.11633902675244842
76,-2.8360835077008386e-10,28,0.7476918782938755,3,-1.5166120260656995e-06,1.462763925180306
76,-2.8360835077008386e-10,28,0.7476918782938755,4,2.203890625816318e-06,2.5202025041398977
76,-2.8360835077008386e-10,28,0.7476918782938755,5,-8.81084190440521e-06,0.41538134795478876
76,-2.8360835077008386e-10,28,0.7476918782938755,6,-1.7910312534278208e-05,0.04920410610543023
76,-2.8360835077008386e-10,28,0.7476918782938755,7,-2.9060447191788272e-05,0.6193655831414313
76,-2.8360835077008386e-10,28,0.7476918782938755,8,-0.00011711379454011044,0.005886826202025853
76,-2.8360835077008386e-10,28,0.7476918782938755,9,-5.692572694734304e-05,0.09604895142245463
76,-2.8360835077008386e-10,28,0.7476918782938755,10,-2.316992384371081e-05,0.8808062480159747
76,-2.8360835077008386e-10,28,0.7476918782938755,11,5.567166960151557e-06,1.0413875498775873
76,-2.8360835077008386e-10,28,0.7476918782938755,12,4.12647012354725e-06,1.9840529957013735
76,-2.8360835077008386e-10,28,0.7476918782938755,13,-1.0831900117874925e-05,1.0194968045021124
76,-2.8360835077008386e-10,28,0.7476918782938755,14,1.1144863331541805e-06,4.121034200881858
76,-2.8360835077008386e-10,28,0.7476918782938755,15,-0.00011564340353368905,0.03478829177505029
76,-2.8360835077008386e-10,28,0.7476918782938755,16,7.70601721375787e-06,5.326459067916935
76,-2.8360835077008386e-10,28,0.7476918782938755,17,1.1671315212656678e-05,1.2514295453034538
76,-2.8360835077008386e-10,28,0.7476918782938755,18,2.41354890991577e-06,2.157804686777907
76,-2.8360835077008386e-10,28,0.7476918782938755,19,-9.78249440780343e-06,1.037685655462793
76,-2.8360835077008386e-10,28,0.7476918782938755,20,-2.9185172926063648e-06,5.490018994769595
76,-2.8360835077008386e-10,28,0.7476918782938755,21,6.27284852520762e-06,2.776831354143745
76,-2.8360835077008386e-10,28,0.7476918782938755,22,-7.847667411406168e-07,3.237651482259903
76,-2.8360835077008386e-10,28,0.7476918782938755,23,2.4638074267177995e-06,3.4408784883042696
76,-2.8360835077008386e-10,28,0.7476918782938755,24,4.204171206114764e-06,2.330642392252449
76,-2.8360835077008386e-10,28,0.7476918782938755,25,-0.00010391267993050712,0.006343611479913958
76,-2.8360835077008386e-10,28,0.7476918782938755,26,-4.361174478464995e-06,1.3835009558492146
76,-2.8360835077008386e-10,28,0.7476918782938755,27,4.548532040640836e-06,1.3011838079213727
76,-2.8360835077008386e-10,28,0.7476918782938755,28,4.031014466635369e-06,3.331188597356382
76,-2.8360835077008386e-10,28,0.7476918782938755,29,3.2114065455768656e-06,6.7900893517255305
76,-2.8360835077008386e-10,28,0.7476918782938755,30,-8.03247658975488e-05,0.16961716718917796
76,-2.8360835077008386e-10,28,0.7476918782938755,31,-5.6600382633663246e-05,0.03986830444004492
76,-2.8360835077008386e-10,28,0.7476918782938755,32,-0.00012079673922161561,0.018941084899673707
76,-2.8360835077008386e-10,28,0.7476918782938755,33,-0.000166093420406306,0.0003104653157359322
76,-2.8360835077008386e-10,28,0.7476918782938755,34,-7.534371634125039e-06,2.119665428790234
76,-2.8360835077008386e-10,28,0.7476918782938755,35,-5.706992480843626e-07,2.7930082312463322
76,-2.8360835077008386e-10,28,0.7476918782938755,36,-5.689027186256965e-06,0.6718199038302383
76,-2.8360835077008386e-10,28,0.7476918782938755,37,9.742966233360855e-06,1.9307967337465968
76,-2.8360835077008386e-10,28,0.7476918782938755,38,1.2283039101656384e-05,1.926450301336911
76,-2.8360835077008386e-10,28,0.7476918782938755,39,2.5364245151505072e-06,3.663558164790028
76,-2.8360835077008386e-10,28,0.7476918782938755,40,1.1765731717649636e-06,1.9220416566210614
76,-2.8360835077008386e-10,28,0.7476918782938755,41,-6.714516140436786e-08,1.3815543409960287
76,-2.8360835077008386e-10,28,0.7476918782938755,42,2.166809072593389e-07,1.4319543763551552
76,-2.8360835077008386e-10,28,0.7476918782938755,43,-1.0549512344107326e-06,0.39641662926625165
76,-2.8360835077008386e-10,28,0.7476918782938755,44,6.563829708414227e-06,2.6002159128474824
76,-2.8360835077008386e-10,28,0.7476918782938755,45,1.4181268791678383e-06,0.7065171759619704
76,-2.8360835077008386e-10,28,0.7476918782938755,46,-4.387082704318792e-05,0.14203507240926905
76,-2.8360835077008386e-10,28,0.7476918782938755,47,-2.9860970642413046e-05,0.3841563328239435
76,-2.8360835077008386e-10,28,0.7476918782938755,48,-0.00011442609208088985,0.01469363551449393
76,-2.8360835077008386e-10,28,0.7476918782938755,49,1.2071445116312302e-05,2.5170361473745775
76,-2.8360835077008386e-10,28,0.7476918782938755,50,-5.064989732727693e-06,0.7205451314787188
76,-2.8360835077008386e-10,28,0.7476918782938755,51,-9.476759420326171e-06,1.7467741960467364
76,-2.8360835077008386e-10,28,0.7476918782938755,52,-1.2571813935299262e-06,1.0270863476637344
76,-2.8360835077008386e-10,28,0.7476918782938755,53,1.1439633960051171e-05,1.5043494044814225
76,-2.8360835077008386e-10,28,0.7476918782938755,54,5.146961990334512e-07,0.8737721826996491
76,-2.8360835077008386e-10,28,0.7476918782938755,55,4.902992521036806e-06,2.330631647639867
76,-2.8360835077008386e-10,28,0.7476918782938755,56,-3.3646366671911824e-05,0.3611273578627054
76,-2.8360835077008386e-10,28,0.7476918782938755,57,-3.955858926449545e-06,1.9717266235092934
76,-2.8360835077008386e-10,28,0.7476918782938755,58,-6.805464759151364e-06,1.7979540219240897
76,-2.8360835077008386e-10,28,0.7476918782938755,59,-0.0001809609781603607,0.001090490882980526
76,-2.8360835077008386e-10,28,0.7476918782938755,60,-4.524286316812143e-06,1.492506214463223
76,-2.8360835077008386e-10,28,0.7476918782938755,61,4.09867569856075e-06,1.618966935062219
76,-2.8360835077008386e-10,28,0.7476918782938755,62,-1.0928843630656992e-05,0.93039899459399
76,-2.8360835077008386e-10,28,0.7476918782938755,63,1.944943995887883e-06,3.6045976021475408
76,-2.8360835077008386e-10,28,0.7476918782938755,64,-0.00011894549253381365,0.019485361982289246
76,-2.8360835077008386e-10,28,0.7476918782938755,65,-0.0001431537091704852,0.0031090172873825157
76,-2.8360835077008386e-10,28,0.7476918782938755,66,-0.00019155966411300653,0.002967551073284639
76,-2.8360835077008386e-10,28,0.7476918782938755,67,5.351413181129563e-07,2.4886042157238246
76,-2.8360835077008386e-10,28,0.7476918782938755,68,-0.00015723532895779921,0.003576777136205888
76,-2.8360835077008386e-10,28,0.7476918782938755,69,1.018077977791254e-05,1.7740583653944713
76,-2.8360835077008386e-10,28,0.7476918782938755,70,-4.991829205229433e-05,0.15529053875395216
76,-2.8360835077008386e-10,28,0.7476918782938755,71,-5.235177605098135e-05,0.14087628418419532
76,-2.8360835077008386e-10,28,0.7476918782938755,72,-9.673692539910813e-06,1.0304199018417108
76,-2.8360835077008386e-10,28,0.7476918782938755,73,4.65217971885441e-06,1.8545210569456254
76,-2.8360835077008386e-10,28,0.7476918782938755,74,-4.594100575779769e-06,1.2270858243265292
76,-2.8360835077008386e-10,28,0.7476918782938755,75,-8.54427409583185e-05,0.02633927112084701
76,-2.8360835077008386e-10,28,0.7476918782938755,76,-0.00013434841250748011,0.003843908096641114
76,-2.8360835077008386e-10,28,0.7476918782938755,77,-6.207111120417903e-06,1.4701851048774637
76,-2.8360835077008386e-10,28,0.7476918782938755,78,1.0994631305816007e-05,1.8010116301679002
76,-2.8360835077008386e-10,28,0.7476918782938755,79,4.682241206556106e-06,1.9474637757935336
76,-2.8360835077008386e-10,28,0.7476918782938755,80,-4.549266896302938e-06,0.4730321614532886
76,-2.8360835077008386e-10,28,0.7476918782938755,81,4.370284819900952e-06,3.3710773599113995
76,-2.8360835077008386e-10,28,0.7476918782938755,82,3.2519054114891e-06,0.6132268756512671
76,-2.8360835077008386e-10,28,0.7476918782938755,83,8.313633107310282e-06,3.381848717324841
76,-2.8360835077008386e-10,28,0.7476918782938755,84,-1.2291833044472154e-05,3.207175733935028
76,-2.8360835077008386e-10,28,0.7476918782938755,85,-4.495919882426898e-05,0.1438682565076547
76,-2.8360835077008386e-10,28,0.7476918782938755,86,-1.3818732958673985e-05,0.31207231340423286
76,-2.8360835077008386e-10,28,0.7476918782938755,87,-3.022165434949909e-07,1.4215081281218034
76,-2.8360835077008386e-10,28,0.7476918782938755,88,-0.00010990799445981723,0.018169131738143784
76,-2.8360835077008386e-10,28,0.7476918782938755,89,-4.1871066279854226e-07,0.32021709643454976
76,-2.8360835077008386e-10,28,0.7476918782938755,90,-5.54481515371815e-06,2.4851679591648717
76,-2.8360835077008386e-10,28,0.7476918782938755,91,9.568663061149672e-07,5.901324535006544
76,-2.8360835077008386e-10,28,0.7476918782938755,92,-3.850174432134186e-05,0.5598440757713057
76,-2.8360835077008386e-10,28,0.7476918782938755,93,4.962880854168432e-06,0.9664662648199649
76,-2.8360835077008386e-10,28,0.7476918782938755,94,4.43370354357621e-06,3.9246340016959476
76,-2.8360835077008386e-10,28,0.7476918782938755,95,-1.9817720048841397e-05,0.14523741484187966
76,-2.8360835077008386e-10,28,0.7476918782938755,96,-8.939174700632442e-05,0.010250637081918364
76,-2.8360835077008386e-10,28,0.7476918782938755,97,-6.926455585196135e-05,0.13227870202410472
76,-2.8360835077008386e-10,28,0.7476918782938755,98,-4.023468633958753e-05,0.2932298067846553
76,-2.8360835077008386e-10,28,0.7476918782938755,99,-9.464445069553799e-06,0.6105669780161189
76,-2.8360835077008386e-10,28,0.7476918782938755,100,-2.9678297217608187e-05,0.49636681894403206
77,-2.6378023050109095e-10,5,0.7530512119716752,1,-6.432151673300966e-08,3.1451924133179685
77,-2.6378023050109095e-10,5,0.7530512119716752,2,-0.00012106616375339264,0.014374583182922463
77,-2.6378023050109095e-10,5,0.7530512119716752,3,3.957328938221055e-06,0.7425486631752468
77,-2.6378023050109095e-10,5,0.7530512119716752,4,-7.391236909025905e-05,0.2890408561023284
77,-2.6378023050109095e-10,5,0.7530512119716752,5,-0.00011329654472235302,0.08202820227220574
77,-2.6378023050109095e-10,5,0.7530512119716752,6,3.5149445447925465e-06,9.141032899688486
77,-2.6378023050109095e-10,5,0.7530512119716752,7,2.849461912533397e-06,1.995056156550884
77,-2.6378023050109095e-10,5,0.7530512119716752,8,-0.0005945774532751337,-5.046836963669081e-10
77,-2.6378023050109095e-10,5,0.7530512119716752,9,8.968548645602519e-06,2.0195050529392176
77,-2.6378023050109095e-10,5,0.7530512119716752,10,-1.1026779309006103e-05,1.0918492859005664
77,-2.6378023050109095e-10,5,0.7530512119716752,11,-8.414988201605294e-06,2.4003728614166246
77,-2.6378023050109095e-10,5,0.7530512119716752,12,-7.012686874936609e-05,0.003440099625786156
77,-2.6378023050109095e-10,5,0.7530512119716752,13,6.4661983845205594e-06,1.9318829484305777
77,-2.6378023050109095e-10,5,0.7530512119716752,14,-0.00024905058014581296,0.0062340456694564075
77,-2.6378023050109095e-10,5,0.7530512119716752,15,-3.962795545678225e-05,0.7033887329708081
77,-2.6378023050109095e-10,5,0.7530512119716752,16,-9.258644031479842e-06,1.2009220611844682
77,-2.6378023050109095e-10,5,0.7530512119716752,17,-0.0002360091808408062,0.0019102525137938851
77,-2.6378023050109095e-10,5,0.7530512119716752,18,-3.168275912631993e-06,3.8374465368244373
77,-2.6378023050109095e-10,5,0.7530512119716752,19,-9.101016834132834e-05,0.07575643431337134
77,-2.6378023050109095e-10,5,0.7530512119716752,20,-0.0001363328782376833,0.01615231327327699
77,-2.6378023050109095e-10,5,0.7530512119716752,21,2.11469865298648e-06,2.731979003564545
77,-2.6378023050109095e-10,5,0.7530512119716752,22,-0.00011891213549928833,0.0751981912964582
77,-2.6378023050109095e-10,5,0.7530512119716752,23,-0.00016963756702320648,0.003180420200337281
77,-2.6378023050109095e-10,5,0.7530512119716752,24,3.1157623408543357e-06,8.123929802928117
77,-2.6378023050109095e-10,5,0.7530512119716752,25,-3.9169524964585085e-05,0.3821826817043134
77,-2.6378023050109095e-10,5,0.7530512119716752,26,3.954530771995823e-06,0.6659516098500334
77,-2.6378023050109095e-10,5,0.7530512119716752,27,-0.0001245150707446985,0.061887854227216245
77,-2.6378023050109095e-10,5,0.7530512119716752,28,8.788688202714935e-06,2.104474074422313
77,-2.6378023050109095e-10,5,0.7530512119716752,29,-5.713338991477631e-05,0.10365864734891739
77,-2.6378023050109095e-10,5,0.7530512119716752,30,-0.00013680974215605034,0.014490707997051124
77,-2.6378023050109095e-10,5,0.7530512119716752,31,7.393885751320928e-06,3.5590729866317794
77,-2.6378023050109095e-10,5,0.7530512119716752,32,-0.00012084567903348844,0.035905095738752835
77,-2.6378023050109095e-10,5,0.7530512119716752,33,-0.00010118443931852402,0.0618890484073588
77,-2.6378023050109095e-10,5,0.7530512119716752,34,-0.00011754695876112812,0.0819588970611961
77,-2.6378023050109095e-10,5,0.7530512119716752,35,-7.606818177005134e-08,2.9435521535698363
77,-2.6378023050109095e-10,5,0.7530512119716752,36,-9.170968760888576e-05,0.0663423017727974
77,-2.6378023050109095e-10,5,0.7530512119716752,37,9.742227228225878e-07,3.7897447304633163
77,-2.6378023050109095e-10,5,0.7530512119716752,38,-4.8987972439235795e-05,0.8059060457993771
77,-2.6378023050109095e-10,5,0.7530512119716752,39,5.545254411443959e-06,3.170260975898312
77,-2.6378023050109095e-10,5,0.7530512119716752,40,-7.579036509495515e-06,1.4076478173620508
77,-2.6378023050109095e-10,5,0.7530512119716752,41,-1.0501102366334425e-05,1.4815608251400738
77,-2.6378023050109095e-10,5,0.7530512119716752,42,-0.0002997003177447631,3.707248947055759e-05
77,-2.6378023050109095e-10,5,0.7530512119716752,43,6.092246311869817e-05,0.4276121631935979
77,-2.6378023050109095e-10,5,0.7530512119716752,44,-0.0004434425127736062,3.2166167881056497e-06
77,-2.6378023050109095e-10,5,0.7530512119716752,45,-5.7793922929673814e-05,0.09978906480887524
77,-2.6378023050109095e-10,5,0.7530512119716752,46,-1.408456921910081e-05,0.21048968462434967
77,-2.6378023050109095e-10,5,0.7530512119716752,47,-0.00019003977486511465,0.02674881309216623
77,-2.6378023050109095e-10,5,0.7530512119716752,48,-3.7341260043331968e-06,0.7025389780751121
77,-2.6378023050109095e-10,5,0.7530512119716752,49,-0.00010720580665444093,0.016906803659568488
77,-2.6378023050109095e-10,5,0.7530512119716752,50,-2.789141054166878e-05,0.5413058874874654
77,-2.6378023050109095e-10,5,0.7530512119716752,51,-0.00028753112972043296,0.0010607516624170298
77,-2.6378023050109095e-10,5,0.7530512119716752,52,-3.8985379076650936e-05,0.1805911669765315
77,-2.6378023050109095e-10,5,0.7530512119716752,53,3.689419583270387e-06,0.5496861368276987
77,-2.6378023050109095e-10,5,0.7530512119716752,54,-5.2387565918653185e-05,0.3213798845359856
77,-2.6378023050109095e-10,5,0.7530512119716752,55,7.926941859241944e-06,3.378019453279173
77,-2.6378023050109095e-10,5,0.7530512119716752,56,5.315044053390716e-06,3.4238673251777243
77,-2.6378023050109095e-10,5,0.7530512119716752,57,-0.00017307500781660434,0.010623142528468632
77,-2.6378023050109095e-10,5,0.7530512119716752,58,4.312643930071093e-06,0.37287225246646555
77,-2.6378023050109095e-10,5,0.7530512119716752,59,-8.175908098553905e-05,0.0776487146625581
77,-2.6378023050109095e-10,5,0.7530512119716752,60,-4.721895537297483e-06,1.7796848662419416
77,-2.6378023050109095e-10,5,0.7530512119716752,61,-0.00016196154203624452,0.00385358237700113
77,-2.6378023050109095e-10,5,0.7530512119716752,62,-5.031006814890645e-05,0.6616876168766003
77,-2.6378023050109095e-10,5,0.7530512119716752,63,-0.00012528597549034382,0.00394006918182497
77,-2.6378023050109095e-10,5,0.7530512119716752,64,-2.215199354057942e-06,4.744674595575162
77,-2.6378023050109095e-10,5,0.7530512119716752,65,4.169068835690779e-06,4.923414437374078
77,-2.6378023050109095e-10,5,0.7530512119716752,66,1.1217722295638088e-05,2.7519411661640247
77,-2.6378023050109095e-10,5,0.7530512119716752,67,-0.000159806153804994,0.012762485683591715
77,-2.6378023050109095e-10,5,0.7530512119716752,68,-0.00012120073550043678,0.0013352860860080596
77,-2.6378023050109095e-10,5,0.7530512119716752,69,-1.7843755063616068e-05,0.4679078753778599
77,-2.6378023050109095e-10,5,0.7530512119716752,70,1.3478397222965355e-05,1.842089914084357
77,-2.6378023050109095e-10,5,0.7530512119716752,71,-0.00028511210285231734,0.0019028531069684856
77,-2.6378023050109095e-10,5,0.7530512119716752,72,2.3720851628285052e-06,4.754545884095246
77,-2.6378023050109095e-10,5,0.7530512119716752,73,-0.00015222810696407637,0.006670193331957169
77,-2.6378023050109095e-10,5,0.7530512119716752,74,-0.00025029814939531186,0.00046906184901495296
77,-2.6378023050109095e-10,5,0.7530512119716752,75,-0.00019570255346463403,0.0005868366651229668
77,-2.6378023050109095e-10,5,0.7530512119716752,76,7.414552658838692e-07,0.6465957014378113
77,-2.6378023050109095e-10,5,0.7530512119716752,77,-4.2294165364339116e-05,0.2419944416549667
77,-2.6378023050109095e-10,5,0.7530512119716752,78,2.0894663032624264e-06,3.923030412298102
77,-2.6378023050109095e-10,5,0.7530512119716752,79,-5.69770685632296e-06,2.4770761265411942
77,-2.6378023050109095e-10,5,0.7530512119716752,80,-4.57935748328718e-06,1.9241071320898366
77,-2.6378023050109095e-10,5,0.7530512119716752,81,3.932869170334102e-06,4.6969548837832695
77,-2.6378023050109095e-10,5,0.7530512119716752,82,-0.00030710511334150145,0.00047513644111003167
77,-2.6378023050109095e-10,5,0.7530512119716752,83,4.170102820024233e-06,1.2059170439942521
77,-2.6378023050109095e-10,5,0.7530512119716752,84,-4.740554479673495e-06,2.257791529016187
77,-2.6378023050109095e-10,5,0.7530512119716752,85,2.857294653625253e-06,2.601762998875372
77,-2.6378023050109095e-10,5,0.7530512119716752,86,1.0535476865093394e-05,2.8198778409695615
77,-2.6378023050109095e-10,5,0.7530512119716752,87,-2.7668095178273297e-06,5.763318615005022
77,-2.6378023050109095e-10,5,0.7530512119716752,88,-2.2947140670340643e-05,0.04090205833947834
77,-2.6378023050109095e-10,5,0.7530512119716752,89,-0.00017278842861962444,0.0011534733878528086
77,-2.6378023050109095e-10,5,0.7530512119716752,90,7.505508997487722e-06,5.341595415428579
77,-2.6378023050109095e-10,5,0.7530512119716752,91,1.0118238025355535e-05,0.4073141245873482
77,-2.6378023050109095e-10,5,0.7530512119716752,92,5.0082669276987945e-06,3.2203543444666733
77,-2.6378023050109095e-10,5,0.7530512119716752,93,-0.0001139690836523364,0.0061080091858649955
77,-2.6378023050109095e-10,5,0.7530512119716752,94,-2.6973147056625994e-06,0.41625971180974475
77,-2.6378023050109095e-10,5,0.7530512119716752,95,-0.00037988458307861836,2.2283991419189874e-05
77,-2.6378023050109095e-10,5,0.7530512119716752,96,-3.841208836057591e-06,1.8180511686161298
77,-2.6378023050109095e-10,5,0.7530512119716752,97,3.764865081117525e-06,4.491254880829868
77,-2.6378023050109095e-10,5,0.7530512119716752,98,-2.472392894288748e-05,0.6756695311520233
77,-2.6378023050109095e-10,5,0.7530512119716752,99,1.7594246575982066e-07,6.082139306880167
77,-2.6378023050109095e-10,5,0.7530512119716752,100,-0.00014816254706702197,0.022706753123167892
78,-1.0211230269326418e-10,69,0.7479379277857992,1,-5.9042066219187145e-05,0.22274551135127957
78,-1.0211230269326418e-10,69,0.7479379277857992,2,-9.392396986149347e-05,0.03422582563919106
78,-1.0211230269326418e-10,69,0.7479379277857992,3,8.546848564979137e-06,4.784672014265694
78,-1.0211230269326418e-10,69,0.7479379277857992,4,3.6438202589463003e-06,4.18750184572832
78,-1.0211230269326418e-10,69,0.7479379277857992,5,-3.237518546972082e-05,0.377149755437788
78,-1.0211230269326418e-10,69,0.7479379277857992,6,-6.864444575788633e-05,0.20706418251756664
78,-1.0211230269326418e-10,69,0.7479379277857992,7,-9.618591424087947e-05,0.09383537469546407
78,-1.0211230269326418e-10,69,0.7479379277857992,8,-8.403471521780725e-05,0.23836119753352258
78,-1.0211230269326418e-10,69,0.7479379277857992,9,-4.139280103425173e-05,0.6957796359573728
78,-1.0211230269326418e-10,69,0.7479379277857992,10,-1.0980207857968295e-05,1.5053418506290686
78,-1.0211230269326418e-10,69,0.7479379277857992,11,3.6067760721285465e-06,3.0271126084998405
78,-1.0211230269326418e-10,69,0.7479379277857992,12,-7.461354421811259e-05,0.12068549640771307
78,-1.0211230269326418e-10,69,0.7479379277857992,13,-0.00019465823864951907,0.002840442226204954
78,-1.0211230269326418e-10,69,0.7479379277857992,14,-7.409039899745336e-06,1.307837994967084
78,-1.0211230269326418e-10,69,0.7479379277857992,15,-1.9187923282346653e-06,1.9798521736189665
78,-1.0211230269326418e-10,69,0.7479379277857992,16,-1.5808161893011175e-05,0.40977942204878764
78,-1.0211230269326418e-10,69,0.7479379277857992,17,6.372171013692887e-06,5.31121241589877
78,-1.0211230269326418e-10,69,0.7479379277857992,18,1.0153107784585266e-05,3.3730145225689845
78,-1.0211230269326418e-10,69,0.7479379277857992,19,-2.8996256923981467e-05,1.3505857377671175
78,-1.0211230269326418e-10,69,0.7479379277857992,20,-0.00016764719831506442,0.0022689682508214215
78,-1.0211230269326418e-10,69,0.7479379277857992,21,1.210027880350028e-05,1.2713438291979389
78,-1.0211230269326418e-10,69,0.7479379277857992,22,-4.32028942109636e-06,3.3871970108507
78,-1.0211230269326418e-10,69,0.7479379277857992,23,-6.140430123810393e-06,1.0805854690380885
78,-1.0211230269326418e-10,69,0.7479379277857992,24,-0.00019736426166458846,0.0038105101478054008
78,-1.0211230269326418e-10,69,0.7479379277857992,25,-3.465324607911836e-06,1.686185418433777
78,-1.0211230269326418e-10,69,0.7479379277857992,26,4.300292039095508e-06,2.8659949094689434
78,-1.0211230269326418e-10,69,0.7479379277857992,27,8.879846597387557e-06,4.269789972872853
78,-1.0211230269326418e-10,69,0.7479379277857992,28,-1.8314691721568945e-05,0.5694922238021473
78,-1.0211230269326418e-10,69,0.7479379277857992,29,1.6840851747776755e-05,1.2441900045047143
78,-1.0211230269326418e-10,69,0.7479379277857992,30,8.06926062410733e-06,1.038821140436817
78,-1.0211230269326418e-10,69,0.7479379277857992,31,2.4317880386769184e-06,4.050473293606522
78,-1.0211230269326418e-10,69,0.7479379277857992,32,-7.488997220244665e-06,2.501009834598786
78,-1.0211230269326418e-10,69,0.7479379277857992,33,-3.9638521199003314e-07,1.5210300847727602
78,-1.0211230269326418e-10,69,0.7479379277857992,34,-6.09608992664346e-05,0.06943416176947993
78,-1.0211230269326418e-10,69,0.7479379277857992,35,-8.277661794129896e-06,0.7892214424208956
78,-1.0211230269326418e-10,69,0.7479379277857992,36,-0.00010287628743596894,0.032277429754689585
78,-1.0211230269326418e-10,69,0.7479379277857992,37,-8.182090016180493e-06,2.722576611790608
78,-1.0211230269326418e-10,69,0.7479379277857992,38,-8.260507655300508e-05,0.07992013233551504
78,-1.0211230269326418e-10,69,0.7479379277857992,39,4.224795349032439e-06,1.8163919774264796
78,-1.0211230269326418e-10,69,0.7479379277857992,40,-1.6421165643874574e-05,0.5397888657609868
78,-1.0211230269326418e-10,69,0.7479379277857992,41,-3.179098246050562e-05,0.30136070674138177
78,-1.0211230269326418e-10,69,0.7479379277857992,42,-0.00011835396528718583,0.10704186297418651
78,-1.0211230269326418e-10,69,0.7479379277857992,43,1.0719003153317622e-05,1.9214673881338846
78,-1.0211230269326418e-10,69,0.7479379277857992,44,1.5918237595539179e-06,1.557140037726386
78,-1.0211230269326418e-10,69,0.7479379277857992,45,-6.1663018273432776e-06,2.3812779029182973
78,-1.0211230269326418e-10,69,0.7479379277857992,46,-4.412988443424784e-06,1.7675655906547345
78,-1.0211230269326418e-10,69,0.7479379277857992,47,-6.153888893636678e-05,0.1988098397613565
78,-1.0211230269326418e-10,69,0.7479379277857992,48,6.12629965747244e-06,3.970463462039033
78,-1.0211230269326418e-10,69,0.7479379277857992,49,8.36507264607744e-06,2.102980585156583
78,-1.0211230269326418e-10,69,0.7479379277857992,50,-4.7980114930438686e-05,0.5013073373197063
78,-1.0211230269326418e-10,69,0.7479379277857992,51,-8.331899039648584e-07,2.549239878282032
78,-1.0211230269326418e-10,69,0.7479379277857992,52,-1.5082044909587197e-05,0.9976943263028358
78,-1.0211230269326418e-10,69,0.7479379277857992,53,-9.465113324070661e-05,0.054261969827645314
78,-1.0211230269326418e-10,69,0.7479379277857992,54,1.849373121049781e-05,0.6664341855010373
78,-1.0211230269326418e-10,69,0.7479379277857992,55,-8.998059424273674e-06,1.687222393465908
78,-1.0211230269326418e-10,69,0.7479379277857992,56,-1.6548039084627558e-05,0.9326443878935804
78,-1.0211230269326418e-10,69,0.7479379277857992,57,7.466916228934476e-06,1.8558138923861285
78,-1.0211230269326418e-10,69,0.7479379277857992,58,1.557452830916211e-05,1.4834743553589083
78,-1.0211230269326418e-10,69,0.7479379277857992,59,-0.00011207725125490725,0.02237397942344035
78,-1.0211230269326418e-10,69,0.7479379277857992,60,-1.5439411810927805e-05,0.6679988697120117
78,-1.0211230269326418e-10,69,0.7479379277857992,61,-1.16441733844109e-05,1.3332522972138388
78,-1.0211230269326418e-10,69,0.7479379277857992,62,-2.7947047491748403e-05,0.21670976347624632
78,-1.0211230269326418e-10,69,0.7479379277857992,63,6.822137726971161e-06,2.0385450163448118
78,-1.0211230269326418e-10,69,0.7479379277857992,64,1.7890941919575906e-06,1.0590389055600968
78,-1.0211230269326418e-10,69,0.7479379277857992,65,-0.00022755874691842825,0.0001241830910422833
78,-1.0211230269326418e-10,69,0.7479379277857992,66,-0.00013079464064620256,0.008094318230844846
78,-1.0211230269326418e-10,69,0.7479379277857992,67,7.111970230223259e-06,4.933650422003175
78,-1.0211230269326418e-10,69,0.7479379277857992,68,-0.00016523394978118096,0.002353697427670118
78,-1.0211230269326418e-10,69,0.7479379277857992,69,8.13341531048676e-06,2.91786750681049
78,-1.0211230269326418e-10,69,0.7479379277857992,70,4.371580499072926e-06,7.2668353864198965
78,-1.0211230269326418e-10,69,0.7479379277857992,71,-3.824117069602616e-06,2.0614458715882047
78,-1.0211230269326418e-10,69,0.7479379277857992,72,-1.2542852109865276e-05,0.5847439657840485
78,-1.0211230269326418e-10,69,0.7479379277857992,73,1.1053788387986457e-06,4.2563486387841385
78,-1.0211230269326418e-10,69,0.7479379277857992,74,3.919129081457467e-06,0.8254865606516459
78,-1.0211230269326418e-10,69,0.7479379277857992,75,-2.414917523184401e-05,0.7256389099887859
78,-1.0211230269326418e-10,69,0.7479379277857992,76,-4.776187711375552e-06,0.8574954709210275
78,-1.0211230269326418e-10,69,0.7479379277857992,77,-1.4276941568187879e-06,1.0942526314395562
78,-1.0211230269326418e-10,69,0.7479379277857992,78,-0.0002032864209052015,0.004322431975629097
78,-1.0211230269326418e-10,69,0.7479379277857992,79,-2.814857672330173e-05,0.4875214406957849
78,-1.0211230269326418e-10,69,0.7479379277857992,80,1.2948828922291452e-05,2.3577139892439107
78,-1.0211230269326418e-10,69,0.7479379277857992,81,1.1320505408927845e-05,3.247781206192364
78,-1.0211230269326418e-10,69,0.7479379277857992,82,-9.45517026513482e-08,3.706039370975383
78,-1.0211230269326418e-10,69,0.7479379277857992,83,-0.00011061549214184682,0.05504574853761985
78,-1.0211230269326418e-10,69,0.7479379277857992,84,-0.00014913357796572074,0.008782053469517917
78,-1.0211230269326418e-10,69,0.7479379277857992,85,5.397816122395916e-06,1.2363254142777234
78,-1.0211230269326418e-10,69,0.7479379277857992,86,-0.0002405400899564666,0.0001981946769348296
78,-1.0211230269326418e-10,69,0.7479379277857992,87,-8.98072576592166e-05,0.01970669719272316
78,-1.0211230269326418e-10,69,0.7479379277857992,88,5.597478798599606e-06,3.26254035149185
78,-1.0211230269326418e-10,69,0.7479379277857992,89,-1.2132084507844016e-05,0.6981095850544375
78,-1.0211230269326418e-10,69,0.7479379277857992,90,-2.7297083136440084e-05,0.0974821812318009
78,-1.0211230269326418e-10,69,0.7479379277857992,91,-2.135893686043267e-05,0.5312781896103507
78,-1.0211230269326418e-10,69,0.7479379277857992,92,-2.9449437967553583e-05,0.1670077596234068
78,-1.0211230269326418e-10,69,0.7479379277857992,93,1.7964666157818542e-06,3.0766922284352067
78,-1.0211230269326418e-10,69,0.7479379277857992,94,-1.1004274355196171e-05,1.020612116914226
78,-1.0211230269326418e-10,69,0.7479379277857992,95,-8.983809614434271e-05,0.0517433271743222
78,-1.0211230269326418e-10,69,0.7479379277857992,96,-0.00019082635557333944,0.0007137456549192398
78,-1.0211230269326418e-10,69,0.7479379277857992,97,-7.957036175812932e-05,0.052863782758173196
78,-1.0211230269326418e-10,69,0.7479379277857992,98,1.1168861778891735e-06,4.437961161234566
78,-1.0211230269326418e-10,69,0.7479379277857992,99,-0.00010544734539893302,0.03480556237796418
78,-1.0211230269326418e-10,69,0.7479379277857992,100,1.5654241826059912e-07,2.514917700628848
79,6.772783519487635e-10,94,0.7552596762332094,1,9.806694926189747e-07,1.5165753799969752
79,6.772783519487635e-10,94,0.7552596762332094,2,-1.0792836151832595e-05,0.8560688794475866
79,6.772783519487635e-10,94,0.7552596762332094,3,3.1902850817071084e-06,3.6426136995990466
79,6.772783519487635e-10,94,0.7552596762332094,4,3.4107093231042243e-06,1.5077424812692524
79,6.772783519487635e-10,94,0.7552596762332094,5,-4.198103573986026e-07,1.0717087871196902
79,6.772783519487635e-10,94,0.7552596762332094,6,-6.362363834331563e-06,1.4211526701063455
79,6.772783519487635e-10,94,0.7552596762332094,7,-2.696797078672826e-06,0.7531904747088054
79,6.772783519487635e-10,94,0.7552596762332094,8,-2.4343609774888877e-07,1.4882513280309837
79,6.772783519487635e-10,94,0.7552596762332094,9,-2.5374988405977607e-05,0.37003059358507523
79,6.772783519487635e-10,94,0.7552596762332094,10,-8.74756815567702e-06,1.0843072574179329
79,6.772783519487635e-10,94,0.7552596762332094,11,-4.5940943996336955e-05,0.04000532330920894
79,6.772783519487635e-10,94,0.7552596762332094,12,-7.42920290599674e-05,0.14814222861022508
79,6.772783519487635e-10,94,0.7552596762332094,13,-3.017082600289949e-07,5.799044384818206
79,6.772783519487635e-10,94,0.7552596762332094,14,-3.6457477287132416e-06,3.8297602606135004
79,6.772783519487635e-10,94,0.7552596762332094,15,5.255684796076905e-06,1.3990452834717997
79,6.772783519487635e-10,94,0.7552596762332094,16,-7.981331637989439e-05,0.04829777128153506
79,6.772783519487635e-10,94,0.7552596762332094,17,-2.6178416993674768e-05,0.16370416877633157
79,6.772783519487635e-10,94,0.7552596762332094,18,-1.981279772737341e-05,0.6093349899815466
79,6.772783519487635e-10,94,0.7552596762332094,19,-6.860724551869133e-05,0.04268337627668831
79,6.772783519487635e-10,94,0.7552596762332094,20,3.772380278053623e-06,6.626168067236502
79,6.772783519487635e-10,94,0.7552596762332094,21,-4.822651269867999e-06,1.8339285773611251
79,6.772783519487635e-10,94,0.7552596762332094,22,2.1780362199971165e-05,0.968113713121235
79,6.772783519487635e-10,94,0.7552596762332094,23,-3.9959997842205844e-07,0.8270664129727021
79,6.772783519487635e-10,94,0.7552596762332094,24,-3.4573935876088344e-06,0.7531979568067412
79,6.772783519487635e-10,94,0.7552596762332094,25,-2.801450578041207e-06,2.189205236162707
79,6.772783519487635e-10,94,0.7552596762332094,26,-3.461872713074474e-05,0.17986326070811218
79,6.772783519487635e-10,94,0.7552596762332094,27,-1.7570039395799316e-06,0.35048051715718
79,6.772783519487635e-10,94,0.7552596762332094,28,-4.383673924020279e-06,1.3022131151761702
79,6.772783519487635e-10,94,0.7552596762332094,29,6.702676299146045e-06,2.4419042522033156
79,6.772783519487635e-10,94,0.7552596762332094,30,9.820612805335807e-08,0.7406958852939083
79,6.772783519487635e-10,94,0.7552596762332094,31,-1.8295637496615616e-05,0.22559779487664003
79,6.772783519487635e-10,94,0.7552596762332094,32,-2.7408192829432024e-05,0.2820723341950299
79,6.772783519487635e-10,94,0.7552596762332094,33,-1.3771956590186336e-06,3.7279225681269064
79,6.772783519487635e-10,94,0.7552596762332094,34,8.08280059028218e-07,4.101841044295483
79,6.772783519487635e-10,94,0.7552596762332094,35,1.2626472699403294e-05,1.6233881329826567
79,6.772783519487635e-10,94,0.7552596762332094,36,-2.0937357922250614e-05,0.7405643653655818
79,6.772783519487635e-10,94,0.7552596762332094,37,-7.822951670004207e-06,1.1784811331078286
79,6.772783519487635e-10,94,0.7552596762332094,38,3.998157702931616e-07,2.816751005102807
79,6.772783519487635e-10,94,0.7552596762332094,39,-7.409266395802962e-05,0.043337877249543445
79,6.772783519487635e-10,94,0.7552596762332094,40,5.217179092940303e-06,0.700374460764741
79,6.772783519487635e-10,94,0.7552596762332094,41,-1.9156217436408137e-05,0.4548334750388584
79,6.772783519487635e-10,94,0.7552596762332094,42,2.7089109472189157e-06,7.408002685206657
79,6.772783519487635e-10,94,0.7552596762332094,43,-1.0475936465573671e-05,1.6063659737483094
79,6.772783519487635e-10,94,0.7552596762332094,44,-4.727489865139049e-05,0.05742626816547562
79,6.772783519487635e-10,94,0.7552596762332094,45,-6.617714634166466e-05,0.20326043135416358
79,6.772783519487635e-10,94,0.7552596762332094,46,-5.844579651327579e-07,1.6735002030756867
79,6.772783519487635e-10,94,0.7552596762332094,47,3.0931971552971407e-06,2.6334855134917743
79,6.772783519487635e-10,94,0.7552596762332094,48,-5.642072138827993e-05,0.16157131346545217
79,6.772783519487635e-10,94,0.7552596762332094,49,-1.749205538061427e-05,1.2390694947909222
79,6.772783519487635e-10,94,0.7552596762332094,50,-8.777834049459569e-06,0.40633437588035476
79,6.772783519487635e-10,94,0.7552596762332094,51,-3.6458722411382723e-06,1.470439580213258
79,6.772783519487635e-10,94,0.7552596762332094,52,1.4574566935338797e-06,0.5160081454083291
79,6.772783519487635e-10,94,0.7552596762332094,53,1.5494892390306969e-06,1.2997105684021737
79,6.772783519487635e-10,94,0.7552596762332094,54,1.160323323339622e-05,1.8671390422192347
79,6.772783519487635e-10,94,0.7552596762332094,55,-1.802203754443321e-05,0.257285249415221
79,6.772783519487635e-10,94,0.7552596762332094,56,6.400746303663887e-06,1.2470154148132626
79,6.772783519487635e-10,94,0.7552596762332094,57,-0.00010718145092648432,0.006008070403217577
79,6.772783519487635e-10,94,0.7552596762332094,58,-6.915994232253805e-05,0.09715168577239235
79,6.772783519487635e-10,94,0.7552596762332094,59,5.205524008790085e-06,1.9145395634195344
79,6.772783519487635e-10,94,0.7552596762332094,60,-3.923410571273467e-06,0.38770585071506336
79,6.772783519487635e-10,94,0.7552596762332094,61,-9.705608865380167e-05,0.03335970587476575
79,6.772783519487635e-10,94,0.7552596762332094,62,-5.973177130777864e-07,2.9990881388753485
79,6.772783519487635e-10,94,0.7552596762332094,63,-1.9055721740806015e-05,0.5248832155723397
79,6.772783519487635e-10,94,0.7552596762332094,64,-1.468889419073807e-06,2.064742048208634
79,6.772783519487635e-10,94,0.7552596762332094,65,-3.5534489064281657e-06,0.4977979710254152
79,6.772783519487635e-10,94,0.7552596762332094,66,4.754300332881731e-06,0.8669779377191243
79,6.772783519487635e-10,94,0.7552596762332094,67,2.951198883221279e-06,3.0069883553322136
79,6.772783519487635e-10,94,0.7552596762332094,68,1.1349225489394408e-05,0.9272192263683603
79,6.772783519487635e-10,94,0.7552596762332094,69,4.4061256354842224e-06,0.8675860344688959
79,6.772783519487635e-10,94,0.7552596762332094,70,-4.904671855811353e-07,2.0091796708386176
79,6.772783519487635e-10,94,0.7552596762332094,71,-3.8863893251457024e-05,0.09716818222269605
79,6.772783519487635e-10,94,0.7552596762332094,72,-2.542222961091261e-06,0.4098574939447643
79,6.772783519487635e-10,94,0.7552596762332094,73,5.246814482693521e-06,2.6820550546582718
79,6.772783519487635e-10,94,0.7552596762332094,74,-0.00011790502669554469,0.021082416201611942
79,6.772783519487635e-10,94,0.7552596762332094,75,5.133091530930103e-06,3.3792008684076493
79,6.772783519487635e-10,94,0.7552596762332094,76,-2.583294135499687e-05,0.0063457091188227075
79,6.772783519487635e-10,94,0.7552596762332094,77,1.113504269518218e-05,0.4931294703036199
79,6.772783519487635e-10,94,0.7552596762332094,78,1.3821195410834754e-06,1.4237335546234748
79,6.772783519487635e-10,94,0.7552596762332094,79,-1.991607871496884e-07,2.684376475019841
79,6.772783519487635e-10,94,0.7552596762332094,80,5.879135952446736e-06,2.4123448353788177
79,6.772783519487635e-10,94,0.7552596762332094,81,-9.516239397604154e-07,5.796328069990137
79,6.772783519487635e-10,94,0.7552596762332094,82,-5.087557602928382e-06,1.9306139343637883
79,6.772783519487635e-10,94,0.7552596762332094,83,7.415345658370884e-06,2.596105737769196
79,6.772783519487635e-10,94,0.7552596762332094,84,-3.804287585625887e-05,0.2742466904343415
79,6.772783519487635e-10,94,0.7552596762332094,85,4.885364027582142e-07,1.1194712712219457
79,6.772783519487635e-10,94,0.7552596762332094,86,-7.22616994355793e-05,0.015395176302729876
79,6.772783519487635e-10,94,0.7552596762332094,87,-3.185085252906848e-05,0.09606876839165766
79,6.772783519487635e-10,94,0.7552596762332094,88,-3.862150650280816e-05,0.1481742771515097
79,6.772783519487635e-10,94,0.7552596762332094,89,-4.919050585295239e-05,0.06207546116467456
79,6.772783519487635e-10,94,0.7552596762332094,90,-6.552914629567198e-05,0.22986160791918178
79,6.772783519487635e-10,94,0.7552596762332094,91,-4.183689980472394e-06,0.6963128414925706
79,6.772783519487635e-10,94,0.7552596762332094,92,-4.318967566181046e-05,0.11072845719242046
79,6.772783519487635e-10,94,0.7552596762332094,93,-9.546737591538918e-05,0.012187959041329839
79,6.772783519487635e-10,94,0.7552596762332094,94,-6.359998400835467e-06,2.042842089921795
79,6.772783519487635e-10,94,0.7552596762332094,95,4.015748218270975e-06,8.99493468397513
79,6.772783519487635e-10,94,0.7552596762332094,96,1.0483115556078033e-05,0.9722129438432253
79,6.772783519487635e-10,94,0.7552596762332094,97,-1.0758831041123541e-06,0.5055797344452061
79,6.772783519487635e-10,94,0.7552596762332094,98,-1.3496315070520588e-05,0.3505970329931573
79,6.772783519487635e-10,94,0.7552596762332094,99,1.2108670093135267e-05,3.385631103436356
79,6.772783519487635e-10,94,0.7552596762332094,100,-7.468093719443586e-07,2.6518452123400627
80,-3.688387226915378e-10,55,0.7502979278579541,1,-0.00021587700117084777,0.004038204649994396
80,-3.688387226915378e-10,55,0.7502979278579541,2,-0.00024450815376499265,0.000910228324644569
80,-3.688387226915378e-10,55,0.7502979278579541,3,2.390343682410375e-06,5.592854826022818
80,-3.688387226915378e-10,55,0.7502979278579541,4,-2.9605366166862217e-05,0.6294288643784052
80,-3.688387226915378e-10,55,0.7502979278579541,5,-0.00028414899484517604,0.0007042795664907055
80,-3.688387226915378e-10,55,0.7502979278579541,6,-0.00017086101064275067,0.01156555126719422
80,-3.688387226915378e-10,55,0.7502979278579541,7,-1.4826682965467156e-05,1.0496767138104464
80,-3.688387226915378e-10,55,0.7502979278579541,8,-8.032508009401981e-05,0.17669296461974188
80,-3.688387226915378e-10,55,0.7502979278579541,9,2.200693732348421e-06,1.4120131867575565
80,-3.688387226915378e-10,55,0.7502979278579541,10,-0.00023803439989072606,0.011866829020916956
80,-3.688387226915378e-10,55,0.7502979278579541,11,-0.0002916214884107701,0.0005256138916120085
80,-3.688387226915378e-10,55,0.7502979278579541,12,-1.102367919845864e-06,3.586450863429561
80,-3.688387226915378e-10,55,0.7502979278579541,13,-0.00012469192669739212,0.08853914253613654
80,-3.688387226915378e-10,55,0.7502979278579541,14,8.41871913791879e-06,2.660920297249377
80,-3.688387226915378e-10,55,0.7502979278579541,15,2.065177019365118e-05,1.3044748809445397
80,-3.688387226915378e-10,55,0.7502979278579541,16,-7.690126632134158e-06,1.3494250334819942
80,-3.688387226915378e-10,55,0.7502979278579541,17,-0.00037772796436317814,1.2181438418465124e-05
80,-3.688387226915378e-10,55,0.7502979278579541,18,-0.00010507094480966609,0.012590729631167426
80,-3.688387226915378e-10,55,0.7502979278579541,19,-0.00013899453032523664,0.0026494606801712754
80,-3.688387226915378e-10,55,0.7502979278579541,20,2.7175972719105e-06,2.75224298735178
80,-3.688387226915378e-10,55,0.7502979278579541,21,1.639332637311455e-05,2.4668541366111354
80,-3.688387226915378e-10,55,0.7502979278579541,22,-9.960924417431987e-05,0.18188711770195667
80,-3.688387226915378e-10,55,0.7502979278579541,23,-8.667392067911868e-05,0.09922198396845877
80,-3.688387226915378e-10,55,0.7502979278579541,24,-5.836024033372482e-05,0.08867763383361257
80,-3.688387226915378e-10,55,0.7502979278579541,25,-4.303588140224938e-06,3.5146336904065407
80,-3.688387226915378e-10,55,0.7502979278579541,26,-3.4468579053891193e-07,1.2037880512193806
80,-3.688387226915378e-10,55,0.7502979278579541,27,-5.2534641044237735e-05,0.21794966913601982
80,-3.688387226915378e-10,55,0.7502979278579541,28,-1.7159667168888918e-06,2.5704262572612695
80,-3.688387226915378e-10,55,0.7502979278579541,29,-8.101168779046708e-08,1.8571988845193104
80,-3.688387226915378e-10,55,0.7502979278579541,30,-0.0004131122486466199,1.741186908402133e-06
80,-3.688387226915378e-10,55,0.7502979278579541,31,-2.343517868663429e-06,4.048526741307302
80,-3.688387226915378e-10,55,0.7502979278579541,32,1.5841612468185005e-06,5.261533860609037
80,-3.688387226915378e-10,55,0.7502979278579541,33,1.2978081513203651e-06,4.800633975283388
80,-3.688387226915378e-10,55,0.7502979278579541,34,-0.00016027464902868165,0.029780319781648194
80,-3.688387226915378e-10,55,0.7502979278579541,35,6.881006721578831e-06,2.9240923444993916
80,-3.688387226915378e-10,55,0.7502979278579541,36,-9.254994452685243e-05,0.06500274794856216
80,-3.688387226915378e-10,55,0.7502979278579541,37,-0.00018376049514751716,0.011015912772030217
80,-3.688387226915378e-10,55,0.7502979278579541,38,2.1303856014192764e-06,2.7549390300362084
80,-3.688387226915378e-10,55,0.7502979278579541,39,6.888322742566846e-06,0.45559688514125424
80,-3.688387226915378e-10,55,0.7502979278579541,40,-2.6659144523647847e-05,0.7510679032915211
80,-3.688387226915378e-10,55,0.7502979278579541,41,-0.00028087760076548875,0.0014141868668230573
80,-3.688387226915378e-10,55,0.7502979278579541,42,-8.42716126535341e-05,0.04823555550798275
80,-3.688387226915378e-10,55,0.7502979278579541,43,-0.00021687829577004454,0.0015055275550380175
80,-3.688387226915378e-10,55,0.7502979278579541,44,5.109230489747309e-06,2.966069456003501
80,-3.688387226915378e-10,55,0.7502979278579541,45,1.3184889086278873e-06,2.7072373562495025
80,-3.688387226915378e-10,55,0.7502979278579541,46,-0.000114056603224988,0.11859927806671974
80,-3.688387226915378e-10,55,0.7502979278579541,47,2.3452159014959598e-05,1.13980055977316
80,-3.688387226915378e-10,55,0.7502979278579541,48,-0.00029062992352461365,0.00012101229481460945
80,-3.688387226915378e-10,55,0.7502979278579541,49,-3.6162370521601874e-06,1.8335608465758335
80,-3.688387226915378e-10,55,0.7502979278579541,50,-1.4551626925757981e-05,1.6199308454842547
80,-3.688387226915378e-10,55,0.7502979278579541,51,-4.696290782748926e-06,1.3845800379021662
80,-3.688387226915378e-10,55,0.7502979278579541,52,-0.00020140748799308994,0.006313704325981377
80,-3.688387226915378e-10,55,0.7502979278579541,53,-3.190470580933193e-05,0.6681303488625392
80,-3.688387226915378e-10,55,0.7502979278579541,54,-0.00011881447758271349,0.05037905695230358
80,-3.688387226915378e-10,55,0.7502979278579541,55,-7.46450770994939e-05,0.15963886820917658
80,-3.688387226915378e-10,55,0.7502979278579541,56,2.9149038402692555e-06,6.504960793279335
80,-3.688387226915378e-10,55,0.7502979278579541,57,7.370651330977906e-06,4.159664935479895
80,-3.688387226915378e-10,55,0.7502979278579541,58,-2.5804268414734594e-05,0.6647145993382252
80,-3.688387226915378e-10,55,0.7502979278579541,59,-0.0002822897347421783,0.000125195068891148
80,-3.688387226915378e-10,55,0.7502979278579541,60,1.440252211171354e-05,0.5547939075668643
80,-3.688387226915378e-10,55,0.7502979278579541,61,-0.0001956535681980636,0.0013708131665956273
80,-3.688387226915378e-10,55,0.7502979278579541,62,2.1211617256219039e-07,3.5238658528493265
80,-3.688387226915378e-10,55,0.7502979278579541,63,2.9005727217946366e-06,3.6240555048469183
80,-3.688387226915378e-10,55,0.7502979278579541,64,2.9211735033569543e-07,4.856359207087022
80,-3.688387226915378e-10,55,0.7502979278579541,65,-4.415882900845085e-06,1.5565254083394462
80,-3.688387226915378e-10,55,0.7502979278579541,66,-5.827012678056297e-05,0.20921118075295358
80,-3.688387226915378e-10,55,0.7502979278579541,67,-1.9453094016212363e-06,2.321803566363544
80,-3.688387226915378e-10,55,0.7502979278579541,68,-7.314365937767045e-08,1.5990895658305064
80,-3.688387226915378e-10,55,0.7502979278579541,69,7.37864224934841e-06,2.124413389374775
80,-3.688387226915378e-10,55,0.7502979278579541,70,-0.0002922379182889316,0.0008307744844914553
80,-3.688387226915378e-10,55,0.7502979278579541,71,6.217049565384024e-07,4.7864042697064075
80,-3.688387226915378e-10,55,0.7502979278579541,72,-1.498243291586541e-06,2.9877268904368606
80,-3.688387226915378e-10,55,0.7502979278579541,73,-3.4553421140993064e-06,1.4763486716578775
80,-3.688387226915378e-10,55,0.7502979278579541,74,-9.599554560014852e-05,0.14819626131384686
80,-3.688387226915378e-10,55,0.7502979278579541,75,-0.0004100029616569024,1.14566785885069e-05
80,-3.688387226915378e-10,55,0.7502979278579541,76,-0.00020576384112830164,0.008882107278939608
80,-3.688387226915378e-10,55,0.7502979278579541,77,2.3694855100892024e-06,3.0193725733031385
80,-3.688387226915378e-10,55,0.7502979278579541,78,-2.0881893240388992e-05,0.889194826094754
80,-3.688387226915378e-10,55,0.7502979278579541,79,-5.40112318590837e-07,3.0968451391136838
80,-3.688387226915378e-10,55,0.7502979278579541,80,3.009662883750407e-05,0.22800732989869188
80,-3.688387226915378e-10,55,0.7502979278579541,81,-1.0773633762090989e-05,0.557728524715757
80,-3.688387226915378e-10,55,0.7502979278579541,82,5.446108078373523e-06,3.5964139630550727
80,-3.688387226915378e-10,55,0.7502979278579541,83,1.5496448752645254e-06,2.3654060881574854
80,-3.688387226915378e-10,55,0.7502979278579541,84,4.951081612532331e-07,3.259935715711037
80,-3.688387226915378e-10,55,0.7502979278579541,85,6.223720564877652e-06,3.821351961980883
80,-3.688387226915378e-10,55,0.7502979278579541,86,4.314253862364641e-07,2.3335221715578682
80,-3.688387226915378e-10,55,0.7502979278579541,87,-0.00019061712213179827,0.003072235346995351
80,-3.688387226915378e-10,55,0.7502979278579541,88,5.193706228345611e-07,2.143995748388529
80,-3.688387226915378e-10,55,0.7502979278579541,89,1.3778600664617765e-06,1.9423677501609569
80,-3.688387226915378e-10,55,0.7502979278579541,90,-0.0002891437238015237,0.0008184335902493309
80,-3.688387226915378e-10,55,0.7502979278579541,91,-7.47820271546178e-05,0.057807688142413736
80,-3.688387226915378e-10,55,0.7502979278579541,92,-0.00017878272552902238,0.0166743196751715
80,-3.688387226915378e-10,55,0.7502979278579541,93,7.354642971350653e-06,3.915109040475933
80,-3.688387226915378e-10,55,0.7502979278579541,94,-0.00017443214698907694,0.01634463915721268
80,-3.688387226915378e-10,55,0.7502979278579541,95,-7.31113121629776e-05,0.09733742260427829
80,-3.688387226915378e-10,55,0.7502979278579541,96,1.0418298954716918e-05,0.28137981780229
80,-3.688387226915378e-10,55,0.7502979278579541,97,-1.5545086211037388e-05,0.7458648112980647
80,-3.688387226915378e-10,55,0.7502979278579541,98,1.7977220615663783e-05,1.055158618527524
80,-3.688387226915378e-10,55,0.7502979278579541,99,-5.742582170505575e-05,0.08001042648679717
80,-3.688387226915378e-10,55,0.7502979278579541,100,2.2418950319647463e-07,2.461040237430642
81,-1.3447278280040203e-10,61,0.7554332668168944,1,-1.9544256992567785e-06,3.6733223617215796
81,-1.3447278280040203e-10,61,0.7554332668168944,2,-1.5063021991963798e-06,1.4971603370406334
81,-1.3447278280040203e-10,61,0.7554332668168944,3,-0.0003092318953472805,8.752835435740715e-07
81,-1.3447278280040203e-10,61,0.7554332668168944,4,1.0606118735226636e-06,3.779458119170111
81,-1.3447278280040203e-10,61,0.7554332668168944,5,-9.645228452268078e-05,0.24288650345957374
81,-1.3447278280040203e-10,61,0.7554332668168944,6,-3.1225257869358706e-05,0.07760146973036372
81,-1.3447278280040203e-10,61,0.7554332668168944,7,-0.0003937273171882137,1.898655382876802e-05
81,-1.3447278280040203e-10,61,0.7554332668168944,8,-3.955426318641795e-05,0.22921677297954285
81,-1.3447278280040203e-10,61,0.7554332668168944,9,-4.89353863316717e-05,0.07165301125474632
81,-1.3447278280040203e-10,61,0.7554332668168944,10,3.7574942764030653e-06,8.612385581708743
81,-1.3447278280040203e-10,61,0.7554332668168944,11,-0.0001260378851023255,0.001998398040198318
81,-1.3447278280040203e-10,61,0.7554332668168944,12,-7.01378105740895e-05,0.06890182181945431
81,-1.3447278280040203e-10,61,0.7554332668168944,13,-0.00021555946380348242,0.0005179212648718768
81,-1.3447278280040203e-10,61,0.7554332668168944,14,6.819503101637764e-06,3.3964770582631627
81,-1.3447278280040203e-10,61,0.7554332668168944,15,-0.00029030072526416476,6.80701638129048e-05
81,-1.3447278280040203e-10,61,0.7554332668168944,16,1.12850854717383e-05,2.3649173309951226
81,-1.3447278280040203e-10,61,0.7554332668168944,17,-6.5848385960909085e-06,1.527939608017789
81,-1.3447278280040203e-10,61,0.7554332668168944,18,-0.00012732204360784978,0.007627818053783232
81,-1.3447278280040203e-10,61,0.7554332668168944,19,3.3822697593039157e-06,8.294840946593741
81,-1.3447278280040203e-10,61,0.7554332668168944,20,9.457990604949466e-06,1.1463831013672952
81,-1.3447278280040203e-10,61,0.7554332668168944,21,-7.257854647175554e-05,0.0733566393881276
81,-1.3447278280040203e-10,61,0.7554332668168944,22,-0.00022975280728791415,0.00010014908467477372
81,-1.3447278280040203e-10,61,0.7554332668168944,23,-0.0002483348711502076,2.2478415748756206e-05
81,-1.3447278280040203e-10,61,0.7554332668168944,24,-8.810890904955683e-06,0.7488376861261951
81,-1.3447278280040203e-10,61,0.7554332668168944,25,-1.1854364414882717e-05,3.090595012771109
81,-1.3447278280040203e-10,61,0.7554332668168944,26,-0.00033896904154266677,1.2002779359115981e-06
81,-1.3447278280040203e-10,61,0.7554332668168944,27,-0.00018692474889173735,0.0003936603216186137
81,-1.3447278280040203e-10,61,0.7554332668168944,28,-9.617887099521753e-08,2.590323153441575
81,-1.3447278280040203e-10,61,0.7554332668168944,29,1.129616501946768e-05,1.1653209879725832
81,-1.3447278280040203e-10,61,0.7554332668168944,30,-1.2867512649943137e-05,1.5459613337094253
81,-1.3447278280040203e-10,61,0.7554332668168944,31,-0.00014788970474974357,0.018730826085439363
81,-1.3447278280040203e-10,61,0.7554332668168944,32,-1.2934478950952898e-05,1.7304035362883061
81,-1.3447278280040203e-10,61,0.7554332668168944,33,3.574670064717826e-06,2.7089882006081147
81,-1.3447278280040203e-10,61,0.7554332668168944,34,-0.00011188756304642237,0.003562427235833832
81,-1.3447278280040203e-10,61,0.7554332668168944,35,7.015679397308336e-06,4.71160897072239
81,-1.3447278280040203e-10,61,0.7554332668168944,36,-0.00022422042785025695,7.611630146767612e-06
81,-1.3447278280040203e-10,61,0.7554332668168944,37,-6.662365921320667e-05,0.009950751870461502
81,-1.3447278280040203e-10,61,0.7554332668168944,38,2.6677266888957625e-06,0.33539685090606797
81,-1.3447278280040203e-10,61,0.7554332668168944,39,-0.00045780946404693043,5.890238796638644e-06
81,-1.3447278280040203e-10,61,0.7554332668168944,40,-0.00024558551328268734,0.00026135469229738597
81,-1.3447278280040203e-10,61,0.7554332668168944,41,-1.1607351968808922e-06,6.459500779166179
81,-1.3447278280040203e-10,61,0.7554332668168944,42,-3.656849845784507e-05,0.11245448110800997
81,-1.3447278280040203e-10,61,0.7554332668168944,43,2.1091639430263938e-05,0.5011652903158328
81,-1.3447278280040203e-10,61,0.7554332668168944,44,-6.37164378133411e-05,0.33883501936496124
81,-1.3447278280040203e-10,61,0.7554332668168944,45,5.270702997620763e-07,7.422806613227212
81,-1.3447278280040203e-10,61,0.7554332668168944,46,-1.8523852479983878e-06,2.2327187067440093
81,-1.3447278280040203e-10,61,0.7554332668168944,47,-4.338445323875425e-06,2.695914027375913
81,-1.3447278280040203e-10,61,0.7554332668168944,48,1.1838053040804291e-06,4.509049299129691
81,-1.3447278280040203e-10,61,0.7554332668168944,49,-0.00013577566980381062,0.0036128178044605823
81,-1.3447278280040203e-10,61,0.7554332668168944,50,-2.653806553327755e-07,3.387287842367708
81,-1.3447278280040203e-10,61,0.7554332668168944,51,-0.0003868785844342247,2.19450103924031e-06
81,-1.3447278280040203e-10,61,0.7554332668168944,52,-0.00020826223395326984,0.0018506545779339617
81,-1.3447278280040203e-10,61,0.7554332668168944,53,-0.00017171315161902155,0.012403799571676219
81,-1.3447278280040203e-10,61,0.7554332668168944,54,-1.1839723004817563e-05,1.145272405405279
81,-1.3447278280040203e-10,61,0.7554332668168944,55,-0.000164119365760323,0.002169588057602083
81,-1.3447278280040203e-10,61,0.7554332668168944,56,-7.150780303407932e-06,2.6812756004008427
81,-1.3447278280040203e-10,61,0.7554332668168944,57,-0.00014195880086940416,0.0037067890462226323
81,-1.3447278280040203e-10,61,0.7554332668168944,58,-0.0001904675675600186,0.0014873656791049507
81,-1.3447278280040203e-10,61,0.7554332668168944,59,-8.66448414723181e-05,0.13390046019406818
81,-1.3447278280040203e-10,61,0.7554332668168944,60,-0.00032155360199239596,8.65395906705629e-06
81,-1.3447278280040203e-10,61,0.7554332668168944,61,1.3368147165134276e-06,8.743168288310018
81,-1.3447278280040203e-10,61,0.7554332668168944,62,1.7921289554686278e-06,9.581006753294394
81,-1.3447278280040203e-10,61,0.7554332668168944,63,-0.00012580506249018392,0.03355553557331695
81,-1.3447278280040203e-10,61,0.7554332668168944,64,-1.6089171766153118e-06,2.0597564035032168
81,-1.3447278280040203e-10,61,0.7554332668168944,65,-1.639526595557756e-05,0.12756597660966376
81,-1.3447278280040203e-10,61,0.7554332668168944,66,-0.00019297466454454878,0.000387560932510913
81,-1.3447278280040203e-10,61,0.7554332668168944,67,-0.00021233738948733675,0.002563411512642423
81,-1.3447278280040203e-10,61,0.7554332668168944,68,2.3143643171296493e-06,1.6536987299248669
81,-1.3447278280040203e-10,61,0.7554332668168944,69,-0.00035575185476831376,4.834796976168538e-06
81,-1.3447278280040203e-10,61,0.7554332668168944,70,-0.00019795629952890304,1.430957660320532e-05
81,-1.3447278280040203e-10,61,0.7554332668168944,71,1.972477851489221e-05,0.030136770845665784
81,-1.3447278280040203e-10,61,0.7554332668168944,72,4.874758286005754e-06,0.3665959686661058
81,-1.3447278280040203e-10,61,0.7554332668168944,73,1.4958687260596519e-06,3.2491488425857256
81,-1.3447278280040203e-10,61,0.7554332668168944,74,-1.2510234993837032e-05,0.8173851405495687
81,-1.3447278280040203e-10,61,0.7554332668168944,75,8.143096620440793e-06,4.937169710642438
81,-1.3447278280040203e-10,61,0.7554332668168944,76,6.920582146861908e-07,4.344853895749816
81,-1.3447278280040203e-10,61,0.7554332668168944,77,4.6629845661467195e-07,1.1924350292111192
81,-1.3447278280040203e-10,61,0.7554332668168944,78,-0.00023278143650053105,0.00012569081905029517
81,-1.3447278280040203e-10,61,0.7554332668168944,79,-0.0001382294983932108,0.0008540680338404099
81,-1.3447278280040203e-10,61,0.7554332668168944,80,5.2705804005630914e-06,2.768802101688833
81,-1.3447278280040203e-10,61,0.7554332668168944,81,1.7840424998112016e-05,0.33036405941684976
81,-1.3447278280040203e-10,61,0.7554332668168944,82,1.2385038011906146e-05,1.7092749718266993
81,-1.3447278280040203e-10,61,0.7554332668168944,83,-2.612716002165425e-05,0.5164756615406176
81,-1.3447278280040203e-10,61,0.7554332668168944,84,-0.0004697768074486383,6.19403011366757e-08
81,-1.3447278280040203e-10,61,0.7554332668168944,85,-0.0002536464178778879,0.00177299106201679
81,-1.3447278280040203e-10,61,0.7554332668168944,86,-7.175150539099619e-06,0.29663566342642345
81,-1.3447278280040203e-10,61,0.7554332668168944,87,1.6724353332291434e-06,2.16595657473458
81,-1.3447278280040203e-10,61,0.7554332668168944,88,-0.00036571131764077334,4.84308713524263e-07
81,-1.3447278280040203e-10,61,0.7554332668168944,89,-1.3706769044667558e-05,1.3625442915398875
81,-1.3447278280040203e-10,61,0.7554332668168944,90,-0.0006248504753879972,1.0771658798078297e-08
81,-1.3447278280040203e-10,61,0.7554332668168944,91,4.592710446248469e-06,0.24731841880004643
81,-1.3447278280040203e-10,61,0.7554332668168944,92,-0.0001897392042382975,0.00046252019035395743
81,-1.3447278280040203e-10,61,0.7554332668168944,93,1.6641423883116784e-05,0.2500254188245964
81,-1.3447278280040203e-10,61,0.7554332668168944,94,1.4763308770339282e-06,7.248636046174776
81,-1.3447278280040203e-10,61,0.7554332668168944,95,-9.85275236035546e-06,1.0424314137052433
81,-1.3447278280040203e-10,61,0.7554332668168944,96,-1.6015768560051512e-06,1.9889229368264456
81,-1.3447278280040203e-10,61,0.7554332668168944,97,-1.2206594867897711e-05,0.6691254476068952
81,-1.3447278280040203e-10,61,0.7554332668168944,98,-1.2734124959725415e-05,0.5565724791028015
81,-1.3447278280040203e-10,61,0.7554332668168944,99,-4.867596624646093e-05,0.06915620070803989
81,-1.3447278280040203e-10,61,0.7554332668168944,100,-0.00012481728887870462,0.012416638644733875
82,-9.399525082223902e-11,88,0.7501707176616785,1,5.408917811209764e-06,0.7332494569526278
82,-9.399525082223902e-11,88,0.7501707176616785,2,-4.5970362001145865e-05,0.0676999193549102
82,-9.399525082223902e-11,88,0.7501707176616785,3,-2.6415343358509045e-05,1.2191961456686589
82,-9.399525082223902e-11,88,0.7501707176616785,4,-0.0001590891037632428,0.0029091165619061624
82,-9.399525082223902e-11,88,0.7501707176616785,5,1.4527864478807356e-05,0.7188930962685667
82,-9.399525082223902e-11,88,0.7501707176616785,6,6.298166244302445e-06,4.610900840149306
82,-9.399525082223902e-11,88,0.7501707176616785,7,-0.0003726620711671885,4.069144216951636e-06
82,-9.399525082223902e-11,88,0.7501707176616785,8,-1.1110337990777618e-06,4.212328455976968
82,-9.399525082223902e-11,88,0.7501707176616785,9,-5.8490321589217415e-06,1.1691496249161868
82,-9.399525082223902e-11,88,0.7501707176616785,10,-0.00028585446825976266,0.0002462405206888732
82,-9.399525082223902e-11,88,0.7501707176616785,11,-1.4552884345041069e-05,0.6646790703067248
82,-9.399525082223902e-11,88,0.7501707176616785,12,2.5863509457361912e-06,2.7397483392455655
82,-9.399525082223902e-11,88,0.7501707176616785,13,-9.226752481925377e-06,2.533821330177424
82,-9.399525082223902e-11,88,0.7501707176616785,14,-0.0002654444905768726,0.0006486913360622816
82,-9.399525082223902e-11,88,0.7501707176616785,15,-0.0006695066436025223,1.0775895325466667e-08
82,-9.399525082223902e-11,88,0.7501707176616785,16,-6.0039926295703105e-06,2.2891741658865317
82,-9.399525082223902e-11,88,0.7501707176616785,17,-3.3233623703292293e-07,2.5390449720672414
82,-9.399525082223902e-11,88,0.7501707176616785,18,-0.0004244219033152659,6.055116423453815e-09
82,-9.399525082223902e-11,88,0.7501707176616785,19,-0.00022563207594640398,0.000452141800305801
82,-9.399525082223902e-11,88,0.7501707176616785,20,-0.0003720957660713973,2.3399465949802874e-06
82,-9.399525082223902e-11,88,0.7501707176616785,21,-0.0002605846066256979,3.419599274583375e-05
82,-9.399525082223902e-11,88,0.7501707176616785,22,2.804108795926931e-06,1.7993829959829715
82,-9.399525082223902e-11,88,0.7501707176616785,23,-0.0006078660442711356,1.1431066644775458e-08
82,-9.399525082223902e-11,88,0.7501707176616785,24,-2.77103433237201e-06,2.717975886236513
82,-9.399525082223902e-11,88,0.7501707176616785,25,1.8379377403169681e-06,3.695242591129751
82,-9.399525082223902e-11,88,0.7501707176616785,26,5.380991281304416e-06,7.144469473459363
82,-9.399525082223902e-11,88,0.7501707176616785,27,-0.0005323495351229887,8.846563153866223e-10
82,-9.399525082223902e-11,88,0.7501707176616785,28,-3.0449894988210464e-05,0.07969774632853346
82,-9.399525082223902e-11,88,0.7501707176616785,29,7.411050447629486e-06,2.8773396751668567
82,-9.399525082223902e-11,88,0.7501707176616785,30,2.7207693248850304e-07,2.311691949924482
82,-9.399525082223902e-11,88,0.7501707176616785,31,4.272350048259399e-06,3.061462850125191
82,-9.399525082223902e-11,88,0.7501707176616785,32,3.4521727827845616e-06,0.794337089232181
82,-9.399525082223902e-11,88,0.7501707176616785,33,1.092483400093748e-06,4.591041496309665
82,-9.399525082223902e-11,88,0.7501707176616785,34,-0.00017146071283849915,0.0006631362214175166
82,-9.399525082223902e-11,88,0.7501707176616785,35,-0.00028764186283166743,1.3654209038140721e-05
82,-9.399525082223902e-11,88,0.7501707176616785,36,1.4104160191634337e-05,0.43858951225925397
82,-9.399525082223902e-11,88,0.7501707176616785,37,-0.0002184866426469868,3.092801158973485e-05
82,-9.399525082223902e-11,88,0.7501707176616785,38,-0.0002862793388270353,0.00010073433094527085
82,-9.399525082223902e-11,88,0.7501707176616785,39,-8.382467714162298e-06,2.7227120122778823
82,-9.399525082223902e-11,88,0.7501707176616785,40,-0.0001597058562706229,9.08039381959038e-05
82,-9.399525082223902e-11,88,0.7501707176616785,41,-2.6612233138489157e-06,1.65980606734968
82,-9.399525082223902e-11,88,0.7501707176616785,42,1.1977351243208607e-06,2.021238742936559
82,-9.399525082223902e-11,88,0.7501707176616785,43,8.29419226801945e-07,3.3031070259503474
82,-9.399525082223902e-11,88,0.7501707176616785,44,-8.405933616781357e-05,0.10900926112777058
82,-9.399525082223902e-11,88,0.7501707176616785,45,8.178350910756824e-06,0.6938710927090223
82,-9.399525082223902e-11,88,0.7501707176616785,46,-4.146504796922466e-06,1.7050370086962747
82,-9.399525082223902e-11,88,0.7501707176616785,47,-0.00035656226382012356,9.076367266530739e-07
82,-9.399525082223902e-11,88,0.7501707176616785,48,1.963031257927057e-06,8.915603440380735
82,-9.399525082223902e-11,88,0.7501707176616785,49,-3.1113453065028665e-06,1.8320474173311965
82,-9.399525082223902e-11,88,0.7501707176616785,50,4.351627925773798e-06,0.8854349530988904
82,-9.399525082223902e-11,88,0.7501707176616785,51,9.907558365074097e-06,3.2954229234505448
82,-9.399525082223902e-11,88,0.7501707176616785,52,1.4251100892314908e-05,0.6836665304690486
82,-9.399525082223902e-11,88,0.7501707176616785,53,-1.721902877833017e-05,0.2778067387357219
82,-9.399525082223902e-11,88,0.7501707176616785,54,-0.00010484227259344948,0.03535444277953371
82,-9.399525082223902e-11,88,0.7501707176616785,55,-1.9258169344699522e-05,0.9579811132743644
82,-9.399525082223902e-11,88,0.7501707176616785,56,-0.00014397469739630905,0.012079129765657535
82,-9.399525082223902e-11,88,0.7501707176616785,57,-3.920677931932736e-05,0.07787187840387132
82,-9.399525082223902e-11,88,0.7501707176616785,58,-2.9072467146622457e-06,2.9748828839494044
82,-9.399525082223902e-11,88,0.7501707176616785,59,-0.00046946899643079233,5.4188501659189315e-08
82,-9.399525082223902e-11,88,0.7501707176616785,60,-5.8617822993222924e-06,1.608969117971718
82,-9.399525082223902e-11,88,0.7501707176616785,61,-0.00018907447151417873,0.001563765339956412
82,-9.399525082223902e-11,88,0.7501707176616785,62,1.897096810130826e-05,0.28506429482071294
82,-9.399525082223902e-11,88,0.7501707176616785,63,1.2544261871805742e-07,2.886085580117326
82,-9.399525082223902e-11,88,0.7501707176616785,64,7.70158245279136e-06,0.4965295867848525
82,-9.399525082223902e-11,88,0.7501707176616785,65,-2.484202751229866e-05,0.5019253563786763
82,-9.399525082223902e-11,88,0.7501707176616785,66,-0.00042143145638092854,2.4441723018975814e-06
82,-9.399525082223902e-11,88,0.7501707176616785,67,-0.00010613783527815687,0.02306171675323196
82,-9.399525082223902e-11,88,0.7501707176616785,68,-0.00011811500202326405,0.028278124260316274
82,-9.399525082223902e-11,88,0.7501707176616785,69,-1.2894414739039206e-05,0.8853541265916169
82,-9.399525082223902e-11,88,0.7501707176616785,70,7.257538899815731e-08,1.4055775061953228
82,-9.399525082223902e-11,88,0.7501707176616785,71,-0.00029557630646497387,3.71274912166748e-05
82,-9.399525082223902e-11,88,0.7501707176616785,72,-0.0001492690783901033,0.004355889935412697
82,-9.399525082223902e-11,88,0.7501707176616785,73,-0.00028511903434880914,1.5813978666347993e-05
82,-9.399525082223902e-11,88,0.7501707176616785,74,-0.00010793473380999195,0.006137481830121722
82,-9.399525082223902e-11,88,0.7501707176616785,75,7.491733173909716e-06,4.82521307178889
82,-9.399525082223902e-11,88,0.7501707176616785,76,1.3118416508858233e-05,1.5149556266314579
82,-9.399525082223902e-11,88,0.7501707176616785,77,-1.2498658004723511e-05,3.054880662346879
82,-9.399525082223902e-11,88,0.7501707176616785,78,-3.2845461213666896e-05,0.7592009586445166
82,-9.399525082223902e-11,88,0.7501707176616785,79,-1.7409367967766716e-05,0.5857875611854335
82,-9.399525082223902e-11,88,0.7501707176616785,80,-0.0006139161192861094,2.4387885220585023e-09
82,-9.399525082223902e-11,88,0.7501707176616785,81,6.965058033581786e-06,2.5339252868810243
82,-9.399525082223902e-11,88,0.7501707176616785,82,-0.00021537746873972934,0.01611023944093984
82,-9.399525082223902e-11,88,0.7501707176616785,83,1.8761836993447706e-06,3.401191379966746
82,-9.399525082223902e-11,88,0.7501707176616785,84,-0.0002100926798288268,7.208650102496266e-05
82,-9.399525082223902e-11,88,0.7501707176616785,85,-0.00027686426809442056,0.0001631281887105091
82,-9.399525082223902e-11,88,0.7501707176616785,86,-8.895078956673963e-05,0.02276183842495343
82,-9.399525082223902e-11,88,0.7501707176616785,87,-0.00023858047800168325,0.0028996989109945056
82,-9.399525082223902e-11,88,0.7501707176616785,88,-2.6945218386568886e-05,0.5414172942135411
82,-9.399525082223902e-11,88,0.7501707176616785,89,3.232910486176013e-06,13.365758616831872
82,-9.399525082223902e-11,88,0.7501707176616785,90,-0.00013598001979527318,0.009445293365007086
82,-9.399525082223902e-11,88,0.7501707176616785,91,3.719735564184313e-07,7.826726157183004
82,-9.399525082223902e-11,88,0.7501707176616785,92,-0.0002550694106168554,0.0012401959140753852
82,-9.399525082223902e-11,88,0.7501707176616785,93,-9.355361275862319e-07,7.25610532828662
82,-9.399525082223902e-11,88,0.7501707176616785,94,-0.00024394062082555486,0.0007861629823323021
82,-9.399525082223902e-11,88,0.7501707176616785,95,-0.0005042529503211791,3.009585848308688e-07
82,-9.399525082223902e-11,88,0.7501707176616785,96,-4.698516835031556e-06,4.636393955155274
82,-9.399525082223902e-11,88,0.7501707176616785,97,-0.0002906728981652375,0.00013443435062646518
82,-9.399525082223902e-11,88,0.7501707176616785,98,-0.0002705844831896003,5.040642668096207e-06
82,-9.399525082223902e-11,88,0.7501707176616785,99,4.018717900862281e-08,0.08460208232113971
82,-9.399525082223902e-11,88,0.7501707176616785,100,-0.0002761131153080316,1.3479564917754993e-05
83,1.0375803968508525e-10,43,0.7557798397626018,1,-8.926322975305698e-07,2.754928314009456
83,1.0375803968508525e-10,43,0.7557798397626018,2,5.09992832144456e-07,0.047907245183969695
83,1.0375803968508525e-10,43,0.7557798397626018,3,-1.5662922448285473e-06,0.6531038531790349
83,1.0375803968508525e-10,43,0.7557798397626018,4,-7.014872541036365e-07,2.8854621826840474
83,1.0375803968508525e-10,43,0.7557798397626018,5,-0.00011724641708051637,0.016780024124203336
83,1.0375803968508525e-10,43,0.7557798397626018,6,-3.443786998295287e-05,0.3898471408380265
83,1.0375803968508525e-10,43,0.7557798397626018,7,6.700110466066056e-06,1.242687134106949
83,1.0375803968508525e-10,43,0.7557798397626018,8,-8.044914271350252e-06,1.2522393800743972
83,1.0375803968508525e-10,43,0.7557798397626018,9,-2.5710645297988577e-05,0.4575116895543899
83,1.0375803968508525e-10,43,0.7557798397626018,10,-0.00016048882360605827,0.002755634631729099
83,1.0375803968508525e-10,43,0.7557798397626018,11,-1.5429818623230297e-05,0.03974420979492923
83,1.0375803968508525e-10,43,0.7557798397626018,12,-2.2390516821926747e-06,1.5420351948263342
83,1.0375803968508525e-10,43,0.7557798397626018,13,-4.475960407493348e-05,0.09938616641004962
83,1.0375803968508525e-10,43,0.7557798397626018,14,-8.276945717593385e-05,0.07622746117005266
83,1.0375803968508525e-10,43,0.7557798397626018,15,-1.4449374038607789e-05,1.0024771949452558
83,1.0375803968508525e-10,43,0.7557798397626018,16,-6.359188615378532e-06,2.5523212178264445
83,1.0375803968508525e-10,43,0.7557798397626018,17,1.1585514447446244e-06,2.664505556472205
83,1.0375803968508525e-10,43,0.7557798397626018,18,1.2232553420787986e-06,5.865117867165421
83,1.0375803968508525e-10,43,0.7557798397626018,19,-0.0001499613137676712,0.0024648842981355094
83,1.0375803968508525e-10,43,0.7557798397626018,20,-3.40535098823057e-05,0.05688724755879695
83,1.0375803968508525e-10,43,0.7557798397626018,21,-3.1333753263281855e-07,1.2117980641147257
83,1.0375803968508525e-10,43,0.7557798397626018,22,3.118528107121962e-06,4.632878288663954
83,1.0375803968508525e-10,43,0.7557798397626018,23,-1.4569181827244756e-05,0.4759536576094559
83,1.0375803968508525e-10,43,0.7557798397626018,24,-1.1379990972544787e-05,0.17129916222497177
83,1.0375803968508525e-10,43,0.7557798397626018,25,-6.739051607870272e-06,2.363070935451165
83,1.0375803968508525e-10,43,0.7557798397626018,26,6.754579502522932e-06,1.1091587232606204
83,1.0375803968508525e-10,43,0.7557798397626018,27,-5.391399897384654e-05,0.023925173872400517
83,1.0375803968508525e-10,43,0.7557798397626018,28,-9.12429706288728e-05,0.030447485748558586
83,1.0375803968508525e-10,43,0.7557798397626018,29,-0.00019921726535063953,0.0002728359833087687
83,1.0375803968508525e-10,43,0.7557798397626018,30,7.245453442275681e-06,4.157360227436947
83,1.0375803968508525e-10,43,0.7557798397626018,31,-3.503746563483799e-05,0.20980591667108983
83,1.0375803968508525e-10,43,0.7557798397626018,32,-5.081531383779897e-07,0.4607553573261542
83,1.0375803968508525e-10,43,0.7557798397626018,33,6.794098605679454e-06,2.6856203437254407
83,1.0375803968508525e-10,43,0.7557798397626018,34,1.0965767262975962e-05,0.3878421956094646
83,1.0375803968508525e-10,43,0.7557798397626018,35,-6.198876202422423e-06,1.7280617567050205
83,1.0375803968508525e-10,43,0.7557798397626018,36,-8.690697092847457e-06,0.7879214495400532
83,1.0375803968508525e-10,43,0.7557798397626018,37,1.828540961787461e-05,1.2129578485744725
83,1.0375803968508525e-10,43,0.7557798397626018,38,-4.0899072039948364e-05,0.43687699854605866
83,1.0375803968508525e-10,43,0.7557798397626018,39,2.272852429358315e-05,0.1619032682342502
83,1.0375803968508525e-10,43,0.7557798397626018,40,-0.00011956398497681725,0.03992807971523399
83,1.0375803968508525e-10,43,0.7557798397626018,41,-2.4072003560199867e-05,0.22659670506705537
83,1.0375803968508525e-10,43,0.7557798397626018,42,5.052747768964444e-06,3.037387862668324
83,1.0375803968508525e-10,43,0.7557798397626018,43,-4.807027904835362e-06,2.7972281877502776
83,1.0375803968508525e-10,43,0.7557798397626018,44,5.518371889864692e-06,7.393996698418534
83,1.0375803968508525e-10,43,0.7557798397626018,45,3.942343621104981e-06,3.787374254729725
83,1.0375803968508525e-10,43,0.7557798397626018,46,-4.768272446396631e-05,0.0008865314246784786
83,1.0375803968508525e-10,43,0.7557798397626018,47,-3.118626878565402e-05,0.16550457603815155
83,1.0375803968508525e-10,43,0.7557798397626018,48,-6.980599881967812e-05,0.002180640099079425
83,1.0375803968508525e-10,43,0.7557798397626018,49,8.805726575951598e-06,2.9362914767690427
83,1.0375803968508525e-10,43,0.7557798397626018,50,-2.1003226350694703e-06,1.594267255246403
83,1.0375803968508525e-10,43,0.7557798397626018,51,-8.465843303338606e-06,0.19395133667506498
83,1.0375803968508525e-10,43,0.7557798397626018,52,3.0822986752200766e-08,0.5540055771967409
83,1.0375803968508525e-10,43,0.7557798397626018,53,-0.00013076866752659711,0.0005896961369420742
83,1.0375803968508525e-10,43,0.7557798397626018,54,1.4328741493497051e-05,1.1753765523572246
83,1.0375803968508525e-10,43,0.7557798397626018,55,1.1257794249893501e-05,2.934321878472459
83,1.0375803968508525e-10,43,0.7557798397626018,56,9.640787641665535e-06,2.537897982518231
83,1.0375803968508525e-10,43,0.7557798397626018,57,3.392688419823495e-06,6.179808660003992
83,1.0375803968508525e-10,43,0.7557798397626018,58,-0.00010900794134304803,0.016246445722083377
83,1.0375803968508525e-10,43,0.7557798397626018,59,-1.7382469871437244e-05,1.2570718364365132
83,1.0375803968508525e-10,43,0.7557798397626018,60,-2.2346556185210944e-06,1.2768740773103118
83,1.0375803968508525e-10,43,0.7557798397626018,61,-4.0030242616475034e-05,0.14770202230086202
83,1.0375803968508525e-10,43,0.7557798397626018,62,6.226994455930591e-06,1.1919958566728814
83,1.0375803968508525e-10,43,0.7557798397626018,63,1.1432862157327114e-06,7.323142140370756
83,1.0375803968508525e-10,43,0.7557798397626018,64,-3.0293235656449086e-05,0.3442393346105499
83,1.0375803968508525e-10,43,0.7557798397626018,65,3.1813904187115537e-06,5.482997494193983
83,1.0375803968508525e-10,43,0.7557798397626018,66,6.207892374725578e-06,1.8247222268550964
83,1.0375803968508525e-10,43,0.7557798397626018,67,-1.8532489377138678e-05,0.7225171055027733
83,1.0375803968508525e-10,43,0.7557798397626018,68,-2.650020978357635e-06,2.029777607274768
83,1.0375803968508525e-10,43,0.7557798397626018,69,1.0427977345591297e-08,1.320918610868735
83,1.0375803968508525e-10,43,0.7557798397626018,70,-5.723824241003384e-05,0.05065126712180987
83,1.0375803968508525e-10,43,0.7557798397626018,71,1.576662210079624e-06,3.671840213811411
83,1.0375803968508525e-10,43,0.7557798397626018,72,3.933190482149383e-06,1.4067223741248767
83,1.0375803968508525e-10,43,0.7557798397626018,73,4.883349797738e-06,1.0757447047611426
83,1.0375803968508525e-10,43,0.7557798397626018,74,-1.1877821207894133e-05,0.16791816646385888
83,1.0375803968508525e-10,43,0.7557798397626018,75,7.883891911925415e-06,0.6925699916992747
83,1.0375803968508525e-10,43,0.7557798397626018,76,-6.225021381795264e-06,0.5053956761715622
83,1.0375803968508525e-10,43,0.7557798397626018,77,-4.7555593932709635e-05,0.1041280058544485
83,1.0375803968508525e-10,43,0.7557798397626018,78,-2.443184862507783e-05,0.6771072545605775
83,1.0375803968508525e-10,43,0.7557798397626018,79,1.4426473684964209e-06,2.5900083301017904
83,1.0375803968508525e-10,43,0.7557798397626018,80,8.27913670131734e-06,2.2293897485348433
83,1.0375803968508525e-10,43,0.7557798397626018,81,9.68353613886652e-07,2.9675332613655896
83,1.0375803968508525e-10,43,0.7557798397626018,82,1.3869005363570977e-05,0.5799572555413944
83,1.0375803968508525e-10,43,0.7557798397626018,83,-1.1866109964837601e-05,1.5285036540909087
83,1.0375803968508525e-10,43,0.7557798397626018,84,-2.188166470990673e-06,1.7314025857236166
83,1.0375803968508525e-10,43,0.7557798397626018,85,-1.3821323947907518e-05,1.006155369085639
83,1.0375803968508525e-10,43,0.7557798397626018,86,-0.0001406192405123228,0.012565295472532649
83,1.0375803968508525e-10,43,0.7557798397626018,87,-7.024067041093288e-05,0.041997946980659784
83,1.0375803968508525e-10,43,0.7557798397626018,88,-7.00934282038119e-05,0.03317788660265903
83,1.0375803968508525e-10,43,0.7557798397626018,89,-3.0889037161827174e-06,1.1144621792769784
83,1.0375803968508525e-10,43,0.7557798397626018,90,-9.152065055394716e-06,0.8671632274743647
83,1.0375803968508525e-10,43,0.7557798397626018,91,-0.00012006834659597419,0.00655692276395746
83,1.0375803968508525e-10,43,0.7557798397626018,92,-3.924853900501473e-05,0.4280257494704111
83,1.0375803968508525e-10,43,0.7557798397626018,93,-1.2625094944770313e-05,2.0496463113526016
83,1.0375803968508525e-10,43,0.7557798397626018,94,-0.00018760185783478546,0.00010418510364686147
83,1.0375803968508525e-10,43,0.7557798397626018,95,-1.1036520777253755e-06,4.362206092547969
83,1.0375803968508525e-10,43,0.7557798397626018,96,-3.0141208453316767e-06,2.463698585542014
83,1.0375803968508525e-10,43,0.7557798397626018,97,-7.711922832292265e-05,0.09773950319252077
83,1.0375803968508525e-10,43,0.7557798397626018,98,1.473679403556119e-06,5.2696992384783865
83,1.0375803968508525e-10,43,0.7557798397626018,99,-2.2547759409593982e-05,0.6929584961714889
83,1.0375803968508525e-10,43,0.7557798397626018,100,3.0018298774441808e-06,0.9768534524686198
84,-1.665387847735521e-10,75,0.7510773687669762,1,5.007338145618188e-06,1.4675270032317125
84,-1.665387847735521e-10,75,0.7510773687669762,2,3.2174795722600215e-06,0.8105646488245584
84,-1.665387847735521e-10,75,0.7510773687669762,3,-0.00031947795726401304,0.005264050877801105
84,-1.665387847735521e-10,75,0.7510773687669762,4,-2.634524395671474e-06,1.4132863221456677
84,-1.665387847735521e-10,75,0.7510773687669762,5,-0.0005717982854598124,2.5401183185689217e-06
84,-1.665387847735521e-10,75,0.7510773687669762,6,-1.2114917556867002e-06,5.985963820360937
84,-1.665387847735521e-10,75,0.7510773687669762,7,-2.271145154317748e-05,0.39765882588149926
84,-1.665387847735521e-10,75,0.7510773687669762,8,-2.2966099896341575e-05,0.4406314362950973
84,-1.665387847735521e-10,75,0.7510773687669762,9,3.822686140881448e-06,6.573906156952782
84,-1.665387847735521e-10,75,0.7510773687669762,10,-2.5767014845857907e-06,4.7691299074906
84,-1.665387847735521e-10,75,0.7510773687669762,11,-2.6065730327682545e-05,0.6921172374406878
84,-1.665387847735521e-10,75,0.7510773687669762,12,-2.3471168726573596e-05,0.5092177933844052
84,-1.665387847735521e-10,75,0.7510773687669762,13,-2.7577619501582494e-06,1.8582254711859283
84,-1.665387847735521e-10,75,0.7510773687669762,14,-1.4518986146985711e-05,0.16911831211051803
84,-1.665387847735521e-10,75,0.7510773687669762,15,-0.00020336798511360718,0.0341685182392322
84,-1.665387847735521e-10,75,0.7510773687669762,16,1.0220973924889468e-06,3.96930686544836
84,-1.665387847735521e-10,75,0.7510773687669762,17,-0.0003979875875315331,0.0002334921208797141
84,-1.665387847735521e-10,75,0.7510773687669762,18,-0.0006552493454523461,5.119429183346288e-07
84,-1.665387847735521e-10,75,0.7510773687669762,19,1.3134698007822205e-05,3.0673909357809492
84,-1.665387847735521e-10,75,0.7510773687669762,20,-2.464613902028069e-06,3.013778175206697
84,-1.665387847735521e-10,75,0.7510773687669762,21,-0.000681457833540794,1.1491073885360906e-07
84,-1.665387847735521e-10,75,0.7510773687669762,22,4.226036888444621e-07,2.0430269615395296
84,-1.665387847735521e-10,75,0.7510773687669762,23,-0.0006113183197073908,1.7266762435529033e-06
84,-1.665387847735521e-10,75,0.7510773687669762,24,-0.0005392080139763018,4.012101262340553e-05
84,-1.665387847735521e-10,75,0.7510773687669762,25,-0.00022236509256161888,0.025084041828884365
84,-1.665387847735521e-10,75,0.7510773687669762,26,-0.0006918088375244985,1.7339249247423165e-07
84,-1.665387847735521e-10,75,0.7510773687669762,27,-0.0012280519721023324,4.354530495923078e-10
84,-1.665387847735521e-10,75,0.7510773687669762,28,-0.00022297143344809301,0.03386915238401032
84,-1.665387847735521e-10,75,0.7510773687669762,29,1.8520198275859575e-06,3.21419560257065
84,-1.665387847735521e-10,75,0.7510773687669762,30,-4.263991750221311e-06,3.2380980759045337
84,-1.665387847735521e-10,75,0.7510773687669762,31,-0.0004497739420046928,5.447794170637858e-06
84,-1.665387847735521e-10,75,0.7510773687669762,32,8.542593683387072e-06,3.9494787702058316
84,-1.665387847735521e-10,75,0.7510773687669762,33,6.322918992994661e-06,2.557472691982638
84,-1.665387847735521e-10,75,0.7510773687669762,34,-0.0002086768380773616,0.00046401886207702014
84,-1.665387847735521e-10,75,0.7510773687669762,35,-0.00045890503838799196,3.4082593776350536e-06
84,-1.665387847735521e-10,75,0.7510773687669762,36,-5.39894820953576e-06,2.4021095779070647
84,-1.665387847735521e-10,75,0.7510773687669762,37,-8.39508244507385e-06,1.7844992334952188
84,-1.665387847735521e-10,75,0.7510773687669762,38,-1.2654025842021368e-06,3.030099190120259
84,-1.665387847735521e-10,75,0.7510773687669762,39,-0.000659221049956745,1.7972896560857442e-09
84,-1.665387847735521e-10,75,0.7510773687669762,40,-0.0001782758356889118,0.008129565729731229
84,-1.665387847735521e-10,75,0.7510773687669762,41,-0.0004962715128145129,2.812297659985696e-06
84,-1.665387847735521e-10,75,0.7510773687669762,42,5.6850333330940904e-06,2.46559361550265
84,-1.665387847735521e-10,75,0.7510773687669762,43,2.1126580867286003e-06,3.191995363710841
84,-1.665387847735521e-10,75,0.7510773687669762,44,-6.964817508282868e-05,0.035829686470972025
84,-1.665387847735521e-10,75,0.7510773687669762,45,-2.5198947858298346e-06,2.9488520763389094
84,-1.665387847735521e-10,75,0.7510773687669762,46,-9.454097937838019e-05,0.013263141315591706
84,-1.665387847735521e-10,75,0.7510773687669762,47,-0.001215658480485847,-9.23079615538905e-10
84,-1.665387847735521e-10,75,0.7510773687669762,48,-0.00047331441296136586,2.2515038065100907e-05
84,-1.665387847735521e-10,75,0.7510773687669762,49,2.36166163651395e-06,1.2585535384341153
84,-1.665387847735521e-10,75,0.7510773687669762,50,-0.00023653999963550254,0.0006632885061331954
84,-1.665387847735521e-10,75,0.7510773687669762,51,-0.00013054729346789916,0.0041386734665066075
84,-1.665387847735521e-10,75,0.7510773687669762,52,-0.00010887204053403968,0.1013187794560779
84,-1.665387847735521e-10,75,0.7510773687669762,53,2.0320933520890433e-05,0.6468803391811936
84,-1.665387847735521e-10,75,0.7510773687669762,54,6.563026984153866e-06,4.214311182618997
84,-1.665387847735521e-10,75,0.7510773687669762,55,-0.00048586905419814824,2.1106656046868795e-05
84,-1.665387847735521e-10,75,0.7510773687669762,56,-1.6175985516437768e-05,0.8545325584024622
84,-1.665387847735521e-10,75,0.7510773687669762,57,-9.128706868592939e-05,0.00725457011712536
84,-1.665387847735521e-10,75,0.7510773687669762,58,3.858294327233897e-06,3.9676466179662615
84,-1.665387847735521e-10,75,0.7510773687669762,59,-1.4135254357921196e-05,2.541229093116727
84,-1.665387847735521e-10,75,0.7510773687669762,60,-0.0002361902919225813,0.002435066430586108
84,-1.665387847735521e-10,75,0.7510773687669762,61,-0.0006267428736362798,2.1001350130091995e-06
84,-1.665387847735521e-10,75,0.7510773687669762,62,1.5133410883644034e-05,0.6233362498023671
84,-1.665387847735521e-10,75,0.7510773687669762,63,7.173470285851646e-07,2.9355052426249424
84,-1.665387847735521e-10,75,0.7510773687669762,64,-0.0006242098802448747,9.11780961933295e-07
84,-1.665387847735521e-10,75,0.7510773687669762,65,-0.0002499900851520048,0.00017062892614167968
84,-1.665387847735521e-10,75,0.7510773687669762,66,1.985988556130463e-06,5.696361580627025
84,-1.665387847735521e-10,75,0.7510773687669762,67,4.218658149887605e-06,1.4091813925862295
84,-1.665387847735521e-10,75,0.7510773687669762,68,6.003336578970753e-06,1.751937482268644
84,-1.665387847735521e-10,75,0.7510773687669762,69,4.257673347577355e-06,2.778536874505163
84,-1.665387847735521e-10,75,0.7510773687669762,70,-0.0006534751944390606,8.616147594876405e-08
84,-1.665387847735521e-10,75,0.7510773687669762,71,-5.3693980785296344e-05,0.14440883962575313
84,-1.665387847735521e-10,75,0.7510773687669762,72,-0.0003032393507158685,0.010949186908590796
84,-1.665387847735521e-10,75,0.7510773687669762,73,-2.545619682941205e-05,0.7457048140951846
84,-1.665387847735521e-10,75,0.7510773687669762,74,1.208826438493652e-05,0.48797463460382584
84,-1.665387847735521e-10,75,0.7510773687669762,75,-0.0004104649952844001,0.0002941874778002646
84,-1.665387847735521e-10,75,0.7510773687669762,76,-3.3779828209487143e-07,7.484163028544813
84,-1.665387847735521e-10,75,0.7510773687669762,77,-7.949400467381427e-05,0.1522350153481003
84,-1.665387847735521e-10,75,0.7510773687669762,78,-6.09090059835621e-06,2.1331081496301647
84,-1.665387847735521e-10,75,0.7510773687669762,79,-1.2626816926404726e-06,3.96909481671416
84,-1.665387847735521e-10,75,0.7510773687669762,80,1.2298898845224256e-06,2.6361478909756983
84,-1.665387847735521e-10,75,0.7510773687669762,81,-5.303351892807321e-07,3.2650759011868358
84,-1.665387847735521e-10,75,0.7510773687669762,82,-0.0005320349451850045,1.8278897114662285e-06
84,-1.665387847735521e-10,75,0.7510773687669762,83,-0.00012587649470226854,0.1184502813012614
84,-1.665387847735521e-10,75,0.7510773687669762,84,5.494476991121302e-06,4.631432199455334
84,-1.665387847735521e-10,75,0.7510773687669762,85,-0.00041764761186481825,2.7313031399880907e-06
84,-1.665387847735521e-10,75,0.7510773687669762,86,-4.0257226118671045e-06,1.4033052864124607
84,-1.665387847735521e-10,75,0.7510773687669762,87,-0.0003421403310348376,0.001665160217159082
84,-1.665387847735521e-10,75,0.7510773687669762,88,-1.6736102196679847e-05,0.5782626486593403
84,-1.665387847735521e-10,75,0.7510773687669762,89,-0.0004570778276012194,0.0003091599754940598
84,-1.665387847735521e-10,75,0.7510773687669762,90,6.0308920230503626e-06,6.1468222258524925
84,-1.665387847735521e-10,75,0.7510773687669762,91,1.6314723114518466e-06,4.575727054502465
84,-1.665387847735521e-10,75,0.7510773687669762,92,-0.0006756891681010571,1.0578608014350116e-06
84,-1.665387847735521e-10,75,0.7510773687669762,93,-0.0005695540213284259,6.125554200804539e-06
84,-1.665387847735521e-10,75,0.7510773687669762,94,-4.9760529358167514e-05,0.6243401705882835
84,-1.665387847735521e-10,75,0.7510773687669762,95,-1.3284346111093544e-06,6.156094692644194
84,-1.665387847735521e-10,75,0.7510773687669762,96,-0.0003668408247659664,3.994054003813788e-05
84,-1.665387847735521e-10,75,0.7510773687669762,97,-0.00016155312829296077,0.022204966795287627
84,-1.665387847735521e-10,75,0.7510773687669762,98,1.0513429535030829e-05,3.340154056102834
84,-1.665387847735521e-10,75,0.7510773687669762,99,-0.0010524652370118778,6.406520209038007e-10
84,-1.665387847735521e-10,75,0.7510773687669762,100,-6.0882688898740256e-05,0.20820451545439086
85,-1.1808266130630516e-10,17,0.7476485689152674,1,-0.0002145547551025803,0.0002611760745537435
85,-1.1808266130630516e-10,17,0.7476485689152674,2,-3.7963097930321134e-06,1.6621760554800356
85,-1.1808266130630516e-10,17,0.7476485689152674,3,-0.00045881110429429547,7.49122942197269e-08
85,-1.1808266130630516e-10,17,0.7476485689152674,4,-0.0003405977124707822,1.1013738921520294e-05
85,-1.1808266130630516e-10,17,0.7476485689152674,5,1.246526802397964e-05,0.8815035205551728
85,-1.1808266130630516e-10,17,0.7476485689152674,6,-3.57501164300009e-05,0.38726996237700245
85,-1.1808266130630516e-10,17,0.7476485689152674,7,-0.00042096286250077624,2.1728809566580867e-07
85,-1.1808266130630516e-10,17,0.7476485689152674,8,-1.9855903977922823e-05,0.6298736393150389
85,-1.1808266130630516e-10,17,0.7476485689152674,9,-0.00020270437312898545,0.0025817091381893386
85,-1.1808266130630516e-10,17,0.7476485689152674,10,-2.7225021298728593e-05,0.4868169916477774
85,-1.1808266130630516e-10,17,0.7476485689152674,11,-0.00022609899428416126,0.0002214390958244221
85,-1.1808266130630516e-10,17,0.7476485689152674,12,6.172433309341548e-06,4.785638864064622
85,-1.1808266130630516e-10,17,0.7476485689152674,13,-0.00013183843788269043,0.003453456011765776
85,-1.1808266130630516e-10,17,0.7476485689152674,14,-0.00011187464398885947,0.025597536066345357
85,-1.1808266130630516e-10,17,0.7476485689152674,15,-0.00029387626079981446,4.347652451777592e-06
85,-1.1808266130630516e-10,17,0.7476485689152674,16,-4.3555690692579443e-05,0.12834881932057468
85,-1.1808266130630516e-10,17,0.7476485689152674,17,1.6019796386697482e-06,1.2050099965776746
85,-1.1808266130630516e-10,17,0.7476485689152674,18,3.3175716382975404e-07,6.885289400785139
85,-1.1808266130630516e-10,17,0.7476485689152674,19,-0.00028394523124514875,1.3699940371536132e-05
85,-1.1808266130630516e-10,17,0.7476485689152674,20,-6.798749959491543e-06,1.1443181760586094
85,-1.1808266130630516e-10,17,0.7476485689152674,21,-0.00016496625301580065,0.0030147594133613466
85,-1.1808266130630516e-10,17,0.7476485689152674,22,-0.00030364720812143083,6.194146133077062e-06
85,-1.1808266130630516e-10,17,0.7476485689152674,23,1.914178531462937e-06,3.4026992429272536
85,-1.1808266130630516e-10,17,0.7476485689152674,24,-7.16436779353252e-06,0.7005609047372815
85,-1.1808266130630516e-10,17,0.7476485689152674,25,-0.00014402072637466294,0.0025877021937361785
85,-1.1808266130630516e-10,17,0.7476485689152674,26,-3.942546873389685e-05,0.6668503388533994
85,-1.1808266130630516e-10,17,0.7476485689152674,27,-5.399750776593653e-05,0.08347844210360636
85,-1.1808266130630516e-10,17,0.7476485689152674,28,1.6395703765065674e-07,6.422623821491598
85,-1.1808266130630516e-10,17,0.7476485689152674,29,-2.802517933456842e-05,1.0163333530681506
85,-1.1808266130630516e-10,17,0.7476485689152674,30,-1.1515757749423514e-06,5.678283253157873
85,-1.1808266130630516e-10,17,0.7476485689152674,31,-1.1660133456293071e-05,2.066888850544515
85,-1.1808266130630516e-10,17,0.7476485689152674,32,-0.0001723128123087483,0.0012369598216493772
85,-1.1808266130630516e-10,17,0.7476485689152674,33,-5.085627648170744e-06,3.652433184650083
85,-1.1808266130630516e-10,17,0.7476485689152674,34,4.080484567095002e-06,4.235681172534712
85,-1.1808266130630516e-10,17,0.7476485689152674,35,-0.00017868001332233625,0.0025304922693577406
85,-1.1808266130630516e-10,17,0.7476485689152674,36,-0.00025093525519303064,5.507893617807041e-06
85,-1.1808266130630516e-10,17,0.7476485689152674,37,-4.037050764543882e-06,0.8000380821168354
85,-1.1808266130630516e-10,17,0.7476485689152674,38,-8.399275956273537e-05,0.04815410232258287
85,-1.1808266130630516e-10,17,0.7476485689152674,39,7.002073431443427e-06,3.6276523370489198
85,-1.1808266130630516e-10,17,0.7476485689152674,40,-0.00010403063709947961,0.06387771217890961
85,-1.1808266130630516e-10,17,0.7476485689152674,41,-0.0002944736846186618,1.36681867482527e-05
85,-1.1808266130630516e-10,17,0.7476485689152674,42,-3.8411896466195093e-07,4.273851904539726
85,-1.1808266130630516e-10,17,0.7476485689152674,43,-0.0002091166023490275,0.0005611655216576277
85,-1.1808266130630516e-10,17,0.7476485689152674,44,-0.0001366003591516079,0.007603925123177331
85,-1.1808266130630516e-10,17,0.7476485689152674,45,-3.6334793584524777e-06,2.0876044704136962
85,-1.1808266130630516e-10,17,0.7476485689152674,46,-0.0002362579836082385,0.0011958194129029235
85,-1.1808266130630516e-10,17,0.7476485689152674,47,4.81124716167399e-06,4.126273000736858
85,-1.1808266130630516e-10,17,0.7476485689152674,48,-0.00019645649321165984,0.003574883256850917
85,-1.1808266130630516e-10,17,0.7476485689152674,49,6.831934064820762e-06,1.597809661167785
85,-1.1808266130630516e-10,17,0.7476485689152674,50,1.434108240489273e-06,5.957901121389711
85,-1.1808266130630516e-10,17,0.7476485689152674,51,-2.7183465836141133e-06,1.7209670622774353
85,-1.1808266130630516e-10,17,0.7476485689152674,52,-0.00011734724165535674,0.008866391658622127
85,-1.1808266130630516e-10,17,0.7476485689152674,53,-7.029279826888326e-05,0.2536389325459972
85,-1.1808266130630516e-10,17,0.7476485689152674,54,8.754814958582353e-08,0.8219960482865436
85,-1.1808266130630516e-10,17,0.7476485689152674,55,2.243668556000407e-06,5.743986106056996
85,-1.1808266130630516e-10,17,0.7476485689152674,56,-1.4042434536929058e-06,2.2634906224074123
85,-1.1808266130630516e-10,17,0.7476485689152674,57,5.463850869669494e-06,1.2634184713195178
85,-1.1808266130630516e-10,17,0.7476485689152674,58,-0.00010242542776049727,0.031417060635773514
85,-1.1808266130630516e-10,17,0.7476485689152674,59,-0.00036198653450544464,6.735353814403331e-06
85,-1.1808266130630516e-10,17,0.7476485689152674,60,9.715509726333192e-06,3.4032054507150744
85,-1.1808266130630516e-10,17,0.7476485689152674,61,-3.1421777181444644e-05,0.4415083575782686
85,-1.1808266130630516e-10,17,0.7476485689152674,62,-1.55343079450408e-05,0.5238905029505405
85,-1.1808266130630516e-10,17,0.7476485689152674,63,5.634430438463594e-06,4.821362530485633
85,-1.1808266130630516e-10,17,0.7476485689152674,64,-0.00023547877055138367,3.776561379157835e-05
85,-1.1808266130630516e-10,17,0.7476485689152674,65,-0.00014761941009361655,0.01678323471767338
85,-1.1808266130630516e-10,17,0.7476485689152674,66,-0.00023494083882293353,0.00011433371616013215
85,-1.1808266130630516e-10,17,0.7476485689152674,67,-1.969943583713936e-05,0.13719396837809952
85,-1.1808266130630516e-10,17,0.7476485689152674,68,-2.3144366831898845e-06,2.043599313426965
85,-1.1808266130630516e-10,17,0.7476485689152674,69,6.702891324369608e-08,1.4192989067535604
85,-1.1808266130630516e-10,17,0.7476485689152674,70,2.2922835885784403e-06,4.139365407553073
85,-1.1808266130630516e-10,17,0.7476485689152674,71,-0.0001780675495044306,0.0005507253248791454
85,-1.1808266130630516e-10,17,0.7476485689152674,72,-1.194023996548624e-06,2.6039793884479128
85,-1.1808266130630516e-10,17,0.7476485689152674,73,-0.00020456347691528003,0.0001521753122295626
85,-1.1808266130630516e-10,17,0.7476485689152674,74,1.9066690337783194e-06,2.68275880487885
85,-1.1808266130630516e-10,17,0.7476485689152674,75,-0.00026982490493077674,1.6394265716134333e-05
85,-1.1808266130630516e-10,17,0.7476485689152674,76,-0.0002261353361550845,0.0006176572016288253
85,-1.1808266130630516e-10,17,0.7476485689152674,77,-7.700190243388824e-06,2.161904199934427
85,-1.1808266130630516e-10,17,0.7476485689152674,78,1.2800424808515587e-05,2.007337266070004
85,-1.1808266130630516e-10,17,0.7476485689152674,79,8.842102360350144e-06,0.7825909732237828
85,-1.1808266130630516e-10,17,0.7476485689152674,80,1.3192019274746177e-06,2.594763659248816
85,-1.1808266130630516e-10,17,0.7476485689152674,81,-9.62943348650886e-06,1.0888251129842828
85,-1.1808266130630516e-10,17,0.7476485689152674,82,-1.1947073177058032e-05,0.28502440946039365
85,-1.1808266130630516e-10,17,0.7476485689152674,83,-1.7753598356680104e-07,1.8713894766569221
85,-1.1808266130630516e-10,17,0.7476485689152674,84,-0.00011563319655058133,0.04439805042487305
85,-1.1808266130630516e-10,17,0.7476485689152674,85,1.546297950774458e-05,2.8945472582001726
85,-1.1808266130630516e-10,17,0.7476485689152674,86,-0.0001381783391512369,0.020077008860434075
85,-1.1808266130630516e-10,17,0.7476485689152674,87,-3.594848651762198e-05,0.2536651162206009
85,-1.1808266130630516e-10,17,0.7476485689152674,88,2.2787194865233775e-06,1.2514904744373712
85,-1.1808266130630516e-10,17,0.7476485689152674,89,-1.5468030140324472e-06,1.065765776073736
85,-1.1808266130630516e-10,17,0.7476485689152674,90,-8.019261489385844e-05,0.10981105373416443
85,-1.1808266130630516e-10,17,0.7476485689152674,91,-1.8359161870054962e-06,2.397113379214789
85,-1.1808266130630516e-10,17,0.7476485689152674,92,-7.94998091862024e-06,1.4222465095298213
85,-1.1808266130630516e-10,17,0.7476485689152674,93,-0.00033028155769627114,5.906657745031894e-06
85,-1.1808266130630516e-10,17,0.7476485689152674,94,1.2226640939485863e-06,5.076089874948312
85,-1.1808266130630516e-10,17,0.7476485689152674,95,-2.0822100370991838e-06,2.966438383613929
85,-1.1808266130630516e-10,17,0.7476485689152674,96,5.644241262299604e-06,5.527129540661448
85,-1.1808266130630516e-10,17,0.7476485689152674,97,-0.00016575775092900004,0.0004351226473627657
85,-1.1808266130630516e-10,17,0.7476485689152674,98,9.546352324576287e-07,1.8405739565902641
85,-1.1808266130630516e-10,17,0.7476485689152674,99,-0.00027837813594594214,0.0007564559209194102
85,-1.1808266130630516e-10,17,0.7476485689152674,100,-5.070152337179376e-07,4.9856938055836
86,3.06097562945755e-11,52,0.7441085964549393,1,-2.958137817145914e-05,0.2459434489184843
86,3.06097562945755e-11,52,0.7441085964549393,2,-5.923865220866946e-05,0.03022922624934149
86,3.06097562945755e-11,52,0.7441085964549393,3,4.07268068159882e-06,2.7710449889754347
86,3.06097562945755e-11,52,0.7441085964549393,4,-4.109319263841271e-05,0.21571086902463577
86,3.06097562945755e-11,52,0.7441085964549393,5,-4.435314572385974e-05,0.2366600500373014
86,3.06097562945755e-11,52,0.7441085964549393,6,-5.043243911330771e-05,0.10765957386628215
86,3.06097562945755e-11,52,0.7441085964549393,7,-6.382312307473584e-06,0.3392046321088496
86,3.06097562945755e-11,52,0.7441085964549393,8,4.002013092335051e-06,1.077504199641766
86,3.06097562945755e-11,52,0.7441085964549393,9,6.530744111014423e-07,4.95801132359421
86,3.06097562945755e-11,52,0.7441085964549393,10,-9.463953843761115e-09,1.819237961538726
86,3.06097562945755e-11,52,0.7441085964549393,11,2.3847043860674436e-06,3.3853246124802086
86,3.06097562945755e-11,52,0.7441085964549393,12,-1.0709573398347274e-05,1.255259615573763
86,3.06097562945755e-11,52,0.7441085964549393,13,-5.549597712222114e-06,1.712140419066329
86,3.06097562945755e-11,52,0.7441085964549393,14,3.399043505618385e-06,2.878397178101957
86,3.06097562945755e-11,52,0.7441085964549393,15,-5.740766234760588e-05,0.07168493391564193
86,3.06097562945755e-11,52,0.7441085964549393,16,2.436548944795276e-06,3.397395465778141
86,3.06097562945755e-11,52,0.7441085964549393,17,-4.2360972244559195e-05,0.10011820621917362
86,3.06097562945755e-11,52,0.7441085964549393,18,5.319017900998455e-06,0.47142967794267027
86,3.06097562945755e-11,52,0.7441085964549393,19,4.857329690520145e-06,4.340782468199847
86,3.06097562945755e-11,52,0.7441085964549393,20,-1.1199513133695895e-05,0.46826632333375195
86,3.06097562945755e-11,52,0.7441085964549393,21,-4.042928277513665e-05,0.11515476228667969
86,3.06097562945755e-11,52,0.7441085964549393,22,-4.0223550085852815e-05,0.44781851673308803
86,3.06097562945755e-11,52,0.7441085964549393,23,-4.0491675184900396e-05,0.13611388655313325
86,3.06097562945755e-11,52,0.7441085964549393,24,-4.45845815071755e-06,0.6461921163752656
86,3.06097562945755e-11,52,0.7441085964549393,25,-2.384313162374399e-05,0.5907496937857212
86,3.06097562945755e-11,52,0.7441085964549393,26,-4.568374348197926e-06,1.1686791377853805
86,3.06097562945755e-11,52,0.7441085964549393,27,9.109943103330865e-06,4.6070051987693885
86,3.06097562945755e-11,52,0.7441085964549393,28,5.9332490839902184e-06,4.346624035924448
86,3.06097562945755e-11,52,0.7441085964549393,29,-1.2878831929387397e-06,1.8560249889316554
86,3.06097562945755e-11,52,0.7441085964549393,30,1.51007714718038e-06,1.955498870884637
86,3.06097562945755e-11,52,0.7441085964549393,31,-0.0001706176505296775,0.000349676128226084
86,3.06097562945755e-11,52,0.7441085964549393,32,-0.00010654569434813204,0.00488521060594306
86,3.06097562945755e-11,52,0.7441085964549393,33,-5.872419160766384e-05,0.1710776957453065
86,3.06097562945755e-11,52,0.7441085964549393,34,-3.766506250980832e-05,0.4283950099295898
86,3.06097562945755e-11,52,0.7441085964549393,35,6.140836389759938e-06,2.560439855772213
86,3.06097562945755e-11,52,0.7441085964549393,36,-6.154215144980059e-05,0.06654651819632557
86,3.06097562945755e-11,52,0.7441085964549393,37,5.198287546323297e-06,1.953811592071722
86,3.06097562945755e-11,52,0.7441085964549393,38,-1.4147288432207848e-05,1.529848767151342
86,3.06097562945755e-11,52,0.7441085964549393,39,6.429314802244746e-06,2.4585614871661234
86,3.06097562945755e-11,52,0.7441085964549393,40,-5.293377028400178e-06,1.7184199813959196
86,3.06097562945755e-11,52,0.7441085964549393,41,-2.6337778369050887e-05,0.5631397109347213
86,3.06097562945755e-11,52,0.7441085964549393,42,-5.132124449359812e-06,1.6638504502873477
86,3.06097562945755e-11,52,0.7441085964549393,43,-7.158280123200631e-06,1.2261902634262651
86,3.06097562945755e-11,52,0.7441085964549393,44,-1.3253748468425992e-06,2.3995847270482367
86,3.06097562945755e-11,52,0.7441085964549393,45,-0.00011069702212325638,0.006974257575171308
86,3.06097562945755e-11,52,0.7441085964549393,46,-2.2678373925266214e-05,0.16204536802370384
86,3.06097562945755e-11,52,0.7441085964549393,47,-3.43938773125475e-05,0.07789840426494056
86,3.06097562945755e-11,52,0.7441085964549393,48,-7.107145286737523e-06,2.840389166707254
86,3.06097562945755e-11,52,0.7441085964549393,49,-3.85237227886925e-07,1.966373752773781
86,3.06097562945755e-11,52,0.7441085964549393,50,-6.4504955140324455e-06,2.4300904709356494
86,3.06097562945755e-11,52,0.7441085964549393,51,5.2400068695303765e-06,2.395775614970354
86,3.06097562945755e-11,52,0.7441085964549393,52,-0.00014433802738022635,0.003446268404377096
86,3.06097562945755e-11,52,0.7441085964549393,53,6.692320976296835e-06,5.572330311850783
86,3.06097562945755e-11,52,0.7441085964549393,54,-4.918691531987239e-06,0.9422238568664655
86,3.06097562945755e-11,52,0.7441085964549393,55,7.142339394629852e-06,1.2392749754881283
86,3.06097562945755e-11,52,0.7441085964549393,56,1.1941249498528266e-06,1.919971777244525
86,3.06097562945755e-11,52,0.7441085964549393,57,-1.6347144139999986e-05,0.40161541803538303
86,3.06097562945755e-11,52,0.7441085964549393,58,-1.4718658117003533e-05,0.9188398368558511
86,3.06097562945755e-11,52,0.7441085964549393,59,6.921505863757748e-06,3.8932787971210017
86,3.06097562945755e-11,52,0.7441085964549393,60,7.274372233673796e-06,4.031716880192406
86,3.06097562945755e-11,52,0.7441085964549393,61,-1.0427207741184068e-05,0.9857491880548823
86,3.06097562945755e-11,52,0.7441085964549393,62,-1.5627349284397495e-05,0.987144182914876
86,3.06097562945755e-11,52,0.7441085964549393,63,-3.270400087396559e-05,0.34692081672144426
86,3.06097562945755e-11,52,0.7441085964549393,64,-1.099338043040029e-06,1.315099353672325
86,3.06097562945755e-11,52,0.7441085964549393,65,1.9023710140965421e-06,2.0239328691585152
86,3.06097562945755e-11,52,0.7441085964549393,66,-7.180697170831183e-05,0.027232784177000747
86,3.06097562945755e-11,52,0.7441085964549393,67,1.6898028214038662e-06,1.2578932702100618
86,3.06097562945755e-11,52,0.7441085964549393,68,-1.3256780135273217e-05,1.9337555607141181
86,3.06097562945755e-11,52,0.7441085964549393,69,-8.276828615571391e-06,1.3188624871761068
86,3.06097562945755e-11,52,0.7441085964549393,70,8.442821741963757e-06,2.7547851042290006
86,3.06097562945755e-11,52,0.7441085964549393,71,5.734049915331157e-06,0.5765349784326603
86,3.06097562945755e-11,52,0.7441085964549393,72,-8.165114309741662e-06,0.6095741202326179
86,3.06097562945755e-11,52,0.7441085964549393,73,2.563968687455664e-06,1.7912871400326706
86,3.06097562945755e-11,52,0.7441085964549393,74,-9.34445526582532e-06,0.4511557641834397
86,3.06097562945755e-11,52,0.7441085964549393,75,-1.2553884018046487e-05,0.9554269591522262
86,3.06097562945755e-11,52,0.7441085964549393,76,-2.003531519697456e-06,2.4950724946085394
86,3.06097562945755e-11,52,0.7441085964549393,77,4.354475292215663e-06,0.39297365852797544
86,3.06097562945755e-11,52,0.7441085964549393,78,5.760432188437893e-06,1.8461872205516174
86,3.06097562945755e-11,52,0.7441085964549393,79,-2.3754270273400062e-05,0.6193682309956272
86,3.06097562945755e-11,52,0.7441085964549393,80,-5.376214431122836e-06,3.0781827019430845
86,3.06097562945755e-11,52,0.7441085964549393,81,2.295039466955271e-06,2.752727199042595
86,3.06097562945755e-11,52,0.7441085964549393,82,-1.0084135879650134e-05,0.4964937871132214
86,3.06097562945755e-11,52,0.7441085964549393,83,1.3217258474616497e-05,2.152687948193737
86,3.06097562945755e-11,52,0.7441085964549393,84,8.181108710304434e-06,2.0871483478758535
86,3.06097562945755e-11,52,0.7441085964549393,85,6.104186629737513e-06,3.2815095349357604
86,3.06097562945755e-11,52,0.7441085964549393,86,-0.00010873156251784604,0.005974587950406928
86,3.06097562945755e-11,52,0.7441085964549393,87,-4.332407547171678e-05,0.10402014881963013
86,3.06097562945755e-11,52,0.7441085964549393,88,-5.652101310138446e-05,0.18607052225270992
86,3.06097562945755e-11,52,0.7441085964549393,89,-5.037574954942732e-05,0.09450593769693137
86,3.06097562945755e-11,52,0.7441085964549393,90,-0.00012324798896120773,0.002178276221698997
86,3.06097562945755e-11,52,0.7441085964549393,91,-4.2062128488800855e-06,1.0561752654977392
86,3.06097562945755e-11,52,0.7441085964549393,92,-8.541376789028593e-05,0.04702899300658885
86,3.06097562945755e-11,52,0.7441085964549393,93,6.747406503155667e-06,1.4838982215906598
86,3.06097562945755e-11,52,0.7441085964549393,94,7.492541418563232e-06,4.099636835410077
86,3.06097562945755e-11,52,0.7441085964549393,95,-3.382289407224638e-06,1.3002503320914924
86,3.06097562945755e-11,52,0.7441085964549393,96,-6.032390322948234e-07,2.8207755231111715
86,3.06097562945755e-11,52,0.7441085964549393,97,7.761595416012175e-06,3.768286668523655
86,3.06097562945755e-11,52,0.7441085964549393,98,-8.820192186253721e-05,0.04062366790963468
86,3.06097562945755e-11,52,0.7441085964549393,99,-2.5668159092104273e-05,0.45356563424303764
86,3.06097562945755e-11,52,0.7441085964549393,100,-1.8343985255078705e-05,0.45011601305851046
87,-3.110244667157237e-10,12,0.7520879330632105,1,-7.075644029670197e-06,2.598163142894207
87,-3.110244667157237e-10,12,0.7520879330632105,2,-5.776384367938173e-05,0.07896797752808564
87,-3.110244667157237e-10,12,0.7520879330632105,3,-8.138798610762379e-05,0.18877217409425806
87,-3.110244667157237e-10,12,0.7520879330632105,4,-0.00019656598649906145,0.0011816207485380334
87,-3.110244667157237e-10,12,0.7520879330632105,5,4.3364547574118266e-06,1.193132729601344
87,-3.110244667157237e-10,12,0.7520879330632105,6,3.588138024338139e-06,0.6211983452778875
87,-3.110244667157237e-10,12,0.7520879330632105,7,3.3607779683643828e-06,4.402759372700989
87,-3.110244667157237e-10,12,0.7520879330632105,8,-0.00010626241227364104,0.007457944144604171
87,-3.110244667157237e-10,12,0.7520879330632105,9,3.0029426738287686e-06,2.661820782491772
87,-3.110244667157237e-10,12,0.7520879330632105,10,-1.2205673096421877e-05,0.45025472581678727
87,-3.110244667157237e-10,12,0.7520879330632105,11,-6.801090956343463e-05,0.15095053735908678
87,-3.110244667157237e-10,12,0.7520879330632105,12,-3.704221956495518e-06,1.859521579618131
87,-3.110244667157237e-10,12,0.7520879330632105,13,4.48591021623368e-06,8.458324248478506
87,-3.110244667157237e-10,12,0.7520879330632105,14,-0.0001491496871627565,0.00366848715785435
87,-3.110244667157237e-10,12,0.7520879330632105,15,2.835005282001794e-06,6.557415298658734
87,-3.110244667157237e-10,12,0.7520879330632105,16,5.275706716411792e-06,7.6250905793871695
87,-3.110244667157237e-10,12,0.7520879330632105,17,-0.000211775299199718,0.00019192354930602584
87,-3.110244667157237e-10,12,0.7520879330632105,18,-7.316194293376458e-05,0.12574898887742822
87,-3.110244667157237e-10,12,0.7520879330632105,19,-3.3932571250617935e-05,0.22558405312395252
87,-3.110244667157237e-10,12,0.7520879330632105,20,2.0973107996723694e-06,7.904678362717366
87,-3.110244667157237e-10,12,0.7520879330632105,21,-0.00012864814096081006,0.012688663644213366
87,-3.110244667157237e-10,12,0.7520879330632105,22,-1.2130258192424821e-05,0.8093924657379344
87,-3.110244667157237e-10,12,0.7520879330632105,23,3.2207906049288207e-06,2.247475043970678
87,-3.110244667157237e-10,12,0.7520879330632105,24,-1.881661408990696e-05,0.7346969463828344
87,-3.110244667157237e-10,12,0.7520879330632105,25,-0.00010674579636327327,0.05176203591240011
87,-3.110244667157237e-10,12,0.7520879330632105,26,-1.959329915349672e-05,0.9644896118223211
87,-3.110244667157237e-10,12,0.7520879330632105,27,1.1117172128219958e-06,3.591859241374472
87,-3.110244667157237e-10,12,0.7520879330632105,28,-1.209482017318294e-05,0.5486835725761331
87,-3.110244667157237e-10,12,0.7520879330632105,29,-3.56963132138707e-05,0.3188393151949269
87,-3.110244667157237e-10,12,0.7520879330632105,30,7.151669179556229e-07,2.131703865476658
87,-3.110244667157237e-10,12,0.7520879330632105,31,4.89510163603635e-06,5.58221130719322
87,-3.110244667157237e-10,12,0.7520879330632105,32,-0.00016232075481588138,0.006637042697245071
87,-3.110244667157237e-10,12,0.7520879330632105,33,-0.0002677290548687729,1.3900247000847317e-05
87,-3.110244667157237e-10,12,0.7520879330632105,34,-7.81864357543105e-05,0.19622357047137934
87,-3.110244667157237e-10,12,0.7520879330632105,35,2.994886091502348e-07,4.519255038832834
87,-3.110244667157237e-10,12,0.7520879330632105,36,-5.327508561441979e-05,0.08795779203097255
87,-3.110244667157237e-10,12,0.7520879330632105,37,9.318841062160131e-06,3.0481264571378737
87,-3.110244667157237e-10,12,0.7520879330632105,38,-0.0002762925589235677,4.3372241294467786e-07
87,-3.110244667157237e-10,12,0.7520879330632105,39,-0.0001047430603721026,0.16894718570332873
87,-3.110244667157237e-10,12,0.7520879330632105,40,-0.00011438475050722127,0.0086211130678941
87,-3.110244667157237e-10,12,0.7520879330632105,41,-6.476197480438794e-06,1.2827547169167897
87,-3.110244667157237e-10,12,0.7520879330632105,42,-0.00023074723292704924,0.0007263241337917142
87,-3.110244667157237e-10,12,0.7520879330632105,43,-0.00011904359775122451,0.008232215834956818
87,-3.110244667157237e-10,12,0.7520879330632105,44,-0.0001001513900432466,0.02625742312197924
87,-3.110244667157237e-10,12,0.7520879330632105,45,2.7093706759134038e-06,6.7742413882232935
87,-3.110244667157237e-10,12,0.7520879330632105,46,3.0291528573257276e-07,4.533751668943592
87,-3.110244667157237e-10,12,0.7520879330632105,47,-7.08569940685588e-05,0.17349612770823172
87,-3.110244667157237e-10,12,0.7520879330632105,48,6.520654724827834e-07,1.0744833634632185
87,-3.110244667157237e-10,12,0.7520879330632105,49,-0.00016891829151799794,0.012405462807588665
87,-3.110244667157237e-10,12,0.7520879330632105,50,9.23702785094878e-07,1.9464508283024728
87,-3.110244667157237e-10,12,0.7520879330632105,51,-7.355873085382946e-05,0.007039645175342994
87,-3.110244667157237e-10,12,0.7520879330632105,52,-2.698305577566673e-05,0.22612848005716385
87,-3.110244667157237e-10,12,0.7520879330632105,53,-5.25875582928358e-05,0.2734464513084193
87,-3.110244667157237e-10,12,0.7520879330632105,54,-0.0002180890055838826,0.0009524417588712993
87,-3.110244667157237e-10,12,0.7520879330632105,55,-5.544913963204036e-07,1.4342089794782658
87,-3.110244667157237e-10,12,0.7520879330632105,56,-7.968436287912347e-05,0.044760347143365
87,-3.110244667157237e-10,12,0.7520879330632105,57,-6.588016566694005e-05,0.14192172395419844
87,-3.110244667157237e-10,12,0.7520879330632105,58,6.665044633685152e-06,1.8807412820736649
87,-3.110244667157237e-10,12,0.7520879330632105,59,1.3656166419859307e-06,2.185697642506065
87,-3.110244667157237e-10,12,0.7520879330632105,60,1.3935163697684955e-06,1.7415793383860194
87,-3.110244667157237e-10,12,0.7520879330632105,61,7.632109360248771e-08,1.7563121052760329
87,-3.110244667157237e-10,12,0.7520879330632105,62,5.642805601092686e-06,2.2652855032393826
87,-3.110244667157237e-10,12,0.7520879330632105,63,5.10732360194485e-07,4.028034879195792
87,-3.110244667157237e-10,12,0.7520879330632105,64,-0.0003386611592604073,1.0652069872864131e-05
87,-3.110244667157237e-10,12,0.7520879330632105,65,-0.00013609933115864043,0.07240322525938413
87,-3.110244667157237e-10,12,0.7520879330632105,66,-1.0629981274835077e-05,1.5160993925549036
87,-3.110244667157237e-10,12,0.7520879330632105,67,-6.168126896436458e-05,0.046331574595269515
87,-3.110244667157237e-10,12,0.7520879330632105,68,-1.0354170281571507e-05,1.6438957127204654
87,-3.110244667157237e-10,12,0.7520879330632105,69,-3.465452489544873e-05,0.10509009126230608
87,-3.110244667157237e-10,12,0.7520879330632105,70,-1.7613358914439294e-06,4.248234829589517
87,-3.110244667157237e-10,12,0.7520879330632105,71,1.370455247607023e-06,1.5763368092146577
87,-3.110244667157237e-10,12,0.7520879330632105,72,-5.860535219022649e-05,0.11427563894106871
87,-3.110244667157237e-10,12,0.7520879330632105,73,3.5951359849964006e-06,0.6232561199377415
87,-3.110244667157237e-10,12,0.7520879330632105,74,7.18289791864867e-06,1.9320897924420493
87,-3.110244667157237e-10,12,0.7520879330632105,75,-0.00021259883670938628,0.00038740530762095866
87,-3.110244667157237e-10,12,0.7520879330632105,76,-0.00024022411666529443,0.0005656655936906363
87,-3.110244667157237e-10,12,0.7520879330632105,77,-5.866775145659674e-05,0.2407386619507142
87,-3.110244667157237e-10,12,0.7520879330632105,78,8.38192114468392e-06,1.9332478005347935
87,-3.110244667157237e-10,12,0.7520879330632105,79,-0.0001459667708582068,0.005831975647052084
87,-3.110244667157237e-10,12,0.7520879330632105,80,-5.350920651066701e-06,1.3952952400353902
87,-3.110244667157237e-10,12,0.7520879330632105,81,-7.140711879850761e-05,0.03975047130415346
87,-3.110244667157237e-10,12,0.7520879330632105,82,-0.00020864541275465744,0.0002986532250432274
87,-3.110244667157237e-10,12,0.7520879330632105,83,-4.8303286069685594e-05,0.057698460859409724
87,-3.110244667157237e-10,12,0.7520879330632105,84,4.749616804407751e-07,2.8117560638158725
87,-3.110244667157237e-10,12,0.7520879330632105,85,4.354124540387142e-06,4.516040499400102
87,-3.110244667157237e-10,12,0.7520879330632105,86,4.174842574243278e-06,4.572216404361883
87,-3.110244667157237e-10,12,0.7520879330632105,87,-9.159615369616395e-06,1.1768024399561656
87,-3.110244667157237e-10,12,0.7520879330632105,88,-0.00017900262641549903,0.001251133951746004
87,-3.110244667157237e-10,12,0.7520879330632105,89,-6.498825320658711e-06,2.214768095566717
87,-3.110244667157237e-10,12,0.7520879330632105,90,4.11257155173028e-06,0.7768710742222728
87,-3.110244667157237e-10,12,0.7520879330632105,91,-0.00015364717766823695,0.008555435695945648
87,-3.110244667157237e-10,12,0.7520879330632105,92,2.8494352684808325e-06,2.996118758645282
87,-3.110244667157237e-10,12,0.7520879330632105,93,1.5915249377766173e-06,2.3459077788661498
87,-3.110244667157237e-10,12,0.7520879330632105,94,-0.000132859248104541,0.07119495611147379
87,-3.110244667157237e-10,12,0.7520879330632105,95,7.428250885612868e-06,2.8797766011153527
87,-3.110244667157237e-10,12,0.7520879330632105,96,-0.00021707813266363263,0.00020141780216646396
87,-3.110244667157237e-10,12,0.7520879330632105,97,-0.0001631457965432004,0.0022415510019987376
87,-3.110244667157237e-10,12,0.7520879330632105,98,-0.00013310779166791496,0.0147131866981344
87,-3.110244667157237e-10,12,0.7520879330632105,99,2.969486490254059e-07,1.8380140559216362
87,-3.110244667157237e-10,12,0.7520879330632105,100,-0.0001969134928156263,0.008397650908399027
88,-3.423612207177339e-10,60,0.750068033731272,1,-0.0003823812518292554,0.0009652349970471596
88,-3.423612207177339e-10,60,0.750068033731272,2,-1.6040001550621763e-06,0.3552932626729808
88,-3.423612207177339e-10,60,0.750068033731272,3,-1.1117758717124443e-05,0.7482606604055274
88,-3.423612207177339e-10,60,0.750068033731272,4,-0.00013985159599718682,0.027863205756669403
88,-3.423612207177339e-10,60,0.750068033731272,5,1.1564895233048343e-06,4.9206898991752555
88,-3.423612207177339e-10,60,0.750068033731272,6,1.0354364485469948e-05,1.9048756530231055
88,-3.423612207177339e-10,60,0.750068033731272,7,9.117486046377822e-06,1.4570830170405111
88,-3.423612207177339e-10,60,0.750068033731272,8,-7.26563231460838e-05,0.03518007733238362
88,-3.423612207177339e-10,60,0.750068033731272,9,1.4910820222564484e-05,1.2532233518713671
88,-3.423612207177339e-10,60,0.750068033731272,10,-0.0003053622081915384,0.011818180848036508
88,-3.423612207177339e-10,60,0.750068033731272,11,-0.00011980869494855714,0.1104650116610949
88,-3.423612207177339e-10,60,0.750068033731272,12,-0.00018186442523498802,0.06427391432036657
88,-3.423612207177339e-10,60,0.750068033731272,13,5.538747726011242e-07,2.5953981167680933
88,-3.423612207177339e-10,60,0.750068033731272,14,1.5323941855669582e-06,5.367189498026144
88,-3.423612207177339e-10,60,0.750068033731272,15,1.3781286006573379e-05,0.39908662581270693
88,-3.423612207177339e-10,60,0.750068033731272,16,5.820950634761593e-06,2.6544339744564533
88,-3.423612207177339e-10,60,0.750068033731272,17,-0.00023935820044618188,0.01651580545630879
88,-3.423612207177339e-10,60,0.750068033731272,18,-3.6830467836069484e-05,0.36675634501726184
88,-3.423612207177339e-10,60,0.750068033731272,19,-0.0007956459559635892,6.706070357459617e-09
88,-3.423612207177339e-10,60,0.750068033731272,20,-9.433007808678829e-07,3.11010661902301
88,-3.423612207177339e-10,60,0.750068033731272,21,7.730204944820179e-06,0.9612365886242752
88,-3.423612207177339e-10,60,0.750068033731272,22,-0.0008701179342122318,-6.136889602225885e-09
88,-3.423612207177339e-10,60,0.750068033731272,23,-6.448996567654605e-06,1.2625744068902585
88,-3.423612207177339e-10,60,0.750068033731272,24,-0.00033767045562703164,0.045091094366179196
88,-3.423612207177339e-10,60,0.750068033731272,25,-4.2830148413893305e-06,0.8402082653653203
88,-3.423612207177339e-10,60,0.750068033731272,26,-0.00012089868285394173,0.13320375745667165
88,-3.423612207177339e-10,60,0.750068033731272,27,-8.119877630880633e-05,0.33819118026753003
88,-3.423612207177339e-10,60,0.750068033731272,28,-0.0003832564326483692,0.0005299373539101896
88,-3.423612207177339e-10,60,0.750068033731272,29,3.838920457615142e-06,4.934776114551734
88,-3.423612207177339e-10,60,0.750068033731272,30,-0.00017823513543358186,0.043381073063173625
88,-3.423612207177339e-10,60,0.750068033731272,31,-0.0004507265443667489,0.0003688955827325095
88,-3.423612207177339e-10,60,0.750068033731272,32,3.819016778146303e-06,5.2647995876246885
88,-3.423612207177339e-10,60,0.750068033731272,33,-0.00017425489598215085,0.0012550265236191656
88,-3.423612207177339e-10,60,0.750068033731272,34,5.630861738088842e-06,4.846406441537253
88,-3.423612207177339e-10,60,0.750068033731272,35,-0.0008444002537355919,-2.38003961561934e-08
88,-3.423612207177339e-10,60,0.750068033731272,36,-1.3417321131829474e-06,3.463392112551968
88,-3.423612207177339e-10,60,0.750068033731272,37,4.033264020372951e-06,2.555145183853333
88,-3.423612207177339e-10,60,0.750068033731272,38,-0.00024069323852365107,0.03377392139457216
88,-3.423612207177339e-10,60,0.750068033731272,39,-1.171156315246285e-05,1.7331910675549367
88,-3.423612207177339e-10,60,0.750068033731272,40,-6.909669255180447e-05,0.113402012763624
88,-3.423612207177339e-10,60,0.750068033731272,41,1.2863070252732097e-05,0.6610753220423655
88,-3.423612207177339e-10,60,0.750068033731272,42,-0.0002326452510532813,0.001467443453651982
88,-3.423612207177339e-10,60,0.750068033731272,43,-4.509440626973927e-05,0.10988977558306884
88,-3.423612207177339e-10,60,0.750068033731272,44,-1.2500664485802743e-06,6.217742220248012
88,-3.423612207177339e-10,60,0.750068033731272,45,5.497575542705595e-06,1.1149248489485881
88,-3.423612207177339e-10,60,0.750068033731272,46,-0.00027963950284701206,0.0015491633681873208
88,-3.423612207177339e-10,60,0.750068033731272,47,-0.0007566403695718489,1.8240446443505366e-08
88,-3.423612207177339e-10,60,0.750068033731272,48,-9.332844555168306e-05,0.10487038445194297
88,-3.423612207177339e-10,60,0.750068033731272,49,-5.4694239578607504e-05,0.30538920793142726
88,-3.423612207177339e-10,60,0.750068033731272,50,-0.00041587961196526646,0.0008064596378068261
88,-3.423612207177339e-10,60,0.750068033731272,51,-5.004504829233841e-07,3.5702789896183376
88,-3.423612207177339e-10,60,0.750068033731272,52,1.2224429305478614e-05,2.117628278932414
88,-3.423612207177339e-10,60,0.750068033731272,53,-6.507326883548146e-06,3.502337991865229
88,-3.423612207177339e-10,60,0.750068033731272,54,-0.0001319867802480119,0.06231395585852981
88,-3.423612207177339e-10,60,0.750068033731272,55,1.7911867783558375e-06,4.815446765492108
88,-3.423612207177339e-10,60,0.750068033731272,56,-3.908749263332052e-05,1.0340104152804859
88,-3.423612207177339e-10,60,0.750068033731272,57,8.380957895070522e-06,2.8974448856662973
88,-3.423612207177339e-10,60,0.750068033731272,58,2.416362168432403e-06,6.765031732187121
88,-3.423612207177339e-10,60,0.750068033731272,59,-0.0012475423794911307,-4.021894378742695e-10
88,-3.423612207177339e-10,60,0.750068033731272,60,-0.0005876560457968822,2.652363337219414e-06
88,-3.423612207177339e-10,60,0.750068033731272,61,4.218775209569506e-06,8.302373991755797
88,-3.423612207177339e-10,60,0.750068033731272,62,-0.00024098383915059637,0.01918963433542997
88,-3.423612207177339e-10,60,0.750068033731272,63,-3.3833336163924693e-07,1.930603875946999
88,-3.423612207177339e-10,60,0.750068033731272,64,2.2749579452065605e-06,3.709232697934799
88,-3.423612207177339e-10,60,0.750068033731272,65,-0.0009423602731330257,-6.314037123211437e-09
88,-3.423612207177339e-10,60,0.750068033731272,66,-0.0001925460043810594,0.0027082568168050355
88,-3.423612207177339e-10,60,0.750068033731272,67,-7.2837414362140115e-06,1.6465918365312777
88,-3.423612207177339e-10,60,0.750068033731272,68,-3.513388499388911e-05,0.3728346452281072
88,-3.423612207177339e-10,60,0.750068033731272,69,1.8231972047045673e-06,4.027961019459051
88,-3.423612207177339e-10,60,0.750068033731272,70,-1.703235808401801e-05,0.9950941371211343
88,-3.423612207177339e-10,60,0.750068033731272,71,8.753381542057788e-05,0.17609160382598424
88,-3.423612207177339e-10,60,0.750068033731272,72,-1.538788039565552e-05,0.3730381018473506
88,-3.423612207177339e-10,60,0.750068033731272,73,-2.349491015969352e-05,0.36036279040311975
88,-3.423612207177339e-10,60,0.750068033731272,74,-6.665511404866145e-06,1.1325918391671987
88,-3.423612207177339e-10,60,0.750068033731272,75,1.1497801559537708e-05,2.3144560023014225
88,-3.423612207177339e-10,60,0.750068033731272,76,4.449553372885349e-06,1.6244564740143663
88,-3.423612207177339e-10,60,0.750068033731272,77,-0.00033381655042328856,0.0018571938708793637
88,-3.423612207177339e-10,60,0.750068033731272,78,7.928147920487919e-07,3.6460886529470495
88,-3.423612207177339e-10,60,0.750068033731272,79,-3.834465973923053e-05,0.5245482569634994
88,-3.423612207177339e-10,60,0.750068033731272,80,-0.00035325822403845517,0.0007827839657038937
88,-3.423612207177339e-10,60,0.750068033731272,81,-0.00046743458711807884,0.000675761530351048
88,-3.423612207177339e-10,60,0.750068033731272,82,-0.00033022518396570364,0.006902683877195557
88,-3.423612207177339e-10,60,0.750068033731272,83,-0.00019295181955743569,0.027471185053781867
88,-3.423612207177339e-10,60,0.750068033731272,84,-4.165120968204612e-06,2.8694515581050175
88,-3.423612207177339e-10,60,0.750068033731272,85,1.3108260238820422e-07,3.6436091923589746
88,-3.423612207177339e-10,60,0.750068033731272,86,1.4836778231020702e-06,3.2882175270427383
88,-3.423612207177339e-10,60,0.750068033731272,87,-0.00010288358736597644,0.056742556788181096
88,-3.423612207177339e-10,60,0.750068033731272,88,-0.0004071354082960865,0.0002041685544978685
88,-3.423612207177339e-10,60,0.750068033731272,89,2.1555537232833885e-06,0.38958846427792787
88,-3.423612207177339e-10,60,0.750068033731272,90,1.0798270833735959e-05,2.482093589870545
88,-3.423612207177339e-10,60,0.750068033731272,91,-0.00022652733631003166,0.024007111552806073
88,-3.423612207177339e-10,60,0.750068033731272,92,-0.000847304137781927,-6.514029466775792e-09
88,-3.423612207177339e-10,60,0.750068033731272,93,4.489824886198398e-06,2.1525418813433896
88,-3.423612207177339e-10,60,0.750068033731272,94,1.9213009438369383e-06,3.72586138581143
88,-3.423612207177339e-10,60,0.750068033731272,95,-0.0007695465072660487,2.382668941421117e-06
88,-3.423612207177339e-10,60,0.750068033731272,96,-0.0013142987633572118,-1.9661298900285512e-09
88,-3.423612207177339e-10,60,0.750068033731272,97,-0.00016779859770086963,0.04165332128139736
88,-3.423612207177339e-10,60,0.750068033731272,98,-2.7662174423667003e-07,5.107191162877501
88,-3.423612207177339e-10,60,0.750068033731272,99,3.833229993243213e-06,3.520117565734074
88,-3.423612207177339e-10,60,0.750068033731272,100,-0.0009535123968740054,-4.718162033758097e-08
89,-2.044030270858319e-10,84,0.7439279003838937,1,3.515308312457373e-05,0.16606279656361214
89,-2.044030270858319e-10,84,0.7439279003838937,2,-1.9738980869858086e-06,1.9511627208804803
89,-2.044030270858319e-10,84,0.7439279003838937,3,-1.3845839770012413e-05,1.9781670067672161
89,-2.044030270858319e-10,84,0.7439279003838937,4,-1.7930885910260955e-05,1.0817215085941863
89,-2.044030270858319e-10,84,0.7439279003838937,5,1.09347632527352e-05,1.2546543853375065
89,-2.044030270858319e-10,84,0.7439279003838937,6,6.0554896751543936e-06,1.9766744154381934
89,-2.044030270858319e-10,84,0.7439279003838937,7,-0.00026319095675620644,0.00042044073409148563
89,-2.044030270858319e-10,84,0.7439279003838937,8,-0.000194808913626699,0.0036905308385072498
89,-2.044030270858319e-10,84,0.7439279003838937,9,-4.539044939174982e-05,0.3322492525889088
89,-2.044030270858319e-10,84,0.7439279003838937,10,-2.79051522675688e-05,0.2635233826669363
89,-2.044030270858319e-10,84,0.7439279003838937,11,-8.274840488144378e-05,0.09990228417208974
89,-2.044030270858319e-10,84,0.7439279003838937,12,-8.063483162263927e-05,0.041780720532669645
89,-2.044030270858319e-10,84,0.7439279003838937,13,-8.847972597949891e-06,1.6234278160476712
89,-2.044030270858319e-10,84,0.7439279003838937,14,-0.0003416855068448356,4.2279747626348206e-05
89,-2.044030270858319e-10,84,0.7439279003838937,15,-3.524116088691588e-05,0.12394865286620303
89,-2.044030270858319e-10,84,0.7439279003838937,16,3.849511466595273e-06,6.681710604409635
89,-2.044030270858319e-10,84,0.7439279003838937,17,-0.00028603038781577526,4.0346074770647454e-05
89,-2.044030270858319e-10,84,0.7439279003838937,18,-3.3921111197930425e-06,2.1529964618455333
89,-2.044030270858319e-10,84,0.7439279003838937,19,-1.554880076596503e-05,0.9045909742679417
89,-2.044030270858319e-10,84,0.7439279003838937,20,2.01784224945729e-05,1.9625116703699246
89,-2.044030270858319e-10,84,0.7439279003838937,21,-1.0003847408939576e-05,0.6739627694939317
89,-2.044030270858319e-10,84,0.7439279003838937,22,-5.106008140991527e-05,0.1004140248798292
89,-2.044030270858319e-10,84,0.7439279003838937,23,-0.00024104736381386026,0.00042253292357918057
89,-2.044030270858319e-10,84,0.7439279003838937,24,-1.828127546823133e-05,1.8178112838069322
89,-2.044030270858319e-10,84,0.7439279003838937,25,1.7396421647802493e-05,1.7128192498342831
89,-2.044030270858319e-10,84,0.7439279003838937,26,-1.6407361611940796e-06,4.713239347216119
89,-2.044030270858319e-10,84,0.7439279003838937,27,2.4695767641190463e-06,2.5833051906705213
89,-2.044030270858319e-10,84,0.7439279003838937,28,3.446035741314907e-06,5.787439448944927
89,-2.044030270858319e-10,84,0.7439279003838937,29,-0.0001290992193005856,0.01634468502935184
89,-2.044030270858319e-10,84,0.7439279003838937,30,-0.00029748258854266817,1.874084119893963e-05
89,-2.044030270858319e-10,84,0.7439279003838937,31,-9.939063788797636e-06,0.708320004403663
89,-2.044030270858319e-10,84,0.7439279003838937,32,2.9353560502887056e-06,6.281650686976899
89,-2.044030270858319e-10,84,0.7439279003838937,33,-0.0003516066100428835,7.778694531943217e-06
89,-2.044030270858319e-10,84,0.7439279003838937,34,8.923768386114882e-06,3.670514894561307
89,-2.044030270858319e-10,84,0.7439279003838937,35,-0.0002771467674479884,0.0009651491627559071
89,-2.044030270858319e-10,84,0.7439279003838937,36,-0.00014654965566030637,0.009089036172536027
89,-2.044030270858319e-10,84,0.7439279003838937,37,-3.537868516282977e-05,1.1455430376022608
89,-2.044030270858319e-10,84,0.7439279003838937,38,-0.0005069462311688833,3.4416808326051934e-08
89,-2.044030270858319e-10,84,0.7439279003838937,39,-3.4210396647532005e-05,0.5975599023951581
89,-2.044030270858319e-10,84,0.7439279003838937,40,-2.695746393934544e-06,2.169080960145824
89,-2.044030270858319e-10,84,0.7439279003838937,41,-5.861876808614356e-05,0.18172267616087262
89,-2.044030270858319e-10,84,0.7439279003838937,42,3.189397799318752e-06,2.144661586995369
89,-2.044030270858319e-10,84,0.7439279003838937,43,-2.9087064989783352e-05,0.2055444484581638
89,-2.044030270858319e-10,84,0.7439279003838937,44,-0.00014693793760343872,0.021660216992234003
89,-2.044030270858319e-10,84,0.7439279003838937,45,-2.0914639414752676e-05,0.3918683860320922
89,-2.044030270858319e-10,84,0.7439279003838937,46,1.433580418710109e-05,1.765434327434775
89,-2.044030270858319e-10,84,0.7439279003838937,47,-0.00016331251783611176,0.002045356831992035
89,-2.044030270858319e-10,84,0.7439279003838937,48,2.231524625904332e-06,2.317472478971252
89,-2.044030270858319e-10,84,0.7439279003838937,49,1.6765539156712514e-06,3.1005556850756544
89,-2.044030270858319e-10,84,0.7439279003838937,50,-0.00028180019900799256,4.913262780311971e-05
89,-2.044030270858319e-10,84,0.7439279003838937,51,4.810751501460826e-06,4.755652952125464
89,-2.044030270858319e-10,84,0.7439279003838937,52,5.780474947405336e-06,5.081588541378964
89,-2.044030270858319e-10,84,0.7439279003838937,53,-0.00010928978280467409,0.007646875146280219
89,-2.044030270858319e-10,84,0.7439279003838937,54,-3.034155963119074e-05,0.023682972401965964
89,-2.044030270858319e-10,84,0.7439279003838937,55,-0.0002855682278682918,0.0004427848078794301
89,-2.044030270858319e-10,84,0.7439279003838937,56,6.540019590303544e-06,2.3846459681333476
89,-2.044030270858319e-10,84,0.7439279003838937,57,4.222909875958532e-06,4.461709280435082
89,-2.044030270858319e-10,84,0.7439279003838937,58,-2.848886759094996e-05,0.6138607287702679
89,-2.044030270858319e-10,84,0.7439279003838937,59,-0.0001420937312920685,0.021426198612128668
89,-2.044030270858319e-10,84,0.7439279003838937,60,-2.7584443047942804e-05,0.14074899611657748
89,-2.044030270858319e-10,84,0.7439279003838937,61,-4.328550624621085e-05,0.1708331644889179
89,-2.044030270858319e-10,84,0.7439279003838937,62,4.904748863114528e-06,4.463580267337299
89,-2.044030270858319e-10,84,0.7439279003838937,63,-0.00021207826031798864,0.0013029902417774771
89,-2.044030270858319e-10,84,0.7439279003838937,64,-0.00016884152726764632,0.002544926641443806
89,-2.044030270858319e-10,84,0.7439279003838937,65,-1.1252857166511222e-05,0.774719790360138
89,-2.044030270858319e-10,84,0.7439279003838937,66,-5.244128878083477e-06,2.811589441538794
89,-2.044030270858319e-10,84,0.7439279003838937,67,1.3639981827654417e-07,3.8932863302077116
89,-2.044030270858319e-10,84,0.7439279003838937,68,5.906050824848887e-06,1.1757892631006877
89,-2.044030270858319e-10,84,0.7439279003838937,69,-6.244435995239864e-05,0.4340024685893087
89,-2.044030270858319e-10,84,0.7439279003838937,70,-4.892854032384537e-07,2.7083776877450205
89,-2.044030270858319e-10,84,0.7439279003838937,71,-9.52344288136751e-06,2.553292392314635
89,-2.044030270858319e-10,84,0.7439279003838937,72,1.5262620502478992e-05,0.32807436985258254
89,-2.044030270858319e-10,84,0.7439279003838937,73,-0.0001545633281159178,0.032203450601458766
89,-2.044030270858319e-10,84,0.7439279003838937,74,-4.7047087960857394e-05,0.264204406963859
89,-2.044030270858319e-10,84,0.7439279003838937,75,-5.43951430593978e-05,0.16559314638400385
89,-2.044030270858319e-10,84,0.7439279003838937,76,2.3223412925551222e-05,1.572042297973
89,-2.044030270858319e-10,84,0.7439279003838937,77,-2.650603899834868e-05,0.3526097147278453
89,-2.044030270858319e-10,84,0.7439279003838937,78,-1.4220228478448735e-06,2.4356835544622437
89,-2.044030270858319e-10,84,0.7439279003838937,79,-0.00032280346975063735,5.048203628766941e-05
89,-2.044030270858319e-10,84,0.7439279003838937,80,4.0352549380411005e-06,2.871905362230162
89,-2.044030270858319e-10,84,0.7439279003838937,81,-9.388017729300657e-06,2.0257920802485962
89,-2.044030270858319e-10,84,0.7439279003838937,82,3.5318879219048613e-06,6.465675054869209
89,-2.044030270858319e-10,84,0.7439279003838937,83,-8.851237206704925e-06,1.4184281428386587
89,-2.044030270858319e-10,84,0.7439279003838937,84,-0.0001996155033573808,0.0033439279582695635
89,-2.044030270858319e-10,84,0.7439279003838937,85,3.8199289174602915e-06,6.953867495021976
89,-2.044030270858319e-10,84,0.7439279003838937,86,-5.88059420309947e-05,0.16378407490831062
89,-2.044030270858319e-10,84,0.7439279003838937,87,7.6029476114276505e-06,4.207684645333677
89,-2.044030270858319e-10,84,0.7439279003838937,88,-8.482401933040816e-07,0.32638356218626824
89,-2.044030270858319e-10,84,0.7439279003838937,89,-0.00011068754838534642,0.022568264480058334
89,-2.044030270858319e-10,84,0.7439279003838937,90,3.855633837340443e-08,3.757477884941959
89,-2.044030270858319e-10,84,0.7439279003838937,91,-0.00018687264490825447,0.007482512622978804
89,-2.044030270858319e-10,84,0.7439279003838937,92,-0.00018455478315224777,0.001390543283828631
89,-2.044030270858319e-10,84,0.7439279003838937,93,-0.00023214746567854223,0.00019239142010488315
89,-2.044030270858319e-10,84,0.7439279003838937,94,1.4706057372226012e-06,3.026254007105656
89,-2.044030270858319e-10,84,0.7439279003838937,95,-9.356413425485918e-06,1.8856747802175542
89,-2.044030270858319e-10,84,0.7439279003838937,96,-2.514189309741074e-07,4.239385484317259
89,-2.044030270858319e-10,84,0.7439279003838937,97,-0.00034648711060916325,1.781522672424289e-05
89,-2.044030270858319e-10,84,0.7439279003838937,98,-0.00011454462807957126,0.022579153444435916
89,-2.044030270858319e-10,84,0.7439279003838937,99,-0.0002668144446430451,8.045388649053492e-05
89,-2.044030270858319e-10,84,0.7439279003838937,100,-0.00028680288001494883,4.5473913270603114e-05
90,1.430487810721366e-10,94,0.7547464625841123,1,-6.974280705423086e-05,0.0742625048692583
90,1.430487810721366e-10,94,0.7547464625841123,2,-4.7786428236127575e-06,2.694835143185059
90,1.430487810721366e-10,94,0.7547464625841123,3,-1.57073615248182e-05,0.2811997656921467
90,1.430487810721366e-10,94,0.7547464625841123,4,-0.00017082125209538936,0.005120513106045081
90,1.430487810721366e-10,94,0.7547464625841123,5,1.3296237455190897e-05,0.5050178338020384
90,1.430487810721366e-10,94,0.7547464625841123,6,-2.6581512176059626e-05,0.23251530301681822
90,1.430487810721366e-10,94,0.7547464625841123,7,-1.6875104232414895e-05,0.8374479167446319
90,1.430487810721366e-10,94,0.7547464625841123,8,6.601464582230225e-06,2.6082598985868466
90,1.430487810721366e-10,94,0.7547464625841123,9,-7.782160029172134e-06,2.4257532126938153
90,1.430487810721366e-10,94,0.7547464625841123,10,-5.775198823143661e-06,1.1347080349868166
90,1.430487810721366e-10,94,0.7547464625841123,11,7.328976285134408e-07,2.217407085511734
90,1.430487810721366e-10,94,0.7547464625841123,12,-0.00017511574160086033,0.0019349469828101457
90,1.430487810721366e-10,94,0.7547464625841123,13,8.22506367648704e-06,1.7277034297351577
90,1.430487810721366e-10,94,0.7547464625841123,14,-0.000193643690529703,0.001422751243422692
90,1.430487810721366e-10,94,0.7547464625841123,15,1.905642299088883e-06,0.3503019673314064
90,1.430487810721366e-10,94,0.7547464625841123,16,9.078408595307105e-06,1.659618234706204
90,1.430487810721366e-10,94,0.7547464625841123,17,-3.425925336964565e-06,1.4158896006525339
90,1.430487810721366e-10,94,0.7547464625841123,18,6.7653741839827875e-06,2.5845439678069817
90,1.430487810721366e-10,94,0.7547464625841123,19,7.2360789427112876e-06,3.433985284144452
90,1.430487810721366e-10,94,0.7547464625841123,20,-4.759575940663723e-07,3.0780711278410795
90,1.430487810721366e-10,94,0.7547464625841123,21,8.804987052357506e-06,3.0253277861445516
90,1.430487810721366e-10,94,0.7547464625841123,22,2.145479192904329e-07,3.2201442290689304
90,1.430487810721366e-10,94,0.7547464625841123,23,-2.3997152233562498e-05,0.7170223011331247
90,1.430487810721366e-10,94,0.7547464625841123,24,1.0143838538134771e-05,0.3945367020351599
90,1.430487810721366e-10,94,0.7547464625841123,25,2.1604805071071645e-06,3.294155332125366
90,1.430487810721366e-10,94,0.7547464625841123,26,-6.762432060298146e-05,0.025355025969509754
90,1.430487810721366e-10,94,0.7547464625841123,27,-3.972339023327292e-05,0.6472567921003012
90,1.430487810721366e-10,94,0.7547464625841123,28,-0.0002035016157064098,0.0002510551906024352
90,1.430487810721366e-10,94,0.7547464625841123,29,-1.4704524977030175e-05,1.2616723545074484
90,1.430487810721366e-10,94,0.7547464625841123,30,1.3870771137930517e-05,2.239526178824588
90,1.430487810721366e-10,94,0.7547464625841123,31,-5.782129313213928e-05,0.06653043748381174
90,1.430487810721366e-10,94,0.7547464625841123,32,-1.8411020819068295e-05,1.1051813687118386
90,1.430487810721366e-10,94,0.7547464625841123,33,-0.00014760164627467784,0.006924632265419939
90,1.430487810721366e-10,94,0.7547464625841123,34,1.0008603144713224e-06,2.066327161547918
90,1.430487810721366e-10,94,0.7547464625841123,35,-1.4502086977749375e-06,0.4458984456974369
90,1.430487810721366e-10,94,0.7547464625841123,36,6.224462868261713e-07,4.54195934882914
90,1.430487810721366e-10,94,0.7547464625841123,37,-8.156221985085623e-05,0.06820792304993534
90,1.430487810721366e-10,94,0.7547464625841123,38,-5.58786023435996e-05,0.04543367871548824
90,1.430487810721366e-10,94,0.7547464625841123,39,-1.024162650371287e-05,1.2018084776610423
90,1.430487810721366e-10,94,0.7547464625841123,40,-1.748454295945072e-05,0.8645004741528366
90,1.430487810721366e-10,94,0.7547464625841123,41,-4.9901914169690836e-05,0.13059218214379392
90,1.430487810721366e-10,94,0.7547464625841123,42,1.1125107955911166e-06,5.136223042084532
90,1.430487810721366e-10,94,0.7547464625841123,43,-8.974681787010276e-05,0.02772347058488775
90,1.430487810721366e-10,94,0.7547464625841123,44,-0.0001235027035330482,0.0053895680041377726
90,1.430487810721366e-10,94,0.7547464625841123,45,7.42102873600937e-06,4.1715572222821145
90,1.430487810721366e-10,94,0.7547464625841123,46,-2.1926287025493755e-05,1.864149557846339
90,1.430487810721366e-10,94,0.7547464625841123,47,1.5805221468710906e-06,1.8904951861676922
90,1.430487810721366e-10,94,0.7547464625841123,48,5.901689830924186e-06,5.467235956490359
90,1.430487810721366e-10,94,0.7547464625841123,49,3.1240892778822283e-06,7.226987947402892
90,1.430487810721366e-10,94,0.7547464625841123,50,-1.716097723878849e-06,1.8201556116781572
90,1.430487810721366e-10,94,0.7547464625841123,51,8.375876946476792e-06,1.7088268579306045
90,1.430487810721366e-10,94,0.7547464625841123,52,9.662185283936929e-06,0.3538545124136887
90,1.430487810721366e-10,94,0.7547464625841123,53,5.364558129748554e-07,1.357995875930056
90,1.430487810721366e-10,94,0.7547464625841123,54,-1.4164126210849596e-06,1.5432464407952144
90,1.430487810721366e-10,94,0.7547464625841123,55,7.244563451216814e-06,3.421183482805018
90,1.430487810721366e-10,94,0.7547464625841123,56,-3.884559361367917e-05,0.40973876509560203
90,1.430487810721366e-10,94,0.7547464625841123,57,-5.3347515776520576e-05,0.22645844215222316
90,1.430487810721366e-10,94,0.7547464625841123,58,7.895489917644264e-06,3.72450675221567
90,1.430487810721366e-10,94,0.7547464625841123,59,-0.00010043559764394904,0.07677542879407846
90,1.430487810721366e-10,94,0.7547464625841123,60,-8.624230658358906e-05,0.01907120516097978
90,1.430487810721366e-10,94,0.7547464625841123,61,-0.0001660043712364779,0.002258706936524159
90,1.430487810721366e-10,94,0.7547464625841123,62,-7.753322692100526e-06,0.31547800637921813
90,1.430487810721366e-10,94,0.7547464625841123,63,-5.317093896454837e-06,1.04608799447093
90,1.430487810721366e-10,94,0.7547464625841123,64,-6.274556487604588e-06,0.24605418793949507
90,1.430487810721366e-10,94,0.7547464625841123,65,-0.00010305256340148581,0.05447844765653698
90,1.430487810721366e-10,94,0.7547464625841123,66,-8.552224099627879e-05,0.1331758385820362
90,1.430487810721366e-10,94,0.7547464625841123,67,-5.0222235120141775e-05,0.255464095344476
90,1.430487810721366e-10,94,0.7547464625841123,68,-1.351633783779576e-05,0.8668552246167316
90,1.430487810721366e-10,94,0.7547464625841123,69,-6.099173021079179e-05,0.07465118067307819
90,1.430487810721366e-10,94,0.7547464625841123,70,-8.001338109609306e-06,0.051052330455804026
90,1.430487810721366e-10,94,0.7547464625841123,71,-2.3639862201424428e-05,0.912890900040799
90,1.430487810721366e-10,94,0.7547464625841123,72,-0.00010833948097379543,0.028437555989514068
90,1.430487810721366e-10,94,0.7547464625841123,73,-5.052004937283536e-07,4.051418496118182
90,1.430487810721366e-10,94,0.7547464625841123,74,-0.00012108756696577929,0.017837888833122147
90,1.430487810721366e-10,94,0.7547464625841123,75,-0.00018814080232586145,0.008393172027656937
90,1.430487810721366e-10,94,0.7547464625841123,76,1.0382572546238718e-05,3.158449701517279
90,1.430487810721366e-10,94,0.7547464625841123,77,-6.128913170628683e-05,0.07499870108579806
90,1.430487810721366e-10,94,0.7547464625841123,78,3.350734645072213e-06,4.478171433856872
90,1.430487810721366e-10,94,0.7547464625841123,79,5.111531136115092e-06,6.933291668534043
90,1.430487810721366e-10,94,0.7547464625841123,80,-3.8063888261676333e-06,2.850846566721086
90,1.430487810721366e-10,94,0.7547464625841123,81,-1.0550527385134389e-05,0.7518739603092395
90,1.430487810721366e-10,94,0.7547464625841123,82,-3.27639884433625e-05,0.5041352717729045
90,1.430487810721366e-10,94,0.7547464625841123,83,-7.684414323974627e-06,0.24414422266791422
90,1.430487810721366e-10,94,0.7547464625841123,84,-1.6431700344752124e-07,1.0916297989834591
90,1.430487810721366e-10,94,0.7547464625841123,85,-1.4190159204652338e-05,2.5358297207653653
90,1.430487810721366e-10,94,0.7547464625841123,86,-7.468482821715898e-05,0.16061576561420135
90,1.430487810721366e-10,94,0.7547464625841123,87,3.11747947190179e-06,0.7913733124541713
90,1.430487810721366e-10,94,0.7547464625841123,88,-7.468047395314775e-05,0.3194044569530721
90,1.430487810721366e-10,94,0.7547464625841123,89,-5.1513412816296846e-05,0.07211227366845763
90,1.430487810721366e-10,94,0.7547464625841123,90,-4.741790187740746e-05,0.09793425651133607
90,1.430487810721366e-10,94,0.7547464625841123,91,1.4873761349576276e-05,1.2976819516401004
90,1.430487810721366e-10,94,0.7547464625841123,92,3.088815082735514e-05,0.5038367443147209
90,1.430487810721366e-10,94,0.7547464625841123,93,-7.861280295342147e-05,0.021399564717328453
90,1.430487810721366e-10,94,0.7547464625841123,94,9.192551080114529e-07,1.9154568984584626
90,1.430487810721366e-10,94,0.7547464625841123,95,3.799362803458372e-06,7.276486876266389
90,1.430487810721366e-10,94,0.7547464625841123,96,3.512163534706994e-06,1.181622794449553
90,1.430487810721366e-10,94,0.7547464625841123,97,1.835860356821489e-06,0.46509285647681164
90,1.430487810721366e-10,94,0.7547464625841123,98,3.522544880462566e-06,1.9365727450626333
90,1.430487810721366e-10,94,0.7547464625841123,99,-0.00010874583600719488,0.06771358576864378
90,1.430487810721366e-10,94,0.7547464625841123,100,2.7818529699368243e-06,3.8646410113949776
91,-2.2481979795238635e-10,34,0.7507058593599272,1,2.959474801754962e-06,3.6339152704815794
91,-2.2481979795238635e-10,34,0.7507058593599272,2,4.15158208699837e-06,3.947412062258855
91,-2.2481979795238635e-10,34,0.7507058593599272,3,-6.734700229497204e-05,0.33303575886913966
91,-2.2481979795238635e-10,34,0.7507058593599272,4,-0.000365290971676553,7.684962685564917e-07
91,-2.2481979795238635e-10,34,0.7507058593599272,5,-0.0002606486752016929,0.00040150311279078495
91,-2.2481979795238635e-10,34,0.7507058593599272,6,-0.00032151698249290305,0.0035498494923057863
91,-2.2481979795238635e-10,34,0.7507058593599272,7,5.906107865933391e-06,0.3035776774316324
91,-2.2481979795238635e-10,34,0.7507058593599272,8,4.321810911558518e-06,1.9932204282168287
91,-2.2481979795238635e-10,34,0.7507058593599272,9,-0.0006895331439775033,1.7633406887466317e-08
91,-2.2481979795238635e-10,34,0.7507058593599272,10,9.790114661898046e-07,4.459460111036128
91,-2.2481979795238635e-10,34,0.7507058593599272,11,-5.5130491630795314e-05,0.1933776094434686
91,-2.2481979795238635e-10,34,0.7507058593599272,12,-0.00033087328992176853,0.0013856848673484954
91,-2.2481979795238635e-10,34,0.7507058593599272,13,-9.553075376650342e-06,1.38159371921647
91,-2.2481979795238635e-10,34,0.7507058593599272,14,-0.00046298683035685703,2.5793297167779022e-08
91,-2.2481979795238635e-10,34,0.7507058593599272,15,-5.891735621913085e-07,2.682005373048881
91,-2.2481979795238635e-10,34,0.7507058593599272,16,-0.0002824968725645399,0.0005754078053536837
91,-2.2481979795238635e-10,34,0.7507058593599272,17,-7.645688615128403e-07,5.776395620916127
91,-2.2481979795238635e-10,34,0.7507058593599272,18,-0.00010358975557973115,0.12855966708876723
91,-2.2481979795238635e-10,34,0.7507058593599272,19,-0.0004833676413296396,2.641561904332163e-07
91,-2.2481979795238635e-10,34,0.7507058593599272,20,-4.1548511764895024e-05,0.12777311074614534
91,-2.2481979795238635e-10,34,0.7507058593599272,21,-2.301436336876365e-06,3.521890799237486
91,-2.2481979795238635e-10,34,0.7507058593599272,22,5.511373805981012e-06,4.978045989737346
91,-2.2481979795238635e-10,34,0.7507058593599272,23,6.579501913287153e-07,5.963548126708013
91,-2.2481979795238635e-10,34,0.7507058593599272,24,1.0945939906617707e-05,1.8583171877960871
91,-2.2481979795238635e-10,34,0.7507058593599272,25,-5.896019015132038e-05,0.15913915028697825
91,-2.2481979795238635e-10,34,0.7507058593599272,26,-0.0003770643949782066,1.5256854637964921e-05
91,-2.2481979795238635e-10,34,0.7507058593599272,27,-9.41156924766953e-05,0.03186009442419067
91,-2.2481979795238635e-10,34,0.7507058593599272,28,-9.242849737493218e-06,2.4936088916488646
91,-2.2481979795238635e-10,34,0.7507058593599272,29,1.3049119011223338e-05,0.5476979685360795
91,-2.2481979795238635e-10,34,0.7507058593599272,30,-1.6122595992802747e-05,0.46230502267617196
91,-2.2481979795238635e-10,34,0.7507058593599272,31,-1.2058744967221712e-05,0.105756432875356
91,-2.2481979795238635e-10,34,0.7507058593599272,32,-0.0009764527897061482,3.469269137316189e-09
91,-2.2481979795238635e-10,34,0.7507058593599272,33,-0.0006365706219350461,-3.053612388058067e-08
91,-2.2481979795238635e-10,34,0.7507058593599272,34,2.020651883841071e-05,0.5159749205509427
91,-2.2481979795238635e-10,34,0.7507058593599272,35,2.071348849878496e-08,8.746500835619447
91,-2.2481979795238635e-10,34,0.7507058593599272,36,-0.000965870303805657,5.700202155810789e-09
91,-2.2481979795238635e-10,34,0.7507058593599272,37,1.4762798854557613e-06,5.5678897218110945
91,-2.2481979795238635e-10,34,0.7507058593599272,38,1.1294430297162503e-06,6.294722501324487
91,-2.2481979795238635e-10,34,0.7507058593599272,39,-0.00013495148945911526,0.011626241522275945
91,-2.2481979795238635e-10,34,0.7507058593599272,40,-1.0439033984234757e-06,1.2269595087129714
91,-2.2481979795238635e-10,34,0.7507058593599272,41,-8.965580926935676e-05,0.2041925392047175
91,-2.2481979795238635e-10,34,0.7507058593599272,42,2.700409074990094e-06,0.09389407030491327
91,-2.2481979795238635e-10,34,0.7507058593599272,43,-0.00019883576555503176,0.027419122229680144
91,-2.2481979795238635e-10,34,0.7507058593599272,44,-7.712656786260898e-05,0.007858128448763385
91,-2.2481979795238635e-10,34,0.7507058593599272,45,-8.188021892023118e-05,0.11515900951400235
91,-2.2481979795238635e-10,34,0.7507058593599272,46,-1.9298051097624173e-05,0.20735821431193122
91,-2.2481979795238635e-10,34,0.7507058593599272,47,2.5132621967412837e-06,3.2476457666914693
91,-2.2481979795238635e-10,34,0.7507058593599272,48,3.5715441647910506e-06,7.701293266543569
91,-2.2481979795238635e-10,34,0.7507058593599272,49,4.25619954430643e-06,2.050993371954258
91,-2.2481979795238635e-10,34,0.7507058593599272,50,8.19880413970772e-06,4.728816807879719
91,-2.2481979795238635e-10,34,0.7507058593599272,51,1.1562967525479573e-05,1.2965758327470385
91,-2.2481979795238635e-10,34,0.7507058593599272,52,-0.0002564274430822588,2.179397779332705e-05
91,-2.2481979795238635e-10,34,0.7507058593599272,53,8.16397705862653e-06,4.922773239637457
91,-2.2481979795238635e-10,34,0.7507058593599272,54,-0.0006159664001168723,1.0406697538400175e-08
91,-2.2481979795238635e-10,34,0.7507058593599272,55,-0.00020938478678040256,0.029480588813265277
91,-2.2481979795238635e-10,34,0.7507058593599272,56,-9.979138089548279e-06,2.5553273271102452
91,-2.2481979795238635e-10,34,0.7507058593599272,57,-0.0003782396608244236,0.00012981222053138838
91,-2.2481979795238635e-10,34,0.7507058593599272,58,-7.301348127354723e-07,3.4698035991271556
91,-2.2481979795238635e-10,34,0.7507058593599272,59,-9.391872541058033e-07,2.0122443152432825
91,-2.2481979795238635e-10,34,0.7507058593599272,60,-0.0004135981407356788,4.381713781349304e-05
91,-2.2481979795238635e-10,34,0.7507058593599272,61,-0.0003772662049031862,2.6986469324801346e-06
91,-2.2481979795238635e-10,34,0.7507058593599272,62,-0.0003934518262756059,6.545405252290987e-07
91,-2.2481979795238635e-10,34,0.7507058593599272,63,-0.0008823905297305267,1.784409873952461e-08
91,-2.2481979795238635e-10,34,0.7507058593599272,64,-0.0006582592235343097,-9.745749960635082e-08
91,-2.2481979795238635e-10,34,0.7507058593599272,65,-0.0008603836047584701,-9.202872037033043e-08
91,-2.2481979795238635e-10,34,0.7507058593599272,66,-0.0006580329403625861,1.4107055014912388e-08
91,-2.2481979795238635e-10,34,0.7507058593599272,67,-0.000293364489796635,0.0021385530053060504
91,-2.2481979795238635e-10,34,0.7507058593599272,68,-7.715956936405711e-06,2.59717299281451
91,-2.2481979795238635e-10,34,0.7507058593599272,69,-7.532764397486909e-06,0.99390829497178
91,-2.2481979795238635e-10,34,0.7507058593599272,70,-3.2020922877733715e-05,0.2933086455476157
91,-2.2481979795238635e-10,34,0.7507058593599272,71,4.444703838515552e-06,7.40025633103169
91,-2.2481979795238635e-10,34,0.7507058593599272,72,-3.930179555357747e-05,0.27911327447313167
91,-2.2481979795238635e-10,34,0.7507058593599272,73,-7.190121665668622e-05,0.05841472019672142
91,-2.2481979795238635e-10,34,0.7507058593599272,74,-0.0010243641851364945,1.6762920688109886e-09
91,-2.2481979795238635e-10,34,0.7507058593599272,75,-0.0006269083339316951,4.343926564749606e-09
91,-2.2481979795238635e-10,34,0.7507058593599272,76,-0.0007449993648928262,1.0835250213493935e-07
91,-2.2481979795238635e-10,34,0.7507058593599272,77,-2.2558528885381802e-06,2.196034771124111
91,-2.2481979795238635e-10,34,0.7507058593599272,78,-0.00039094884624132713,8.684296050506186e-05
91,-2.2481979795238635e-10,34,0.7507058593599272,79,-0.00037651868338132516,3.338311229647694e-05
91,-2.2481979795238635e-10,34,0.7507058593599272,80,-0.0005029771306022493,1.7329771107029113e-06
91,-2.2481979795238635e-10,34,0.7507058593599272,81,-0.0005905739714604494,7.819933316782077e-08
91,-2.2481979795238635e-10,34,0.7507058593599272,82,7.051317627623133e-06,0.3720462209777548
91,-2.2481979795238635e-10,34,0.7507058593599272,83,-1.5737176235306085e-06,2.924601317880949
91,-2.2481979795238635e-10,34,0.7507058593599272,84,-0.00027640645373735507,0.001104263687902482
91,-2.2481979795238635e-10,34,0.7507058593599272,85,-1.5795816373097497e-05,1.0335665320717666
91,-2.2481979795238635e-10,34,0.7507058593599272,86,-0.0001760268411899182,0.022459649266995844
91,-2.2481979795238635e-10,34,0.7507058593599272,87,-0.00013279619451405468,0.011690706551166087
91,-2.2481979795238635e-10,34,0.7507058593599272,88,6.265177090159926e-06,2.9845679086284918
91,-2.2481979795238635e-10,34,0.7507058593599272,89,-3.011139746160618e-06,2.531092407568755
91,-2.2481979795238635e-10,34,0.7507058593599272,90,-7.786339215574708e-05,0.13133370496413013
91,-2.2481979795238635e-10,34,0.7507058593599272,91,-0.0006036696641114359,4.0580178179802166e-08
91,-2.2481979795238635e-10,34,0.7507058593599272,92,-8.770701367366048e-05,0.0038693811928380817
91,-2.2481979795238635e-10,34,0.7507058593599272,93,-0.0009094295529646457,3.226475194160548e-09
91,-2.2481979795238635e-10,34,0.7507058593599272,94,-6.008358340667163e-05,0.4354603649561791
91,-2.2481979795238635e-10,34,0.7507058593599272,95,2.0130388637969497e-06,5.210917090882337
91,-2.2481979795238635e-10,34,0.7507058593599272,96,4.363571293409214e-07,6.962555290022071
91,-2.2481979795238635e-10,34,0.7507058593599272,97,3.0075881237011815e-06,4.969878381957949
91,-2.2481979795238635e-10,34,0.7507058593599272,98,-7.84840958564938e-06,2.210994379404181
91,-2.2481979795238635e-10,34,0.7507058593599272,99,-0.0008747566863887194,2.6823098292592998e-09
91,-2.2481979795238635e-10,34,0.7507058593599272,100,-0.001069443964431978,1.8530278804675715e-09
92,-1.7715911442182474e-10,17,0.7489188469114588,1,-1.7762275685714617e-06,1.3806500110787803
92,-1.7715911442182474e-10,17,0.7489188469114588,2,-0.00020459154839393514,0.003573951747416289
92,-1.7715911442182474e-10,17,0.7489188469114588,3,-0.00021786956245020304,2.1515573253961884e-05
92,-1.7715911442182474e-10,17,0.7489188469114588,4,1.3791117758807697e-06,2.6912039515812713
92,-1.7715911442182474e-10,17,0.7489188469114588,5,1.4676819534214669e-06,2.1374760545658718
92,-1.7715911442182474e-10,17,0.7489188469114588,6,-7.410842327146394e-06,0.4931067559405275
92,-1.7715911442182474e-10,17,0.7489188469114588,7,-1.4296717482400522e-05,0.6737727968295595
92,-1.7715911442182474e-10,17,0.7489188469114588,8,5.2388291835756404e-06,5.63994655421461
92,-1.7715911442182474e-10,17,0.7489188469114588,9,-3.729875290960049e-05,0.27876830793805585
92,-1.7715911442182474e-10,17,0.7489188469114588,10,-9.43785504051558e-07,2.689444298036557
92,-1.7715911442182474e-10,17,0.7489188469114588,11,6.197325151622882e-06,6.237320904532474
92,-1.7715911442182474e-10,17,0.7489188469114588,12,8.18767045853678e-08,3.2898377372411263
92,-1.7715911442182474e-10,17,0.7489188469114588,13,-0.0003092625513671601,6.82574797078843e-06
92,-1.7715911442182474e-10,17,0.7489188469114588,14,-8.337035451737225e-06,1.6053723330262115
92,-1.7715911442182474e-10,17,0.7489188469114588,15,-1.8863315355513335e-05,0.6734518583335802
92,-1.7715911442182474e-10,17,0.7489188469114588,16,-5.894434838211486e-06,0.46409449234429523
92,-1.7715911442182474e-10,17,0.7489188469114588,17,-1.1577871721955612e-05,1.2001614614289033
92,-1.7715911442182474e-10,17,0.7489188469114588,18,4.557986411774856e-06,8.779502742754742
92,-1.7715911442182474e-10,17,0.7489188469114588,19,-0.00011983549023727458,0.05538658510358879
92,-1.7715911442182474e-10,17,0.7489188469114588,20,-0.00015039968149589244,0.0009037350874876455
92,-1.7715911442182474e-10,17,0.7489188469114588,21,-0.00018905767351460055,0.0016964854462361266
92,-1.7715911442182474e-10,17,0.7489188469114588,22,-5.676743374069198e-05,0.34591360314380387
92,-1.7715911442182474e-10,17,0.7489188469114588,23,-0.0002725563215920464,0.00020250231160470045
92,-1.7715911442182474e-10,17,0.7489188469114588,24,1.0566718915735493e-08,2.5207588057094106
92,-1.7715911442182474e-10,17,0.7489188469114588,25,1.733494507248419e-05,1.7050497540847656
92,-1.7715911442182474e-10,17,0.7489188469114588,26,6.986425784652011e-06,1.3167969366366192
92,-1.7715911442182474e-10,17,0.7489188469114588,27,5.893491131739642e-06,5.518332814110326
92,-1.7715911442182474e-10,17,0.7489188469114588,28,9.363229799073676e-06,3.2806179768107073
92,-1.7715911442182474e-10,17,0.7489188469114588,29,3.911996421760788e-06,0.9312926158443647
92,-1.7715911442182474e-10,17,0.7489188469114588,30,-1.0764827280930921e-05,1.0007253299932186
92,-1.7715911442182474e-10,17,0.7489188469114588,31,-0.00034932679082951495,3.7620375369132283e-07
92,-1.7715911442182474e-10,17,0.7489188469114588,32,-4.8487751080644136e-05,0.13749713854024148
92,-1.7715911442182474e-10,17,0.7489188469114588,33,-0.0003175589330941281,7.349719583787078e-06
92,-1.7715911442182474e-10,17,0.7489188469114588,34,1.7105554730045956e-05,0.4301569893457515
92,-1.7715911442182474e-10,17,0.7489188469114588,35,-0.00032217379271209294,4.126976720688777e-07
92,-1.7715911442182474e-10,17,0.7489188469114588,36,5.9088933415011205e-06,5.5027023796485315
92,-1.7715911442182474e-10,17,0.7489188469114588,37,2.6308622783964345e-06,3.199200459942828
92,-1.7715911442182474e-10,17,0.7489188469114588,38,-9.699732852997473e-05,0.10684346284996452
92,-1.7715911442182474e-10,17,0.7489188469114588,39,-0.00013859513283206242,0.0019272782019435014
92,-1.7715911442182474e-10,17,0.7489188469114588,40,3.978824911916859e-06,0.9823018386699143
92,-1.7715911442182474e-10,17,0.7489188469114588,41,1.5458094712335757e-06,0.8600458829899897
92,-1.7715911442182474e-10,17,0.7489188469114588,42,9.683733903525348e-07,2.2599835451443
92,-1.7715911442182474e-10,17,0.7489188469114588,43,-0.00017615489935137048,0.0048891484186938195
92,-1.7715911442182474e-10,17,0.7489188469114588,44,-5.9049321503503985e-05,0.18013452169685376
92,-1.7715911442182474e-10,17,0.7489188469114588,45,5.3808447532652274e-06,4.721658799238086
92,-1.7715911442182474e-10,17,0.7489188469114588,46,-7.065908436219011e-06,0.4410491366679612
92,-1.7715911442182474e-10,17,0.7489188469114588,47,4.148618941371049e-06,5.627907473957266
92,-1.7715911442182474e-10,17,0.7489188469114588,48,-0.00022743113104033938,0.00023607895672647574
92,-1.7715911442182474e-10,17,0.7489188469114588,49,-0.00041544733570832404,4.6325082702780916e-07
92,-1.7715911442182474e-10,17,0.7489188469114588,50,-3.4308153325681454e-05,0.29317833123217774
92,-1.7715911442182474e-10,17,0.7489188469114588,51,-3.40014134484366e-05,0.6214884713443819
92,-1.7715911442182474e-10,17,0.7489188469114588,52,-0.0002284926886018252,0.0006276721654766794
92,-1.7715911442182474e-10,17,0.7489188469114588,53,-4.0607793585408284e-05,0.1666683753870512
92,-1.7715911442182474e-10,17,0.7489188469114588,54,-8.409054876002963e-05,0.19518635893335803
92,-1.7715911442182474e-10,17,0.7489188469114588,55,8.609419949204875e-06,2.1292991034853723
92,-1.7715911442182474e-10,17,0.7489188469114588,56,-0.00015733314496913276,0.0013148886951723205
92,-1.7715911442182474e-10,17,0.7489188469114588,57,3.6675144030957586e-06,1.287844443331744
92,-1.7715911442182474e-10,17,0.7489188469114588,58,-8.33381508489067e-05,0.09960923239014935
92,-1.7715911442182474e-10,17,0.7489188469114588,59,-1.007073064729193e-05,0.12788628034586483
92,-1.7715911442182474e-10,17,0.7489188469114588,60,-0.00014020599469561452,0.009965885374070008
92,-1.7715911442182474e-10,17,0.7489188469114588,61,-4.555725671046522e-05,0.5676598585110898
92,-1.7715911442182474e-10,17,0.7489188469114588,62,-0.00014540557381166884,0.00017540291752105193
92,-1.7715911442182474e-10,17,0.7489188469114588,63,-2.106220025013401e-06,3.3451590145999934
92,-1.7715911442182474e-10,17,0.7489188469114588,64,-7.841874941226801e-06,3.636963126506537
92,-1.7715911442182474e-10,17,0.7489188469114588,65,2.7778590597350712e-06,3.699613283228797
92,-1.7715911442182474e-10,17,0.7489188469114588,66,4.798878442770716e-06,3.44763037141483
92,-1.7715911442182474e-10,17,0.7489188469114588,67,-0.0001122475816044347,0.003082701074484475
92,-1.7715911442182474e-10,17,0.7489188469114588,68,8.668303679298358e-08,4.773347511594127
92,-1.7715911442182474e-10,17,0.7489188469114588,69,-1.8905384000585574e-05,0.19360558949376955
92,-1.7715911442182474e-10,17,0.7489188469114588,70,-3.623571952941564e-05,0.8537910440870451
92,-1.7715911442182474e-10,17,0.7489188469114588,71,-7.720434018214129e-05,0.10994489780918064
92,-1.7715911442182474e-10,17,0.7489188469114588,72,-1.2811072044149453e-05,0.3464295226993673
92,-1.7715911442182474e-10,17,0.7489188469114588,73,-8.409712775475524e-06,2.6027711603101156
92,-1.7715911442182474e-10,17,0.7489188469114588,74,-0.00029165286253517343,0.002022466391895055
92,-1.7715911442182474e-10,17,0.7489188469114588,75,-5.044101299582032e-06,4.47914264723007
92,-1.7715911442182474e-10,17,0.7489188469114588,76,-3.034557581276996e-06,1.0021609738512518
92,-1.7715911442182474e-10,17,0.7489188469114588,77,-0.00047245676455499386,6.96128529519247e-09
92,-1.7715911442182474e-10,17,0.7489188469114588,78,-8.424892499412433e-06,0.9189459539694469
92,-1.7715911442182474e-10,17,0.7489188469114588,79,-0.00016989728920384353,0.00019659206265009314
92,-1.7715911442182474e-10,17,0.7489188469114588,80,-7.929942047944059e-05,0.019870078610799827
92,-1.7715911442182474e-10,17,0.7489188469114588,81,-7.656295843143848e-06,2.4991838086753324
92,-1.7715911442182474e-10,17,0.7489188469114588,82,-0.00016856349446320884,0.00261701119083174
92,-1.7715911442182474e-10,17,0.7489188469114588,83,-8.635126993689605e-05,0.13574667429788598
92,-1.7715911442182474e-10,17,0.7489188469114588,84,-0.00026126543764067066,9.280889800276277e-06
92,-1.7715911442182474e-10,17,0.7489188469114588,85,5.3952240400682476e-06,1.081417799138744
92,-1.7715911442182474e-10,17,0.7489188469114588,86,-4.708016719700072e-06,2.2087756769201836
92,-1.7715911442182474e-10,17,0.7489188469114588,87,-7.786015624438175e-06,1.207755390347066
92,-1.7715911442182474e-10,17,0.7489188469114588,88,-0.00045304686061386324,6.285902905466059e-08
92,-1.7715911442182474e-10,17,0.7489188469114588,89,-1.2088489793340846e-05,1.5878279628941283
92,-1.7715911442182474e-10,17,0.7489188469114588,90,-1.680007936246542e-05,0.9371659537117294
92,-1.7715911442182474e-10,17,0.7489188469114588,91,-0.00010839083724518565,0.021098083913000075
92,-1.7715911442182474e-10,17,0.7489188469114588,92,2.79491005758761e-06,1.5871195450777855
92,-1.7715911442182474e-10,17,0.7489188469114588,93,1.8117951983259975e-06,3.574480386577303
92,-1.7715911442182474e-10,17,0.7489188469114588,94,3.0660618673654134e-06,1.8964383754507652
92,-1.7715911442182474e-10,17,0.7489188469114588,95,-8.270704368971959e-05,0.0023550048156261824
92,-1.7715911442182474e-10,17,0.7489188469114588,96,3.3639430851281764e-06,6.350118520877292
92,-1.7715911442182474e-10,17,0.7489188469114588,97,1.0831215430781831e-05,2.1664091421701244
92,-1.7715911442182474e-10,17,0.7489188469114588,98,2.0664135634730468e-05,1.1936392251129826
92,-1.7715911442182474e-10,17,0.7489188469114588,99,-8.725767094671176e-05,0.1410864091101975
92,-1.7715911442182474e-10,17,0.7489188469114588,100,2.508009970857445e-06,2.8491743150807403
93,-1.7263898002653494e-10,71,0.7467462985996843,1,-0.00034231243000020943,0.000808015654127017
93,-1.7263898002653494e-10,71,0.7467462985996843,2,1.1709491478925833e-05,1.119753122746903
93,-1.7263898002653494e-10,71,0.7467462985996843,3,7.59168630138445e-06,3.0813533193094558
93,-1.7263898002653494e-10,71,0.7467462985996843,4,-0.0007912812739438356,1.8603576503553827e-09
93,-1.7263898002653494e-10,71,0.7467462985996843,5,-0.0005136758932488539,5.271388721321959e-06
93,-1.7263898002653494e-10,71,0.7467462985996843,6,5.898591242058814e-06,4.774075116202764
93,-1.7263898002653494e-10,71,0.7467462985996843,7,-7.031328609605938e-05,0.012890669714306548
93,-1.7263898002653494e-10,71,0.7467462985996843,8,-0.00010386487139593832,0.01266600105488972
93,-1.7263898002653494e-10,71,0.7467462985996843,9,-0.0004973212806940935,1.5502160044327712e-07
93,-1.7263898002653494e-10,71,0.7467462985996843,10,8.39167167967942e-06,2.1378337913738683
93,-1.7263898002653494e-10,71,0.7467462985996843,11,-3.9523764674922247e-05,0.5868432914743252
93,-1.7263898002653494e-10,71,0.7467462985996843,12,-0.00015120466322066613,0.023141676803953154
93,-1.7263898002653494e-10,71,0.7467462985996843,13,-5.029744084802398e-05,0.55001658793959
93,-1.7263898002653494e-10,71,0.7467462985996843,14,-0.00020776069820684513,0.0020064957650560997
93,-1.7263898002653494e-10,71,0.7467462985996843,15,1.4948894838504266e-05,2.3706536656878145
93,-1.7263898002653494e-10,71,0.7467462985996843,16,6.486681519794672e-06,1.6378056995923058
93,-1.7263898002653494e-10,71,0.7467462985996843,17,-0.0005830376391591665,1.1060471274052961e-08
93,-1.7263898002653494e-10,71,0.7467462985996843,18,1.2878628848797594e-06,3.148225056772634
93,-1.7263898002653494e-10,71,0.7467462985996843,19,-1.1386211104658515e-05,2.029195385016634
93,-1.7263898002653494e-10,71,0.7467462985996843,20,5.751760762856489e-06,4.869827787032131
93,-1.7263898002653494e-10,71,0.7467462985996843,21,-6.325419630745173e-05,0.20704163509483314
93,-1.7263898002653494e-10,71,0.7467462985996843,22,-0.0011132366771401821,5.138613980814574e-10
93,-1.7263898002653494e-10,71,0.7467462985996843,23,-0.00019515788074229496,0.0011376426040790861
93,-1.7263898002653494e-10,71,0.7467462985996843,24,-1.3085998792636017e-06,2.240705622097473
93,-1.7263898002653494e-10,71,0.7467462985996843,25,-6.316287325595304e-08,3.2041641973594146
93,-1.7263898002653494e-10,71,0.7467462985996843,26,4.650003588013916e-06,8.620748063555437
93,-1.7263898002653494e-10,71,0.7467462985996843,27,8.898387951684534e-06,0.5771388638443663
93,-1.7263898002653494e-10,71,0.7467462985996843,28,-7.503074221709624e-06,1.402651440344465
93,-1.7263898002653494e-10,71,0.7467462985996843,29,-0.0004974476920745879,5.347186217593527e-07
93,-1.7263898002653494e-10,71,0.7467462985996843,30,-5.913657591554458e-06,1.7515361639030818
93,-1.7263898002653494e-10,71,0.7467462985996843,31,-0.000246404275662327,0.0006611744864699511
93,-1.7263898002653494e-10,71,0.7467462985996843,32,-9.00478162412892e-06,0.7180687725533438
93,-1.7263898002653494e-10,71,0.7467462985996843,33,1.2502490391734581e-05,0.6183307562529493
93,-1.7263898002653494e-10,71,0.7467462985996843,34,7.0202771476448095e-06,2.213681580394471
93,-1.7263898002653494e-10,71,0.7467462985996843,35,-5.523908590010232e-07,1.455037061158152
93,-1.7263898002653494e-10,71,0.7467462985996843,36,-0.00036243286516109217,0.0005317742980948599
93,-1.7263898002653494e-10,71,0.7467462985996843,37,-2.1087539757572644e-06,2.8038497697782465
93,-1.7263898002653494e-10,71,0.7467462985996843,38,3.6741224137656877e-06,3.35422249084746
93,-1.7263898002653494e-10,71,0.7467462985996843,39,-0.000456879181307792,5.071873101824945e-07
93,-1.7263898002653494e-10,71,0.7467462985996843,40,-0.0006629533104468541,2.5171867936004856e-09
93,-1.7263898002653494e-10,71,0.7467462985996843,41,-0.0002172451581872632,0.000578705757319371
93,-1.7263898002653494e-10,71,0.7467462985996843,42,-4.847536750503302e-05,0.14463459777186508
93,-1.7263898002653494e-10,71,0.7467462985996843,43,6.1737208236618806e-06,2.5368879423049107
93,-1.7263898002653494e-10,71,0.7467462985996843,44,2.444115570365991e-06,7.7168947381571025
93,-1.7263898002653494e-10,71,0.7467462985996843,45,-0.0006369790866649056,2.90364306882075e-08
93,-1.7263898002653494e-10,71,0.7467462985996843,46,-6.010216541758048e-05,0.18199912579497726
93,-1.7263898002653494e-10,71,0.7467462985996843,47,-7.682233553361193e-05,0.2250371660865548
93,-1.7263898002653494e-10,71,0.7467462985996843,48,3.6557156970653974e-06,4.378768305442803
93,-1.7263898002653494e-10,71,0.7467462985996843,49,-0.0001323542086136172,0.1849162780490812
93,-1.7263898002653494e-10,71,0.7467462985996843,50,-0.00022159156458852528,0.0014234025104868924
93,-1.7263898002653494e-10,71,0.7467462985996843,51,-0.0008711768259468484,6.355233780363634e-09
93,-1.7263898002653494e-10,71,0.7467462985996843,52,1.2377513518421069e-06,4.22575451886768
93,-1.7263898002653494e-10,71,0.7467462985996843,53,1.3065711588670596e-05,1.1865734668173598
93,-1.7263898002653494e-10,71,0.7467462985996843,54,-0.0005253761303667216,2.8322425236443575e-07
93,-1.7263898002653494e-10,71,0.7467462985996843,55,-5.008020223288291e-06,4.415580854112138
93,-1.7263898002653494e-10,71,0.7467462985996843,56,-1.9915795854043053e-05,0.14972548697440202
93,-1.7263898002653494e-10,71,0.7467462985996843,57,-4.9045261972302924e-06,2.1097587796726414
93,-1.7263898002653494e-10,71,0.7467462985996843,58,-4.569675722666997e-05,0.13872979272694633
93,-1.7263898002653494e-10,71,0.7467462985996843,59,-0.00044790845325778467,1.6774247754660543e-05
93,-1.7263898002653494e-10,71,0.7467462985996843,60,3.666390420279008e-06,6.934815482676336
93,-1.7263898002653494e-10,71,0.7467462985996843,61,3.335687892646307e-06,2.9994718055616625
93,-1.7263898002653494e-10,71,0.7467462985996843,62,5.518796466709304e-06,1.798460981398203
93,-1.7263898002653494e-10,71,0.7467462985996843,63,-1.8988560787040208e-06,6.616884692337579
93,-1.7263898002653494e-10,71,0.7467462985996843,64,-0.0003933632774364752,2.67163957120537e-05
93,-1.7263898002653494e-10,71,0.7467462985996843,65,-2.6818958219545384e-05,1.1301308958109602
93,-1.7263898002653494e-10,71,0.7467462985996843,66,-4.674702537811379e-06,0.692321837840944
93,-1.7263898002653494e-10,71,0.7467462985996843,67,-8.479315815660642e-05,0.08769080624744274
93,-1.7263898002653494e-10,71,0.7467462985996843,68,-0.00020959605823912602,0.0011074471290337116
93,-1.7263898002653494e-10,71,0.7467462985996843,69,-0.0004732687225316419,2.2670160857827693e-07
93,-1.7263898002653494e-10,71,0.7467462985996843,70,-0.0005256136963689596,1.1009158139732848e-07
93,-1.7263898002653494e-10,71,0.7467462985996843,71,-0.0002999092362194934,0.00011499761692277449
93,-1.7263898002653494e-10,71,0.7467462985996843,72,5.883599896725297e-07,9.823254249731619
93,-1.7263898002653494e-10,71,0.7467462985996843,73,8.915295626707723e-06,1.7393766757951226
93,-1.7263898002653494e-10,71,0.7467462985996843,74,-8.126837569173233e-05,0.03805258903015776
93,-1.7263898002653494e-10,71,0.7467462985996843,75,-7.820235757804912e-06,0.9393302505877942
93,-1.7263898002653494e-10,71,0.7467462985996843,76,-0.0007014300599780593,2.7847241322151722e-08
93,-1.7263898002653494e-10,71,0.7467462985996843,77,-3.3549935499869684e-07,5.1978613927003146
93,-1.7263898002653494e-10,71,0.7467462985996843,78,-0.00023530881684631316,0.0015743376281834886
93,-1.7263898002653494e-10,71,0.7467462985996843,79,-0.0002445447861992758,0.00021800427964654162
93,-1.7263898002653494e-10,71,0.7467462985996843,80,4.466521425367025e-08,3.3798670734805105
93,-1.7263898002653494e-10,71,0.7467462985996843,81,-0.0003909083503233103,1.0850513026999378e-06
93,-1.7263898002653494e-10,71,0.7467462985996843,82,1.8899166770647831e-06,2.9414729712971095
93,-1.7263898002653494e-10,71,0.7467462985996843,83,-7.347535420431124e-05,0.44584533164038903
93,-1.7263898002653494e-10,71,0.7467462985996843,84,-0.00032768559386351075,5.763800537863066e-05
93,-1.7263898002653494e-10,71,0.7467462985996843,85,-1.8256704333835399e-06,8.350874065389096
93,-1.7263898002653494e-10,71,0.7467462985996843,86,-1.2917781636321398e-06,0.642198439975061
93,-1.7263898002653494e-10,71,0.7467462985996843,87,-7.6467592125353e-06,0.5531048259689777
93,-1.7263898002653494e-10,71,0.7467462985996843,88,-3.3692999446944315e-05,0.25631244167081635
93,-1.7263898002653494e-10,71,0.7467462985996843,89,2.571761625141174e-07,1.6368661501372652
93,-1.7263898002653494e-10,71,0.7467462985996843,90,-0.0002603297204483053,0.004877758137477607
93,-1.7263898002653494e-10,71,0.7467462985996843,91,-0.000598986828505887,2.71244244897908e-08
93,-1.7263898002653494e-10,71,0.7467462985996843,92,-0.00016945256781110182,0.0005039301438414387
93,-1.7263898002653494e-10,71,0.7467462985996843,93,-0.00010272489515582029,0.017864778949558534
93,-1.7263898002653494e-10,71,0.7467462985996843,94,-2.194620153981746e-05,0.690109257287312
93,-1.7263898002653494e-10,71,0.7467462985996843,95,9.489303379307255e-07,0.3784292799671186
93,-1.7263898002653494e-10,71,0.7467462985996843,96,-0.00037308866412185353,6.989615059956863e-06
93,-1.7263898002653494e-10,71,0.7467462985996843,97,3.542313678673805e-06,2.8618289053567416
93,-1.7263898002653494e-10,71,0.7467462985996843,98,-3.325058019323475e-05,0.45690160729265306
93,-1.7263898002653494e-10,71,0.7467462985996843,99,-0.0001512355922462154,0.008156837486142435
93,-1.7263898002653494e-10,71,0.7467462985996843,100,-0.0007725446919600175,4.7059611041045844e-09
94,2.5492169223317927e-10,82,0.7483128652304704,1,-3.2968479102045065e-05,0.2478283925833011
94,2.5492169223317927e-10,82,0.7483128652304704,2,6.371049991844378e-06,1.3964094566478424
94,2.5492169223317927e-10,82,0.7483128652304704,3,-8.174707186098794e-06,0.32425647180015027
94,2.5492169223317927e-10,82,0.7483128652304704,4,-3.0912202936893382e-06,1.3768202446700268
94,2.5492169223317927e-10,82,0.7483128652304704,5,4.939373598785722e-06,1.7101684586196686
94,2.5492169223317927e-10,82,0.7483128652304704,6,-2.1165314265507864e-06,3.342735207483766
94,2.5492169223317927e-10,82,0.7483128652304704,7,6.6804753039158126e-06,2.7596873995224973
94,2.5492169223317927e-10,82,0.7483128652304704,8,-6.716664694821656e-06,2.007361529431459
94,2.5492169223317927e-10,82,0.7483128652304704,9,-0.00018723620806464128,2.4940465055235924e-06
94,2.5492169223317927e-10,82,0.7483128652304704,10,-8.981853293852235e-05,0.021986896872050504
94,2.5492169223317927e-10,82,0.7483128652304704,11,5.537526024998258e-06,0.6549707391992833
94,2.5492169223317927e-10,82,0.7483128652304704,12,-3.760246209693685e-05,0.06809948420109467
94,2.5492169223317927e-10,82,0.7483128652304704,13,7.096249127353021e-06,0.5196213250046112
94,2.5492169223317927e-10,82,0.7483128652304704,14,-2.2975931340090854e-06,2.303503543170768
94,2.5492169223317927e-10,82,0.7483128652304704,15,-6.715794551442982e-05,0.010742670449274891
94,2.5492169223317927e-10,82,0.7483128652304704,16,7.897170106103966e-06,3.5856162329221886
94,2.5492169223317927e-10,82,0.7483128652304704,17,-9.016442478031823e-05,0.01288170827075608
94,2.5492169223317927e-10,82,0.7483128652304704,18,-3.471969961902727e-05,0.2797524291558687
94,2.5492169223317927e-10,82,0.7483128652304704,19,-2.4437349523987136e-05,0.05265306255086742
94,2.5492169223317927e-10,82,0.7483128652304704,20,-2.884047311941715e-05,0.3179531199225136
94,2.5492169223317927e-10,82,0.7483128652304704,21,-0.00015896072515018535,4.678746197216954e-05
94,2.5492169223317927e-10,82,0.7483128652304704,22,2.3146806517007506e-06,3.2421879823998827
94,2.5492169223317927e-10,82,0.7483128652304704,23,1.6004613730528093e-05,2.1998206273521372
94,2.5492169223317927e-10,82,0.7483128652304704,24,-1.506358249127874e-06,1.781401875103522
94,2.5492169223317927e-10,82,0.7483128652304704,25,3.77150378655721e-06,3.545530211025676
94,2.5492169223317927e-10,82,0.7483128652304704,26,-9.383401691461402e-05,0.0028176917856537684
94,2.5492169223317927e-10,82,0.7483128652304704,27,-5.4385137371339725e-06,1.4273528722134097
94,2.5492169223317927e-10,82,0.7483128652304704,28,-3.9447925097345e-06,1.601393423080363
94,2.5492169223317927e-10,82,0.7483128652304704,29,-2.0971571459175343e-07,1.8630575492434274
94,2.5492169223317927e-10,82,0.7483128652304704,30,-5.710039828303031e-06,1.2807611336675242
94,2.5492169223317927e-10,82,0.7483128652304704,31,-3.02075765953511e-06,0.3498571358881467
94,2.5492169223317927e-10,82,0.7483128652304704,32,-4.915159125302917e-07,3.858829072131162
94,2.5492169223317927e-10,82,0.7483128652304704,33,3.0673953261438493e-06,4.409419754206674
94,2.5492169223317927e-10,82,0.7483128652304704,34,-4.689237614785691e-05,0.19491039754718673
94,2.5492169223317927e-10,82,0.7483128652304704,35,7.871308143280965e-07,0.709712158026867
94,2.5492169223317927e-10,82,0.7483128652304704,36,-2.5101835682825717e-05,0.38571895728485905
94,2.5492169223317927e-10,82,0.7483128652304704,37,-0.0001229317292292938,0.0006648588612826762
94,2.5492169223317927e-10,82,0.7483128652304704,38,-6.52857384912697e-07,2.5948858056422766
94,2.5492169223317927e-10,82,0.7483128652304704,39,9.407529864660003e-07,3.230508661207514
94,2.5492169223317927e-10,82,0.7483128652304704,40,-2.4183804461074126e-05,0.4572705778454287
94,2.5492169223317927e-10,82,0.7483128652304704,41,-2.912437462832841e-05,0.25685791863769386
94,2.5492169223317927e-10,82,0.7483128652304704,42,-5.700491436150539e-06,1.302785907916793
94,2.5492169223317927e-10,82,0.7483128652304704,43,-9.768041239998247e-07,4.357825828239769
94,2.5492169223317927e-10,82,0.7483128652304704,44,4.205112516908062e-06,2.4180992742259715
94,2.5492169223317927e-10,82,0.7483128652304704,45,-7.606601970135123e-05,0.013585250922572628
94,2.5492169223317927e-10,82,0.7483128652304704,46,9.154024731252491e-06,0.39867813321648876
94,2.5492169223317927e-10,82,0.7483128652304704,47,-1.1143575887967333e-06,2.194623052577256
94,2.5492169223317927e-10,82,0.7483128652304704,48,-9.114567074690597e-06,0.5000330378277497
94,2.5492169223317927e-10,82,0.7483128652304704,49,-3.7931989539074473e-05,0.08684904619039324
94,2.5492169223317927e-10,82,0.7483128652304704,50,2.1162224425712768e-06,2.4413836215740776
94,2.5492169223317927e-10,82,0.7483128652304704,51,-3.171720001628715e-06,1.351219317437872
94,2.5492169223317927e-10,82,0.7483128652304704,52,-1.9307013776503985e-05,0.20823390316894005
94,2.5492169223317927e-10,82,0.7483128652304704,53,3.724852184324465e-07,1.1006462332371965
94,2.5492169223317927e-10,82,0.7483128652304704,54,-4.180001988751086e-06,0.5186216381075127
94,2.5492169223317927e-10,82,0.7483128652304704,55,-3.72985205017094e-05,0.06358934273579145
94,2.5492169223317927e-10,82,0.7483128652304704,56,-8.503201314279001e-06,1.4334278770669626
94,2.5492169223317927e-10,82,0.7483128652304704,57,-0.00014612451070305786,0.0002616053279490446
94,2.5492169223317927e-10,82,0.7483128652304704,58,-0.00010046324274162899,0.003869167573176089
94,2.5492169223317927e-10,82,0.7483128652304704,59,-7.691014956640835e-06,1.7600131646802883
94,2.5492169223317927e-10,82,0.7483128652304704,60,-1.4282189732234621e-05,0.3560296401419448
94,2.5492169223317927e-10,82,0.7483128652304704,61,1.5466080415762812e-06,4.02171684998648
94,2.5492169223317927e-10,82,0.7483128652304704,62,-0.00014652841418987689,9.578745935565983e-05
94,2.5492169223317927e-10,82,0.7483128652304704,63,-8.297956285483766e-06,0.8207132014570928
94,2.5492169223317927e-10,82,0.7483128652304704,64,-7.738898768946458e-06,1.4942570903927297
94,2.5492169223317927e-10,82,0.7483128652304704,65,-1.4578592621311082e-05,0.5810989933157538
94,2.5492169223317927e-10,82,0.7483128652304704,66,-2.1393978001371928e-05,0.7054061997216007
94,2.5492169223317927e-10,82,0.7483128652304704,67,-7.693829710969579e-05,0.014511951071707234
94,2.5492169223317927e-10,82,0.7483128652304704,68,-8.930228060562286e-05,0.008609334739693738
94,2.5492169223317927e-10,82,0.7483128652304704,69,-1.2157925668978342e-06,0.690801331605552
94,2.5492169223317927e-10,82,0.7483128652304704,70,-1.4310019768598454e-05,1.3468479187326141
94,2.5492169223317927e-10,82,0.7483128652304704,71,-2.5471826357141966e-05,0.28808118419858
94,2.5492169223317927e-10,82,0.7483128652304704,72,8.967978743820322e-06,2.1432111469360535
94,2.5492169223317927e-10,82,0.7483128652304704,73,2.6330272739890657e-06,3.2584014245839255
94,2.5492169223317927e-10,82,0.7483128652304704,74,7.91764234852524e-06,4.857419559864891
94,2.5492169223317927e-10,82,0.7483128652304704,75,-3.624247418642036e-06,0.8621909903300454
94,2.5492169223317927e-10,82,0.7483128652304704,76,-2.7031895228744337e-06,1.8191100273252478
94,2.5492169223317927e-10,82,0.7483128652304704,77,-2.4330674849653162e-05,0.7798055024466547
94,2.5492169223317927e-10,82,0.7483128652304704,78,-4.861858920386212e-05,0.09954066635862838
94,2.5492169223317927e-10,82,0.7483128652304704,79,-6.4651003714408086e-06,1.358072156881593
94,2.5492169223317927e-10,82,0.7483128652304704,80,9.461313874396844e-06,2.7893186559506433
94,2.5492169223317927e-10,82,0.7483128652304704,81,3.419963407191683e-06,4.970794735650618
94,2.5492169223317927e-10,82,0.7483128652304704,82,-5.027114978555432e-06,1.0544868445566957
94,2.5492169223317927e-10,82,0.7483128652304704,83,5.474832041037291e-06,7.370571132071592
94,2.5492169223317927e-10,82,0.7483128652304704,84,-9.091675135431718e-05,0.006086203915583497
94,2.5492169223317927e-10,82,0.7483128652304704,85,3.2543173218625124e-06,5.572475947290543
94,2.5492169223317927e-10,82,0.7483128652304704,86,5.1022986383181885e-06,3.5053138564203254
94,2.5492169223317927e-10,82,0.7483128652304704,87,-1.9187509110160833e-05,0.6633107610592962
94,2.5492169223317927e-10,82,0.7483128652304704,88,-3.952761465072638e-06,1.1096515630604487
94,2.5492169223317927e-10,82,0.7483128652304704,89,-1.588651519619412e-06,3.930183395100056
94,2.5492169223317927e-10,82,0.7483128652304704,90,-5.514462362573552e-05,0.06983821663159874
94,2.5492169223317927e-10,82,0.7483128652304704,91,-1.8613581613712025e-05,0.7116790808716201
94,2.5492169223317927e-10,82,0.7483128652304704,92,-4.920242801971123e-06,1.335435240714643
94,2.5492169223317927e-10,82,0.7483128652304704,93,-0.00012440448405008525,0.0010381248987528587
94,2.5492169223317927e-10,82,0.7483128652304704,94,-3.093239089268812e-05,0.5373766146806852
94,2.5492169223317927e-10,82,0.7483128652304704,95,-1.0201730080897126e-05,0.8195936101596168
94,2.5492169223317927e-10,82,0.7483128652304704,96,7.02297921885179e-06,4.017891626884591
94,2.5492169223317927e-10,82,0.7483128652304704,97,-1.3236279205766475e-05,0.9747455389598344
94,2.5492169223317927e-10,82,0.7483128652304704,98,6.4752349165202174e-06,3.225071632832073
94,2.5492169223317927e-10,82,0.7483128652304704,99,-6.394912113704112e-05,0.048516333418682764
94,2.5492169223317927e-10,82,0.7483128652304704,100,2.0640133167982215e-06,0.9908942220153811
95,-1.0105528672967352e-10,79,0.7460103767931475,1,8.011975393674883e-06,5.6920678010949946
95,-1.0105528672967352e-10,79,0.7460103767931475,2,-2.786241662113002e-05,0.6001707065258629
95,-1.0105528672967352e-10,79,0.7460103767931475,3,1.320651866965826e-06,1.4014318425597954
95,-1.0105528672967352e-10,79,0.7460103767931475,4,-0.00026092531039997684,0.0004580547301047277
95,-1.0105528672967352e-10,79,0.7460103767931475,5,-8.757490880799246e-08,5.881723840087753
95,-1.0105528672967352e-10,79,0.7460103767931475,6,-0.00027960327517264976,1.1870298882831406e-05
95,-1.0105528672967352e-10,79,0.7460103767931475,7,-8.835692878755943e-05,0.055365111966634115
95,-1.0105528672967352e-10,79,0.7460103767931475,8,-0.00025516349692763206,0.00028953774625933474
95,-1.0105528672967352e-10,79,0.7460103767931475,9,2.9728726127405437e-06,1.0315002886027833
95,-1.0105528672967352e-10,79,0.7460103767931475,10,-7.879575445954541e-07,4.586953806546687
95,-1.0105528672967352e-10,79,0.7460103767931475,11,-2.315398496944808e-06,1.7294495525438787
95,-1.0105528672967352e-10,79,0.7460103767931475,12,-0.00010991606740673016,0.08627405279670687
95,-1.0105528672967352e-10,79,0.7460103767931475,13,-0.000313286800950284,6.123699593193823e-06
95,-1.0105528672967352e-10,79,0.7460103767931475,14,4.1639626163631215e-06,4.023274913581841
95,-1.0105528672967352e-10,79,0.7460103767931475,15,-0.00016504085394409386,0.00012446869043560713
95,-1.0105528672967352e-10,79,0.7460103767931475,16,6.007551876410349e-06,7.430724424810156
95,-1.0105528672967352e-10,79,0.7460103767931475,17,-0.00036388094399855214,5.054771745528756e-07
95,-1.0105528672967352e-10,79,0.7460103767931475,18,-0.00026066919206737377,1.031961495184388e-06
95,-1.0105528672967352e-10,79,0.7460103767931475,19,-0.00013384724891646083,0.03280273850050835
95,-1.0105528672967352e-10,79,0.7460103767931475,20,-0.0003477546402097672,1.3703475903998735e-06
95,-1.0105528672967352e-10,79,0.7460103767931475,21,-4.241054466020458e-05,0.029235324171589583
95,-1.0105528672967352e-10,79,0.7460103767931475,22,4.974036372889628e-06,4.3108849479492335
95,-1.0105528672967352e-10,79,0.7460103767931475,23,1.1617485296453577e-07,4.091995235680138
95,-1.0105528672967352e-10,79,0.7460103767931475,24,3.2348250680666914e-06,1.1152310299120858
95,-1.0105528672967352e-10,79,0.7460103767931475,25,5.670037593463686e-06,0.5831768132548514
95,-1.0105528672967352e-10,79,0.7460103767931475,26,-3.7989879196436543e-06,4.009048976237095
95,-1.0105528672967352e-10,79,0.7460103767931475,27,-1.2246711425820799e-05,1.1094889433495583
95,-1.0105528672967352e-10,79,0.7460103767931475,28,-0.00015287309900159147,0.0006882800013535023
95,-1.0105528672967352e-10,79,0.7460103767931475,29,-1.984862900226711e-07,0.8566302461909737
95,-1.0105528672967352e-10,79,0.7460103767931475,30,4.5901674725272265e-07,3.279865437713327
95,-1.0105528672967352e-10,79,0.7460103767931475,31,-4.631323503661587e-06,3.404818140945158
95,-1.0105528672967352e-10,79,0.7460103767931475,32,-0.00030421455653220473,3.101726168457703e-05
95,-1.0105528672967352e-10,79,0.7460103767931475,33,2.679709766374262e-06,4.993284296912249
95,-1.0105528672967352e-10,79,0.7460103767931475,34,-3.467178075254532e-06,2.8659561210985385
95,-1.0105528672967352e-10,79,0.7460103767931475,35,1.116897745475044e-05,0.619815759558726
95,-1.0105528672967352e-10,79,0.7460103767931475,36,-5.562293050803425e-05,0.041609343220098134
95,-1.0105528672967352e-10,79,0.7460103767931475,37,-7.268514028891974e-06,1.4644586240816055
95,-1.0105528672967352e-10,79,0.7460103767931475,38,-2.4643392092981368e-05,0.2606503070510099
95,-1.0105528672967352e-10,79,0.7460103767931475,39,-0.00040762583856492827,9.513737790108433e-06
95,-1.0105528672967352e-10,79,0.7460103767931475,40,-0.0002075016069025592,0.0023048985321932358
95,-1.0105528672967352e-10,79,0.7460103767931475,41,-0.00022397530958302513,9.021474047544017e-06
95,-1.0105528672967352e-10,79,0.7460103767931475,42,-9.856944464270426e-06,0.6043667223683137
95,-1.0105528672967352e-10,79,0.7460103767931475,43,4.516154510256969e-06,7.181974020813618
95,-1.0105528672967352e-10,79,0.7460103767931475,44,-0.00021619361882846937,5.107600933752986e-06
95,-1.0105528672967352e-10,79,0.7460103767931475,45,-0.0004563611706527432,7.182049367670265e-08
95,-1.0105528672967352e-10,79,0.7460103767931475,46,2.7749714330037638e-05,1.3823463236646634
95,-1.0105528672967352e-10,79,0.7460103767931475,47,-2.8997864956235132e-05,0.3742170614205301
95,-1.0105528672967352e-10,79,0.7460103767931475,48,-1.7159309154675976e-05,1.7002048857131928
95,-1.0105528672967352e-10,79,0.7460103767931475,49,1.7946880082888273e-06,5.886239041507368
95,-1.0105528672967352e-10,79,0.7460103767931475,50,-6.2304457291754644e-06,2.933765814465411
95,-1.0105528672967352e-10,79,0.7460103767931475,51,-0.00010359375002039137,0.018789773839810613
95,-1.0105528672967352e-10,79,0.7460103767931475,52,-2.220266398735297e-06,2.6907929806052935
95,-1.0105528672967352e-10,79,0.7460103767931475,53,-7.746295707410552e-06,0.37127884136045713
95,-1.0105528672967352e-10,79,0.7460103767931475,54,7.946875307509003e-06,1.958305608747688
95,-1.0105528672967352e-10,79,0.7460103767931475,55,-1.606784817110733e-05,1.3613156096310128
95,-1.0105528672967352e-10,79,0.7460103767931475,56,-0.00021193928592189198,7.028440883889291e-05
95,-1.0105528672967352e-10,79,0.7460103767931475,57,-0.00017752814381246027,0.0004515566935524247
95,-1.0105528672967352e-10,79,0.7460103767931475,58,-3.1164086380941464e-05,0.2522895745785266
95,-1.0105528672967352e-10,79,0.7460103767931475,59,-8.669283398121627e-05,0.024031881094574988
95,-1.0105528672967352e-10,79,0.7460103767931475,60,-7.629592344977262e-05,0.028693507059492935
95,-1.0105528672967352e-10,79,0.7460103767931475,61,-0.00018849541948837262,0.004468773619509766
95,-1.0105528672967352e-10,79,0.7460103767931475,62,-0.0001516465000309092,0.010709919181003027
95,-1.0105528672967352e-10,79,0.7460103767931475,63,4.886364288662812e-06,4.498393740185035
95,-1.0105528672967352e-10,79,0.7460103767931475,64,-0.00035871581658949433,1.9065502620477757e-07
95,-1.0105528672967352e-10,79,0.7460103767931475,65,-0.0001984723461419463,0.006555673249997211
95,-1.0105528672967352e-10,79,0.7460103767931475,66,-0.00038392679413576137,2.7582148454227227e-08
95,-1.0105528672967352e-10,79,0.7460103767931475,67,-0.00020729434592359056,0.0007949033481764535
95,-1.0105528672967352e-10,79,0.7460103767931475,68,-0.00027005593809090536,2.3606236457190793e-06
95,-1.0105528672967352e-10,79,0.7460103767931475,69,1.5625540762061994e-05,0.8327942109521799
95,-1.0105528672967352e-10,79,0.7460103767931475,70,-0.0003735951891958601,6.58477009238048e-08
95,-1.0105528672967352e-10,79,0.7460103767931475,71,8.125910686138186e-07,2.938381475765264
95,-1.0105528672967352e-10,79,0.7460103767931475,72,-2.395198765595323e-06,2.9745796437516017
95,-1.0105528672967352e-10,79,0.7460103767931475,73,-2.1187014339671786e-05,0.3835662134251757
95,-1.0105528672967352e-10,79,0.7460103767931475,74,-2.399304455809986e-05,0.5643670854855252
95,-1.0105528672967352e-10,79,0.7460103767931475,75,5.049372293723946e-06,4.212504134205792
95,-1.0105528672967352e-10,79,0.7460103767931475,76,3.4054388421053854e-06,6.743470650532455
95,-1.0105528672967352e-10,79,0.7460103767931475,77,2.327081032293634e-05,0.09855779863190817
95,-1.0105528672967352e-10,79,0.7460103767931475,78,-3.388984252593575e-05,0.3317713545845164
95,-1.0105528672967352e-10,79,0.7460103767931475,79,-5.592933638358332e-06,1.794753743748299
95,-1.0105528672967352e-10,79,0.7460103767931475,80,3.776787581730507e-06,8.570083127166043
95,-1.0105528672967352e-10,79,0.7460103767931475,81,-6.196751334754467e-07,1.3615576845143902
95,-1.0105528672967352e-10,79,0.7460103767931475,82,-0.0002764273290923896,3.767246426240156e-05
95,-1.0105528672967352e-10,79,0.7460103767931475,83,7.2546858878301485e-06,0.6684724626928131
95,-1.0105528672967352e-10,79,0.7460103767931475,84,4.872985184184764e-06,2.7874364789450543
95,-1.0105528672967352e-10,79,0.7460103767931475,85,-2.239616313583124e-05,1.3781146223787921
95,-1.0105528672967352e-10,79,0.7460103767931475,86,-0.00011228614369200278,0.04858921218870823
95,-1.0105528672967352e-10,79,0.7460103767931475,87,-1.5895947242736478e-05,0.5030348152005641
95,-1.0105528672967352e-10,79,0.7460103767931475,88,-6.698443276542879e-06,0.5781641429796225
95,-1.0105528672967352e-10,79,0.7460103767931475,89,-0.0004044056356882132,2.6210364710679196e-08
95,-1.0105528672967352e-10,79,0.7460103767931475,90,4.101466148939625e-07,2.121291227443506
95,-1.0105528672967352e-10,79,0.7460103767931475,91,-4.579778525201693e-06,2.168884969660776
95,-1.0105528672967352e-10,79,0.7460103767931475,92,-0.0002781278495270287,0.00020422217672745813
95,-1.0105528672967352e-10,79,0.7460103767931475,93,-0.0004196451146030492,1.389721297818798e-07
95,-1.0105528672967352e-10,79,0.7460103767931475,94,-0.00015914801540750715,0.0021839312905221906
95,-1.0105528672967352e-10,79,0.7460103767931475,95,-0.0002155523991614858,0.00013741095777027406
95,-1.0105528672967352e-10,79,0.7460103767931475,96,3.0524866348923755e-06,1.3030126819740548
95,-1.0105528672967352e-10,79,0.7460103767931475,97,-1.5800706744613548e-05,1.5908191750085905
95,-1.0105528672967352e-10,79,0.7460103767931475,98,-4.2637489616197685e-06,0.8786483471649423
95,-1.0105528672967352e-10,79,0.7460103767931475,99,-1.8874839474656085e-05,1.2098816501473242
95,-1.0105528672967352e-10,79,0.7460103767931475,100,-6.069807206987152e-06,0.8227285243149652
96,-1.8945470930733518e-10,64,0.7504653169185749,1,-0.0004300910133185517,1.4005571931128292e-07
96,-1.8945470930733518e-10,64,0.7504653169185749,2,2.10330901940599e-06,1.6572584153453684
96,-1.8945470930733518e-10,64,0.7504653169185749,3,-0.00012129592053970417,0.004352271869011527
96,-1.8945470930733518e-10,64,0.7504653169185749,4,-0.00021004078116849639,0.0019041276876289707
96,-1.8945470930733518e-10,64,0.7504653169185749,5,3.2918432664586997e-06,3.68228155814144
96,-1.8945470930733518e-10,64,0.7504653169185749,6,-2.0133572058784093e-05,1.1063585874540807
96,-1.8945470930733518e-10,64,0.7504653169185749,7,-0.00023891914493535021,0.00046915741360705913
96,-1.8945470930733518e-10,64,0.7504653169185749,8,9.003303784176065e-07,3.322207036903722
96,-1.8945470930733518e-10,64,0.7504653169185749,9,2.0539711627565736e-06,4.1345482388809325
96,-1.8945470930733518e-10,64,0.7504653169185749,10,-0.00022350539835578305,4.656386586514531e-05
96,-1.8945470930733518e-10,64,0.7504653169185749,11,-6.753881644946982e-06,2.542065032885789
96,-1.8945470930733518e-10,64,0.7504653169185749,12,-0.0001768811396192094,0.0036716721469227235
96,-1.8945470930733518e-10,64,0.7504653169185749,13,-1.1441293308749912e-05,1.298243449747776
96,-1.8945470930733518e-10,64,0.7504653169185749,14,-0.00011319448265928952,0.002190375306389363
96,-1.8945470930733518e-10,64,0.7504653169185749,15,-7.314311781964057e-06,1.533279886588685
96,-1.8945470930733518e-10,64,0.7504653169185749,16,-5.0058270040772276e-05,0.0157596292182144
96,-1.8945470930733518e-10,64,0.7504653169185749,17,8.324595995717602e-06,3.260936006838759
96,-1.8945470930733518e-10,64,0.7504653169185749,18,-5.817859887527847e-06,3.030220314546555
96,-1.8945470930733518e-10,64,0.7504653169185749,19,-4.547897831860548e-06,1.6620562869238757
96,-1.8945470930733518e-10,64,0.7504653169185749,20,4.144281102286017e-06,3.3604763571932157
96,-1.8945470930733518e-10,64,0.7504653169185749,21,-0.00035046073437945945,5.084893439524237e-06
96,-1.8945470930733518e-10,64,0.7504653169185749,22,-1.7253961273777438e-05,1.3542117359260943
96,-1.8945470930733518e-10,64,0.7504653169185749,23,1.2076965834468394e-06,1.5489135853567804
96,-1.8945470930733518e-10,64,0.7504653169185749,24,-0.00011914384054488029,0.10275231950281133
96,-1.8945470930733518e-10,64,0.7504653169185749,25,1.154921260098075e-06,3.4788920314811285
96,-1.8945470930733518e-10,64,0.7504653169185749,26,5.057416674396926e-06,3.9898951751019704
96,-1.8945470930733518e-10,64,0.7504653169185749,27,-0.0002001379639778452,0.0004875168392266522
96,-1.8945470930733518e-10,64,0.7504653169185749,28,-0.00011414679640763838,0.009789355655566222
96,-1.8945470930733518e-10,64,0.7504653169185749,29,-2.4189399457993957e-05,0.30888561425449906
96,-1.8945470930733518e-10,64,0.7504653169185749,30,-1.7462894413401262e-05,0.37834270137668413
96,-1.8945470930733518e-10,64,0.7504653169185749,31,5.997747351026509e-06,0.9960101596960367
96,-1.8945470930733518e-10,64,0.7504653169185749,32,-0.00022821318610756952,0.0011160720573544143
96,-1.8945470930733518e-10,64,0.7504653169185749,33,3.901239711601114e-06,2.961666166040462
96,-1.8945470930733518e-10,64,0.7504653169185749,34,-0.00015201078191606816,0.01690816712394805
96,-1.8945470930733518e-10,64,0.7504653169185749,35,-0.00012120537120682525,0.014798506285026476
96,-1.8945470930733518e-10,64,0.7504653169185749,36,-5.453632219197942e-05,0.27699681955772776
96,-1.8945470930733518e-10,64,0.7504653169185749,37,-9.205864078146007e-06,0.22659590700316043
96,-1.8945470930733518e-10,64,0.7504653169185749,38,-1.3947440402419716e-05,0.5361191089674997
96,-1.8945470930733518e-10,64,0.7504653169185749,39,-0.00027839863916111836,0.0004383283857464972
96,-1.8945470930733518e-10,64,0.7504653169185749,40,-2.380395924913144e-05,0.43347117350748837
96,-1.8945470930733518e-10,64,0.7504653169185749,41,-4.513400061318326e-05,0.06386086936209567
96,-1.8945470930733518e-10,64,0.7504653169185749,42,5.567349571608965e-07,4.948895843997027
96,-1.8945470930733518e-10,64,0.7504653169185749,43,-0.00015702075937043072,0.013609555390775512
96,-1.8945470930733518e-10,64,0.7504653169185749,44,-6.548930873179831e-05,0.05130448343744408
96,-1.8945470930733518e-10,64,0.7504653169185749,45,-7.78189312231497e-05,0.3023740388219318
96,-1.8945470930733518e-10,64,0.7504653169185749,46,7.570195205564366e-06,1.8561579418856355
96,-1.8945470930733518e-10,64,0.7504653169185749,47,-0.0001549464332098886,0.011247468388569314
96,-1.8945470930733518e-10,64,0.7504653169185749,48,-3.948964464603082e-06,0.5778084530951413
96,-1.8945470930733518e-10,64,0.7504653169185749,49,1.0588560587956348e-06,4.4225980011581605
96,-1.8945470930733518e-10,64,0.7504653169185749,50,-0.0001318538496849652,0.04551812716937281
96,-1.8945470930733518e-10,64,0.7504653169185749,51,4.980280028729946e-06,2.6609380579047364
96,-1.8945470930733518e-10,64,0.7504653169185749,52,5.595883761055161e-06,3.7501157855635343
96,-1.8945470930733518e-10,64,0.7504653169185749,53,-2.248935489790496e-06,1.8032525727907087
96,-1.8945470930733518e-10,64,0.7504653169185749,54,-9.634350197856993e-05,0.006110019591224244
96,-1.8945470930733518e-10,64,0.7504653169185749,55,8.777989032959324e-06,4.5590055131694
96,-1.8945470930733518e-10,64,0.7504653169185749,56,-3.272403360724799e-05,0.4032534222788113
96,-1.8945470930733518e-10,64,0.7504653169185749,57,-0.00019613054460150713,0.010329623895404516
96,-1.8945470930733518e-10,64,0.7504653169185749,58,-0.0002855032202084124,2.627451783419882e-05
96,-1.8945470930733518e-10,64,0.7504653169185749,59,-0.0002434104827957196,0.0003373897908494405
96,-1.8945470930733518e-10,64,0.7504653169185749,60,-0.00012176200422955748,0.032822284199637904
96,-1.8945470930733518e-10,64,0.7504653169185749,61,1.9354762937813674e-06,3.516276271671203
96,-1.8945470930733518e-10,64,0.7504653169185749,62,3.795742078363326e-06,4.608438281609657
96,-1.8945470930733518e-10,64,0.7504653169185749,63,-0.00017533342108155665,0.0011346989310620297
96,-1.8945470930733518e-10,64,0.7504653169185749,64,-0.0003326341421031887,9.336616751224632e-06
96,-1.8945470930733518e-10,64,0.7504653169185749,65,8.925095738434041e-07,6.26101488050444
96,-1.8945470930733518e-10,64,0.7504653169185749,66,-6.591404735526623e-05,0.10834932549651508
96,-1.8945470930733518e-10,64,0.7504653169185749,67,3.699827354372452e-06,2.191625531859257
96,-1.8945470930733518e-10,64,0.7504653169185749,68,-3.122261104891584e-06,0.4549936915373923
96,-1.8945470930733518e-10,64,0.7504653169185749,69,8.998175869853126e-07,4.152426192251775
96,-1.8945470930733518e-10,64,0.7504653169185749,70,-2.6625568833186946e-06,4.229338311912406
96,-1.8945470930733518e-10,64,0.7504653169185749,71,-7.756601495169207e-06,0.40613295778360453
96,-1.8945470930733518e-10,64,0.7504653169185749,72,-6.925618741304578e-05,0.0850548875405203
96,-1.8945470930733518e-10,64,0.7504653169185749,73,6.4675334221108485e-06,1.0776552984350363
96,-1.8945470930733518e-10,64,0.7504653169185749,74,-7.098710987469546e-07,0.6569954613481778
96,-1.8945470930733518e-10,64,0.7504653169185749,75,-1.9387248471702475e-06,2.9792935785225896
96,-1.8945470930733518e-10,64,0.7504653169185749,76,4.701672975855064e-06,3.3441737377509098
96,-1.8945470930733518e-10,64,0.7504653169185749,77,-0.00020025046716372525,0.0010483582199298366
96,-1.8945470930733518e-10,64,0.7504653169185749,78,2.2905888950200787e-06,5.250816178842152
96,-1.8945470930733518e-10,64,0.7504653169185749,79,-0.00021266843771274943,0.002073811176564831
96,-1.8945470930733518e-10,64,0.7504653169185749,80,-0.0003372406660581094,2.490179852461393e-06
96,-1.8945470930733518e-10,64,0.7504653169185749,81,1.6001346021593494e-06,2.581280271869723
96,-1.8945470930733518e-10,64,0.7504653169185749,82,-1.2300884607756242e-06,2.4380423597227603
96,-1.8945470930733518e-10,64,0.7504653169185749,83,2.9791214624271737e-06,2.623178724727634
96,-1.8945470930733518e-10,64,0.7504653169185749,84,-0.00024456907067322534,8.950047752238969e-05
96,-1.8945470930733518e-10,64,0.7504653169185749,85,3.9013683720317974e-07,3.108202793833078
96,-1.8945470930733518e-10,64,0.7504653169185749,86,6.586303721201179e-07,5.853488405086684
96,-1.8945470930733518e-10,64,0.7504653169185749,87,-3.0371759777762696e-06,1.076766408823782
96,-1.8945470930733518e-10,64,0.7504653169185749,88,-0.00025077865293282933,0.00015699671679966394
96,-1.8945470930733518e-10,64,0.7504653169185749,89,-2.771112796810755e-05,0.09684196299618478
96,-1.8945470930733518e-10,64,0.7504653169185749,90,-1.5642696942906334e-05,1.8408926310745373
96,-1.8945470930733518e-10,64,0.7504653169185749,91,-0.00018951278926521473,0.00199379361566529
96,-1.8945470930733518e-10,64,0.7504653169185749,92,-0.00012573652691527028,0.011261172919537715
96,-1.8945470930733518e-10,64,0.7504653169185749,93,-1.2260240078463426e-06,2.407954272404439
96,-1.8945470930733518e-10,64,0.7504653169185749,94,1.6508933206724104e-05,1.5011143193278997
96,-1.8945470930733518e-10,64,0.7504653169185749,95,-0.00019358968786784816,0.00371453573191332
96,-1.8945470930733518e-10,64,0.7504653169185749,96,6.989661254196556e-06,1.258155637796434
96,-1.8945470930733518e-10,64,0.7504653169185749,97,3.4838815570716826e-07,4.412450717936196
96,-1.8945470930733518e-10,64,0.7504653169185749,98,-5.163998186664499e-06,1.2700093188051826
96,-1.8945470930733518e-10,64,0.7504653169185749,99,1.5577962831252814e-06,1.147002353369145
96,-1.8945470930733518e-10,64,0.7504653169185749,100,-0.00013111550088804302,0.01635398709115599
97,-1.8979936382095689e-10,22,0.7537502031987047,1,-0.00036585065955630224,1.3996457877624434e-08
97,-1.8979936382095689e-10,22,0.7537502031987047,2,-2.0095610578309785e-05,1.137422647959831
97,-1.8979936382095689e-10,22,0.7537502031987047,3,2.4141332645068567e-06,3.433803246979398
97,-1.8979936382095689e-10,22,0.7537502031987047,4,-4.203200478365161e-05,0.22739185397772377
97,-1.8979936382095689e-10,22,0.7537502031987047,5,-5.561150749440408e-06,0.34182891937677007
97,-1.8979936382095689e-10,22,0.7537502031987047,6,-1.3006600288078538e-05,0.7121450512950889
97,-1.8979936382095689e-10,22,0.7537502031987047,7,-0.00012460054326306135,0.0040499139530921
97,-1.8979936382095689e-10,22,0.7537502031987047,8,-4.210962470921667e-06,2.523753272247309
97,-1.8979936382095689e-10,22,0.7537502031987047,9,-0.00023411631074881763,0.00018881160170831888
97,-1.8979936382095689e-10,22,0.7537502031987047,10,1.7568043647681085e-07,3.8395132434370867
97,-1.8979936382095689e-10,22,0.7537502031987047,11,1.9602368978984802e-06,3.715608280875145
97,-1.8979936382095689e-10,22,0.7537502031987047,12,-2.916460156927496e-05,0.7837967178230514
97,-1.8979936382095689e-10,22,0.7537502031987047,13,-0.0002074092613480486,3.101263386424401e-05
97,-1.8979936382095689e-10,22,0.7537502031987047,14,-0.0002113888196900505,0.00010132264559189803
97,-1.8979936382095689e-10,22,0.7537502031987047,15,5.427376051808448e-06,5.02813202256479
97,-1.8979936382095689e-10,22,0.7537502031987047,16,-0.0001243007941364344,0.007519628288771943
97,-1.8979936382095689e-10,22,0.7537502031987047,17,-0.00026359426512947255,4.330857401147182e-05
97,-1.8979936382095689e-10,22,0.7537502031987047,18,-2.1243986577854347e-05,0.6420291361510865
97,-1.8979936382095689e-10,22,0.7537502031987047,19,-0.00011139369422463083,0.019352711918828935
97,-1.8979936382095689e-10,22,0.7537502031987047,20,5.237519022877837e-06,5.099684826793277
97,-1.8979936382095689e-10,22,0.7537502031987047,21,8.931907391110532e-06,1.9210864888797905
97,-1.8979936382095689e-10,22,0.7537502031987047,22,6.103971539521304e-06,0.8837496254619575
97,-1.8979936382095689e-10,22,0.7537502031987047,23,2.1467051005179107e-06,7.045269003330785
97,-1.8979936382095689e-10,22,0.7537502031987047,24,3.6535341064389017e-06,1.6443398961234887
97,-1.8979936382095689e-10,22,0.7537502031987047,25,-7.475041992699428e-06,2.2595776111281416
97,-1.8979936382095689e-10,22,0.7537502031987047,26,-3.516666034092871e-05,0.2021616554690538
97,-1.8979936382095689e-10,22,0.7537502031987047,27,-2.375168619843701e-05,0.22764974774254673
97,-1.8979936382095689e-10,22,0.7537502031987047,28,-3.0240158938079544e-05,0.31728405060636994
97,-1.8979936382095689e-10,22,0.7537502031987047,29,-3.539174800251033e-05,0.2646688235706369
97,-1.8979936382095689e-10,22,0.7537502031987047,30,-0.000134241525614216,0.0025525754920115032
97,-1.8979936382095689e-10,22,0.7537502031987047,31,3.2226926049323655e-06,3.5096786009457452
97,-1.8979936382095689e-10,22,0.7537502031987047,32,6.404312901213384e-06,5.15769334177589
97,-1.8979936382095689e-10,22,0.7537502031987047,33,-8.530557082065279e-07,3.1420195598971685
97,-1.8979936382095689e-10,22,0.7537502031987047,34,-0.0001717527394867006,0.0014137081474257594
97,-1.8979936382095689e-10,22,0.7537502031987047,35,-6.028407494275054e-05,0.4866777102604962
97,-1.8979936382095689e-10,22,0.7537502031987047,36,-9.501042798252732e-06,0.8692106266942342
97,-1.8979936382095689e-10,22,0.7537502031987047,37,-0.0002261983493668657,1.611663129639599e-05
97,-1.8979936382095689e-10,22,0.7537502031987047,38,3.7318524584228726e-06,3.6101645014154116
97,-1.8979936382095689e-10,22,0.7537502031987047,39,-5.2151960883903704e-05,0.06350478714324025
97,-1.8979936382095689e-10,22,0.7537502031987047,40,-0.00030728077145551893,5.588958837856519e-07
97,-1.8979936382095689e-10,22,0.7537502031987047,41,-7.888696942548306e-05,0.03849568044584616
97,-1.8979936382095689e-10,22,0.7537502031987047,42,6.978385880035411e-06,1.2160861842614665
97,-1.8979936382095689e-10,22,0.7537502031987047,43,-0.00024021997367315858,5.19680222175068e-06
97,-1.8979936382095689e-10,22,0.7537502031987047,44,-6.252611809073572e-05,0.09307848929943302
97,-1.8979936382095689e-10,22,0.7537502031987047,45,7.53083506555083e-06,5.335395407497193
97,-1.8979936382095689e-10,22,0.7537502031987047,46,-2.000472178481776e-06,3.6274974408165437
97,-1.8979936382095689e-10,22,0.7537502031987047,47,-0.0002394002885452362,4.5194050408840515e-05
97,-1.8979936382095689e-10,22,0.7537502031987047,48,4.062039757301232e-06,3.619952649531771
97,-1.8979936382095689e-10,22,0.7537502031987047,49,-4.998520211748122e-05,0.06509500062159992
97,-1.8979936382095689e-10,22,0.7537502031987047,50,6.199454991008128e-06,3.3574289794040473
97,-1.8979936382095689e-10,22,0.7537502031987047,51,-0.00013454634118639756,0.0037158018570816703
97,-1.8979936382095689e-10,22,0.7537502031987047,52,3.162427099625846e-06,3.5367712422825277
97,-1.8979936382095689e-10,22,0.7537502031987047,53,4.049861868741235e-06,1.7622435640902239
97,-1.8979936382095689e-10,22,0.7537502031987047,54,-0.00022157340789794212,2.4884909930398713e-05
97,-1.8979936382095689e-10,22,0.7537502031987047,55,-9.142520567831382e-05,0.08400370307617074
97,-1.8979936382095689e-10,22,0.7537502031987047,56,9.20559250266056e-06,2.7444942245226844
97,-1.8979936382095689e-10,22,0.7537502031987047,57,-2.790814732303432e-08,5.251729607088342
97,-1.8979936382095689e-10,22,0.7537502031987047,58,-5.4168946686444725e-05,0.5778595657048027
97,-1.8979936382095689e-10,22,0.7537502031987047,59,-2.51686611440044e-05,0.8417363628299257
97,-1.8979936382095689e-10,22,0.7537502031987047,60,3.922483089515066e-06,0.5228481416890297
97,-1.8979936382095689e-10,22,0.7537502031987047,61,-7.591661903619291e-05,0.023951031211447694
97,-1.8979936382095689e-10,22,0.7537502031987047,62,-0.00018039011635707886,0.0010649001843549889
97,-1.8979936382095689e-10,22,0.7537502031987047,63,-6.25415500252134e-05,0.13043440238404755
97,-1.8979936382095689e-10,22,0.7537502031987047,64,-9.99092556658981e-05,0.018466209258961377
97,-1.8979936382095689e-10,22,0.7537502031987047,65,-0.00017995441532106724,0.0009102614506843659
97,-1.8979936382095689e-10,22,0.7537502031987047,66,-1.2883060039150138e-05,1.2230252380558513
97,-1.8979936382095689e-10,22,0.7537502031987047,67,1.4740314963032807e-05,2.292987180995009
97,-1.8979936382095689e-10,22,0.7537502031987047,68,-1.1858868284099072e-05,0.9990487428947924
97,-1.8979936382095689e-10,22,0.7537502031987047,69,1.639793602942831e-06,2.256177218161328
97,-1.8979936382095689e-10,22,0.7537502031987047,70,-6.477851813358889e-07,1.7619951565186442
97,-1.8979936382095689e-10,22,0.7537502031987047,71,-6.519120302417502e-07,2.8733409313032476
97,-1.8979936382095689e-10,22,0.7537502031987047,72,6.330826208816485e-06,2.2438160420536097
97,-1.8979936382095689e-10,22,0.7537502031987047,73,3.6564578983563063e-07,1.2906628923512244
97,-1.8979936382095689e-10,22,0.7537502031987047,74,-0.00017472576568952993,0.0002594432342656906
97,-1.8979936382095689e-10,22,0.7537502031987047,75,-6.621220096985894e-05,0.07810420664365941
97,-1.8979936382095689e-10,22,0.7537502031987047,76,1.0601478676977213e-06,5.32882560983615
97,-1.8979936382095689e-10,22,0.7537502031987047,77,3.07509511167445e-06,5.134090691306005
97,-1.8979936382095689e-10,22,0.7537502031987047,78,-0.00011389200453254898,0.0020843834687808214
97,-1.8979936382095689e-10,22,0.7537502031987047,79,-2.9825787771955562e-06,2.7354988883343108
97,-1.8979936382095689e-10,22,0.7537502031987047,80,-6.490692215546742e-05,0.007424648766630982
97,-1.8979936382095689e-10,22,0.7537502031987047,81,-1.0614910726054328e-05,0.9776250079172235
97,-1.8979936382095689e-10,22,0.7537502031987047,82,-7.412912178154168e-06,1.0569191797647717
97,-1.8979936382095689e-10,22,0.7537502031987047,83,3.2485903005956764e-06,3.840511131412586
97,-1.8979936382095689e-10,22,0.7537502031987047,84,-7.441367817441041e-06,0.764705261122867
97,-1.8979936382095689e-10,22,0.7537502031987047,85,-9.553860249867793e-05,0.008648623646580629
97,-1.8979936382095689e-10,22,0.7537502031987047,86,-4.875083686463263e-05,0.22008252001641093
97,-1.8979936382095689e-10,22,0.7537502031987047,87,-0.00010655037565673715,0.00798396899068893
97,-1.8979936382095689e-10,22,0.7537502031987047,88,-6.195528719499393e-05,0.06109800570595412
97,-1.8979936382095689e-10,22,0.7537502031987047,89,-0.00012416492696164008,0.0035030846963314357
97,-1.8979936382095689e-10,22,0.7537502031987047,90,-3.5886604158523952e-06,1.5013441725460566
97,-1.8979936382095689e-10,22,0.7537502031987047,91,5.641584089111773e-06,1.3422778477901511
97,-1.8979936382095689e-10,22,0.7537502031987047,92,-4.869934653846504e-06,2.5416453160050865
97,-1.8979936382095689e-10,22,0.7537502031987047,93,-7.372407583894177e-07,2.84344417885978
97,-1.8979936382095689e-10,22,0.7537502031987047,94,-5.381749033962855e-05,0.020497502533056104
97,-1.8979936382095689e-10,22,0.7537502031987047,95,2.4815397489578897e-06,6.1387227020696695
97,-1.8979936382095689e-10,22,0.7537502031987047,96,-6.531216384679738e-05,0.13478653619491449
97,-1.8979936382095689e-10,22,0.7537502031987047,97,-0.00021458113300925122,8.522697201482297e-05
97,-1.8979936382095689e-10,22,0.7537502031987047,98,-2.9093728392243565e-05,0.3704240044153659
97,-1.8979936382095689e-10,22,0.7537502031987047,99,5.515367109249738e-06,1.258003317991819
97,-1.8979936382095689e-10,22,0.7537502031987047,100,-2.7263102177038165e-05,0.4518328711712388
98,-2.2417485585888154e-10,79,0.7511259939781949,1,9.236684820140151e-06,4.364978959288512
98,-2.2417485585888154e-10,79,0.7511259939781949,2,-8.71847343155952e-06,1.7137113057228324
98,-2.2417485585888154e-10,79,0.7511259939781949,3,5.487296216150953e-07,1.9360569839100858
98,-2.2417485585888154e-10,79,0.7511259939781949,4,1.59056752821403e-06,4.041276832699562
98,-2.2417485585888154e-10,79,0.7511259939781949,5,1.1489459357511675e-06,3.246804157024535
98,-2.2417485585888154e-10,79,0.7511259939781949,6,7.734115427259931e-07,5.892729155666664
98,-2.2417485585888154e-10,79,0.7511259939781949,7,-0.00017698031370837295,0.0002761709287804891
98,-2.2417485585888154e-10,79,0.7511259939781949,8,2.208454276860419e-06,2.2057379205005727
98,-2.2417485585888154e-10,79,0.7511259939781949,9,4.163432202842346e-06,2.289689572012063
98,-2.2417485585888154e-10,79,0.7511259939781949,10,-3.5550480046237126e-05,0.10149251428344383
98,-2.2417485585888154e-10,79,0.7511259939781949,11,-0.0001561698366056449,0.004139302614636971
98,-2.2417485585888154e-10,79,0.7511259939781949,12,-2.885175891642181e-05,0.38969645635902844
98,-2.2417485585888154e-10,79,0.7511259939781949,13,-7.54759024904687e-05,0.021193682129078985
98,-2.2417485585888154e-10,79,0.7511259939781949,14,1.2040991592250633e-05,1.136181540818514
98,-2.2417485585888154e-10,79,0.7511259939781949,15,-2.5382835073961686e-05,0.6716661182510036
98,-2.2417485585888154e-10,79,0.7511259939781949,16,-2.4389380808529607e-05,1.4496128433348743
98,-2.2417485585888154e-10,79,0.7511259939781949,17,3.0012247926948723e-05,0.7431684476344191
98,-2.2417485585888154e-10,79,0.7511259939781949,18,5.982112733519221e-06,1.5310431631423214
98,-2.2417485585888154e-10,79,0.7511259939781949,19,-0.00019883724310590462,2.9059434176279226e-05
98,-2.2417485585888154e-10,79,0.7511259939781949,20,-0.00019282045899606738,0.0020152114561542726
98,-2.2417485585888154e-10,79,0.7511259939781949,21,-3.1396988263475674e-07,6.69250423412855
98,-2.2417485585888154e-10,79,0.7511259939781949,22,-0.00024138989203577443,2.0071605319864128e-06
98,-2.2417485585888154e-10,79,0.7511259939781949,23,-8.240592583985295e-06,1.3893743063457007
98,-2.2417485585888154e-10,79,0.7511259939781949,24,-3.3859571137843625e-05,0.2709117823084322
98,-2.2417485585888154e-10,79,0.7511259939781949,25,-4.609096182848422e-06,0.5332636217016437
98,-2.2417485585888154e-10,79,0.7511259939781949,26,-1.0466998426984782e-05,0.6480821556080105
98,-2.2417485585888154e-10,79,0.7511259939781949,27,-0.0001943869517649329,0.0029109281998917907
98,-2.2417485585888154e-10,79,0.7511259939781949,28,-6.68597083408148e-05,0.06858797757235524
98,-2.2417485585888154e-10,79,0.7511259939781949,29,-9.12581812162592e-06,1.1775096422257108
98,-2.2417485585888154e-10,79,0.7511259939781949,30,-4.393980438280064e-06,1.0599713999687579
98,-2.2417485585888154e-10,79,0.7511259939781949,31,-1.8420192287136464e-06,4.2495744892352585
98,-2.2417485585888154e-10,79,0.7511259939781949,32,4.830344723633787e-06,3.3739115618181854
98,-2.2417485585888154e-10,79,0.7511259939781949,33,3.373252914458624e-06,0.7496856309913603
98,-2.2417485585888154e-10,79,0.7511259939781949,34,4.95125408826608e-06,3.7886996744636883
98,-2.2417485585888154e-10,79,0.7511259939781949,35,-5.314135303322012e-05,0.026982253929084
98,-2.2417485585888154e-10,79,0.7511259939781949,36,-5.9218197914312195e-06,0.19997030973304378
98,-2.2417485585888154e-10,79,0.7511259939781949,37,-0.0001414522297398201,0.0005234574490810044
98,-2.2417485585888154e-10,79,0.7511259939781949,38,-2.5293949562567668e-05,0.9241437675717814
98,-2.2417485585888154e-10,79,0.7511259939781949,39,-3.9553431861366443e-05,0.29090827527663665
98,-2.2417485585888154e-10,79,0.7511259939781949,40,7.956340138123398e-06,0.5560950524875885
98,-2.2417485585888154e-10,79,0.7511259939781949,41,-2.5691386981165847e-05,0.720863833598433
98,-2.2417485585888154e-10,79,0.7511259939781949,42,-0.00017153177679168254,0.0007459356886484991
98,-2.2417485585888154e-10,79,0.7511259939781949,43,-4.353556129460014e-05,0.23374875960165
98,-2.2417485585888154e-10,79,0.7511259939781949,44,-1.7938627753147218e-05,0.4653262048262615
98,-2.2417485585888154e-10,79,0.7511259939781949,45,-0.0001656017016379434,0.0006943894484368481
98,-2.2417485585888154e-10,79,0.7511259939781949,46,4.569158243672732e-06,7.823416086159829
98,-2.2417485585888154e-10,79,0.7511259939781949,47,4.073332193914635e-06,6.651930557760669
98,-2.2417485585888154e-10,79,0.7511259939781949,48,-7.333317236318282e-05,0.013418492026843431
98,-2.2417485585888154e-10,79,0.7511259939781949,49,-2.4960771982826112e-05,0.10275056009986698
98,-2.2417485585888154e-10,79,0.7511259939781949,50,-6.570248069523793e-06,2.1423376617105174
98,-2.2417485585888154e-10,79,0.7511259939781949,51,-0.00011949953582108228,0.029054803799106896
98,-2.2417485585888154e-10,79,0.7511259939781949,52,3.868308136777054e-06,2.8571251844449077
98,-2.2417485585888154e-10,79,0.7511259939781949,53,-3.779688870155342e-05,0.19921291085310305
98,-2.2417485585888154e-10,79,0.7511259939781949,54,-0.0001897655647566565,0.00035838254109050186
98,-2.2417485585888154e-10,79,0.7511259939781949,55,-0.00011763760917665808,0.059639435038484824
98,-2.2417485585888154e-10,79,0.7511259939781949,56,4.922884778023807e-06,4.014709684762678
98,-2.2417485585888154e-10,79,0.7511259939781949,57,-2.8616692592630066e-05,0.736369665481026
98,-2.2417485585888154e-10,79,0.7511259939781949,58,-1.0708930975241691e-05,1.0297006027435158
98,-2.2417485585888154e-10,79,0.7511259939781949,59,-5.051330387052953e-05,0.016038651455379287
98,-2.2417485585888154e-10,79,0.7511259939781949,60,-0.0002940602267169298,1.117637490385238e-06
98,-2.2417485585888154e-10,79,0.7511259939781949,61,-0.00013560298103741045,0.0006031816329354162
98,-2.2417485585888154e-10,79,0.7511259939781949,62,-0.00019588026528075852,0.00020660566028871268
98,-2.2417485585888154e-10,79,0.7511259939781949,63,-1.509290591721508e-05,0.9923130951471729
98,-2.2417485585888154e-10,79,0.7511259939781949,64,4.1908128542045305e-06,1.9539561846019837
98,-2.2417485585888154e-10,79,0.7511259939781949,65,-2.9206527360273608e-06,3.4003742923773044
98,-2.2417485585888154e-10,79,0.7511259939781949,66,1.667676478822709e-05,0.8794084348064594
98,-2.2417485585888154e-10,79,0.7511259939781949,67,-1.7916281501668675e-05,0.9208181625977175
98,-2.2417485585888154e-10,79,0.7511259939781949,68,-1.1025241332721273e-05,0.21509443626161634
98,-2.2417485585888154e-10,79,0.7511259939781949,69,6.712161910919594e-06,3.361940078859605
98,-2.2417485585888154e-10,79,0.7511259939781949,70,-0.00012163512552922368,0.0006929223636208034
98,-2.2417485585888154e-10,79,0.7511259939781949,71,4.326345237416749e-06,1.5164954569103637
98,-2.2417485585888154e-10,79,0.7511259939781949,72,-4.5912797598794455e-05,0.5864293586838538
98,-2.2417485585888154e-10,79,0.7511259939781949,73,1.0845977232369332e-06,4.071825367503382
98,-2.2417485585888154e-10,79,0.7511259939781949,74,-3.3299052671188646e-05,0.22040000031739648
98,-2.2417485585888154e-10,79,0.7511259939781949,75,-3.6966758500462476e-05,0.2501292066363252
98,-2.2417485585888154e-10,79,0.7511259939781949,76,2.3300531312225044e-06,1.3846696540358303
98,-2.2417485585888154e-10,79,0.7511259939781949,77,-1.3718120075210262e-05,1.4898333839019453
98,-2.2417485585888154e-10,79,0.7511259939781949,78,-2.1091572144516404e-05,0.6319859468057962
98,-2.2417485585888154e-10,79,0.7511259939781949,79,-0.0002858427721556291,2.982826055755074e-06
98,-2.2417485585888154e-10,79,0.7511259939781949,80,4.422464922390318e-06,8.209567360405755
98,-2.2417485585888154e-10,79,0.7511259939781949,81,2.976022795966367e-06,2.552783561606408
98,-2.2417485585888154e-10,79,0.7511259939781949,82,-5.736765978323802e-05,0.16034202386863636
98,-2.2417485585888154e-10,79,0.7511259939781949,83,-0.00020501675818853846,6.94712249706888e-05
98,-2.2417485585888154e-10,79,0.7511259939781949,84,3.498654648289524e-06,4.800756365891958
98,-2.2417485585888154e-10,79,0.7511259939781949,85,-1.4071473700954743e-05,1.4461710899291154
98,-2.2417485585888154e-10,79,0.7511259939781949,86,-0.00016129047603549333,0.011765598798184196
98,-2.2417485585888154e-10,79,0.7511259939781949,87,1.5838847277660988e-05,2.4868887908550543
98,-2.2417485585888154e-10,79,0.7511259939781949,88,2.019904863813817e-06,4.451219210776078
98,-2.2417485585888154e-10,79,0.7511259939781949,89,5.564394341183432e-06,3.0104621420812325
98,-2.2417485585888154e-10,79,0.7511259939781949,90,-0.00021479311086266694,1.4903797725915054e-05
98,-2.2417485585888154e-10,79,0.7511259939781949,91,-3.058650627983481e-05,0.17895103562411205
98,-2.2417485585888154e-10,79,0.7511259939781949,92,-4.8699761496033845e-06,1.7984963893065953
98,-2.2417485585888154e-10,79,0.7511259939781949,93,-0.0002473264152002857,1.160938821793582e-05
98,-2.2417485585888154e-10,79,0.7511259939781949,94,6.376513657122263e-06,3.09238694457772
98,-2.2417485585888154e-10,79,0.7511259939781949,95,-0.00011725660874023386,0.008925309574467877
98,-2.2417485585888154e-10,79,0.7511259939781949,96,-0.00021860236913228524,8.445548611520624e-05
98,-2.2417485585888154e-10,79,0.7511259939781949,97,1.6305768250877852e-06,2.911675215481997
98,-2.2417485585888154e-10,79,0.7511259939781949,98,1.2566807632548845e-06,1.7860203958551306
98,-2.2417485585888154e-10,79,0.7511259939781949,99,-0.00013683826362203638,0.006861604625809526
98,-2.2417485585888154e-10,79,0.7511259939781949,100,-4.993063357610053e-05,0.11679746872824144
99,6.065593651338038e-10,98,0.7633362596613895,1,1.636572864093716e-05,1.5708520140679658
99,6.065593651338038e-10,98,0.7633362596613895,2,-5.430582930802981e-05,0.04549828907111412
99,6.065593651338038e-10,98,0.7633362596613895,3,2.0875196166228127e-06,3.3068148931228274
99,6.065593651338038e-10,98,0.7633362596613895,4,1.0206204261767197e-05,2.1309966828280036
99,6.065593651338038e-10,98,0.7633362596613895,5,-1.528879080907168e-05,0.8337053199682298
99,6.065593651338038e-10,98,0.7633362596613895,6,-7.075669755064676e-05,0.015505431315313588
99,6.065593651338038e-10,98,0.7633362596613895,7,-4.1313861707160334e-05,0.13458740052486018
99,6.065593651338038e-10,98,0.7633362596613895,8,1.1929670527546259e-06,2.5981927579657214
99,6.065593651338038e-10,98,0.7633362596613895,9,6.582786585261541e-06,3.075395101954658
99,6.065593651338038e-10,98,0.7633362596613895,10,-6.1024598132196926e-05,0.09620914783983306
99,6.065593651338038e-10,98,0.7633362596613895,11,-2.7527033513174558e-05,0.5097295122014371
99,6.065593651338038e-10,98,0.7633362596613895,12,-6.491776221075827e-05,0.022550827030723104
99,6.065593651338038e-10,98,0.7633362596613895,13,1.3187909883258414e-06,5.056529286359909
99,6.065593651338038e-10,98,0.7633362596613895,14,-1.2484712953334295e-05,0.945076695930298
99,6.065593651338038e-10,98,0.7633362596613895,15,7.91498463833656e-06,1.949607945752259
99,6.065593651338038e-10,98,0.7633362596613895,16,-8.428909541472486e-06,2.734974656486638
99,6.065593651338038e-10,98,0.7633362596613895,17,-4.395798483485527e-05,0.06971202574931754
99,6.065593651338038e-10,98,0.7633362596613895,18,-4.92116253912238e-05,0.04541215274736094
99,6.065593651338038e-10,98,0.7633362596613895,19,3.180263471700181e-06,5.285747197160888
99,6.065593651338038e-10,98,0.7633362596613895,20,-5.995929088526085e-05,0.048377855212485096
99,6.065593651338038e-10,98,0.7633362596613895,21,-3.205669826323068e-06,1.8025237155655751
99,6.065593651338038e-10,98,0.7633362596613895,22,1.1365705777296206e-06,2.9254505915058835
99,6.065593651338038e-10,98,0.7633362596613895,23,3.5139474054117515e-06,1.6955468663504552
99,6.065593651338038e-10,98,0.7633362596613895,24,-4.15249053067783e-05,0.0648655467120485
99,6.065593651338038e-10,98,0.7633362596613895,25,-0.00011809991679931325,0.009636691728417905
99,6.065593651338038e-10,98,0.7633362596613895,26,5.793367107856302e-06,0.7772314528695156
99,6.065593651338038e-10,98,0.7633362596613895,27,-3.0478938971092186e-05,0.09941388333430382
99,6.065593651338038e-10,98,0.7633362596613895,28,-1.9265126711219726e-05,0.3284063203446181
99,6.065593651338038e-10,98,0.7633362596613895,29,8.922422187467184e-07,4.283521517647086
99,6.065593651338038e-10,98,0.7633362596613895,30,-6.825290082592819e-06,0.8536426545281137
99,6.065593651338038e-10,98,0.7633362596613895,31,-7.0252857322607724e-06,0.9380233164178299
99,6.065593651338038e-10,98,0.7633362596613895,32,-1.8394696419844268e-05,0.25250627588845326
99,6.065593651338038e-10,98,0.7633362596613895,33,5.6507151560214675e-06,2.424793074570537
99,6.065593651338038e-10,98,0.7633362596613895,34,7.3156836710226715e-06,0.5789654251230307
99,6.065593651338038e-10,98,0.7633362596613895,35,-1.4323428982877189e-06,1.2394037922146135
99,6.065593651338038e-10,98,0.7633362596613895,36,-5.225894124428915e-06,0.8081452507868162
99,6.065593651338038e-10,98,0.7633362596613895,37,-2.3284060173307472e-07,0.8767723947957129
99,6.065593651338038e-10,98,0.7633362596613895,38,3.144978990788783e-06,2.133224705093476
99,6.065593651338038e-10,98,0.7633362596613895,39,-9.06918316124907e-06,0.6391116276759324
99,6.065593651338038e-10,98,0.7633362596613895,40,-2.540883141011691e-05,0.1128612311635258
99,6.065593651338038e-10,98,0.7633362596613895,41,3.2883517912022836e-06,3.579883933158421
99,6.065593651338038e-10,98,0.7633362596613895,42,3.2479085454840508e-06,1.58342422852884
99,6.065593651338038e-10,98,0.7633362596613895,43,-4.386499054668858e-05,0.16053749133719286
99,6.065593651338038e-10,98,0.7633362596613895,44,1.7199742253008816e-06,4.128689510756599
99,6.065593651338038e-10,98,0.7633362596613895,45,6.714451049681032e-06,2.94076824882191
99,6.065593651338038e-10,98,0.7633362596613895,46,-9.037274566999395e-07,1.120112243293622
99,6.065593651338038e-10,98,0.7633362596613895,47,4.006287144738743e-06,1.3395981610099634
99,6.065593651338038e-10,98,0.7633362596613895,48,-1.9729742093582917e-05,0.22854028486236933
99,6.065593651338038e-10,98,0.7633362596613895,49,-9.591578919035438e-06,0.599526610778525
99,6.065593651338038e-10,98,0.7633362596613895,50,-2.2655568474988555e-05,0.7149929848866553
99,6.065593651338038e-10,98,0.7633362596613895,51,-5.9897049172960655e-06,1.3900889643252572
99,6.065593651338038e-10,98,0.7633362596613895,52,-1.2433473279036158e-05,0.7424135200837683
99,6.065593651338038e-10,98,0.7633362596613895,53,-1.4854772734297614e-05,0.721120778449288
99,6.065593651338038e-10,98,0.7633362596613895,54,7.278812110639561e-06,2.9624177103265805
99,6.065593651338038e-10,98,0.7633362596613895,55,-5.450909775084355e-06,2.33214048740003
99,6.065593651338038e-10,98,0.7633362596613895,56,-5.959350941784255e-06,1.4017436972057575
99,6.065593651338038e-10,98,0.7633362596613895,57,8.345201360533882e-06,3.2769250953403697
99,6.065593651338038e-10,98,0.7633362596613895,58,-1.9990247884606267e-05,0.2546186768095456
99,6.065593651338038e-10,98,0.7633362596613895,59,-2.4542144248602158e-05,0.1356494571552541
99,6.065593651338038e-10,98,0.7633362596613895,60,4.8564462538208e-06,4.344298292479431
99,6.065593651338038e-10,98,0.7633362596613895,61,-5.532898991310054e-05,0.058576704635928935
99,6.065593651338038e-10,98,0.7633362596613895,62,9.319131106607985e-06,1.6689681753942947
99,6.065593651338038e-10,98,0.7633362596613895,63,1.3767651413585193e-05,1.4249194950106006
99,6.065593651338038e-10,98,0.7633362596613895,64,-6.955532646004691e-05,0.003918185958094257
99,6.065593651338038e-10,98,0.7633362596613895,65,-4.683485014129765e-05,0.17397980398758905
99,6.065593651338038e-10,98,0.7633362596613895,66,-4.185667044397098e-05,0.08190754375038857
99,6.065593651338038e-10,98,0.7633362596613895,67,4.106382928192464e-06,0.7230986352148423
99,6.065593651338038e-10,98,0.7633362596613895,68,-1.1311232413687687e-05,1.9412154676714686
99,6.065593651338038e-10,98,0.7633362596613895,69,-7.457929880048772e-05,0.05536804372911275
99,6.065593651338038e-10,98,0.7633362596613895,70,2.9568615686887686e-06,2.8855034173581013
99,6.065593651338038e-10,98,0.7633362596613895,71,-1.556697231699542e-05,0.8518472406858676
99,6.065593651338038e-10,98,0.7633362596613895,72,-2.6397596883027385e-06,2.419538940999315
99,6.065593651338038e-10,98,0.7633362596613895,73,2.107914358143115e-06,1.7799535593806182
99,6.065593651338038e-10,98,0.7633362596613895,74,-1.8144566006794843e-05,0.9586998364971206
99,6.065593651338038e-10,98,0.7633362596613895,75,-0.00010776306081898564,0.0012089166733350548
99,6.065593651338038e-10,98,0.7633362596613895,76,1.5780188630279458e-05,2.083788291051111
99,6.065593651338038e-10,98,0.7633362596613895,77,-2.0408021088245345e-05,0.35308527760760605
99,6.065593651338038e-10,98,0.7633362596613895,78,-6.591219284118711e-07,1.6159454169191485
99,6.065593651338038e-10,98,0.7633362596613895,79,-5.1907793318808965e-06,0.8663024602465321
99,6.065593651338038e-10,98,0.7633362596613895,80,-3.650571875161924e-06,2.7371994522492664
99,6.065593651338038e-10,98,0.7633362596613895,81,2.8930597125887665e-06,5.346446485923654
99,6.065593651338038e-10,98,0.7633362596613895,82,-2.4244764853317674e-05,0.02199931738144651
99,6.065593651338038e-10,98,0.7633362596613895,83,-9.777787681225694e-05,0.00962748477316332
99,6.065593651338038e-10,98,0.7633362596613895,84,-1.7680399155293365e-05,0.980809550628988
99,6.065593651338038e-10,98,0.7633362596613895,85,-5.339218014866288e-05,0.2477151901815699
99,6.065593651338038e-10,98,0.7633362596613895,86,4.123062271383323e-06,4.875153816164531
99,6.065593651338038e-10,98,0.7633362596613895,87,-2.6946699045539057e-05,0.30649128638261103
99,6.065593651338038e-10,98,0.7633362596613895,88,-2.4907724614208385e-05,0.11188230426479433
99,6.065593651338038e-10,98,0.7633362596613895,89,-2.1171296452152e-05,0.3247674376947801
99,6.065593651338038e-10,98,0.7633362596613895,90,8.835462982132778e-06,1.834760694426338
99,6.065593651338038e-10,98,0.7633362596613895,91,9.911876945490016e-06,2.482964428570593
99,6.065593651338038e-10,98,0.7633362596613895,92,-1.0160438657373016e-05,1.1569020516038113
99,6.065593651338038e-10,98,0.7633362596613895,93,9.125456910313293e-07,2.7624144489029314
99,6.065593651338038e-10,98,0.7633362596613895,94,-1.958464844315678e-05,0.10542840853751796
99,6.065593651338038e-10,98,0.7633362596613895,95,-2.0816913791700245e-05,0.8692832872006069
99,6.065593651338038e-10,98,0.7633362596613895,96,2.4685280491493867e-06,3.1466740404846187
99,6.065593651338038e-10,98,0.7633362596613895,97,-8.544577550522503e-05,0.01352973382508386
99,6.065593651338038e-10,98,0.7633362596613895,98,-7.570157721747512e-06,0.8969553966736585
99,6.065593651338038e-10,98,0.7633362596613895,99,2.3076187691241936e-06,5.899139235655384
99,6.065593651338038e-10,98,0.7633362596613895,100,-1.7172058578854984e-05,2.395019202715872
