Seed,DilutionRate,Community,Species_ID,Origin,CUE,C_final,Species_Index
0,0.01,Comm1,1,Comm1,0.6317219342855341,1.0683184544818254,242
0,0.01,Comm1,2,Comm1,0.628963707758756,0.033734762477040124,456
0,0.01,Comm1,3,Comm1,0.6341190100792335,1.6153077081060223,141
0,0.01,Comm1,4,Comm1,0.6326697787638392,0.46566928172728905,378
0,0.01,Comm1,5,Comm1,0.63815225124578,11.655079218937082,418
0,0.01,Comm1,6,Comm1,0.6323460750873603,0.31134836979774516,287
0,0.01,Comm1,7,Comm1,0.6243766485597856,0.0008340877848260728,70
0,0.01,Comm1,8,Comm1,0.6292386830192558,0.02155443753684446,592
0,0.01,Comm1,9,Comm1,0.6285591584405574,0.029484545188479438,839
0,0.01,Comm1,10,Comm1,0.6246601452310947,0.0003655205598582137,635
0,0.01,Comm1,11,Comm1,0.6247553334884488,0.0008555383167472111,225
0,0.01,Comm1,12,Comm1,0.6260113925340007,0.006504705081640659,279
0,0.01,Comm1,13,Comm1,0.6306996340378263,0.1661197456973028,117
0,0.01,Comm1,14,Comm1,0.6244964527252744,0.0008079053443426933,448
0,0.01,Comm1,15,Comm1,0.634102646301926,1.6815891368417573,290
0,0.01,Comm1,16,Comm1,0.6256393157656096,0.0012374083509530576,808
0,0.01,Comm1,17,Comm1,0.6396940336408209,31.632238052814234,697
0,0.01,Comm1,18,Comm1,0.6382323662241322,9.852293640418987,678
0,0.01,Comm1,19,Comm1,0.6280736308168432,0.041903828806534184,639
0,0.01,Comm1,20,Comm1,0.624169443563449,0.0013402974684963468,426
0,0.01,Comm1,21,Comm1,0.638898368568106,30.058354620236297,942
0,0.01,Comm1,22,Comm1,0.633773845166381,2.038027717416789,573
0,0.01,Comm1,23,Comm1,0.6370675226205748,11.452420009704998,247
0,0.01,Comm1,24,Comm1,0.634656562086451,5.429918660795137,549
0,0.01,Comm1,25,Comm1,0.626951618899703,0.01798683146678465,386
0,0.01,Comm1,26,Comm1,0.6377538566752103,6.459562991616489,940
0,0.01,Comm1,27,Comm1,0.637036282796221,3.276235655103712,399
0,0.01,Comm1,28,Comm1,0.6262595605082897,0.003052997986934035,760
0,0.01,Comm1,29,Comm1,0.6394671259752527,56.67759893205614,394
0,0.01,Comm1,30,Comm1,0.6328459939421178,1.94546783598417,110
0,0.01,Comm1,31,Comm1,0.6289204460900798,0.03563314324611717,83
0,0.01,Comm1,32,Comm1,0.624937956724696,0.006801098255368631,276
0,0.01,Comm1,33,Comm1,0.6248900417602571,0.0008834775039752899,193
0,0.01,Comm1,34,Comm1,0.6384624254736967,8.976406533253913,69
0,0.01,Comm1,35,Comm1,0.6366425000163981,18.441386959891986,191
0,0.01,Comm1,36,Comm1,0.6262995811260356,0.0036170222048759453,709
0,0.01,Comm1,37,Comm1,0.6332713685331183,0.8216980956226843,316
0,0.01,Comm1,38,Comm1,0.6359302962916737,4.642239943196539,197
0,0.01,Comm1,39,Comm1,0.6250061273289518,0.0027461365953972347,860
0,0.01,Comm1,40,Comm1,0.6279836536182978,0.014239271065267373,720
0,0.01,Comm1,41,Comm1,0.6259835704332709,0.001125454229832187,904
0,0.01,Comm1,42,Comm1,0.633485067244384,1.0654135232699904,158
0,0.01,Comm1,43,Comm1,0.6277670084102768,0.022414591828752623,626
0,0.01,Comm1,44,Comm1,0.6371015846122097,4.047795196757626,330
0,0.01,Comm1,45,Comm1,0.6346223637376018,0.7389849193364411,763
0,0.01,Comm1,46,Comm1,0.6244332881756298,0.0016438725842913588,298
0,0.01,Comm1,47,Comm1,0.6389503221246414,25.26041348087521,708
0,0.01,Comm1,48,Comm1,0.6387276466786119,25.16107661859507,312
0,0.01,Comm1,49,Comm1,0.6269779177292698,0.006497965842097598,939
0,0.01,Comm1,50,Comm1,0.6378801978438722,26.34200502281031,306
0,0.01,Comm1,51,Comm1,0.6252524949300667,0.0055026404068675636,980
0,0.01,Comm1,52,Comm1,0.6386350252301006,27.268861917109856,703
0,0.01,Comm1,53,Comm1,0.6359936285943429,3.0973563410949234,798
0,0.01,Comm1,54,Comm1,0.6315376812839537,0.3429158479422223,11
0,0.01,Comm1,55,Comm1,0.6249186624048331,0.0021009377089214877,471
0,0.01,Comm1,56,Comm1,0.6380188802744089,21.237941854313227,154
0,0.01,Comm1,57,Comm1,0.6305435695860723,0.07946665246278761,616
0,0.01,Comm1,58,Comm1,0.6330973050330565,0.3616398079376806,139
0,0.01,Comm1,59,Comm1,0.6296961568123258,0.05440296625521064,123
0,0.01,Comm1,60,Comm1,0.6372955935019333,15.440624173680677,653
0,0.01,Comm1,61,Comm1,0.6312498415732893,0.38224426910520093,489
0,0.01,Comm1,62,Comm1,0.6291144213437598,0.03309031377669981,602
0,0.01,Comm1,63,Comm1,0.6312818690720496,0.052563994427150734,3
0,0.01,Comm1,64,Comm1,0.6269811416047705,0.008501164783852202,547
0,0.01,Comm1,65,Comm1,0.635767110206326,4.681796967717467,30
0,0.01,Comm1,66,Comm1,0.6259023488462212,0.007188479955373857,116
0,0.01,Comm1,67,Comm1,0.6362842537252649,3.2946314071655203,305
0,0.01,Comm1,68,Comm1,0.6359489409004344,3.686914046781263,415
0,0.01,Comm1,69,Comm1,0.624730658953717,0.0014678554942569619,806
0,0.01,Comm1,70,Comm1,0.6281618573147342,0.03131807846328533,590
0,0.01,Comm1,71,Comm1,0.6395893965111277,48.23680563784582,233
0,0.01,Comm1,72,Comm1,0.6361596756259245,3.2967899613644924,374
0,0.01,Comm1,73,Comm1,0.6353116754478751,3.2424277905785317,280
0,0.01,Comm1,74,Comm1,0.6377890727784221,33.128720625337856,63
0,0.01,Comm1,75,Comm1,0.6297612636587595,0.1378298473584247,25
0,0.01,Comm1,76,Comm1,0.6341672859840514,2.278731873230739,729
0,0.01,Comm1,77,Comm1,0.6354636984546852,2.835342531866559,328
0,0.01,Comm1,78,Comm1,0.639251098324605,23.135783118101816,740
0,0.01,Comm1,79,Comm1,0.6300418491429438,0.11033574302603984,514
0,0.01,Comm1,80,Comm1,0.6276707080239557,0.001512377364334249,310
0,0.01,Comm1,81,Comm1,0.6374190477138398,1.9417827272221493,55
0,0.01,Comm1,82,Comm1,0.6269114671079067,0.006163944943761461,783
0,0.01,Comm1,83,Comm1,0.6270265821579369,0.0019162858221837206,900
0,0.01,Comm1,84,Comm1,0.6260096013268026,0.005092742294429355,813
0,0.01,Comm1,85,Comm1,0.6345057323393454,1.4597645267239578,615
0,0.01,Comm1,86,Comm1,0.6328576893522689,0.43846682006904486,578
0,0.01,Comm1,87,Comm1,0.636950929360959,6.618551056227838,696
0,0.01,Comm1,88,Comm1,0.6247657168432732,0.0007253600225850732,574
0,0.01,Comm1,89,Comm1,0.6282256976510763,0.03845763096259231,887
0,0.01,Comm1,90,Comm1,0.6300336954850279,0.04241411120312032,961
0,0.01,Comm1,91,Comm1,0.6390227434069315,14.996544356241591,588
0,0.01,Comm1,92,Comm1,0.6314773026004581,0.30008094435528876,872
0,0.01,Comm1,93,Comm1,0.6301765447045455,0.08101464054099843,185
0,0.01,Comm1,94,Comm1,0.6314211600847448,0.32681882409125684,354
0,0.01,Comm1,95,Comm1,0.6284133178142153,0.004378970796781611,366
0,0.01,Comm1,96,Comm1,0.6360891905279745,11.605276887308694,59
0,0.01,Comm1,97,Comm1,0.6396929088270507,23.533192106314665,126
0,0.01,Comm1,98,Comm1,0.6383055015218843,29.39018517380457,453
0,0.01,Comm1,99,Comm1,0.6294987265685557,0.04258822628141181,62
0,0.01,Comm1,100,Comm1,0.6374978664181125,16.836105954041955,785
0,0.01,Comm2,1,Comm2,0.6245888432758339,0.0023172223337626975,865
0,0.01,Comm2,2,Comm2,0.6384969518278649,11.618219568214966,87
0,0.01,Comm2,3,Comm2,0.6302990698712786,0.05771648302442741,685
0,0.01,Comm2,4,Comm2,0.6370317136396292,8.01780593645592,871
0,0.01,Comm2,5,Comm2,0.6375460979542505,32.82090942999489,714
0,0.01,Comm2,6,Comm2,0.6358492389704745,7.186371764614591,336
0,0.01,Comm2,7,Comm2,0.6382781167176067,22.400165464945374,789
0,0.01,Comm2,8,Comm2,0.6287086392961663,0.04121524628255471,943
0,0.01,Comm2,9,Comm2,0.6283959315228856,0.027856407082623907,120
0,0.01,Comm2,10,Comm2,0.6261233695126006,0.0015936178663356947,473
0,0.01,Comm2,11,Comm2,0.6388793249576856,48.77607099734671,673
0,0.01,Comm2,12,Comm2,0.6261783103052282,0.006105684932575156,240
0,0.01,Comm2,13,Comm2,0.6328260931376319,0.13814956476624185,892
0,0.01,Comm2,14,Comm2,0.627549254472796,0.05833267326203319,778
0,0.01,Comm2,15,Comm2,0.6359689441880625,11.579091867327598,413
0,0.01,Comm2,16,Comm2,0.6281717827296271,0.007447300449120952,74
0,0.01,Comm2,17,Comm2,0.6341614106236602,0.6082131534205238,732
0,0.01,Comm2,18,Comm2,0.6326894172536678,0.2842843307757584,363
0,0.01,Comm2,19,Comm2,0.628572139207214,0.024855644119969093,148
0,0.01,Comm2,20,Comm2,0.6330722526995011,0.29463937707708104,716
0,0.01,Comm2,21,Comm2,0.6260881835112538,0.002381766834045427,404
0,0.01,Comm2,22,Comm2,0.637938230952539,50.725704565430185,357
0,0.01,Comm2,23,Comm2,0.6362927739764608,3.488258387993931,274
0,0.01,Comm2,24,Comm2,0.6272577364077229,0.028499869056635006,376
0,0.01,Comm2,25,Comm2,0.6344089553272234,0.4471670682173354,718
0,0.01,Comm2,26,Comm2,0.637896275211342,6.392486973396558,321
0,0.01,Comm2,27,Comm2,0.6393729953239308,56.52051889992573,75
0,0.01,Comm2,28,Comm2,0.639130592186572,9.000914450577758,171
0,0.01,Comm2,29,Comm2,0.6301178320467861,0.09088661121968078,35
0,0.01,Comm2,30,Comm2,0.6336030057598507,0.6981453717233154,665
0,0.01,Comm2,31,Comm2,0.6275494919848025,0.0032984835065683832,18
0,0.01,Comm2,32,Comm2,0.6288083315949202,0.0792482033081839,112
0,0.01,Comm2,33,Comm2,0.6283592481386955,0.04376947861401252,880
0,0.01,Comm2,34,Comm2,0.6273299268859056,0.012503134007588398,769
0,0.01,Comm2,35,Comm2,0.6390899638536742,13.896975074438673,911
0,0.01,Comm2,36,Comm2,0.6291889736376917,0.08630580913883666,770
0,0.01,Comm2,37,Comm2,0.635026560365707,4.322061724087153,945
0,0.01,Comm2,38,Comm2,0.6345894567706104,1.7521463801304409,272
0,0.01,Comm2,39,Comm2,0.6257750407489644,0.02441398655833294,850
0,0.01,Comm2,40,Comm2,0.6286315455564425,0.047154237865258984,515
0,0.01,Comm2,41,Comm2,0.6243122293844958,0.00041853407755606707,912
0,0.01,Comm2,42,Comm2,0.6340112610668653,1.265604070017105,462
0,0.01,Comm2,43,Comm2,0.6334671534665643,1.260987586034448,802
0,0.01,Comm2,44,Comm2,0.6329986046197967,2.487923162828662,6
0,0.01,Comm2,45,Comm2,0.6348797255868407,1.0406582113159035,216
0,0.01,Comm2,46,Comm2,0.6390715334348182,35.79825780790916,198
0,0.01,Comm2,47,Comm2,0.6397036512886303,25.02511262296216,173
0,0.01,Comm2,48,Comm2,0.6278514807725336,0.01253351571755631,728
0,0.01,Comm2,49,Comm2,0.6366167232674813,6.527015349133549,902
0,0.01,Comm2,50,Comm2,0.6297730096123938,0.06996267821541466,669
0,0.01,Comm2,51,Comm2,0.630457070954406,0.132196149058676,792
0,0.01,Comm2,52,Comm2,0.6346484201360624,5.461499168545378,907
0,0.01,Comm2,53,Comm2,0.6256689393406368,0.001136975799667548,723
0,0.01,Comm2,54,Comm2,0.6329388564771132,0.22226237986602726,890
0,0.01,Comm2,55,Comm2,0.624290729762908,0.0016226176700897107,286
0,0.01,Comm2,56,Comm2,0.6306157930430386,0.061158463241838434,96
0,0.01,Comm2,57,Comm2,0.6384371781208364,22.658622906320563,995
0,0.01,Comm2,58,Comm2,0.6383259537801206,19.299976232055695,510
0,0.01,Comm2,59,Comm2,0.6288280243549075,0.04994826735003944,627
0,0.01,Comm2,60,Comm2,0.6397882102758577,14.10138494415568,283
0,0.01,Comm2,61,Comm2,0.6282035427245732,0.0717914837007323,851
0,0.01,Comm2,62,Comm2,0.6256166225243677,0.002708476791970507,870
0,0.01,Comm2,63,Comm2,0.6283201510012151,0.024995088283553447,168
0,0.01,Comm2,64,Comm2,0.6349359880727421,8.424918291303333,965
0,0.01,Comm2,65,Comm2,0.6333102526120321,1.4068488367482166,840
0,0.01,Comm2,66,Comm2,0.6309144639763601,0.032618237463377074,893
0,0.01,Comm2,67,Comm2,0.6373648934960335,2.8106432650455613,180
0,0.01,Comm2,68,Comm2,0.6259759160749345,0.00271779126827997,271
0,0.01,Comm2,69,Comm2,0.6339721397286244,1.7465274976355514,767
0,0.01,Comm2,70,Comm2,0.633113560967871,0.19092076013161535,352
0,0.01,Comm2,71,Comm2,0.638121915293271,28.64372255901036,738
0,0.01,Comm2,72,Comm2,0.6336284630045425,0.3463817777778516,190
0,0.01,Comm2,73,Comm2,0.6250816969766322,0.0022869945736474617,825
0,0.01,Comm2,74,Comm2,0.6328618317974526,0.451430359071937,509
0,0.01,Comm2,75,Comm2,0.63619613078375,6.05279180592153,469
0,0.01,Comm2,76,Comm2,0.6369624334095558,4.717832676340718,293
0,0.01,Comm2,77,Comm2,0.6282103494131074,0.011156276938344981,994
0,0.01,Comm2,78,Comm2,0.6309343767326949,0.08901433871855176,84
0,0.01,Comm2,79,Comm2,0.6346638805473396,2.912739550705576,504
0,0.01,Comm2,80,Comm2,0.624614877527336,0.000970964871500475,273
0,0.01,Comm2,81,Comm2,0.6309050568181014,0.03783657799682691,33
0,0.01,Comm2,82,Comm2,0.625655254466383,0.001153969063296858,140
0,0.01,Comm2,83,Comm2,0.6339350896627612,1.2548790828146803,461
0,0.01,Comm2,84,Comm2,0.6244189008504643,0.0008299716772083525,951
0,0.01,Comm2,85,Comm2,0.6390408912280069,16.985167356306928,587
0,0.01,Comm2,86,Comm2,0.6290921608788905,0.051224860299754,735
0,0.01,Comm2,87,Comm2,0.6343690201520689,2.415517866603027,807
0,0.01,Comm2,88,Comm2,0.6343697120609113,3.266087710043583,620
0,0.01,Comm2,89,Comm2,0.6386059312047754,30.50004756068799,15
0,0.01,Comm2,90,Comm2,0.6251646110820304,0.0018146551393895707,721
0,0.01,Comm2,91,Comm2,0.6269911381880408,0.007757771482190777,623
0,0.01,Comm2,92,Comm2,0.6259332265970015,0.002401610473827368,969
0,0.01,Comm2,93,Comm2,0.6363269208849288,16.984993850775542,992
0,0.01,Comm2,94,Comm2,0.6252462166117249,0.005542233845161777,527
0,0.01,Comm2,95,Comm2,0.635825528009903,3.0699297997402937,733
0,0.01,Comm2,96,Comm2,0.6392209552643916,23.160797911116664,507
0,0.01,Comm2,97,Comm2,0.6307814826493148,0.07560816719703677,105
0,0.01,Comm2,98,Comm2,0.6321971788233886,0.18295896551276497,820
0,0.01,Comm2,99,Comm2,0.62594604007392,0.0021117381669851385,725
0,0.01,Comm2,100,Comm2,0.6325390276342989,0.6703294207138465,58
0,0.01,Comm3,1,Comm1,0.6317219342855341,0.1485034541075332,242
0,0.01,Comm3,2,Comm1,0.628963707758756,0.00010119748552086117,456
0,0.01,Comm3,3,Comm1,0.6341190100792335,0.15952822444062265,141
0,0.01,Comm3,4,Comm1,0.6326697787638392,0.010843322237886798,378
0,0.01,Comm3,5,Comm1,0.63815225124578,8.527323676790894,418
0,0.01,Comm3,6,Comm1,0.6323460750873603,0.008785301883485822,287
0,0.01,Comm3,7,Comm1,0.6243766485597856,2.7581974702077757e-08,70
0,0.01,Comm3,8,Comm1,0.6292386830192558,5.689468699062412e-05,592
0,0.01,Comm3,9,Comm1,0.6285591584405574,0.00010061425635899253,839
0,0.01,Comm3,10,Comm1,0.6246601452310947,-1.6249549578409408e-09,635
0,0.01,Comm3,11,Comm1,0.6247553334884488,3.4742079456419703e-09,225
0,0.01,Comm3,12,Comm1,0.6260113925340007,5.125769371389531e-07,279
0,0.01,Comm3,13,Comm1,0.6306996340378263,0.002111324641781529,117
0,0.01,Comm3,14,Comm1,0.6244964527252744,2.8164568593423907e-08,448
0,0.01,Comm3,15,Comm1,0.634102646301926,0.1344481476423272,290
0,0.01,Comm3,16,Comm1,0.6256393157656096,2.2798276950238617e-08,808
0,0.01,Comm3,17,Comm1,0.6396940336408209,38.33540117724652,697
0,0.01,Comm3,18,Comm1,0.6382323662241322,7.6638557442357875,678
0,0.01,Comm3,19,Comm1,0.6280736308168432,3.790382429314865e-05,639
0,0.01,Comm3,20,Comm1,0.624169443563449,1.8743445305467665e-07,426
0,0.01,Comm3,21,Comm1,0.638898368568106,41.15755937373813,942
0,0.01,Comm3,22,Comm1,0.633773845166381,0.247826047927128,573
0,0.01,Comm3,23,Comm1,0.6370675226205748,9.192972870012976,247
0,0.01,Comm3,24,Comm1,0.634656562086451,3.5902574611427496,549
0,0.01,Comm3,25,Comm1,0.626951618899703,0.00012915652941501544,386
0,0.01,Comm3,26,Comm1,0.6377538566752103,4.893190468185591,940
0,0.01,Comm3,27,Comm1,0.637036282796221,1.1103777673675717,399
0,0.01,Comm3,28,Comm1,0.6262595605082897,5.617560180021271e-07,760
0,0.01,Comm3,29,Comm1,0.6394671259752527,54.49171609138952,394
0,0.01,Comm3,30,Comm1,0.6328459939421178,0.1838705937943388,110
0,0.01,Comm3,31,Comm1,0.6289204460900798,7.000192668296238e-05,83
0,0.01,Comm3,32,Comm1,0.624937956724696,2.8647387210577236e-06,276
0,0.01,Comm3,33,Comm1,0.6248900417602571,2.9194153802175878e-08,193
0,0.01,Comm3,34,Comm1,0.6384624254736967,5.595369366001824,69
0,0.01,Comm3,35,Comm1,0.6366425000163981,11.57095862168638,191
0,0.01,Comm3,36,Comm1,0.6262995811260356,7.843277333191675e-07,709
0,0.01,Comm3,37,Comm1,0.6332713685331183,0.0467641470318417,316
0,0.01,Comm3,38,Comm1,0.6359302962916737,2.502863245611163,197
0,0.01,Comm3,39,Comm1,0.6250061273289518,3.1223949649101517e-07,860
0,0.01,Comm3,40,Comm1,0.6279836536182978,7.162684653754484e-06,720
0,0.01,Comm3,41,Comm1,0.6259835704332709,5.876442708228314e-08,904
0,0.01,Comm3,42,Comm1,0.633485067244384,0.13113316175006565,158
0,0.01,Comm3,43,Comm1,0.6277670084102768,2.6666392185213868e-05,626
0,0.01,Comm3,44,Comm1,0.6371015846122097,0.39501171907172755,330
0,0.01,Comm3,45,Comm1,0.6346223637376018,0.13879381092316656,763
0,0.01,Comm3,46,Comm1,0.6244332881756298,1.0483239955606325e-07,298
0,0.01,Comm3,47,Comm1,0.6389503221246414,33.38092594758082,708
0,0.01,Comm3,48,Comm1,0.6387276466786119,31.012096812016658,312
0,0.01,Comm3,49,Comm1,0.6269779177292698,6.366658294402748e-06,939
0,0.01,Comm3,50,Comm1,0.6378801978438722,22.178418297742294,306
0,0.01,Comm3,51,Comm1,0.6252524949300667,2.1212149982844405e-06,980
0,0.01,Comm3,52,Comm1,0.6386350252301006,27.784501386741063,703
0,0.01,Comm3,53,Comm1,0.6359936285943429,0.4307377632046551,798
0,0.01,Comm3,54,Comm1,0.6315376812839537,0.0038165341735760467,11
0,0.01,Comm3,55,Comm1,0.6249186624048331,2.8290079047805267e-07,471
0,0.01,Comm3,56,Comm1,0.6380188802744089,17.490451885112417,154
0,0.01,Comm3,57,Comm1,0.6305435695860723,0.0005819021159401488,616
0,0.01,Comm3,58,Comm1,0.6330973050330565,0.007965148205676878,139
0,0.01,Comm3,59,Comm1,0.6296961568123258,7.345970459266377e-05,123
0,0.01,Comm3,60,Comm1,0.6372955935019333,9.897362712093148,653
0,0.01,Comm3,61,Comm1,0.6312498415732893,0.008165236894512443,489
0,0.01,Comm3,62,Comm1,0.6291144213437598,6.54347310817922e-05,602
0,0.01,Comm3,63,Comm1,0.6312818690720496,0.00010060018142864302,3
0,0.01,Comm3,64,Comm1,0.6269811416047705,2.2223238099162374e-06,547
0,0.01,Comm3,65,Comm1,0.635767110206326,2.679546822593499,30
0,0.01,Comm3,66,Comm1,0.6259023488462212,2.354578628256778e-06,116
0,0.01,Comm3,67,Comm1,0.6362842537252649,1.8527627687387824,305
0,0.01,Comm3,68,Comm1,0.6359489409004344,0.9391568683570558,415
0,0.01,Comm3,69,Comm1,0.624730658953717,1.6361641576003165e-07,806
0,0.01,Comm3,70,Comm1,0.6281618573147342,0.00012952452543379665,590
0,0.01,Comm3,71,Comm1,0.6395893965111277,64.31287653210305,233
0,0.01,Comm3,72,Comm1,0.6361596756259245,1.2755343965596924,374
0,0.01,Comm3,73,Comm1,0.6353116754478751,0.9449339766237735,280
0,0.01,Comm3,74,Comm1,0.6377890727784221,25.832212570715797,63
0,0.01,Comm3,75,Comm1,0.6297612636587595,0.0012648546405296607,25
0,0.01,Comm3,76,Comm1,0.6341672859840514,0.30827859434122024,729
0,0.01,Comm3,77,Comm1,0.6354636984546852,0.3108065470261423,328
0,0.01,Comm3,78,Comm1,0.639251098324605,25.33564863011933,740
0,0.01,Comm3,79,Comm1,0.6300418491429438,0.000833250451289359,514
0,0.01,Comm3,80,Comm1,0.6276707080239557,6.730711038190483e-08,310
0,0.01,Comm3,81,Comm1,0.6374190477138398,0.6264596824093167,55
0,0.01,Comm3,82,Comm1,0.6269114671079067,2.4116177783170345e-06,783
0,0.01,Comm3,83,Comm1,0.6270265821579369,1.4985451352390544e-07,900
0,0.01,Comm3,84,Comm1,0.6260096013268026,2.601516291323404e-06,813
0,0.01,Comm3,85,Comm1,0.6345057323393454,0.09401882892586683,615
0,0.01,Comm3,86,Comm1,0.6328576893522689,0.014124919150872889,578
0,0.01,Comm3,87,Comm1,0.636950929360959,1.5737791179409095,696
0,0.01,Comm3,88,Comm1,0.6247657168432732,1.1358935686991366e-08,574
0,0.01,Comm3,89,Comm1,0.6282256976510763,8.848696476660201e-05,887
0,0.01,Comm3,90,Comm1,0.6300336954850279,0.00016769951379167278,961
0,0.01,Comm3,91,Comm1,0.6390227434069315,15.417077331813259,588
0,0.01,Comm3,92,Comm1,0.6314773026004581,0.005273811831793762,872
0,0.01,Comm3,93,Comm1,0.6301765447045455,0.00011414701441382692,185
0,0.01,Comm3,94,Comm1,0.6314211600847448,0.009323392051180525,354
0,0.01,Comm3,95,Comm1,0.6284133178142153,8.405092556275123e-07,366
0,0.01,Comm3,96,Comm1,0.6360891905279745,7.684400951594964,59
0,0.01,Comm3,97,Comm1,0.6396929088270507,29.582355819582226,126
0,0.01,Comm3,98,Comm1,0.6383055015218843,32.799287468839694,453
0,0.01,Comm3,99,Comm1,0.6294987265685557,8.454089564956775e-05,62
0,0.01,Comm3,100,Comm1,0.6374978664181125,32.23181843486164,785
0,0.01,Comm3,101,Comm2,0.6245888432758339,5.198533567189483e-09,865
0,0.01,Comm3,102,Comm2,0.6384969518278649,1.1709947660559459,87
0,0.01,Comm3,103,Comm2,0.6302990698712786,1.7808974495867543e-06,685
0,0.01,Comm3,104,Comm2,0.6370317136396292,0.034000032878619406,871
0,0.01,Comm3,105,Comm2,0.6375460979542505,0.9570697439827108,714
0,0.01,Comm3,106,Comm2,0.6358492389704745,0.018035632002086723,336
0,0.01,Comm3,107,Comm2,0.6382781167176067,2.2864094072949053,789
0,0.01,Comm3,108,Comm2,0.6287086392961663,1.448979174299567e-06,943
0,0.01,Comm3,109,Comm2,0.6283959315228856,2.3476972538816075e-07,120
0,0.01,Comm3,110,Comm2,0.6261233695126006,1.302428614458086e-09,473
0,0.01,Comm3,111,Comm2,0.6388793249576856,1.827147005795763,673
0,0.01,Comm3,112,Comm2,0.6261783103052282,1.0847866709212677e-08,240
0,0.01,Comm3,113,Comm2,0.6328260931376319,0.00013968807255617318,892
0,0.01,Comm3,114,Comm2,0.627549254472796,9.683491765441538e-08,778
0,0.01,Comm3,115,Comm2,0.6359689441880625,0.020007060808578763,413
0,0.01,Comm3,116,Comm2,0.6281717827296271,1.0096085200349625e-08,74
0,0.01,Comm3,117,Comm2,0.6341614106236602,0.0010133185019516866,732
0,0.01,Comm3,118,Comm2,0.6326894172536678,0.0004288965229416131,363
0,0.01,Comm3,119,Comm2,0.628572139207214,7.03000964788723e-07,148
0,0.01,Comm3,120,Comm2,0.6330722526995011,0.00021920351420732907,716
0,0.01,Comm3,121,Comm2,0.6260881835112538,1.7271633249915693e-09,404
0,0.01,Comm3,122,Comm2,0.637938230952539,2.8110610827271527,357
0,0.01,Comm3,123,Comm2,0.6362927739764608,0.012044724218256342,274
0,0.01,Comm3,124,Comm2,0.6272577364077229,1.7419005736171642e-07,376
0,0.01,Comm3,125,Comm2,0.6344089553272234,0.0006556040670159247,718
0,0.01,Comm3,126,Comm2,0.637896275211342,0.11116091202470255,321
0,0.01,Comm3,127,Comm2,0.6393729953239308,2.2157852892563223,75
0,0.01,Comm3,128,Comm2,0.639130592186572,0.3191058047094313,171
0,0.01,Comm3,129,Comm2,0.6301178320467861,3.2820414796396614e-06,35
0,0.01,Comm3,130,Comm2,0.6336030057598507,0.000570114653218161,665
0,0.01,Comm3,131,Comm2,0.6275494919848025,3.405213253497185e-08,18
0,0.01,Comm3,132,Comm2,0.6288083315949202,1.0880896980881718e-06,112
0,0.01,Comm3,133,Comm2,0.6283592481386955,1.096974914959276e-07,880
0,0.01,Comm3,134,Comm2,0.6273299268859056,4.0555855514957114e-08,769
0,0.01,Comm3,135,Comm2,0.6390899638536742,0.3259052148773326,911
0,0.01,Comm3,136,Comm2,0.6291889736376917,5.46586900212641e-06,770
0,0.01,Comm3,137,Comm2,0.635026560365707,0.017680930412958273,945
0,0.01,Comm3,138,Comm2,0.6345894567706104,0.0036131168053786396,272
0,0.01,Comm3,139,Comm2,0.6257750407489644,5.08681530741516e-08,850
0,0.01,Comm3,140,Comm2,0.6286315455564425,1.8223346359876886e-07,515
0,0.01,Comm3,141,Comm2,0.6243122293844958,4.147330142049546e-11,912
0,0.01,Comm3,142,Comm2,0.6340112610668653,0.0003327541362278766,462
0,0.01,Comm3,143,Comm2,0.6334671534665643,0.0005711748386460949,802
0,0.01,Comm3,144,Comm2,0.6329986046197967,0.0008445101961350049,6
0,0.01,Comm3,145,Comm2,0.6348797255868407,0.0025086573784361393,216
0,0.01,Comm3,146,Comm2,0.6390715334348182,5.096930192396363,198
0,0.01,Comm3,147,Comm2,0.6397036512886303,0.7711014000744346,173
0,0.01,Comm3,148,Comm2,0.6278514807725336,9.72513527503337e-08,728
0,0.01,Comm3,149,Comm2,0.6366167232674813,0.01987057816939275,902
0,0.01,Comm3,150,Comm2,0.6297730096123938,6.005136126537998e-06,669
0,0.01,Comm3,151,Comm2,0.630457070954406,2.2249815927400673e-05,792
0,0.01,Comm3,152,Comm2,0.6346484201360624,0.015516277268963673,907
0,0.01,Comm3,153,Comm2,0.6256689393406368,3.9132319697250755e-12,723
0,0.01,Comm3,154,Comm2,0.6329388564771132,5.795068120688576e-05,890
0,0.01,Comm3,155,Comm2,0.624290729762908,8.0453866836669e-10,286
0,0.01,Comm3,156,Comm2,0.6306157930430386,2.9129155153863132e-06,96
0,0.01,Comm3,157,Comm2,0.6384371781208364,0.24495295220200133,995
0,0.01,Comm3,158,Comm2,0.6383259537801206,0.691900630519159,510
0,0.01,Comm3,159,Comm2,0.6288280243549075,1.5881588977379433e-06,627
0,0.01,Comm3,160,Comm2,0.6397882102758577,0.23344870190483766,283
0,0.01,Comm3,161,Comm2,0.6282035427245732,2.5121287445298544e-06,851
0,0.01,Comm3,162,Comm2,0.6256166225243677,1.2258096018019482e-08,870
0,0.01,Comm3,163,Comm2,0.6283201510012151,3.917236200594483e-07,168
0,0.01,Comm3,164,Comm2,0.6349359880727421,0.0046918243532523595,965
0,0.01,Comm3,165,Comm2,0.6333102526120321,0.0006719038464838012,840
0,0.01,Comm3,166,Comm2,0.6309144639763601,5.2674147234452665e-06,893
0,0.01,Comm3,167,Comm2,0.6373648934960335,0.04143503002532323,180
0,0.01,Comm3,168,Comm2,0.6259759160749345,6.070183654490975e-09,271
0,0.01,Comm3,169,Comm2,0.6339721397286244,0.004578464412302231,767
0,0.01,Comm3,170,Comm2,0.633113560967871,0.0007090765463645452,352
0,0.01,Comm3,171,Comm2,0.638121915293271,1.3546501229591925,738
0,0.01,Comm3,172,Comm2,0.6336284630045425,0.00018003657400006897,190
0,0.01,Comm3,173,Comm2,0.6250816969766322,9.697974686242417e-10,825
0,0.01,Comm3,174,Comm2,0.6328618317974526,0.00021653097959374194,509
0,0.01,Comm3,175,Comm2,0.63619613078375,0.021987637630172054,469
0,0.01,Comm3,176,Comm2,0.6369624334095558,0.14114673623714183,293
0,0.01,Comm3,177,Comm2,0.6282103494131074,1.7280324221714015e-06,994
0,0.01,Comm3,178,Comm2,0.6309343767326949,1.9385051459222803e-05,84
0,0.01,Comm3,179,Comm2,0.6346638805473396,0.0018917611792231344,504
0,0.01,Comm3,180,Comm2,0.624614877527336,4.65203593642475e-09,273
0,0.01,Comm3,181,Comm2,0.6309050568181014,5.5799093987290744e-06,33
0,0.01,Comm3,182,Comm2,0.625655254466383,4.8210788984478586e-09,140
0,0.01,Comm3,183,Comm2,0.6339350896627612,0.00035237836638056703,461
0,0.01,Comm3,184,Comm2,0.6244189008504643,2.600248494499962e-09,951
0,0.01,Comm3,185,Comm2,0.6390408912280069,1.5076629890287336,587
0,0.01,Comm3,186,Comm2,0.6290921608788905,3.77138065744103e-07,735
0,0.01,Comm3,187,Comm2,0.6343690201520689,0.0006266304132469633,807
0,0.01,Comm3,188,Comm2,0.6343697120609113,0.0026048303771382384,620
0,0.01,Comm3,189,Comm2,0.6386059312047754,0.8525607432890527,15
0,0.01,Comm3,190,Comm2,0.6251646110820304,5.6015745397522764e-09,721
0,0.01,Comm3,191,Comm2,0.6269911381880408,4.9859931862682985e-08,623
0,0.01,Comm3,192,Comm2,0.6259332265970015,8.841603120521065e-09,969
0,0.01,Comm3,193,Comm2,0.6363269208849288,0.12160858479226025,992
0,0.01,Comm3,194,Comm2,0.6252462166117249,1.2022396981256508e-08,527
0,0.01,Comm3,195,Comm2,0.635825528009903,0.006736287749886033,733
0,0.01,Comm3,196,Comm2,0.6392209552643916,2.1845250974632355,507
0,0.01,Comm3,197,Comm2,0.6307814826493148,4.360852172272778e-06,105
0,0.01,Comm3,198,Comm2,0.6321971788233886,3.015306224034256e-05,820
0,0.01,Comm3,199,Comm2,0.62594604007392,1.4753972344314145e-08,725
0,0.01,Comm3,200,Comm2,0.6325390276342989,0.00041657898660512976,58
0,0.05,Comm1,1,Comm1,0.6317219342855341,1.0683184544818254,242
0,0.05,Comm1,2,Comm1,0.628963707758756,0.033734762477040124,456
0,0.05,Comm1,3,Comm1,0.6341190100792335,1.6153077081060223,141
0,0.05,Comm1,4,Comm1,0.6326697787638392,0.46566928172728905,378
0,0.05,Comm1,5,Comm1,0.63815225124578,11.655079218937082,418
0,0.05,Comm1,6,Comm1,0.6323460750873603,0.31134836979774516,287
0,0.05,Comm1,7,Comm1,0.6243766485597856,0.0008340877848260728,70
0,0.05,Comm1,8,Comm1,0.6292386830192558,0.02155443753684446,592
0,0.05,Comm1,9,Comm1,0.6285591584405574,0.029484545188479438,839
0,0.05,Comm1,10,Comm1,0.6246601452310947,0.0003655205598582137,635
0,0.05,Comm1,11,Comm1,0.6247553334884488,0.0008555383167472111,225
0,0.05,Comm1,12,Comm1,0.6260113925340007,0.006504705081640659,279
0,0.05,Comm1,13,Comm1,0.6306996340378263,0.1661197456973028,117
0,0.05,Comm1,14,Comm1,0.6244964527252744,0.0008079053443426933,448
0,0.05,Comm1,15,Comm1,0.634102646301926,1.6815891368417573,290
0,0.05,Comm1,16,Comm1,0.6256393157656096,0.0012374083509530576,808
0,0.05,Comm1,17,Comm1,0.6396940336408209,31.632238052814234,697
0,0.05,Comm1,18,Comm1,0.6382323662241322,9.852293640418987,678
0,0.05,Comm1,19,Comm1,0.6280736308168432,0.041903828806534184,639
0,0.05,Comm1,20,Comm1,0.624169443563449,0.0013402974684963468,426
0,0.05,Comm1,21,Comm1,0.638898368568106,30.058354620236297,942
0,0.05,Comm1,22,Comm1,0.633773845166381,2.038027717416789,573
0,0.05,Comm1,23,Comm1,0.6370675226205748,11.452420009704998,247
0,0.05,Comm1,24,Comm1,0.634656562086451,5.429918660795137,549
0,0.05,Comm1,25,Comm1,0.626951618899703,0.01798683146678465,386
0,0.05,Comm1,26,Comm1,0.6377538566752103,6.459562991616489,940
0,0.05,Comm1,27,Comm1,0.637036282796221,3.276235655103712,399
0,0.05,Comm1,28,Comm1,0.6262595605082897,0.003052997986934035,760
0,0.05,Comm1,29,Comm1,0.6394671259752527,56.67759893205614,394
0,0.05,Comm1,30,Comm1,0.6328459939421178,1.94546783598417,110
0,0.05,Comm1,31,Comm1,0.6289204460900798,0.03563314324611717,83
0,0.05,Comm1,32,Comm1,0.624937956724696,0.006801098255368631,276
0,0.05,Comm1,33,Comm1,0.6248900417602571,0.0008834775039752899,193
0,0.05,Comm1,34,Comm1,0.6384624254736967,8.976406533253913,69
0,0.05,Comm1,35,Comm1,0.6366425000163981,18.441386959891986,191
0,0.05,Comm1,36,Comm1,0.6262995811260356,0.0036170222048759453,709
0,0.05,Comm1,37,Comm1,0.6332713685331183,0.8216980956226843,316
0,0.05,Comm1,38,Comm1,0.6359302962916737,4.642239943196539,197
0,0.05,Comm1,39,Comm1,0.6250061273289518,0.0027461365953972347,860
0,0.05,Comm1,40,Comm1,0.6279836536182978,0.014239271065267373,720
0,0.05,Comm1,41,Comm1,0.6259835704332709,0.001125454229832187,904
0,0.05,Comm1,42,Comm1,0.633485067244384,1.0654135232699904,158
0,0.05,Comm1,43,Comm1,0.6277670084102768,0.022414591828752623,626
0,0.05,Comm1,44,Comm1,0.6371015846122097,4.047795196757626,330
0,0.05,Comm1,45,Comm1,0.6346223637376018,0.7389849193364411,763
0,0.05,Comm1,46,Comm1,0.6244332881756298,0.0016438725842913588,298
0,0.05,Comm1,47,Comm1,0.6389503221246414,25.26041348087521,708
0,0.05,Comm1,48,Comm1,0.6387276466786119,25.16107661859507,312
0,0.05,Comm1,49,Comm1,0.6269779177292698,0.006497965842097598,939
0,0.05,Comm1,50,Comm1,0.6378801978438722,26.34200502281031,306
0,0.05,Comm1,51,Comm1,0.6252524949300667,0.0055026404068675636,980
0,0.05,Comm1,52,Comm1,0.6386350252301006,27.268861917109856,703
0,0.05,Comm1,53,Comm1,0.6359936285943429,3.0973563410949234,798
0,0.05,Comm1,54,Comm1,0.6315376812839537,0.3429158479422223,11
0,0.05,Comm1,55,Comm1,0.6249186624048331,0.0021009377089214877,471
0,0.05,Comm1,56,Comm1,0.6380188802744089,21.237941854313227,154
0,0.05,Comm1,57,Comm1,0.6305435695860723,0.07946665246278761,616
0,0.05,Comm1,58,Comm1,0.6330973050330565,0.3616398079376806,139
0,0.05,Comm1,59,Comm1,0.6296961568123258,0.05440296625521064,123
0,0.05,Comm1,60,Comm1,0.6372955935019333,15.440624173680677,653
0,0.05,Comm1,61,Comm1,0.6312498415732893,0.38224426910520093,489
0,0.05,Comm1,62,Comm1,0.6291144213437598,0.03309031377669981,602
0,0.05,Comm1,63,Comm1,0.6312818690720496,0.052563994427150734,3
0,0.05,Comm1,64,Comm1,0.6269811416047705,0.008501164783852202,547
0,0.05,Comm1,65,Comm1,0.635767110206326,4.681796967717467,30
0,0.05,Comm1,66,Comm1,0.6259023488462212,0.007188479955373857,116
0,0.05,Comm1,67,Comm1,0.6362842537252649,3.2946314071655203,305
0,0.05,Comm1,68,Comm1,0.6359489409004344,3.686914046781263,415
0,0.05,Comm1,69,Comm1,0.624730658953717,0.0014678554942569619,806
0,0.05,Comm1,70,Comm1,0.6281618573147342,0.03131807846328533,590
0,0.05,Comm1,71,Comm1,0.6395893965111277,48.23680563784582,233
0,0.05,Comm1,72,Comm1,0.6361596756259245,3.2967899613644924,374
0,0.05,Comm1,73,Comm1,0.6353116754478751,3.2424277905785317,280
0,0.05,Comm1,74,Comm1,0.6377890727784221,33.128720625337856,63
0,0.05,Comm1,75,Comm1,0.6297612636587595,0.1378298473584247,25
0,0.05,Comm1,76,Comm1,0.6341672859840514,2.278731873230739,729
0,0.05,Comm1,77,Comm1,0.6354636984546852,2.835342531866559,328
0,0.05,Comm1,78,Comm1,0.639251098324605,23.135783118101816,740
0,0.05,Comm1,79,Comm1,0.6300418491429438,0.11033574302603984,514
0,0.05,Comm1,80,Comm1,0.6276707080239557,0.001512377364334249,310
0,0.05,Comm1,81,Comm1,0.6374190477138398,1.9417827272221493,55
0,0.05,Comm1,82,Comm1,0.6269114671079067,0.006163944943761461,783
0,0.05,Comm1,83,Comm1,0.6270265821579369,0.0019162858221837206,900
0,0.05,Comm1,84,Comm1,0.6260096013268026,0.005092742294429355,813
0,0.05,Comm1,85,Comm1,0.6345057323393454,1.4597645267239578,615
0,0.05,Comm1,86,Comm1,0.6328576893522689,0.43846682006904486,578
0,0.05,Comm1,87,Comm1,0.636950929360959,6.618551056227838,696
0,0.05,Comm1,88,Comm1,0.6247657168432732,0.0007253600225850732,574
0,0.05,Comm1,89,Comm1,0.6282256976510763,0.03845763096259231,887
0,0.05,Comm1,90,Comm1,0.6300336954850279,0.04241411120312032,961
0,0.05,Comm1,91,Comm1,0.6390227434069315,14.996544356241591,588
0,0.05,Comm1,92,Comm1,0.6314773026004581,0.30008094435528876,872
0,0.05,Comm1,93,Comm1,0.6301765447045455,0.08101464054099843,185
0,0.05,Comm1,94,Comm1,0.6314211600847448,0.32681882409125684,354
0,0.05,Comm1,95,Comm1,0.6284133178142153,0.004378970796781611,366
0,0.05,Comm1,96,Comm1,0.6360891905279745,11.605276887308694,59
0,0.05,Comm1,97,Comm1,0.6396929088270507,23.533192106314665,126
0,0.05,Comm1,98,Comm1,0.6383055015218843,29.39018517380457,453
0,0.05,Comm1,99,Comm1,0.6294987265685557,0.04258822628141181,62
0,0.05,Comm1,100,Comm1,0.6374978664181125,16.836105954041955,785
0,0.05,Comm2,1,Comm2,0.6245888432758339,0.0023172223337626975,865
0,0.05,Comm2,2,Comm2,0.6384969518278649,11.618219568214966,87
0,0.05,Comm2,3,Comm2,0.6302990698712786,0.05771648302442741,685
0,0.05,Comm2,4,Comm2,0.6370317136396292,8.01780593645592,871
0,0.05,Comm2,5,Comm2,0.6375460979542505,32.82090942999489,714
0,0.05,Comm2,6,Comm2,0.6358492389704745,7.186371764614591,336
0,0.05,Comm2,7,Comm2,0.6382781167176067,22.400165464945374,789
0,0.05,Comm2,8,Comm2,0.6287086392961663,0.04121524628255471,943
0,0.05,Comm2,9,Comm2,0.6283959315228856,0.027856407082623907,120
0,0.05,Comm2,10,Comm2,0.6261233695126006,0.0015936178663356947,473
0,0.05,Comm2,11,Comm2,0.6388793249576856,48.77607099734671,673
0,0.05,Comm2,12,Comm2,0.6261783103052282,0.006105684932575156,240
0,0.05,Comm2,13,Comm2,0.6328260931376319,0.13814956476624185,892
0,0.05,Comm2,14,Comm2,0.627549254472796,0.05833267326203319,778
0,0.05,Comm2,15,Comm2,0.6359689441880625,11.579091867327598,413
0,0.05,Comm2,16,Comm2,0.6281717827296271,0.007447300449120952,74
0,0.05,Comm2,17,Comm2,0.6341614106236602,0.6082131534205238,732
0,0.05,Comm2,18,Comm2,0.6326894172536678,0.2842843307757584,363
0,0.05,Comm2,19,Comm2,0.628572139207214,0.024855644119969093,148
0,0.05,Comm2,20,Comm2,0.6330722526995011,0.29463937707708104,716
0,0.05,Comm2,21,Comm2,0.6260881835112538,0.002381766834045427,404
0,0.05,Comm2,22,Comm2,0.637938230952539,50.725704565430185,357
0,0.05,Comm2,23,Comm2,0.6362927739764608,3.488258387993931,274
0,0.05,Comm2,24,Comm2,0.6272577364077229,0.028499869056635006,376
0,0.05,Comm2,25,Comm2,0.6344089553272234,0.4471670682173354,718
0,0.05,Comm2,26,Comm2,0.637896275211342,6.392486973396558,321
0,0.05,Comm2,27,Comm2,0.6393729953239308,56.52051889992573,75
0,0.05,Comm2,28,Comm2,0.639130592186572,9.000914450577758,171
0,0.05,Comm2,29,Comm2,0.6301178320467861,0.09088661121968078,35
0,0.05,Comm2,30,Comm2,0.6336030057598507,0.6981453717233154,665
0,0.05,Comm2,31,Comm2,0.6275494919848025,0.0032984835065683832,18
0,0.05,Comm2,32,Comm2,0.6288083315949202,0.0792482033081839,112
0,0.05,Comm2,33,Comm2,0.6283592481386955,0.04376947861401252,880
0,0.05,Comm2,34,Comm2,0.6273299268859056,0.012503134007588398,769
0,0.05,Comm2,35,Comm2,0.6390899638536742,13.896975074438673,911
0,0.05,Comm2,36,Comm2,0.6291889736376917,0.08630580913883666,770
0,0.05,Comm2,37,Comm2,0.635026560365707,4.322061724087153,945
0,0.05,Comm2,38,Comm2,0.6345894567706104,1.7521463801304409,272
0,0.05,Comm2,39,Comm2,0.6257750407489644,0.02441398655833294,850
0,0.05,Comm2,40,Comm2,0.6286315455564425,0.047154237865258984,515
0,0.05,Comm2,41,Comm2,0.6243122293844958,0.00041853407755606707,912
0,0.05,Comm2,42,Comm2,0.6340112610668653,1.265604070017105,462
0,0.05,Comm2,43,Comm2,0.6334671534665643,1.260987586034448,802
0,0.05,Comm2,44,Comm2,0.6329986046197967,2.487923162828662,6
0,0.05,Comm2,45,Comm2,0.6348797255868407,1.0406582113159035,216
0,0.05,Comm2,46,Comm2,0.6390715334348182,35.79825780790916,198
0,0.05,Comm2,47,Comm2,0.6397036512886303,25.02511262296216,173
0,0.05,Comm2,48,Comm2,0.6278514807725336,0.01253351571755631,728
0,0.05,Comm2,49,Comm2,0.6366167232674813,6.527015349133549,902
0,0.05,Comm2,50,Comm2,0.6297730096123938,0.06996267821541466,669
0,0.05,Comm2,51,Comm2,0.630457070954406,0.132196149058676,792
0,0.05,Comm2,52,Comm2,0.6346484201360624,5.461499168545378,907
0,0.05,Comm2,53,Comm2,0.6256689393406368,0.001136975799667548,723
0,0.05,Comm2,54,Comm2,0.6329388564771132,0.22226237986602726,890
0,0.05,Comm2,55,Comm2,0.624290729762908,0.0016226176700897107,286
0,0.05,Comm2,56,Comm2,0.6306157930430386,0.061158463241838434,96
0,0.05,Comm2,57,Comm2,0.6384371781208364,22.658622906320563,995
0,0.05,Comm2,58,Comm2,0.6383259537801206,19.299976232055695,510
0,0.05,Comm2,59,Comm2,0.6288280243549075,0.04994826735003944,627
0,0.05,Comm2,60,Comm2,0.6397882102758577,14.10138494415568,283
0,0.05,Comm2,61,Comm2,0.6282035427245732,0.0717914837007323,851
0,0.05,Comm2,62,Comm2,0.6256166225243677,0.002708476791970507,870
0,0.05,Comm2,63,Comm2,0.6283201510012151,0.024995088283553447,168
0,0.05,Comm2,64,Comm2,0.6349359880727421,8.424918291303333,965
0,0.05,Comm2,65,Comm2,0.6333102526120321,1.4068488367482166,840
0,0.05,Comm2,66,Comm2,0.6309144639763601,0.032618237463377074,893
0,0.05,Comm2,67,Comm2,0.6373648934960335,2.8106432650455613,180
0,0.05,Comm2,68,Comm2,0.6259759160749345,0.00271779126827997,271
0,0.05,Comm2,69,Comm2,0.6339721397286244,1.7465274976355514,767
0,0.05,Comm2,70,Comm2,0.633113560967871,0.19092076013161535,352
0,0.05,Comm2,71,Comm2,0.638121915293271,28.64372255901036,738
0,0.05,Comm2,72,Comm2,0.6336284630045425,0.3463817777778516,190
0,0.05,Comm2,73,Comm2,0.6250816969766322,0.0022869945736474617,825
0,0.05,Comm2,74,Comm2,0.6328618317974526,0.451430359071937,509
0,0.05,Comm2,75,Comm2,0.63619613078375,6.05279180592153,469
0,0.05,Comm2,76,Comm2,0.6369624334095558,4.717832676340718,293
0,0.05,Comm2,77,Comm2,0.6282103494131074,0.011156276938344981,994
0,0.05,Comm2,78,Comm2,0.6309343767326949,0.08901433871855176,84
0,0.05,Comm2,79,Comm2,0.6346638805473396,2.912739550705576,504
0,0.05,Comm2,80,Comm2,0.624614877527336,0.000970964871500475,273
0,0.05,Comm2,81,Comm2,0.6309050568181014,0.03783657799682691,33
0,0.05,Comm2,82,Comm2,0.625655254466383,0.001153969063296858,140
0,0.05,Comm2,83,Comm2,0.6339350896627612,1.2548790828146803,461
0,0.05,Comm2,84,Comm2,0.6244189008504643,0.0008299716772083525,951
0,0.05,Comm2,85,Comm2,0.6390408912280069,16.985167356306928,587
0,0.05,Comm2,86,Comm2,0.6290921608788905,0.051224860299754,735
0,0.05,Comm2,87,Comm2,0.6343690201520689,2.415517866603027,807
0,0.05,Comm2,88,Comm2,0.6343697120609113,3.266087710043583,620
0,0.05,Comm2,89,Comm2,0.6386059312047754,30.50004756068799,15
0,0.05,Comm2,90,Comm2,0.6251646110820304,0.0018146551393895707,721
0,0.05,Comm2,91,Comm2,0.6269911381880408,0.007757771482190777,623
0,0.05,Comm2,92,Comm2,0.6259332265970015,0.002401610473827368,969
0,0.05,Comm2,93,Comm2,0.6363269208849288,16.984993850775542,992
0,0.05,Comm2,94,Comm2,0.6252462166117249,0.005542233845161777,527
0,0.05,Comm2,95,Comm2,0.635825528009903,3.0699297997402937,733
0,0.05,Comm2,96,Comm2,0.6392209552643916,23.160797911116664,507
0,0.05,Comm2,97,Comm2,0.6307814826493148,0.07560816719703677,105
0,0.05,Comm2,98,Comm2,0.6321971788233886,0.18295896551276497,820
0,0.05,Comm2,99,Comm2,0.62594604007392,0.0021117381669851385,725
0,0.05,Comm2,100,Comm2,0.6325390276342989,0.6703294207138465,58
0,0.05,Comm3,1,Comm1,0.6317219342855341,0.0989075285788987,242
0,0.05,Comm3,2,Comm1,0.628963707758756,7.024833692515459e-05,456
0,0.05,Comm3,3,Comm1,0.6341190100792335,0.1439240766430227,141
0,0.05,Comm3,4,Comm1,0.6326697787638392,0.010360615071511835,378
0,0.05,Comm3,5,Comm1,0.63815225124578,8.004974498470213,418
0,0.05,Comm3,6,Comm1,0.6323460750873603,0.007731949565008206,287
0,0.05,Comm3,7,Comm1,0.6243766485597856,2.964757683230584e-08,70
0,0.05,Comm3,8,Comm1,0.6292386830192558,4.8892232013417795e-05,592
0,0.05,Comm3,9,Comm1,0.6285591584405574,8.440300190708862e-05,839
0,0.05,Comm3,10,Comm1,0.6246601452310947,3.3069198478453495e-09,635
0,0.05,Comm3,11,Comm1,0.6247553334884488,1.1949339640765213e-08,225
0,0.05,Comm3,12,Comm1,0.6260113925340007,4.6776447027821085e-07,279
0,0.05,Comm3,13,Comm1,0.6306996340378263,0.0018105421767786406,117
0,0.05,Comm3,14,Comm1,0.6244964527252744,3.163161037711081e-08,448
0,0.05,Comm3,15,Comm1,0.634102646301926,0.11206506147779113,290
0,0.05,Comm3,16,Comm1,0.6256393157656096,3.703525171340614e-08,808
0,0.05,Comm3,17,Comm1,0.6396940336408209,34.13781065195586,697
0,0.05,Comm3,18,Comm1,0.6382323662241322,6.330435439859619,678
0,0.05,Comm3,19,Comm1,0.6280736308168432,3.0161614386813463e-05,639
0,0.05,Comm3,20,Comm1,0.624169443563449,1.6894264419660687e-07,426
0,0.05,Comm3,21,Comm1,0.638898368568106,37.96428956765391,942
0,0.05,Comm3,22,Comm1,0.633773845166381,0.20098219207063298,573
0,0.05,Comm3,23,Comm1,0.6370675226205748,7.890108711923959,247
0,0.05,Comm3,24,Comm1,0.634656562086451,2.6570465409700437,549
0,0.05,Comm3,25,Comm1,0.626951618899703,7.904388563851806e-05,386
0,0.05,Comm3,26,Comm1,0.6377538566752103,3.8746155830466797,940
0,0.05,Comm3,27,Comm1,0.637036282796221,1.097095310452849,399
0,0.05,Comm3,28,Comm1,0.6262595605082897,4.770830124210701e-07,760
0,0.05,Comm3,29,Comm1,0.6394671259752527,50.269125112068636,394
0,0.05,Comm3,30,Comm1,0.6328459939421178,0.13947211715330438,110
0,0.05,Comm3,31,Comm1,0.6289204460900798,5.98565001351047e-05,83
0,0.05,Comm3,32,Comm1,0.624937956724696,2.2626025582529045e-06,276
0,0.05,Comm3,33,Comm1,0.6248900417602571,2.7989963582863534e-08,193
0,0.05,Comm3,34,Comm1,0.6384624254736967,4.89708992401136,69
0,0.05,Comm3,35,Comm1,0.6366425000163981,8.99320058600082,191
0,0.05,Comm3,36,Comm1,0.6262995811260356,6.989595112774553e-07,709
0,0.05,Comm3,37,Comm1,0.6332713685331183,0.036046048312780445,316
0,0.05,Comm3,38,Comm1,0.6359302962916737,1.9757328872355553,197
0,0.05,Comm3,39,Comm1,0.6250061273289518,2.7941690163639346e-07,860
0,0.05,Comm3,40,Comm1,0.6279836536182978,5.589150370784562e-06,720
0,0.05,Comm3,41,Comm1,0.6259835704332709,6.413334011828664e-08,904
0,0.05,Comm3,42,Comm1,0.633485067244384,0.10479361276258131,158
0,0.05,Comm3,43,Comm1,0.6277670084102768,2.1354094400811423e-05,626
0,0.05,Comm3,44,Comm1,0.6371015846122097,0.36265338936757613,330
0,0.05,Comm3,45,Comm1,0.6346223637376018,0.13118254834241552,763
0,0.05,Comm3,46,Comm1,0.6244332881756298,8.684134402843338e-08,298
0,0.05,Comm3,47,Comm1,0.6389503221246414,30.36937889648031,708
0,0.05,Comm3,48,Comm1,0.6387276466786119,27.44885019418017,312
0,0.05,Comm3,49,Comm1,0.6269779177292698,5.5681325184127605e-06,939
0,0.05,Comm3,50,Comm1,0.6378801978438722,19.35830236751254,306
0,0.05,Comm3,51,Comm1,0.6252524949300667,1.729978815245098e-06,980
0,0.05,Comm3,52,Comm1,0.6386350252301006,24.272409592913757,703
0,0.05,Comm3,53,Comm1,0.6359936285943429,0.381561487864003,798
0,0.05,Comm3,54,Comm1,0.6315376812839537,0.003214249288046444,11
0,0.05,Comm3,55,Comm1,0.6249186624048331,2.224980762666874e-07,471
0,0.05,Comm3,56,Comm1,0.6380188802744089,15.233157147796872,154
0,0.05,Comm3,57,Comm1,0.6305435695860723,0.0004903521709341596,616
0,0.05,Comm3,58,Comm1,0.6330973050330565,0.0071828560252411855,139
0,0.05,Comm3,59,Comm1,0.6296961568123258,5.984959436567788e-05,123
0,0.05,Comm3,60,Comm1,0.6372955935019333,8.11888121574748,653
0,0.05,Comm3,61,Comm1,0.6312498415732893,0.006558401300205699,489
0,0.05,Comm3,62,Comm1,0.6291144213437598,5.734447992070783e-05,602
0,0.05,Comm3,63,Comm1,0.6312818690720496,9.23211218121858e-05,3
0,0.05,Comm3,64,Comm1,0.6269811416047705,2.162072424234307e-06,547
0,0.05,Comm3,65,Comm1,0.635767110206326,1.9662196659861542,30
0,0.05,Comm3,66,Comm1,0.6259023488462212,1.828313384302854e-06,116
0,0.05,Comm3,67,Comm1,0.6362842537252649,1.4866911239555434,305
0,0.05,Comm3,68,Comm1,0.6359489409004344,0.760041959505934,415
0,0.05,Comm3,69,Comm1,0.624730658953717,1.4203885036206395e-07,806
0,0.05,Comm3,70,Comm1,0.6281618573147342,0.00010075932385078049,590
0,0.05,Comm3,71,Comm1,0.6395893965111277,60.43435403889934,233
0,0.05,Comm3,72,Comm1,0.6361596756259245,1.026776909854512,374
0,0.05,Comm3,73,Comm1,0.6353116754478751,0.6704294362095164,280
0,0.05,Comm3,74,Comm1,0.6377890727784221,21.592786570109897,63
0,0.05,Comm3,75,Comm1,0.6297612636587595,0.0010109830557520892,25
0,0.05,Comm3,76,Comm1,0.6341672859840514,0.24489931984707555,729
0,0.05,Comm3,77,Comm1,0.6354636984546852,0.2586650290868452,328
0,0.05,Comm3,78,Comm1,0.639251098324605,23.188002341751783,740
0,0.05,Comm3,79,Comm1,0.6300418491429438,0.0005911259864840267,514
0,0.05,Comm3,80,Comm1,0.6276707080239557,7.523972379711501e-08,310
0,0.05,Comm3,81,Comm1,0.6374190477138398,0.6420980687170917,55
0,0.05,Comm3,82,Comm1,0.6269114671079067,2.0479850111029485e-06,783
0,0.05,Comm3,83,Comm1,0.6270265821579369,1.5680292529154945e-07,900
0,0.05,Comm3,84,Comm1,0.6260096013268026,1.9926571032707904e-06,813
0,0.05,Comm3,85,Comm1,0.6345057323393454,0.08547098152536456,615
0,0.05,Comm3,86,Comm1,0.6328576893522689,0.01222610364586113,578
0,0.05,Comm3,87,Comm1,0.636950929360959,1.3135898218959208,696
0,0.05,Comm3,88,Comm1,0.6247657168432732,1.8144570466468796e-08,574
0,0.05,Comm3,89,Comm1,0.6282256976510763,7.829605252275925e-05,887
0,0.05,Comm3,90,Comm1,0.6300336954850279,0.00013922249646961178,961
0,0.05,Comm3,91,Comm1,0.6390227434069315,13.99836019836151,588
0,0.05,Comm3,92,Comm1,0.6314773026004581,0.003861359761594331,872
0,0.05,Comm3,93,Comm1,0.6301765447045455,8.391285299069712e-05,185
0,0.05,Comm3,94,Comm1,0.6314211600847448,0.006740928276688876,354
0,0.05,Comm3,95,Comm1,0.6284133178142153,7.765823165528251e-07,366
0,0.05,Comm3,96,Comm1,0.6360891905279745,6.097902895544874,59
0,0.05,Comm3,97,Comm1,0.6396929088270507,28.602369747126257,126
0,0.05,Comm3,98,Comm1,0.6383055015218843,29.62166467999495,453
0,0.05,Comm3,99,Comm1,0.6294987265685557,6.86289788815793e-05,62
0,0.05,Comm3,100,Comm1,0.6374978664181125,26.5955770225808,785
0,0.05,Comm3,101,Comm2,0.6245888432758339,2.080438603204337e-08,865
0,0.05,Comm3,102,Comm2,0.6384969518278649,3.993922623079547,87
0,0.05,Comm3,103,Comm2,0.6302990698712786,7.894070603180333e-06,685
0,0.05,Comm3,104,Comm2,0.6370317136396292,0.15653064864738153,871
0,0.05,Comm3,105,Comm2,0.6375460979542505,3.5323680105131876,714
0,0.05,Comm3,106,Comm2,0.6358492389704745,0.07719197145140987,336
0,0.05,Comm3,107,Comm2,0.6382781167176067,7.186315019658478,789
0,0.05,Comm3,108,Comm2,0.6287086392961663,5.481182103888655e-06,943
0,0.05,Comm3,109,Comm2,0.6283959315228856,1.1039520614574465e-06,120
0,0.05,Comm3,110,Comm2,0.6261233695126006,5.58477166776162e-09,473
0,0.05,Comm3,111,Comm2,0.6388793249576856,6.933115306683491,673
0,0.05,Comm3,112,Comm2,0.6261783103052282,4.6739716221293124e-08,240
0,0.05,Comm3,113,Comm2,0.6328260931376319,0.0004959273107919831,892
0,0.05,Comm3,114,Comm2,0.627549254472796,5.242576858321751e-07,778
0,0.05,Comm3,115,Comm2,0.6359689441880625,0.09153714766412806,413
0,0.05,Comm3,116,Comm2,0.6281717827296271,4.57688107736778e-08,74
0,0.05,Comm3,117,Comm2,0.6341614106236602,0.0037490956487145222,732
0,0.05,Comm3,118,Comm2,0.6326894172536678,0.0015477550214840195,363
0,0.05,Comm3,119,Comm2,0.628572139207214,2.812748634332967e-06,148
0,0.05,Comm3,120,Comm2,0.6330722526995011,0.0008405464094530698,716
0,0.05,Comm3,121,Comm2,0.6260881835112538,7.857337381448839e-09,404
0,0.05,Comm3,122,Comm2,0.637938230952539,9.93101728637752,357
0,0.05,Comm3,123,Comm2,0.6362927739764608,0.047987096331608296,274
0,0.05,Comm3,124,Comm2,0.6272577364077229,7.892257374719901e-07,376
0,0.05,Comm3,125,Comm2,0.6344089553272234,0.0028346938567787817,718
0,0.05,Comm3,126,Comm2,0.637896275211342,0.4838469106615834,321
0,0.05,Comm3,127,Comm2,0.6393729953239308,8.244613369234186,75
0,0.05,Comm3,128,Comm2,0.639130592186572,1.243554068610098,171
0,0.05,Comm3,129,Comm2,0.6301178320467861,1.3729265592440634e-05,35
0,0.05,Comm3,130,Comm2,0.6336030057598507,0.0020714214843930517,665
0,0.05,Comm3,131,Comm2,0.6275494919848025,1.270595452491659e-07,18
0,0.05,Comm3,132,Comm2,0.6288083315949202,5.302637787505666e-06,112
0,0.05,Comm3,133,Comm2,0.6283592481386955,5.555481478637202e-07,880
0,0.05,Comm3,134,Comm2,0.6273299268859056,1.8297395589975625e-07,769
0,0.05,Comm3,135,Comm2,0.6390899638536742,1.3202176938936234,911
0,0.05,Comm3,136,Comm2,0.6291889736376917,2.074377310909525e-05,770
0,0.05,Comm3,137,Comm2,0.635026560365707,0.06428736296163355,945
0,0.05,Comm3,138,Comm2,0.6345894567706104,0.015068255015265663,272
0,0.05,Comm3,139,Comm2,0.6257750407489644,2.385653518035154e-07,850
0,0.05,Comm3,140,Comm2,0.6286315455564425,9.111260076083025e-07,515
0,0.05,Comm3,141,Comm2,0.6243122293844958,3.3516274630268915e-10,912
0,0.05,Comm3,142,Comm2,0.6340112610668653,0.0015011852300895862,462
0,0.05,Comm3,143,Comm2,0.6334671534665643,0.0024330785177616525,802
0,0.05,Comm3,144,Comm2,0.6329986046197967,0.0037073539150451994,6
0,0.05,Comm3,145,Comm2,0.6348797255868407,0.009173975053008548,216
0,0.05,Comm3,146,Comm2,0.6390715334348182,15.126790709104371,198
0,0.05,Comm3,147,Comm2,0.6397036512886303,2.9852576920891094,173
0,0.05,Comm3,148,Comm2,0.6278514807725336,4.0150367905179267e-07,728
0,0.05,Comm3,149,Comm2,0.6366167232674813,0.08937359171522646,902
0,0.05,Comm3,150,Comm2,0.6297730096123938,2.2384977117000167e-05,669
0,0.05,Comm3,151,Comm2,0.630457070954406,8.318899033725078e-05,792
0,0.05,Comm3,152,Comm2,0.6346484201360624,0.06382557651372839,907
0,0.05,Comm3,153,Comm2,0.6256689393406368,6.37230378482224e-10,723
0,0.05,Comm3,154,Comm2,0.6329388564771132,0.00020713555636754026,890
0,0.05,Comm3,155,Comm2,0.624290729762908,3.912645036795615e-09,286
0,0.05,Comm3,156,Comm2,0.6306157930430386,1.1073978694581402e-05,96
0,0.05,Comm3,157,Comm2,0.6384371781208364,1.0727420084147983,995
0,0.05,Comm3,158,Comm2,0.6383259537801206,2.4272834684991422,510
0,0.05,Comm3,159,Comm2,0.6288280243549075,7.174391068243901e-06,627
0,0.05,Comm3,160,Comm2,0.6397882102758577,0.977183310018593,283
0,0.05,Comm3,161,Comm2,0.6282035427245732,1.0689460562659681e-05,851
0,0.05,Comm3,162,Comm2,0.6256166225243677,4.849843129288476e-08,870
0,0.05,Comm3,163,Comm2,0.6283201510012151,1.6044129471731866e-06,168
0,0.05,Comm3,164,Comm2,0.6349359880727421,0.024203466069489425,965
0,0.05,Comm3,165,Comm2,0.6333102526120321,0.0030711672299061576,840
0,0.05,Comm3,166,Comm2,0.6309144639763601,1.8217963149822184e-05,893
0,0.05,Comm3,167,Comm2,0.6373648934960335,0.17127162675744922,180
0,0.05,Comm3,168,Comm2,0.6259759160749345,2.45860399046629e-08,271
0,0.05,Comm3,169,Comm2,0.6339721397286244,0.016411793655337906,767
0,0.05,Comm3,170,Comm2,0.633113560967871,0.002788045875008008,352
0,0.05,Comm3,171,Comm2,0.638121915293271,5.006337478708473,738
0,0.05,Comm3,172,Comm2,0.6336284630045425,0.0006658942785740782,190
0,0.05,Comm3,173,Comm2,0.6250816969766322,6.041000559055108e-09,825
0,0.05,Comm3,174,Comm2,0.6328618317974526,0.0008581202446266561,509
0,0.05,Comm3,175,Comm2,0.63619613078375,0.09527252830032766,469
0,0.05,Comm3,176,Comm2,0.6369624334095558,0.5651099795843828,293
0,0.05,Comm3,177,Comm2,0.6282103494131074,6.32894378335723e-06,994
0,0.05,Comm3,178,Comm2,0.6309343767326949,8.748130165162178e-05,84
0,0.05,Comm3,179,Comm2,0.6346638805473396,0.008018061649006692,504
0,0.05,Comm3,180,Comm2,0.624614877527336,1.692108231329067e-08,273
0,0.05,Comm3,181,Comm2,0.6309050568181014,2.3104693717274374e-05,33
0,0.05,Comm3,182,Comm2,0.625655254466383,1.5662460303692552e-08,140
0,0.05,Comm3,183,Comm2,0.6339350896627612,0.0013931044729636583,461
0,0.05,Comm3,184,Comm2,0.6244189008504643,9.406964834256808e-09,951
0,0.05,Comm3,185,Comm2,0.6390408912280069,5.208131334052292,587
0,0.05,Comm3,186,Comm2,0.6290921608788905,1.6475518005944458e-06,735
0,0.05,Comm3,187,Comm2,0.6343690201520689,0.002429914957651694,807
0,0.05,Comm3,188,Comm2,0.6343697120609113,0.01101417203376321,620
0,0.05,Comm3,189,Comm2,0.6386059312047754,3.085575785840079,15
0,0.05,Comm3,190,Comm2,0.6251646110820304,2.1031591571399534e-08,721
0,0.05,Comm3,191,Comm2,0.6269911381880408,1.8841599980066552e-07,623
0,0.05,Comm3,192,Comm2,0.6259332265970015,3.379145343555071e-08,969
0,0.05,Comm3,193,Comm2,0.6363269208849288,0.4878606124205067,992
0,0.05,Comm3,194,Comm2,0.6252462166117249,5.335583050849999e-08,527
0,0.05,Comm3,195,Comm2,0.635825528009903,0.026482725528784775,733
0,0.05,Comm3,196,Comm2,0.6392209552643916,6.937982108941327,507
0,0.05,Comm3,197,Comm2,0.6307814826493148,1.797214206127793e-05,105
0,0.05,Comm3,198,Comm2,0.6321971788233886,0.00011815292943369959,820
0,0.05,Comm3,199,Comm2,0.62594604007392,5.089887865558289e-08,725
0,0.05,Comm3,200,Comm2,0.6325390276342989,0.0017556750616138578,58
0,0.1,Comm1,1,Comm1,0.6317219342855341,1.0683184544818254,242
0,0.1,Comm1,2,Comm1,0.628963707758756,0.033734762477040124,456
0,0.1,Comm1,3,Comm1,0.6341190100792335,1.6153077081060223,141
0,0.1,Comm1,4,Comm1,0.6326697787638392,0.46566928172728905,378
0,0.1,Comm1,5,Comm1,0.63815225124578,11.655079218937082,418
0,0.1,Comm1,6,Comm1,0.6323460750873603,0.31134836979774516,287
0,0.1,Comm1,7,Comm1,0.6243766485597856,0.0008340877848260728,70
0,0.1,Comm1,8,Comm1,0.6292386830192558,0.02155443753684446,592
0,0.1,Comm1,9,Comm1,0.6285591584405574,0.029484545188479438,839
0,0.1,Comm1,10,Comm1,0.6246601452310947,0.0003655205598582137,635
0,0.1,Comm1,11,Comm1,0.6247553334884488,0.0008555383167472111,225
0,0.1,Comm1,12,Comm1,0.6260113925340007,0.006504705081640659,279
0,0.1,Comm1,13,Comm1,0.6306996340378263,0.1661197456973028,117
0,0.1,Comm1,14,Comm1,0.6244964527252744,0.0008079053443426933,448
0,0.1,Comm1,15,Comm1,0.634102646301926,1.6815891368417573,290
0,0.1,Comm1,16,Comm1,0.6256393157656096,0.0012374083509530576,808
0,0.1,Comm1,17,Comm1,0.6396940336408209,31.632238052814234,697
0,0.1,Comm1,18,Comm1,0.6382323662241322,9.852293640418987,678
0,0.1,Comm1,19,Comm1,0.6280736308168432,0.041903828806534184,639
0,0.1,Comm1,20,Comm1,0.624169443563449,0.0013402974684963468,426
0,0.1,Comm1,21,Comm1,0.638898368568106,30.058354620236297,942
0,0.1,Comm1,22,Comm1,0.633773845166381,2.038027717416789,573
0,0.1,Comm1,23,Comm1,0.6370675226205748,11.452420009704998,247
0,0.1,Comm1,24,Comm1,0.634656562086451,5.429918660795137,549
0,0.1,Comm1,25,Comm1,0.626951618899703,0.01798683146678465,386
0,0.1,Comm1,26,Comm1,0.6377538566752103,6.459562991616489,940
0,0.1,Comm1,27,Comm1,0.637036282796221,3.276235655103712,399
0,0.1,Comm1,28,Comm1,0.6262595605082897,0.003052997986934035,760
0,0.1,Comm1,29,Comm1,0.6394671259752527,56.67759893205614,394
0,0.1,Comm1,30,Comm1,0.6328459939421178,1.94546783598417,110
0,0.1,Comm1,31,Comm1,0.6289204460900798,0.03563314324611717,83
0,0.1,Comm1,32,Comm1,0.624937956724696,0.006801098255368631,276
0,0.1,Comm1,33,Comm1,0.6248900417602571,0.0008834775039752899,193
0,0.1,Comm1,34,Comm1,0.6384624254736967,8.976406533253913,69
0,0.1,Comm1,35,Comm1,0.6366425000163981,18.441386959891986,191
0,0.1,Comm1,36,Comm1,0.6262995811260356,0.0036170222048759453,709
0,0.1,Comm1,37,Comm1,0.6332713685331183,0.8216980956226843,316
0,0.1,Comm1,38,Comm1,0.6359302962916737,4.642239943196539,197
0,0.1,Comm1,39,Comm1,0.6250061273289518,0.0027461365953972347,860
0,0.1,Comm1,40,Comm1,0.6279836536182978,0.014239271065267373,720
0,0.1,Comm1,41,Comm1,0.6259835704332709,0.001125454229832187,904
0,0.1,Comm1,42,Comm1,0.633485067244384,1.0654135232699904,158
0,0.1,Comm1,43,Comm1,0.6277670084102768,0.022414591828752623,626
0,0.1,Comm1,44,Comm1,0.6371015846122097,4.047795196757626,330
0,0.1,Comm1,45,Comm1,0.6346223637376018,0.7389849193364411,763
0,0.1,Comm1,46,Comm1,0.6244332881756298,0.0016438725842913588,298
0,0.1,Comm1,47,Comm1,0.6389503221246414,25.26041348087521,708
0,0.1,Comm1,48,Comm1,0.6387276466786119,25.16107661859507,312
0,0.1,Comm1,49,Comm1,0.6269779177292698,0.006497965842097598,939
0,0.1,Comm1,50,Comm1,0.6378801978438722,26.34200502281031,306
0,0.1,Comm1,51,Comm1,0.6252524949300667,0.0055026404068675636,980
0,0.1,Comm1,52,Comm1,0.6386350252301006,27.268861917109856,703
0,0.1,Comm1,53,Comm1,0.6359936285943429,3.0973563410949234,798
0,0.1,Comm1,54,Comm1,0.6315376812839537,0.3429158479422223,11
0,0.1,Comm1,55,Comm1,0.6249186624048331,0.0021009377089214877,471
0,0.1,Comm1,56,Comm1,0.6380188802744089,21.237941854313227,154
0,0.1,Comm1,57,Comm1,0.6305435695860723,0.07946665246278761,616
0,0.1,Comm1,58,Comm1,0.6330973050330565,0.3616398079376806,139
0,0.1,Comm1,59,Comm1,0.6296961568123258,0.05440296625521064,123
0,0.1,Comm1,60,Comm1,0.6372955935019333,15.440624173680677,653
0,0.1,Comm1,61,Comm1,0.6312498415732893,0.38224426910520093,489
0,0.1,Comm1,62,Comm1,0.6291144213437598,0.03309031377669981,602
0,0.1,Comm1,63,Comm1,0.6312818690720496,0.052563994427150734,3
0,0.1,Comm1,64,Comm1,0.6269811416047705,0.008501164783852202,547
0,0.1,Comm1,65,Comm1,0.635767110206326,4.681796967717467,30
0,0.1,Comm1,66,Comm1,0.6259023488462212,0.007188479955373857,116
0,0.1,Comm1,67,Comm1,0.6362842537252649,3.2946314071655203,305
0,0.1,Comm1,68,Comm1,0.6359489409004344,3.686914046781263,415
0,0.1,Comm1,69,Comm1,0.624730658953717,0.0014678554942569619,806
0,0.1,Comm1,70,Comm1,0.6281618573147342,0.03131807846328533,590
0,0.1,Comm1,71,Comm1,0.6395893965111277,48.23680563784582,233
0,0.1,Comm1,72,Comm1,0.6361596756259245,3.2967899613644924,374
0,0.1,Comm1,73,Comm1,0.6353116754478751,3.2424277905785317,280
0,0.1,Comm1,74,Comm1,0.6377890727784221,33.128720625337856,63
0,0.1,Comm1,75,Comm1,0.6297612636587595,0.1378298473584247,25
0,0.1,Comm1,76,Comm1,0.6341672859840514,2.278731873230739,729
0,0.1,Comm1,77,Comm1,0.6354636984546852,2.835342531866559,328
0,0.1,Comm1,78,Comm1,0.639251098324605,23.135783118101816,740
0,0.1,Comm1,79,Comm1,0.6300418491429438,0.11033574302603984,514
0,0.1,Comm1,80,Comm1,0.6276707080239557,0.001512377364334249,310
0,0.1,Comm1,81,Comm1,0.6374190477138398,1.9417827272221493,55
0,0.1,Comm1,82,Comm1,0.6269114671079067,0.006163944943761461,783
0,0.1,Comm1,83,Comm1,0.6270265821579369,0.0019162858221837206,900
0,0.1,Comm1,84,Comm1,0.6260096013268026,0.005092742294429355,813
0,0.1,Comm1,85,Comm1,0.6345057323393454,1.4597645267239578,615
0,0.1,Comm1,86,Comm1,0.6328576893522689,0.43846682006904486,578
0,0.1,Comm1,87,Comm1,0.636950929360959,6.618551056227838,696
0,0.1,Comm1,88,Comm1,0.6247657168432732,0.0007253600225850732,574
0,0.1,Comm1,89,Comm1,0.6282256976510763,0.03845763096259231,887
0,0.1,Comm1,90,Comm1,0.6300336954850279,0.04241411120312032,961
0,0.1,Comm1,91,Comm1,0.6390227434069315,14.996544356241591,588
0,0.1,Comm1,92,Comm1,0.6314773026004581,0.30008094435528876,872
0,0.1,Comm1,93,Comm1,0.6301765447045455,0.08101464054099843,185
0,0.1,Comm1,94,Comm1,0.6314211600847448,0.32681882409125684,354
0,0.1,Comm1,95,Comm1,0.6284133178142153,0.004378970796781611,366
0,0.1,Comm1,96,Comm1,0.6360891905279745,11.605276887308694,59
0,0.1,Comm1,97,Comm1,0.6396929088270507,23.533192106314665,126
0,0.1,Comm1,98,Comm1,0.6383055015218843,29.39018517380457,453
0,0.1,Comm1,99,Comm1,0.6294987265685557,0.04258822628141181,62
0,0.1,Comm1,100,Comm1,0.6374978664181125,16.836105954041955,785
0,0.1,Comm2,1,Comm2,0.6245888432758339,0.0023172223337626975,865
0,0.1,Comm2,2,Comm2,0.6384969518278649,11.618219568214966,87
0,0.1,Comm2,3,Comm2,0.6302990698712786,0.05771648302442741,685
0,0.1,Comm2,4,Comm2,0.6370317136396292,8.01780593645592,871
0,0.1,Comm2,5,Comm2,0.6375460979542505,32.82090942999489,714
0,0.1,Comm2,6,Comm2,0.6358492389704745,7.186371764614591,336
0,0.1,Comm2,7,Comm2,0.6382781167176067,22.400165464945374,789
0,0.1,Comm2,8,Comm2,0.6287086392961663,0.04121524628255471,943
0,0.1,Comm2,9,Comm2,0.6283959315228856,0.027856407082623907,120
0,0.1,Comm2,10,Comm2,0.6261233695126006,0.0015936178663356947,473
0,0.1,Comm2,11,Comm2,0.6388793249576856,48.77607099734671,673
0,0.1,Comm2,12,Comm2,0.6261783103052282,0.006105684932575156,240
0,0.1,Comm2,13,Comm2,0.6328260931376319,0.13814956476624185,892
0,0.1,Comm2,14,Comm2,0.627549254472796,0.05833267326203319,778
0,0.1,Comm2,15,Comm2,0.6359689441880625,11.579091867327598,413
0,0.1,Comm2,16,Comm2,0.6281717827296271,0.007447300449120952,74
0,0.1,Comm2,17,Comm2,0.6341614106236602,0.6082131534205238,732
0,0.1,Comm2,18,Comm2,0.6326894172536678,0.2842843307757584,363
0,0.1,Comm2,19,Comm2,0.628572139207214,0.024855644119969093,148
0,0.1,Comm2,20,Comm2,0.6330722526995011,0.29463937707708104,716
0,0.1,Comm2,21,Comm2,0.6260881835112538,0.002381766834045427,404
0,0.1,Comm2,22,Comm2,0.637938230952539,50.725704565430185,357
0,0.1,Comm2,23,Comm2,0.6362927739764608,3.488258387993931,274
0,0.1,Comm2,24,Comm2,0.6272577364077229,0.028499869056635006,376
0,0.1,Comm2,25,Comm2,0.6344089553272234,0.4471670682173354,718
0,0.1,Comm2,26,Comm2,0.637896275211342,6.392486973396558,321
0,0.1,Comm2,27,Comm2,0.6393729953239308,56.52051889992573,75
0,0.1,Comm2,28,Comm2,0.639130592186572,9.000914450577758,171
0,0.1,Comm2,29,Comm2,0.6301178320467861,0.09088661121968078,35
0,0.1,Comm2,30,Comm2,0.6336030057598507,0.6981453717233154,665
0,0.1,Comm2,31,Comm2,0.6275494919848025,0.0032984835065683832,18
0,0.1,Comm2,32,Comm2,0.6288083315949202,0.0792482033081839,112
0,0.1,Comm2,33,Comm2,0.6283592481386955,0.04376947861401252,880
0,0.1,Comm2,34,Comm2,0.6273299268859056,0.012503134007588398,769
0,0.1,Comm2,35,Comm2,0.6390899638536742,13.896975074438673,911
0,0.1,Comm2,36,Comm2,0.6291889736376917,0.08630580913883666,770
0,0.1,Comm2,37,Comm2,0.635026560365707,4.322061724087153,945
0,0.1,Comm2,38,Comm2,0.6345894567706104,1.7521463801304409,272
0,0.1,Comm2,39,Comm2,0.6257750407489644,0.02441398655833294,850
0,0.1,Comm2,40,Comm2,0.6286315455564425,0.047154237865258984,515
0,0.1,Comm2,41,Comm2,0.6243122293844958,0.00041853407755606707,912
0,0.1,Comm2,42,Comm2,0.6340112610668653,1.265604070017105,462
0,0.1,Comm2,43,Comm2,0.6334671534665643,1.260987586034448,802
0,0.1,Comm2,44,Comm2,0.6329986046197967,2.487923162828662,6
0,0.1,Comm2,45,Comm2,0.6348797255868407,1.0406582113159035,216
0,0.1,Comm2,46,Comm2,0.6390715334348182,35.79825780790916,198
0,0.1,Comm2,47,Comm2,0.6397036512886303,25.02511262296216,173
0,0.1,Comm2,48,Comm2,0.6278514807725336,0.01253351571755631,728
0,0.1,Comm2,49,Comm2,0.6366167232674813,6.527015349133549,902
0,0.1,Comm2,50,Comm2,0.6297730096123938,0.06996267821541466,669
0,0.1,Comm2,51,Comm2,0.630457070954406,0.132196149058676,792
0,0.1,Comm2,52,Comm2,0.6346484201360624,5.461499168545378,907
0,0.1,Comm2,53,Comm2,0.6256689393406368,0.001136975799667548,723
0,0.1,Comm2,54,Comm2,0.6329388564771132,0.22226237986602726,890
0,0.1,Comm2,55,Comm2,0.624290729762908,0.0016226176700897107,286
0,0.1,Comm2,56,Comm2,0.6306157930430386,0.061158463241838434,96
0,0.1,Comm2,57,Comm2,0.6384371781208364,22.658622906320563,995
0,0.1,Comm2,58,Comm2,0.6383259537801206,19.299976232055695,510
0,0.1,Comm2,59,Comm2,0.6288280243549075,0.04994826735003944,627
0,0.1,Comm2,60,Comm2,0.6397882102758577,14.10138494415568,283
0,0.1,Comm2,61,Comm2,0.6282035427245732,0.0717914837007323,851
0,0.1,Comm2,62,Comm2,0.6256166225243677,0.002708476791970507,870
0,0.1,Comm2,63,Comm2,0.6283201510012151,0.024995088283553447,168
0,0.1,Comm2,64,Comm2,0.6349359880727421,8.424918291303333,965
0,0.1,Comm2,65,Comm2,0.6333102526120321,1.4068488367482166,840
0,0.1,Comm2,66,Comm2,0.6309144639763601,0.032618237463377074,893
0,0.1,Comm2,67,Comm2,0.6373648934960335,2.8106432650455613,180
0,0.1,Comm2,68,Comm2,0.6259759160749345,0.00271779126827997,271
0,0.1,Comm2,69,Comm2,0.6339721397286244,1.7465274976355514,767
0,0.1,Comm2,70,Comm2,0.633113560967871,0.19092076013161535,352
0,0.1,Comm2,71,Comm2,0.638121915293271,28.64372255901036,738
0,0.1,Comm2,72,Comm2,0.6336284630045425,0.3463817777778516,190
0,0.1,Comm2,73,Comm2,0.6250816969766322,0.0022869945736474617,825
0,0.1,Comm2,74,Comm2,0.6328618317974526,0.451430359071937,509
0,0.1,Comm2,75,Comm2,0.63619613078375,6.05279180592153,469
0,0.1,Comm2,76,Comm2,0.6369624334095558,4.717832676340718,293
0,0.1,Comm2,77,Comm2,0.6282103494131074,0.011156276938344981,994
0,0.1,Comm2,78,Comm2,0.6309343767326949,0.08901433871855176,84
0,0.1,Comm2,79,Comm2,0.6346638805473396,2.912739550705576,504
0,0.1,Comm2,80,Comm2,0.624614877527336,0.000970964871500475,273
0,0.1,Comm2,81,Comm2,0.6309050568181014,0.03783657799682691,33
0,0.1,Comm2,82,Comm2,0.625655254466383,0.001153969063296858,140
0,0.1,Comm2,83,Comm2,0.6339350896627612,1.2548790828146803,461
0,0.1,Comm2,84,Comm2,0.6244189008504643,0.0008299716772083525,951
0,0.1,Comm2,85,Comm2,0.6390408912280069,16.985167356306928,587
0,0.1,Comm2,86,Comm2,0.6290921608788905,0.051224860299754,735
0,0.1,Comm2,87,Comm2,0.6343690201520689,2.415517866603027,807
0,0.1,Comm2,88,Comm2,0.6343697120609113,3.266087710043583,620
0,0.1,Comm2,89,Comm2,0.6386059312047754,30.50004756068799,15
0,0.1,Comm2,90,Comm2,0.6251646110820304,0.0018146551393895707,721
0,0.1,Comm2,91,Comm2,0.6269911381880408,0.007757771482190777,623
0,0.1,Comm2,92,Comm2,0.6259332265970015,0.002401610473827368,969
0,0.1,Comm2,93,Comm2,0.6363269208849288,16.984993850775542,992
0,0.1,Comm2,94,Comm2,0.6252462166117249,0.005542233845161777,527
0,0.1,Comm2,95,Comm2,0.635825528009903,3.0699297997402937,733
0,0.1,Comm2,96,Comm2,0.6392209552643916,23.160797911116664,507
0,0.1,Comm2,97,Comm2,0.6307814826493148,0.07560816719703677,105
0,0.1,Comm2,98,Comm2,0.6321971788233886,0.18295896551276497,820
0,0.1,Comm2,99,Comm2,0.62594604007392,0.0021117381669851385,725
0,0.1,Comm2,100,Comm2,0.6325390276342989,0.6703294207138465,58
0,0.1,Comm3,1,Comm1,0.6317219342855341,0.07028901588477392,242
0,0.1,Comm3,2,Comm1,0.628963707758756,5.1403837627348005e-05,456
0,0.1,Comm3,3,Comm1,0.6341190100792335,0.1315096332958126,141
0,0.1,Comm3,4,Comm1,0.6326697787638392,0.00997022516658911,378
0,0.1,Comm3,5,Comm1,0.63815225124578,7.717165587311867,418
0,0.1,Comm3,6,Comm1,0.6323460750873603,0.006926375430948633,287
0,0.1,Comm3,7,Comm1,0.6243766485597856,1.8499721255000308e-08,70
0,0.1,Comm3,8,Comm1,0.6292386830192558,4.287191968464645e-05,592
0,0.1,Comm3,9,Comm1,0.6285591584405574,7.350478609809786e-05,839
0,0.1,Comm3,10,Comm1,0.6246601452310947,-8.935563881447598e-10,635
0,0.1,Comm3,11,Comm1,0.6247553334884488,1.873475023962843e-09,225
0,0.1,Comm3,12,Comm1,0.6260113925340007,3.5382531550971593e-07,279
0,0.1,Comm3,13,Comm1,0.6306996340378263,0.0015788215197684026,117
0,0.1,Comm3,14,Comm1,0.6244964527252744,2.1974552839824058e-08,448
0,0.1,Comm3,15,Comm1,0.634102646301926,0.09640865806849255,290
0,0.1,Comm3,16,Comm1,0.6256393157656096,2.8106112438080397e-08,808
0,0.1,Comm3,17,Comm1,0.6396940336408209,31.231650591579683,697
0,0.1,Comm3,18,Comm1,0.6382323662241322,5.42979764887841,678
0,0.1,Comm3,19,Comm1,0.6280736308168432,2.465349222808076e-05,639
0,0.1,Comm3,20,Comm1,0.624169443563449,1.3845594228581193e-07,426
0,0.1,Comm3,21,Comm1,0.638898368568106,35.82308951592156,942
0,0.1,Comm3,22,Comm1,0.633773845166381,0.16979237372895573,573
0,0.1,Comm3,23,Comm1,0.6370675226205748,6.986669945615752,247
0,0.1,Comm3,24,Comm1,0.634656562086451,2.054939418721367,549
0,0.1,Comm3,25,Comm1,0.626951618899703,5.240689126247577e-05,386
0,0.1,Comm3,26,Comm1,0.6377538566752103,3.213283924595496,940
0,0.1,Comm3,27,Comm1,0.637036282796221,1.088509402755569,399
0,0.1,Comm3,28,Comm1,0.6262595605082897,3.852235167065786e-07,760
0,0.1,Comm3,29,Comm1,0.6394671259752527,47.36883056008056,394
0,0.1,Comm3,30,Comm1,0.6328459939421178,0.11107856107750777,110
0,0.1,Comm3,31,Comm1,0.6289204460900798,5.23718980832107e-05,83
0,0.1,Comm3,32,Comm1,0.624937956724696,1.7982170023442935e-06,276
0,0.1,Comm3,33,Comm1,0.6248900417602571,1.4225019567650614e-08,193
0,0.1,Comm3,34,Comm1,0.6384624254736967,4.399417553478001,69
0,0.1,Comm3,35,Comm1,0.6366425000163981,7.280708882765566,191
0,0.1,Comm3,36,Comm1,0.6262995811260356,5.962948931379375e-07,709
0,0.1,Comm3,37,Comm1,0.6332713685331183,0.029069558155827995,316
0,0.1,Comm3,38,Comm1,0.6359302962916737,1.6255886102173827,197
0,0.1,Comm3,39,Comm1,0.6250061273289518,2.223056642653373e-07,860
0,0.1,Comm3,40,Comm1,0.6279836536182978,4.3842906940568825e-06,720
0,0.1,Comm3,41,Comm1,0.6259835704332709,5.2412900836745417e-08,904
0,0.1,Comm3,42,Comm1,0.633485067244384,0.0873433792404392,158
0,0.1,Comm3,43,Comm1,0.6277670084102768,1.7622689749988115e-05,626
0,0.1,Comm3,44,Comm1,0.6371015846122097,0.3402279974854429,330
0,0.1,Comm3,45,Comm1,0.6346223637376018,0.12592143326479932,763
0,0.1,Comm3,46,Comm1,0.6244332881756298,5.5235386911185795e-08,298
0,0.1,Comm3,47,Comm1,0.6389503221246414,28.09940038584126,708
0,0.1,Comm3,48,Comm1,0.6387276466786119,24.89779422138192,312
0,0.1,Comm3,49,Comm1,0.6269779177292698,4.9359796976044065e-06,939
0,0.1,Comm3,50,Comm1,0.6378801978438722,17.41003933346516,306
0,0.1,Comm3,51,Comm1,0.6252524949300667,1.392313808158985e-06,980
0,0.1,Comm3,52,Comm1,0.6386350252301006,21.72695986085401,703
0,0.1,Comm3,53,Comm1,0.6359936285943429,0.3450596468528229,798
0,0.1,Comm3,54,Comm1,0.6315376812839537,0.002787784445620303,11
0,0.1,Comm3,55,Comm1,0.6249186624048331,1.5986962088834292e-07,471
0,0.1,Comm3,56,Comm1,0.6380188802744089,13.593141708088321,154
0,0.1,Comm3,57,Comm1,0.6305435695860723,0.0004242734873142942,616
0,0.1,Comm3,58,Comm1,0.6330973050330565,0.0066911042361716055,139
0,0.1,Comm3,59,Comm1,0.6296961568123258,5.021791748285393e-05,123
0,0.1,Comm3,60,Comm1,0.6372955935019333,6.9774339965879335,653
0,0.1,Comm3,61,Comm1,0.6312498415732893,0.005459765017424781,489
0,0.1,Comm3,62,Comm1,0.6291144213437598,5.154119625156921e-05,602
0,0.1,Comm3,63,Comm1,0.6312818690720496,8.589986295572283e-05,3
0,0.1,Comm3,64,Comm1,0.6269811416047705,2.021345035370635e-06,547
0,0.1,Comm3,65,Comm1,0.635767110206326,1.5379433835215617,30
0,0.1,Comm3,66,Comm1,0.6259023488462212,1.412164577334232e-06,116
0,0.1,Comm3,67,Comm1,0.6362842537252649,1.2307352979457231,305
0,0.1,Comm3,68,Comm1,0.6359489409004344,0.6448432842459634,415
0,0.1,Comm3,69,Comm1,0.624730658953717,1.0794113981874282e-07,806
0,0.1,Comm3,70,Comm1,0.6281618573147342,8.112503012889442e-05,590
0,0.1,Comm3,71,Comm1,0.6395893965111277,58.067949874262624,233
0,0.1,Comm3,72,Comm1,0.6361596756259245,0.8653161172683235,374
0,0.1,Comm3,73,Comm1,0.6353116754478751,0.5071252473358103,280
0,0.1,Comm3,74,Comm1,0.6377890727784221,18.68798876875847,63
0,0.1,Comm3,75,Comm1,0.6297612636587595,0.0008395247278080243,25
0,0.1,Comm3,76,Comm1,0.6341672859840514,0.20331953327370283,729
0,0.1,Comm3,77,Comm1,0.6354636984546852,0.2239378509899835,328
0,0.1,Comm3,78,Comm1,0.639251098324605,21.810265922093162,740
0,0.1,Comm3,79,Comm1,0.6300418491429438,0.0004480475697495089,514
0,0.1,Comm3,80,Comm1,0.6276707080239557,5.840404349798412e-08,310
0,0.1,Comm3,81,Comm1,0.6374190477138398,0.6615488396656639,55
0,0.1,Comm3,82,Comm1,0.6269114671079067,1.715341455500447e-06,783
0,0.1,Comm3,83,Comm1,0.6270265821579369,1.3788333484887772e-07,900
0,0.1,Comm3,84,Comm1,0.6260096013268026,1.5603740380785868e-06,813
0,0.1,Comm3,85,Comm1,0.6345057323393454,0.0799864699377182,615
0,0.1,Comm3,86,Comm1,0.6328576893522689,0.010994840545493698,578
0,0.1,Comm3,87,Comm1,0.636950929360959,1.1294182013601637,696
0,0.1,Comm3,88,Comm1,0.6247657168432732,1.1060843453120146e-08,574
0,0.1,Comm3,89,Comm1,0.6282256976510763,7.051746735014155e-05,887
0,0.1,Comm3,90,Comm1,0.6300336954850279,0.000119949226613914,961
0,0.1,Comm3,91,Comm1,0.6390227434069315,13.052252668086906,588
0,0.1,Comm3,92,Comm1,0.6314773026004581,0.002989939063088933,872
0,0.1,Comm3,93,Comm1,0.6301765447045455,6.486853267083351e-05,185
0,0.1,Comm3,94,Comm1,0.6314211600847448,0.005134737140927132,354
0,0.1,Comm3,95,Comm1,0.6284133178142153,6.810902600862402e-07,366
0,0.1,Comm3,96,Comm1,0.6360891905279745,5.02880090706898,59
0,0.1,Comm3,97,Comm1,0.6396929088270507,27.93667345840099,126
0,0.1,Comm3,98,Comm1,0.6383055015218843,27.16985439576978,453
0,0.1,Comm3,99,Comm1,0.6294987265685557,5.686526585041008e-05,62
0,0.1,Comm3,100,Comm1,0.6374978664181125,22.796797497897927,785
0,0.1,Comm3,101,Comm2,0.6245888432758339,3.2113980595218316e-08,865
0,0.1,Comm3,102,Comm2,0.6384969518278649,5.768380521331033,87
0,0.1,Comm3,103,Comm2,0.6302990698712786,1.4305310821503236e-05,685
0,0.1,Comm3,104,Comm2,0.6370317136396292,0.28927908967143157,871
0,0.1,Comm3,105,Comm2,0.6375460979542505,5.506624546674976,714
0,0.1,Comm3,106,Comm2,0.6358492389704745,0.1359800678855902,336
0,0.1,Comm3,107,Comm2,0.6382781167176067,9.86800683326461,789
0,0.1,Comm3,108,Comm2,0.6287086392961663,8.71373717321331e-06,943
0,0.1,Comm3,109,Comm2,0.6283959315228856,2.0713089195175704e-06,120
0,0.1,Comm3,110,Comm2,0.6261233695126006,7.93128357583616e-09,473
0,0.1,Comm3,111,Comm2,0.6388793249576856,10.934550530153002,673
0,0.1,Comm3,112,Comm2,0.6261783103052282,7.653658722569445e-08,240
0,0.1,Comm3,113,Comm2,0.6328260931376319,0.0007435671217469664,892
0,0.1,Comm3,114,Comm2,0.627549254472796,1.0546887949899707e-06,778
0,0.1,Comm3,115,Comm2,0.6359689441880625,0.1713432632214179,413
0,0.1,Comm3,116,Comm2,0.6281717827296271,7.52603592138904e-08,74
0,0.1,Comm3,117,Comm2,0.6341614106236602,0.005812336441925124,732
0,0.1,Comm3,118,Comm2,0.6326894172536678,0.0023754298831680106,363
0,0.1,Comm3,119,Comm2,0.628572139207214,4.671855299925674e-06,148
0,0.1,Comm3,120,Comm2,0.6330722526995011,0.0013384403146932465,716
0,0.1,Comm3,121,Comm2,0.6260881835112538,1.1512487296396895e-08,404
0,0.1,Comm3,122,Comm2,0.637938230952539,14.9383030469864,357
0,0.1,Comm3,123,Comm2,0.6362927739764608,0.07987659953928154,274
0,0.1,Comm3,124,Comm2,0.6272577364077229,1.4228490833970306e-06,376
0,0.1,Comm3,125,Comm2,0.6344089553272234,0.00499015213330191,718
0,0.1,Comm3,126,Comm2,0.637896275211342,0.8542019780071778,321
0,0.1,Comm3,127,Comm2,0.6393729953239308,12.778065354049032,75
0,0.1,Comm3,128,Comm2,0.639130592186572,2.0241804104803003,171
0,0.1,Comm3,129,Comm2,0.6301178320467861,2.3674694702342954e-05,35
0,0.1,Comm3,130,Comm2,0.6336030057598507,0.003201059940495783,665
0,0.1,Comm3,131,Comm2,0.6275494919848025,1.9503645317620776e-07,18
0,0.1,Comm3,132,Comm2,0.6288083315949202,1.037536003886475e-05,112
0,0.1,Comm3,133,Comm2,0.6283592481386955,1.0666629581253128e-06,880
0,0.1,Comm3,134,Comm2,0.6273299268859056,3.22092623509395e-07,769
0,0.1,Comm3,135,Comm2,0.6390899638536742,2.201962602669733,911
0,0.1,Comm3,136,Comm2,0.6291889736376917,3.3010387715356406e-05,770
0,0.1,Comm3,137,Comm2,0.635026560365707,0.09911278997141416,945
0,0.1,Comm3,138,Comm2,0.6345894567706104,0.02594678341402181,272
0,0.1,Comm3,139,Comm2,0.6257750407489644,4.306295005019668e-07,850
0,0.1,Comm3,140,Comm2,0.6286315455564425,1.780597378473854e-06,515
0,0.1,Comm3,141,Comm2,0.6243122293844958,1.0999371231763221e-10,912
0,0.1,Comm3,142,Comm2,0.6340112610668653,0.0027693183384922947,462
0,0.1,Comm3,143,Comm2,0.6334671534665643,0.004242658114972321,802
0,0.1,Comm3,144,Comm2,0.6329986046197967,0.00670908488920025,6
0,0.1,Comm3,145,Comm2,0.6348797255868407,0.014208617993963436,216
0,0.1,Comm3,146,Comm2,0.6390715334348182,20.18330992298895,198
0,0.1,Comm3,147,Comm2,0.6397036512886303,4.823785706117866,173
0,0.1,Comm3,148,Comm2,0.6278514807725336,6.713108508561989e-07,728
0,0.1,Comm3,149,Comm2,0.6366167232674813,0.16466625162182,902
0,0.1,Comm3,150,Comm2,0.6297730096123938,3.5308605721189516e-05,669
0,0.1,Comm3,151,Comm2,0.630457070954406,0.00013167989282117745,792
0,0.1,Comm3,152,Comm2,0.6346484201360624,0.10892193176115168,907
0,0.1,Comm3,153,Comm2,0.6256689393406368,-1.5415393345093027e-10,723
0,0.1,Comm3,154,Comm2,0.6329388564771132,0.0003157122433542163,890
0,0.1,Comm3,155,Comm2,0.624290729762908,5.4109045345849795e-09,286
0,0.1,Comm3,156,Comm2,0.6306157930430386,1.7624862512166258e-05,96
0,0.1,Comm3,157,Comm2,0.6384371781208364,1.9135065258498256,995
0,0.1,Comm3,158,Comm2,0.6383259537801206,3.6266064147129495,510
0,0.1,Comm3,159,Comm2,0.6288280243549075,1.3189098032765474e-05,627
0,0.1,Comm3,160,Comm2,0.6397882102758577,1.6669145942371637,283
0,0.1,Comm3,161,Comm2,0.6282035427245732,1.8721505728459143e-05,851
0,0.1,Comm3,162,Comm2,0.6256166225243677,7.702301456546981e-08,870
0,0.1,Comm3,163,Comm2,0.6283201510012151,2.716643273137888e-06,168
0,0.1,Comm3,164,Comm2,0.6349359880727421,0.04975083082854767,965
0,0.1,Comm3,165,Comm2,0.6333102526120321,0.00573928587449997,840
0,0.1,Comm3,166,Comm2,0.6309144639763601,2.6899422192093024e-05,893
0,0.1,Comm3,167,Comm2,0.6373648934960335,0.29405638189418315,180
0,0.1,Comm3,168,Comm2,0.6259759160749345,3.837432457945276e-08,271
0,0.1,Comm3,169,Comm2,0.6339721397286244,0.02481893558138841,767
0,0.1,Comm3,170,Comm2,0.633113560967871,0.004540670640165161,352
0,0.1,Comm3,171,Comm2,0.638121915293271,7.785865799103636,738
0,0.1,Comm3,172,Comm2,0.6336284630045425,0.0010352447949526576,190
0,0.1,Comm3,173,Comm2,0.6250816969766322,1.0572415340925314e-08,825
0,0.1,Comm3,174,Comm2,0.6328618317974526,0.0014166664040288462,509
0,0.1,Comm3,175,Comm2,0.63619613078375,0.16929409915461688,469
0,0.1,Comm3,176,Comm2,0.6369624334095558,0.9291253477112158,293
0,0.1,Comm3,177,Comm2,0.6282103494131074,9.885977644881142e-06,994
0,0.1,Comm3,178,Comm2,0.6309343767326949,0.00016071037144159273,84
0,0.1,Comm3,179,Comm2,0.6346638805473396,0.013982699716292285,504
0,0.1,Comm3,180,Comm2,0.624614877527336,2.466768548611061e-08,273
0,0.1,Comm3,181,Comm2,0.6309050568181014,3.921161167795935e-05,33
0,0.1,Comm3,182,Comm2,0.625655254466383,2.0888906062840758e-08,140
0,0.1,Comm3,183,Comm2,0.6339350896627612,0.002317288668089586,461
0,0.1,Comm3,184,Comm2,0.6244189008504643,1.361561893220424e-08,951
0,0.1,Comm3,185,Comm2,0.6390408912280069,7.65298806730684,587
0,0.1,Comm3,186,Comm2,0.6290921608788905,2.9036555654816266e-06,735
0,0.1,Comm3,187,Comm2,0.6343690201520689,0.00400232552053672,807
0,0.1,Comm3,188,Comm2,0.6343697120609113,0.01930093910911822,620
0,0.1,Comm3,189,Comm2,0.6386059312047754,4.735404418806916,15
0,0.1,Comm3,190,Comm2,0.6251646110820304,3.1606504697961204e-08,721
0,0.1,Comm3,191,Comm2,0.6269911381880408,2.9197522114525564e-07,623
0,0.1,Comm3,192,Comm2,0.6259332265970015,5.142816240157171e-08,969
0,0.1,Comm3,193,Comm2,0.6363269208849288,0.8174754507845186,992
0,0.1,Comm3,194,Comm2,0.6252462166117249,9.13264238672205e-08,527
0,0.1,Comm3,195,Comm2,0.635825528009903,0.04378908973541973,733
0,0.1,Comm3,196,Comm2,0.6392209552643916,9.576831530476735,507
0,0.1,Comm3,197,Comm2,0.6307814826493148,3.058264279984632e-05,105
0,0.1,Comm3,198,Comm2,0.6321971788233886,0.00019298127949770403,820
0,0.1,Comm3,199,Comm2,0.62594604007392,7.28337835603803e-08,725
0,0.1,Comm3,200,Comm2,0.6325390276342989,0.00304975917640939,58
1,0.01,Comm1,1,Comm1,0.6378387334712521,14.06533730904976,214
1,0.01,Comm1,2,Comm1,0.6241384558602912,0.0004877662484655758,869
1,0.01,Comm1,3,Comm1,0.6252766957711096,0.010344301023789335,498
1,0.01,Comm1,4,Comm1,0.6331420987413794,0.6174883167605764,409
1,0.01,Comm1,5,Comm1,0.6289563541093962,0.13562788078200105,483
1,0.01,Comm1,6,Comm1,0.625920027382985,0.012105362885684751,280
1,0.01,Comm1,7,Comm1,0.6397066777133922,53.46856709651868,422
1,0.01,Comm1,8,Comm1,0.6324705939280177,0.6534088592093564,854
1,0.01,Comm1,9,Comm1,0.629220825217622,0.38571886098746017,574
1,0.01,Comm1,10,Comm1,0.6276451515273082,0.03719140202605556,193
1,0.01,Comm1,11,Comm1,0.6314615464804605,0.5551565420325634,468
1,0.01,Comm1,12,Comm1,0.6279379809846201,0.028799948550077666,116
1,0.01,Comm1,13,Comm1,0.6262509151024384,0.005559501237971314,571
1,0.01,Comm1,14,Comm1,0.6397991043174542,18.301424216159536,149
1,0.01,Comm1,15,Comm1,0.6292004543230544,0.15192414012120653,709
1,0.01,Comm1,16,Comm1,0.628703171130625,0.15204505003379015,612
1,0.01,Comm1,17,Comm1,0.6263341528986155,0.0070104958186740784,343
1,0.01,Comm1,18,Comm1,0.6321935849731263,0.6637879986721545,885
1,0.01,Comm1,19,Comm1,0.6241821415294008,0.012722025563551074,171
1,0.01,Comm1,20,Comm1,0.6349637490028156,2.7427222752327762,712
1,0.01,Comm1,21,Comm1,0.6382798579810373,18.692643849837882,873
1,0.01,Comm1,22,Comm1,0.6380039791988931,22.8251047211817,853
1,0.01,Comm1,23,Comm1,0.634863578973323,6.455357894790433,958
1,0.01,Comm1,24,Comm1,0.6353584503730014,3.753067272681845,486
1,0.01,Comm1,25,Comm1,0.6289171565198823,0.13857531766550998,377
1,0.01,Comm1,26,Comm1,0.6254624719505105,0.00649960768091594,46
1,0.01,Comm1,27,Comm1,0.6359621327759267,1.476067463162285,284
1,0.01,Comm1,28,Comm1,0.6311001562561535,0.19496918822974352,140
1,0.01,Comm1,29,Comm1,0.6272545811518834,0.04183170870372612,356
1,0.01,Comm1,30,Comm1,0.6285448688086017,1.1636027984552018,766
1,0.01,Comm1,31,Comm1,0.6253502984037396,0.0006805046213162252,202
1,0.01,Comm1,32,Comm1,0.6396427131521311,48.723874502903094,335
1,0.01,Comm1,33,Comm1,0.6281587593094546,0.018988406425967413,661
1,0.01,Comm1,34,Comm1,0.6347736815716465,5.984097781502098,100
1,0.01,Comm1,35,Comm1,0.6276192114040932,0.019864565211337126,584
1,0.01,Comm1,36,Comm1,0.636613950143999,21.687621033229277,52
1,0.01,Comm1,37,Comm1,0.6311548483410279,0.5875766784212213,126
1,0.01,Comm1,38,Comm1,0.6377119067478703,31.992489934072285,361
1,0.01,Comm1,39,Comm1,0.6352753792896025,6.602099382921842,796
1,0.01,Comm1,40,Comm1,0.6286887000760197,0.06692837795550209,682
1,0.01,Comm1,41,Comm1,0.6320010820624127,0.428952025208546,938
1,0.01,Comm1,42,Comm1,0.6374336771276856,43.54585316342995,372
1,0.01,Comm1,43,Comm1,0.6339747149640674,2.371986640376375,252
1,0.01,Comm1,44,Comm1,0.6253375063511375,0.001853782854936579,491
1,0.01,Comm1,45,Comm1,0.6325782754575955,1.2999085651419022,553
1,0.01,Comm1,46,Comm1,0.6302987286135469,0.15752175418728115,168
1,0.01,Comm1,47,Comm1,0.632688394761029,0.9506600498241827,387
1,0.01,Comm1,48,Comm1,0.6318867212274538,1.0861690520301583,769
1,0.01,Comm1,49,Comm1,0.6338239358236385,0.7209025631548104,984
1,0.01,Comm1,50,Comm1,0.6396901286740753,28.452646895908515,50
1,0.01,Comm1,51,Comm1,0.6308553265163948,2.914649182106546,985
1,0.01,Comm1,52,Comm1,0.6335617196822763,4.323771604163774,435
1,0.01,Comm1,53,Comm1,0.6315434641571591,0.48386973967636143,919
1,0.01,Comm1,54,Comm1,0.631295838098977,0.13606354189618672,328
1,0.01,Comm1,55,Comm1,0.6377197065957466,23.047937361754293,596
1,0.01,Comm1,56,Comm1,0.6395634044237206,22.37889435729862,478
1,0.01,Comm1,57,Comm1,0.6354591706408499,2.0728030168130798,991
1,0.01,Comm1,58,Comm1,0.6265923526072363,0.008882242468912227,738
1,0.01,Comm1,59,Comm1,0.6370198366179572,9.754466453559498,6
1,0.01,Comm1,60,Comm1,0.6360416634143619,10.283007915946497,493
1,0.01,Comm1,61,Comm1,0.636808071261783,13.26747688523548,871
1,0.01,Comm1,62,Comm1,0.6241782225774962,0.002834294350528962,40
1,0.01,Comm1,63,Comm1,0.6301256813820686,0.7839509056775513,99
1,0.01,Comm1,64,Comm1,0.6333751041948871,1.0010803490506153,61
1,0.01,Comm1,65,Comm1,0.6246737675175922,0.034780886868356425,32
1,0.01,Comm1,66,Comm1,0.6266423352378911,0.006967162943275659,609
1,0.01,Comm1,67,Comm1,0.629678629755833,0.3116432217559623,857
1,0.01,Comm1,68,Comm1,0.6347155690155987,0.6470998858715284,792
1,0.01,Comm1,69,Comm1,0.6336371706082317,6.359495657256923,74
1,0.01,Comm1,70,Comm1,0.6262206137861313,0.006161333723618328,746
1,0.01,Comm1,71,Comm1,0.6349222014508453,2.4974934641569635,170
1,0.01,Comm1,72,Comm1,0.6255749986452908,0.0023229976931084364,523
1,0.01,Comm1,73,Comm1,0.6315892888903842,0.4136182567097793,886
1,0.01,Comm1,74,Comm1,0.6288060290816065,0.5909168219604837,962
1,0.01,Comm1,75,Comm1,0.6340775331591402,0.972669764900879,642
1,0.01,Comm1,76,Comm1,0.6319438478424255,0.413400366485334,934
1,0.01,Comm1,77,Comm1,0.6296135328462004,0.16205389416463112,573
1,0.01,Comm1,78,Comm1,0.6395554664184211,38.61402257439833,426
1,0.01,Comm1,79,Comm1,0.6371125038560782,6.476089732108735,911
1,0.01,Comm1,80,Comm1,0.6398730739808877,50.84114028998413,739
1,0.01,Comm1,81,Comm1,0.6313819634787785,0.17627713617547888,442
1,0.01,Comm1,82,Comm1,0.6327706200092662,0.11352594916412109,915
1,0.01,Comm1,83,Comm1,0.6355506392221923,7.7524976234384,676
1,0.01,Comm1,84,Comm1,0.6267774880379305,0.01737867378855712,342
1,0.01,Comm1,85,Comm1,0.6312584509436739,0.16872871702272116,231
1,0.01,Comm1,86,Comm1,0.6367583659964854,5.312647196272866,617
1,0.01,Comm1,87,Comm1,0.6271898772371103,0.0585080082243307,134
1,0.01,Comm1,88,Comm1,0.625451308727292,0.01761076725930379,456
1,0.01,Comm1,89,Comm1,0.6289222380540257,0.23671828870709774,822
1,0.01,Comm1,90,Comm1,0.6331737734677098,2.0636431659575645,845
1,0.01,Comm1,91,Comm1,0.6335574903652013,1.8387341384009135,957
1,0.01,Comm1,92,Comm1,0.6310445282871336,0.1304463685744553,148
1,0.01,Comm1,93,Comm1,0.6249842897302922,0.0035953942290300285,812
1,0.01,Comm1,94,Comm1,0.6269982305914747,0.009490006090550014,461
1,0.01,Comm1,95,Comm1,0.629011068373488,0.27806390734167996,565
1,0.01,Comm1,96,Comm1,0.6298831469211182,0.06086227538447763,354
1,0.01,Comm1,97,Comm1,0.6258240324613542,0.022425418951294566,926
1,0.01,Comm1,98,Comm1,0.6275544243702532,0.010006351126618414,772
1,0.01,Comm1,99,Comm1,0.6350127533164962,1.782362009510039,996
1,0.01,Comm1,100,Comm1,0.6389150890505448,36.47881140859112,727
1,0.01,Comm2,1,Comm2,0.6302587012128993,0.03705395217511603,807
1,0.01,Comm2,2,Comm2,0.6310637351852397,0.15220563707621784,482
1,0.01,Comm2,3,Comm2,0.6296356698690005,0.4198276493399539,774
1,0.01,Comm2,4,Comm2,0.6275240912722785,0.003661936804515168,814
1,0.01,Comm2,5,Comm2,0.628622040659747,0.022160250844371454,454
1,0.01,Comm2,6,Comm2,0.6317329794732554,1.1119900336013389,681
1,0.01,Comm2,7,Comm2,0.6270817393806477,0.009079769047200155,73
1,0.01,Comm2,8,Comm2,0.6280746491054963,0.10762245363937467,175
1,0.01,Comm2,9,Comm2,0.6269998831332051,0.0071321422305376785,990
1,0.01,Comm2,10,Comm2,0.6330625227636295,1.067444431913608,472
1,0.01,Comm2,11,Comm2,0.6264329697209045,0.0023232161092100415,732
1,0.01,Comm2,12,Comm2,0.6317142392292431,0.2279825880570144,730
1,0.01,Comm2,13,Comm2,0.6341350936983803,0.8296182157952142,471
1,0.01,Comm2,14,Comm2,0.6327615227720567,0.803725378921699,430
1,0.01,Comm2,15,Comm2,0.6244191667531641,0.0018169139367074352,274
1,0.01,Comm2,16,Comm2,0.6310935489888776,0.2621018046547984,201
1,0.01,Comm2,17,Comm2,0.6327543440007757,0.5808546456848416,484
1,0.01,Comm2,18,Comm2,0.6376909535963353,36.82854885513328,764
1,0.01,Comm2,19,Comm2,0.6282911934537232,0.024267738845513708,455
1,0.01,Comm2,20,Comm2,0.6318217363472459,0.9907890340172598,398
1,0.01,Comm2,21,Comm2,0.6256573343606907,0.001782230852906091,692
1,0.01,Comm2,22,Comm2,0.6357712402763694,2.9583814253149003,463
1,0.01,Comm2,23,Comm2,0.6267136068794024,0.004885003665193347,572
1,0.01,Comm2,24,Comm2,0.6344772471815167,1.1007785654417526,306
1,0.01,Comm2,25,Comm2,0.6363389812646341,6.231786023137288,513
1,0.01,Comm2,26,Comm2,0.6333027515877743,1.6105681746965415,756
1,0.01,Comm2,27,Comm2,0.6256644805278938,0.010850899089919687,753
1,0.01,Comm2,28,Comm2,0.6305050808085659,0.15971360605934376,394
1,0.01,Comm2,29,Comm2,0.6348807545907571,4.392911698759117,547
1,0.01,Comm2,30,Comm2,0.637651322025324,8.868302509784058,462
1,0.01,Comm2,31,Comm2,0.6376010962413242,21.24235175045505,662
1,0.01,Comm2,32,Comm2,0.6395739538449342,36.548466899208606,598
1,0.01,Comm2,33,Comm2,0.63375987657374,3.148087106660302,204
1,0.01,Comm2,34,Comm2,0.6300106127615571,0.02502379775183444,737
1,0.01,Comm2,35,Comm2,0.6327986120479877,0.5269445471744647,431
1,0.01,Comm2,36,Comm2,0.6262736463273936,0.009099044569720927,679
1,0.01,Comm2,37,Comm2,0.6293792856764833,0.15090769191919606,66
1,0.01,Comm2,38,Comm2,0.6270401806294015,0.007147890106136801,562
1,0.01,Comm2,39,Comm2,0.632801405864321,0.9101321507212682,92
1,0.01,Comm2,40,Comm2,0.6271946840675775,0.008141951659810296,844
1,0.01,Comm2,41,Comm2,0.6292404824855403,0.07834961766831622,564
1,0.01,Comm2,42,Comm2,0.6279996517807573,0.010361011783738903,260
1,0.01,Comm2,43,Comm2,0.6380132269580818,52.01897504440134,128
1,0.01,Comm2,44,Comm2,0.631097489349265,0.7334091569135035,904
1,0.01,Comm2,45,Comm2,0.6282923423881674,0.03317414526993425,351
1,0.01,Comm2,46,Comm2,0.6279186849845172,0.015219194524430314,262
1,0.01,Comm2,47,Comm2,0.6286829343570929,0.04660302255773871,829
1,0.01,Comm2,48,Comm2,0.6361543100024137,10.40205740110197,509
1,0.01,Comm2,49,Comm2,0.6304459631528536,0.27534871049796056,629
1,0.01,Comm2,50,Comm2,0.6289840429128173,0.03845416200568905,820
1,0.01,Comm2,51,Comm2,0.628531666973658,0.020158529562602914,818
1,0.01,Comm2,52,Comm2,0.6372251172674059,42.23310098746509,459
1,0.01,Comm2,53,Comm2,0.6262024599545912,0.004306480257596488,376
1,0.01,Comm2,54,Comm2,0.6291386314729619,0.05142647495917296,51
1,0.01,Comm2,55,Comm2,0.6381865292357184,35.104839490402746,425
1,0.01,Comm2,56,Comm2,0.6311557184552017,0.1898148495207862,897
1,0.01,Comm2,57,Comm2,0.6255070480638674,0.024937196173729602,452
1,0.01,Comm2,58,Comm2,0.6299507808270824,0.1499175728320056,257
1,0.01,Comm2,59,Comm2,0.6347845246830562,1.410257711910845,998
1,0.01,Comm2,60,Comm2,0.6300400655632012,0.68059923391333,451
1,0.01,Comm2,61,Comm2,0.6313787029705338,1.1256327669106325,125
1,0.01,Comm2,62,Comm2,0.6380585047081482,30.552931452187313,143
1,0.01,Comm2,63,Comm2,0.629231343132534,0.09401250488161038,937
1,0.01,Comm2,64,Comm2,0.6330351046779278,0.3250074453884876,610
1,0.01,Comm2,65,Comm2,0.6396556031156129,41.61855711020237,216
1,0.01,Comm2,66,Comm2,0.6345539313477527,9.432024307175231,883
1,0.01,Comm2,67,Comm2,0.6292571332626996,0.05811209286013915,979
1,0.01,Comm2,68,Comm2,0.6310235164919087,0.2621693651528725,132
1,0.01,Comm2,69,Comm2,0.6387565668746817,18.100747928820113,741
1,0.01,Comm2,70,Comm2,0.6264846462783669,0.00869450942431169,338
1,0.01,Comm2,71,Comm2,0.6391461992781267,45.94552432542573,55
1,0.01,Comm2,72,Comm2,0.6289299661767922,0.0367833399021655,34
1,0.01,Comm2,73,Comm2,0.6380028393102131,20.85642051779674,554
1,0.01,Comm2,74,Comm2,0.6322184782250073,0.6797594601705667,167
1,0.01,Comm2,75,Comm2,0.6277204020981919,0.010332729087884183,533
1,0.01,Comm2,76,Comm2,0.6333276479247587,4.1928420173051055,0
1,0.01,Comm2,77,Comm2,0.6383685238491874,61.576849092887485,323
1,0.01,Comm2,78,Comm2,0.6308141183121279,0.7456256686162379,56
1,0.01,Comm2,79,Comm2,0.6356140835973303,6.363455205704387,576
1,0.01,Comm2,80,Comm2,0.6245601772142254,0.0007047065661270353,761
1,0.01,Comm2,81,Comm2,0.6280293495299226,0.04569438465025946,41
1,0.01,Comm2,82,Comm2,0.6362927630322275,16.033409997680625,603
1,0.01,Comm2,83,Comm2,0.6310734080920997,0.15367001108953007,959
1,0.01,Comm2,84,Comm2,0.6274486812993293,0.02129540360545448,716
1,0.01,Comm2,85,Comm2,0.6359737737223062,1.0587591062299901,733
1,0.01,Comm2,86,Comm2,0.6244864680268851,0.002055471854986004,131
1,0.01,Comm2,87,Comm2,0.6307542845554475,0.5267553383848779,242
1,0.01,Comm2,88,Comm2,0.6280428670346893,0.05092450688439413,582
1,0.01,Comm2,89,Comm2,0.6378505822615088,23.688643970400175,751
1,0.01,Comm2,90,Comm2,0.6362613417721722,8.991408889989602,322
1,0.01,Comm2,91,Comm2,0.6245625592456258,0.0012498488395948548,87
1,0.01,Comm2,92,Comm2,0.624649050863012,0.0024880675503201307,400
1,0.01,Comm2,93,Comm2,0.6318637401502362,0.8243242952289508,389
1,0.01,Comm2,94,Comm2,0.6295003306925262,0.01917166207121578,718
1,0.01,Comm2,95,Comm2,0.6332056141450987,3.24737003594508,824
1,0.01,Comm2,96,Comm2,0.6308983770066166,0.09719077616464365,169
1,0.01,Comm2,97,Comm2,0.6266356543601606,0.01630336062421673,636
1,0.01,Comm2,98,Comm2,0.6264507391761595,0.013199343701953805,159
1,0.01,Comm2,99,Comm2,0.635357688590327,5.303078046748574,701
1,0.01,Comm2,100,Comm2,0.6306106665495025,0.5578454346468626,259
1,0.01,Comm3,1,Comm1,0.6378387334712521,16.28913050015706,214
1,0.01,Comm3,2,Comm1,0.6241384558602912,1.0084287521585229e-08,869
1,0.01,Comm3,3,Comm1,0.6252766957711096,1.7516929579859922e-05,498
1,0.01,Comm3,4,Comm1,0.6331420987413794,0.0222067105457799,409
1,0.01,Comm3,5,Comm1,0.6289563541093962,0.0009872230704111122,483
1,0.01,Comm3,6,Comm1,0.625920027382985,9.676173024557677e-06,280
1,0.01,Comm3,7,Comm1,0.6397066777133922,50.4456391776158,422
1,0.01,Comm3,8,Comm1,0.6324705939280177,0.07233322546964707,854
1,0.01,Comm3,9,Comm1,0.629220825217622,0.004214867039334141,574
1,0.01,Comm3,10,Comm1,0.6276451515273082,8.079814228876316e-05,193
1,0.01,Comm3,11,Comm1,0.6314615464804605,0.011333306677545545,468
1,0.01,Comm3,12,Comm1,0.6279379809846201,6.431713818630005e-05,116
1,0.01,Comm3,13,Comm1,0.6262509151024384,1.807317947543699e-06,571
1,0.01,Comm3,14,Comm1,0.6397991043174542,14.981686358382069,149
1,0.01,Comm3,15,Comm1,0.6292004543230544,0.0007350909228987755,709
1,0.01,Comm3,16,Comm1,0.628703171130625,0.0006725015149710788,612
1,0.01,Comm3,17,Comm1,0.6263341528986155,2.9421151717034234e-06,343
1,0.01,Comm3,18,Comm1,0.6321935849731263,0.02610243819485044,885
1,0.01,Comm3,19,Comm1,0.6241821415294008,6.266125073812806e-05,171
1,0.01,Comm3,20,Comm1,0.6349637490028156,0.2912019700317565,712
1,0.01,Comm3,21,Comm1,0.6382798579810373,13.882396885745722,873
1,0.01,Comm3,22,Comm1,0.6380039791988931,41.09032183579384,853
1,0.01,Comm3,23,Comm1,0.634863578973323,2.332880588516872,958
1,0.01,Comm3,24,Comm1,0.6353584503730014,1.0968461883324339,486
1,0.01,Comm3,25,Comm1,0.6289171565198823,0.0004986921237571517,377
1,0.01,Comm3,26,Comm1,0.6254624719505105,1.8986658122579247e-06,46
1,0.01,Comm3,27,Comm1,0.6359621327759267,0.06520252971769323,284
1,0.01,Comm3,28,Comm1,0.6311001562561535,0.0011211219856263697,140
1,0.01,Comm3,29,Comm1,0.6272545811518834,6.730916811417299e-05,356
1,0.01,Comm3,30,Comm1,0.6285448688086017,0.126957017535671,766
1,0.01,Comm3,31,Comm1,0.6253502984037396,1.6259513898174853e-08,202
1,0.01,Comm3,32,Comm1,0.6396427131521311,49.6655489923891,335
1,0.01,Comm3,33,Comm1,0.6281587593094546,1.9693017952221675e-05,661
1,0.01,Comm3,34,Comm1,0.6347736815716465,10.327110779218964,100
1,0.01,Comm3,35,Comm1,0.6276192114040932,6.202595622256045e-06,584
1,0.01,Comm3,36,Comm1,0.636613950143999,28.79799742704857,52
1,0.01,Comm3,37,Comm1,0.6311548483410279,0.013845450788512126,126
1,0.01,Comm3,38,Comm1,0.6377119067478703,38.13646728644358,361
1,0.01,Comm3,39,Comm1,0.6352753792896025,4.397171339058635,796
1,0.01,Comm3,40,Comm1,0.6286887000760197,0.0001797572237406039,682
1,0.01,Comm3,41,Comm1,0.6320010820624127,0.009149406820599991,938
1,0.01,Comm3,42,Comm1,0.6374336771276856,59.026252714945024,372
1,0.01,Comm3,43,Comm1,0.6339747149640674,0.2773568821702589,252
1,0.01,Comm3,44,Comm1,0.6253375063511375,3.4416055819026726e-07,491
1,0.01,Comm3,45,Comm1,0.6325782754575955,0.10215997968333523,553
1,0.01,Comm3,46,Comm1,0.6302987286135469,0.0011912696378411408,168
1,0.01,Comm3,47,Comm1,0.632688394761029,0.028000879743746196,387
1,0.01,Comm3,48,Comm1,0.6318867212274538,0.043832711374018396,769
1,0.01,Comm3,49,Comm1,0.6338239358236385,0.01511338942390358,984
1,0.01,Comm3,50,Comm1,0.6396901286740753,27.60842432079572,50
1,0.01,Comm3,51,Comm1,0.6308553265163948,0.6126647688285606,985
1,0.01,Comm3,52,Comm1,0.6335617196822763,0.7491395167055199,435
1,0.01,Comm3,53,Comm1,0.6315434641571591,0.036079504879381,919
1,0.01,Comm3,54,Comm1,0.631295838098977,0.003146286062667598,328
1,0.01,Comm3,55,Comm1,0.6377197065957466,15.882108952400921,596
1,0.01,Comm3,56,Comm1,0.6395634044237206,24.46307334620667,478
1,0.01,Comm3,57,Comm1,0.6354591706408499,0.4000320922183271,991
1,0.01,Comm3,58,Comm1,0.6265923526072363,2.4929616563337356e-06,738
1,0.01,Comm3,59,Comm1,0.6370198366179572,7.8327319691510535,6
1,0.01,Comm3,60,Comm1,0.6360416634143619,5.764658148021233,493
1,0.01,Comm3,61,Comm1,0.636808071261783,19.73782300225507,871
1,0.01,Comm3,62,Comm1,0.6241782225774962,7.791411074299771e-07,40
1,0.01,Comm3,63,Comm1,0.6301256813820686,0.08159645714174585,99
1,0.01,Comm3,64,Comm1,0.6333751041948871,0.06272569136690047,61
1,0.01,Comm3,65,Comm1,0.6246737675175922,6.694716532107455e-05,32
1,0.01,Comm3,66,Comm1,0.6266423352378911,2.928605613284481e-06,609
1,0.01,Comm3,67,Comm1,0.629678629755833,0.003630127799733899,857
1,0.01,Comm3,68,Comm1,0.6347155690155987,0.061273688684300234,792
1,0.01,Comm3,69,Comm1,0.6336371706082317,1.212610458552852,74
1,0.01,Comm3,70,Comm1,0.6262206137861313,1.8826522611183957e-06,746
1,0.01,Comm3,71,Comm1,0.6349222014508453,0.32983261157988863,170
1,0.01,Comm3,72,Comm1,0.6255749986452908,1.51469665714653e-07,523
1,0.01,Comm3,73,Comm1,0.6315892888903842,0.004312161742020176,886
1,0.01,Comm3,74,Comm1,0.6288060290816065,0.02967737539760212,962
1,0.01,Comm3,75,Comm1,0.6340775331591402,0.12260132109529362,642
1,0.01,Comm3,76,Comm1,0.6319438478424255,0.009557913069212793,934
1,0.01,Comm3,77,Comm1,0.6296135328462004,0.002084786767188317,573
1,0.01,Comm3,78,Comm1,0.6395554664184211,29.563634659189397,426
1,0.01,Comm3,79,Comm1,0.6371125038560782,5.2255170261181325,911
1,0.01,Comm3,80,Comm1,0.6398730739808877,48.22815118430835,739
1,0.01,Comm3,81,Comm1,0.6313819634787785,0.0029320699302874806,442
1,0.01,Comm3,82,Comm1,0.6327706200092662,0.000611012536583728,915
1,0.01,Comm3,83,Comm1,0.6355506392221923,3.4094232330811307,676
1,0.01,Comm3,84,Comm1,0.6267774880379305,5.914009387126382e-06,342
1,0.01,Comm3,85,Comm1,0.6312584509436739,0.002198843985286519,231
1,0.01,Comm3,86,Comm1,0.6367583659964854,3.6246967877602803,617
1,0.01,Comm3,87,Comm1,0.6271898772371103,0.0003493841470176121,134
1,0.01,Comm3,88,Comm1,0.625451308727292,2.1725721651183343e-05,456
1,0.01,Comm3,89,Comm1,0.6289222380540257,0.008072764582112929,822
1,0.01,Comm3,90,Comm1,0.6331737734677098,0.2748465706140288,845
1,0.01,Comm3,91,Comm1,0.6335574903652013,0.13225558879619687,957
1,0.01,Comm3,92,Comm1,0.6310445282871336,0.0005002810796685896,148
1,0.01,Comm3,93,Comm1,0.6249842897302922,1.1157909271732913e-06,812
1,0.01,Comm3,94,Comm1,0.6269982305914747,1.0131245328020507e-05,461
1,0.01,Comm3,95,Comm1,0.629011068373488,0.007789753795934358,565
1,0.01,Comm3,96,Comm1,0.6298831469211182,0.00023089159701042736,354
1,0.01,Comm3,97,Comm1,0.6258240324613542,1.8873025102073683e-05,926
1,0.01,Comm3,98,Comm1,0.6275544243702532,2.8339615766849755e-06,772
1,0.01,Comm3,99,Comm1,0.6350127533164962,0.24825705396889958,996
1,0.01,Comm3,100,Comm1,0.6389150890505448,32.920164375999974,727
1,0.01,Comm3,101,Comm2,0.6302587012128993,3.9688150556339443e-07,807
1,0.01,Comm3,102,Comm2,0.6310637351852397,6.373030671850205e-06,482
1,0.01,Comm3,103,Comm2,0.6296356698690005,1.0219194571717585e-05,774
1,0.01,Comm3,104,Comm2,0.6275240912722785,1.8426145188181035e-07,814
1,0.01,Comm3,105,Comm2,0.628622040659747,1.2561447971593037e-06,454
1,0.01,Comm3,106,Comm2,0.6317329794732554,0.0014819353467450727,681
1,0.01,Comm3,107,Comm2,0.6270817393806477,4.612546227016659e-08,73
1,0.01,Comm3,108,Comm2,0.6280746491054963,2.0797409221831774e-06,175
1,0.01,Comm3,109,Comm2,0.6269998831332051,5.861301727957616e-08,990
1,0.01,Comm3,110,Comm2,0.6330625227636295,0.0006611227976082707,472
1,0.01,Comm3,111,Comm2,0.6264329697209045,1.3646690695421837e-08,732
1,0.01,Comm3,112,Comm2,0.6317142392292431,0.0004991097408652606,730
1,0.01,Comm3,113,Comm2,0.6341350936983803,0.0035944740386770393,471
1,0.01,Comm3,114,Comm2,0.6327615227720567,6.410545284606761e-05,430
1,0.01,Comm3,115,Comm2,0.6244191667531641,6.724146988666484e-10,274
1,0.01,Comm3,116,Comm2,0.6310935489888776,2.5116788392085904e-05,201
1,0.01,Comm3,117,Comm2,0.6327543440007757,0.0038606595731463553,484
1,0.01,Comm3,118,Comm2,0.6376909535963353,0.5277919077117276,764
1,0.01,Comm3,119,Comm2,0.6282911934537232,3.2803791682991934e-06,455
1,0.01,Comm3,120,Comm2,0.6318217363472459,0.00042800547580265,398
1,0.01,Comm3,121,Comm2,0.6256573343606907,2.0741121232684076e-08,692
1,0.01,Comm3,122,Comm2,0.6357712402763694,0.006859311422556413,463
1,0.01,Comm3,123,Comm2,0.6267136068794024,3.4095237220846134e-08,572
1,0.01,Comm3,124,Comm2,0.6344772471815167,0.002507064613867612,306
1,0.01,Comm3,125,Comm2,0.6363389812646341,0.12898897484334335,513
1,0.01,Comm3,126,Comm2,0.6333027515877743,0.002672019795375015,756
1,0.01,Comm3,127,Comm2,0.6256644805278938,2.3014485944132028e-07,753
1,0.01,Comm3,128,Comm2,0.6305050808085659,1.2702947308414625e-06,394
1,0.01,Comm3,129,Comm2,0.6348807545907571,0.0011627544634159946,547
1,0.01,Comm3,130,Comm2,0.637651322025324,0.04783145535285599,462
1,0.01,Comm3,131,Comm2,0.6376010962413242,0.5954428166061047,662
1,0.01,Comm3,132,Comm2,0.6395739538449342,4.528184535038231,598
1,0.01,Comm3,133,Comm2,0.63375987657374,0.002138604285010399,204
1,0.01,Comm3,134,Comm2,0.6300106127615571,8.538619992450832e-07,737
1,0.01,Comm3,135,Comm2,0.6327986120479877,8.715760787190832e-05,431
1,0.01,Comm3,136,Comm2,0.6262736463273936,6.752713264784e-08,679
1,0.01,Comm3,137,Comm2,0.6293792856764833,2.3264972637911448e-05,66
1,0.01,Comm3,138,Comm2,0.6270401806294015,7.240217172061894e-09,562
1,0.01,Comm3,139,Comm2,0.632801405864321,0.00036293088088142945,92
1,0.01,Comm3,140,Comm2,0.6271946840675775,2.743828565010203e-07,844
1,0.01,Comm3,141,Comm2,0.6292404824855403,7.055076764618425e-06,564
1,0.01,Comm3,142,Comm2,0.6279996517807573,1.5394940055756607e-07,260
1,0.01,Comm3,143,Comm2,0.6380132269580818,1.179732672379146,128
1,0.01,Comm3,144,Comm2,0.631097489349265,0.00015779752900139826,904
1,0.01,Comm3,145,Comm2,0.6282923423881674,6.810666491640755e-07,351
1,0.01,Comm3,146,Comm2,0.6279186849845172,6.763502689792735e-07,262
1,0.01,Comm3,147,Comm2,0.6286829343570929,2.3598244586647394e-06,829
1,0.01,Comm3,148,Comm2,0.6361543100024137,0.07548111790104245,509
1,0.01,Comm3,149,Comm2,0.6304459631528536,5.228621628132253e-05,629
1,0.01,Comm3,150,Comm2,0.6289840429128173,3.176024121955386e-06,820
1,0.01,Comm3,151,Comm2,0.628531666973658,2.6392986247308933e-06,818
1,0.01,Comm3,152,Comm2,0.6372251172674059,1.3343001366976828,459
1,0.01,Comm3,153,Comm2,0.6262024599545912,5.010041048270096e-09,376
1,0.01,Comm3,154,Comm2,0.6291386314729619,7.144863912938462e-06,51
1,0.01,Comm3,155,Comm2,0.6381865292357184,3.5369226095975916,425
1,0.01,Comm3,156,Comm2,0.6311557184552017,2.4163840397369556e-05,897
1,0.01,Comm3,157,Comm2,0.6255070480638674,1.2502417288722861e-07,452
1,0.01,Comm3,158,Comm2,0.6299507808270824,5.880743217192819e-06,257
1,0.01,Comm3,159,Comm2,0.6347845246830562,0.016805617925957674,998
1,0.01,Comm3,160,Comm2,0.6300400655632012,0.00013857449289494825,451
1,0.01,Comm3,161,Comm2,0.6313787029705338,0.0004154620359966233,125
1,0.01,Comm3,162,Comm2,0.6380585047081482,2.467577182924727,143
1,0.01,Comm3,163,Comm2,0.629231343132534,1.8791618002888267e-06,937
1,0.01,Comm3,164,Comm2,0.6330351046779278,0.0007779787709601407,610
1,0.01,Comm3,165,Comm2,0.6396556031156129,3.2074989552297524,216
1,0.01,Comm3,166,Comm2,0.6345539313477527,0.11251310291080457,883
1,0.01,Comm3,167,Comm2,0.6292571332626996,7.443479755499358e-07,979
1,0.01,Comm3,168,Comm2,0.6310235164919087,0.00010458647835477947,132
1,0.01,Comm3,169,Comm2,0.6387565668746817,1.7912341943088042,741
1,0.01,Comm3,170,Comm2,0.6264846462783669,5.403935731317312e-07,338
1,0.01,Comm3,171,Comm2,0.6391461992781267,3.298452718122803,55
1,0.01,Comm3,172,Comm2,0.6289299661767922,9.29761236250435e-07,34
1,0.01,Comm3,173,Comm2,0.6380028393102131,0.6612204373219881,554
1,0.01,Comm3,174,Comm2,0.6322184782250073,5.3888711855905165e-05,167
1,0.01,Comm3,175,Comm2,0.6277204020981919,3.60335063116063e-07,533
1,0.01,Comm3,176,Comm2,0.6333276479247587,0.003339165790529838,0
1,0.01,Comm3,177,Comm2,0.6383685238491874,17.49007605467831,323
1,0.01,Comm3,178,Comm2,0.6308141183121279,0.00010121718158549777,56
1,0.01,Comm3,179,Comm2,0.6356140835973303,0.10445805350695826,576
1,0.01,Comm3,180,Comm2,0.6245601772142254,8.504049315877567e-10,761
1,0.01,Comm3,181,Comm2,0.6280293495299226,2.604207796859102e-06,41
1,0.01,Comm3,182,Comm2,0.6362927630322275,0.06132357833095165,603
1,0.01,Comm3,183,Comm2,0.6310734080920997,3.0631626838217073e-05,959
1,0.01,Comm3,184,Comm2,0.6274486812993293,3.2525926384766665e-07,716
1,0.01,Comm3,185,Comm2,0.6359737737223062,0.004683824065080277,733
1,0.01,Comm3,186,Comm2,0.6244864680268851,1.1566703977053216e-10,131
1,0.01,Comm3,187,Comm2,0.6307542845554475,0.00015533691781633287,242
1,0.01,Comm3,188,Comm2,0.6280428670346893,2.7416934136357594e-07,582
1,0.01,Comm3,189,Comm2,0.6378505822615088,0.8323218603290776,751
1,0.01,Comm3,190,Comm2,0.6362613417721722,0.21207329038172265,322
1,0.01,Comm3,191,Comm2,0.6245625592456258,3.723738345005757e-08,87
1,0.01,Comm3,192,Comm2,0.624649050863012,2.9215518701731466e-09,400
1,0.01,Comm3,193,Comm2,0.6318637401502362,4.752158892567641e-05,389
1,0.01,Comm3,194,Comm2,0.6295003306925262,1.9226935615476873e-06,718
1,0.01,Comm3,195,Comm2,0.6332056141450987,0.006335522374177867,824
1,0.01,Comm3,196,Comm2,0.6308983770066166,3.415268652585219e-05,169
1,0.01,Comm3,197,Comm2,0.6266356543601606,2.3619405269194112e-07,636
1,0.01,Comm3,198,Comm2,0.6264507391761595,1.4423788387320142e-07,159
1,0.01,Comm3,199,Comm2,0.635357688590327,0.012619856956582848,701
1,0.01,Comm3,200,Comm2,0.6306106665495025,7.967500163991365e-05,259
1,0.05,Comm1,1,Comm1,0.6378387334712521,14.06533730904976,214
1,0.05,Comm1,2,Comm1,0.6241384558602912,0.0004877662484655758,869
1,0.05,Comm1,3,Comm1,0.6252766957711096,0.010344301023789335,498
1,0.05,Comm1,4,Comm1,0.6331420987413794,0.6174883167605764,409
1,0.05,Comm1,5,Comm1,0.6289563541093962,0.13562788078200105,483
1,0.05,Comm1,6,Comm1,0.625920027382985,0.012105362885684751,280
1,0.05,Comm1,7,Comm1,0.6397066777133922,53.46856709651868,422
1,0.05,Comm1,8,Comm1,0.6324705939280177,0.6534088592093564,854
1,0.05,Comm1,9,Comm1,0.629220825217622,0.38571886098746017,574
1,0.05,Comm1,10,Comm1,0.6276451515273082,0.03719140202605556,193
1,0.05,Comm1,11,Comm1,0.6314615464804605,0.5551565420325634,468
1,0.05,Comm1,12,Comm1,0.6279379809846201,0.028799948550077666,116
1,0.05,Comm1,13,Comm1,0.6262509151024384,0.005559501237971314,571
1,0.05,Comm1,14,Comm1,0.6397991043174542,18.301424216159536,149
1,0.05,Comm1,15,Comm1,0.6292004543230544,0.15192414012120653,709
1,0.05,Comm1,16,Comm1,0.628703171130625,0.15204505003379015,612
1,0.05,Comm1,17,Comm1,0.6263341528986155,0.0070104958186740784,343
1,0.05,Comm1,18,Comm1,0.6321935849731263,0.6637879986721545,885
1,0.05,Comm1,19,Comm1,0.6241821415294008,0.012722025563551074,171
1,0.05,Comm1,20,Comm1,0.6349637490028156,2.7427222752327762,712
1,0.05,Comm1,21,Comm1,0.6382798579810373,18.692643849837882,873
1,0.05,Comm1,22,Comm1,0.6380039791988931,22.8251047211817,853
1,0.05,Comm1,23,Comm1,0.634863578973323,6.455357894790433,958
1,0.05,Comm1,24,Comm1,0.6353584503730014,3.753067272681845,486
1,0.05,Comm1,25,Comm1,0.6289171565198823,0.13857531766550998,377
1,0.05,Comm1,26,Comm1,0.6254624719505105,0.00649960768091594,46
1,0.05,Comm1,27,Comm1,0.6359621327759267,1.476067463162285,284
1,0.05,Comm1,28,Comm1,0.6311001562561535,0.19496918822974352,140
1,0.05,Comm1,29,Comm1,0.6272545811518834,0.04183170870372612,356
1,0.05,Comm1,30,Comm1,0.6285448688086017,1.1636027984552018,766
1,0.05,Comm1,31,Comm1,0.6253502984037396,0.0006805046213162252,202
1,0.05,Comm1,32,Comm1,0.6396427131521311,48.723874502903094,335
1,0.05,Comm1,33,Comm1,0.6281587593094546,0.018988406425967413,661
1,0.05,Comm1,34,Comm1,0.6347736815716465,5.984097781502098,100
1,0.05,Comm1,35,Comm1,0.6276192114040932,0.019864565211337126,584
1,0.05,Comm1,36,Comm1,0.636613950143999,21.687621033229277,52
1,0.05,Comm1,37,Comm1,0.6311548483410279,0.5875766784212213,126
1,0.05,Comm1,38,Comm1,0.6377119067478703,31.992489934072285,361
1,0.05,Comm1,39,Comm1,0.6352753792896025,6.602099382921842,796
1,0.05,Comm1,40,Comm1,0.6286887000760197,0.06692837795550209,682
1,0.05,Comm1,41,Comm1,0.6320010820624127,0.428952025208546,938
1,0.05,Comm1,42,Comm1,0.6374336771276856,43.54585316342995,372
1,0.05,Comm1,43,Comm1,0.6339747149640674,2.371986640376375,252
1,0.05,Comm1,44,Comm1,0.6253375063511375,0.001853782854936579,491
1,0.05,Comm1,45,Comm1,0.6325782754575955,1.2999085651419022,553
1,0.05,Comm1,46,Comm1,0.6302987286135469,0.15752175418728115,168
1,0.05,Comm1,47,Comm1,0.632688394761029,0.9506600498241827,387
1,0.05,Comm1,48,Comm1,0.6318867212274538,1.0861690520301583,769
1,0.05,Comm1,49,Comm1,0.6338239358236385,0.7209025631548104,984
1,0.05,Comm1,50,Comm1,0.6396901286740753,28.452646895908515,50
1,0.05,Comm1,51,Comm1,0.6308553265163948,2.914649182106546,985
1,0.05,Comm1,52,Comm1,0.6335617196822763,4.323771604163774,435
1,0.05,Comm1,53,Comm1,0.6315434641571591,0.48386973967636143,919
1,0.05,Comm1,54,Comm1,0.631295838098977,0.13606354189618672,328
1,0.05,Comm1,55,Comm1,0.6377197065957466,23.047937361754293,596
1,0.05,Comm1,56,Comm1,0.6395634044237206,22.37889435729862,478
1,0.05,Comm1,57,Comm1,0.6354591706408499,2.0728030168130798,991
1,0.05,Comm1,58,Comm1,0.6265923526072363,0.008882242468912227,738
1,0.05,Comm1,59,Comm1,0.6370198366179572,9.754466453559498,6
1,0.05,Comm1,60,Comm1,0.6360416634143619,10.283007915946497,493
1,0.05,Comm1,61,Comm1,0.636808071261783,13.26747688523548,871
1,0.05,Comm1,62,Comm1,0.6241782225774962,0.002834294350528962,40
1,0.05,Comm1,63,Comm1,0.6301256813820686,0.7839509056775513,99
1,0.05,Comm1,64,Comm1,0.6333751041948871,1.0010803490506153,61
1,0.05,Comm1,65,Comm1,0.6246737675175922,0.034780886868356425,32
1,0.05,Comm1,66,Comm1,0.6266423352378911,0.006967162943275659,609
1,0.05,Comm1,67,Comm1,0.629678629755833,0.3116432217559623,857
1,0.05,Comm1,68,Comm1,0.6347155690155987,0.6470998858715284,792
1,0.05,Comm1,69,Comm1,0.6336371706082317,6.359495657256923,74
1,0.05,Comm1,70,Comm1,0.6262206137861313,0.006161333723618328,746
1,0.05,Comm1,71,Comm1,0.6349222014508453,2.4974934641569635,170
1,0.05,Comm1,72,Comm1,0.6255749986452908,0.0023229976931084364,523
1,0.05,Comm1,73,Comm1,0.6315892888903842,0.4136182567097793,886
1,0.05,Comm1,74,Comm1,0.6288060290816065,0.5909168219604837,962
1,0.05,Comm1,75,Comm1,0.6340775331591402,0.972669764900879,642
1,0.05,Comm1,76,Comm1,0.6319438478424255,0.413400366485334,934
1,0.05,Comm1,77,Comm1,0.6296135328462004,0.16205389416463112,573
1,0.05,Comm1,78,Comm1,0.6395554664184211,38.61402257439833,426
1,0.05,Comm1,79,Comm1,0.6371125038560782,6.476089732108735,911
1,0.05,Comm1,80,Comm1,0.6398730739808877,50.84114028998413,739
1,0.05,Comm1,81,Comm1,0.6313819634787785,0.17627713617547888,442
1,0.05,Comm1,82,Comm1,0.6327706200092662,0.11352594916412109,915
1,0.05,Comm1,83,Comm1,0.6355506392221923,7.7524976234384,676
1,0.05,Comm1,84,Comm1,0.6267774880379305,0.01737867378855712,342
1,0.05,Comm1,85,Comm1,0.6312584509436739,0.16872871702272116,231
1,0.05,Comm1,86,Comm1,0.6367583659964854,5.312647196272866,617
1,0.05,Comm1,87,Comm1,0.6271898772371103,0.0585080082243307,134
1,0.05,Comm1,88,Comm1,0.625451308727292,0.01761076725930379,456
1,0.05,Comm1,89,Comm1,0.6289222380540257,0.23671828870709774,822
1,0.05,Comm1,90,Comm1,0.6331737734677098,2.0636431659575645,845
1,0.05,Comm1,91,Comm1,0.6335574903652013,1.8387341384009135,957
1,0.05,Comm1,92,Comm1,0.6310445282871336,0.1304463685744553,148
1,0.05,Comm1,93,Comm1,0.6249842897302922,0.0035953942290300285,812
1,0.05,Comm1,94,Comm1,0.6269982305914747,0.009490006090550014,461
1,0.05,Comm1,95,Comm1,0.629011068373488,0.27806390734167996,565
1,0.05,Comm1,96,Comm1,0.6298831469211182,0.06086227538447763,354
1,0.05,Comm1,97,Comm1,0.6258240324613542,0.022425418951294566,926
1,0.05,Comm1,98,Comm1,0.6275544243702532,0.010006351126618414,772
1,0.05,Comm1,99,Comm1,0.6350127533164962,1.782362009510039,996
1,0.05,Comm1,100,Comm1,0.6389150890505448,36.47881140859112,727
1,0.05,Comm2,1,Comm2,0.6302587012128993,0.03705395217511603,807
1,0.05,Comm2,2,Comm2,0.6310637351852397,0.15220563707621784,482
1,0.05,Comm2,3,Comm2,0.6296356698690005,0.4198276493399539,774
1,0.05,Comm2,4,Comm2,0.6275240912722785,0.003661936804515168,814
1,0.05,Comm2,5,Comm2,0.628622040659747,0.022160250844371454,454
1,0.05,Comm2,6,Comm2,0.6317329794732554,1.1119900336013389,681
1,0.05,Comm2,7,Comm2,0.6270817393806477,0.009079769047200155,73
1,0.05,Comm2,8,Comm2,0.6280746491054963,0.10762245363937467,175
1,0.05,Comm2,9,Comm2,0.6269998831332051,0.0071321422305376785,990
1,0.05,Comm2,10,Comm2,0.6330625227636295,1.067444431913608,472
1,0.05,Comm2,11,Comm2,0.6264329697209045,0.0023232161092100415,732
1,0.05,Comm2,12,Comm2,0.6317142392292431,0.2279825880570144,730
1,0.05,Comm2,13,Comm2,0.6341350936983803,0.8296182157952142,471
1,0.05,Comm2,14,Comm2,0.6327615227720567,0.803725378921699,430
1,0.05,Comm2,15,Comm2,0.6244191667531641,0.0018169139367074352,274
1,0.05,Comm2,16,Comm2,0.6310935489888776,0.2621018046547984,201
1,0.05,Comm2,17,Comm2,0.6327543440007757,0.5808546456848416,484
1,0.05,Comm2,18,Comm2,0.6376909535963353,36.82854885513328,764
1,0.05,Comm2,19,Comm2,0.6282911934537232,0.024267738845513708,455
1,0.05,Comm2,20,Comm2,0.6318217363472459,0.9907890340172598,398
1,0.05,Comm2,21,Comm2,0.6256573343606907,0.001782230852906091,692
1,0.05,Comm2,22,Comm2,0.6357712402763694,2.9583814253149003,463
1,0.05,Comm2,23,Comm2,0.6267136068794024,0.004885003665193347,572
1,0.05,Comm2,24,Comm2,0.6344772471815167,1.1007785654417526,306
1,0.05,Comm2,25,Comm2,0.6363389812646341,6.231786023137288,513
1,0.05,Comm2,26,Comm2,0.6333027515877743,1.6105681746965415,756
1,0.05,Comm2,27,Comm2,0.6256644805278938,0.010850899089919687,753
1,0.05,Comm2,28,Comm2,0.6305050808085659,0.15971360605934376,394
1,0.05,Comm2,29,Comm2,0.6348807545907571,4.392911698759117,547
1,0.05,Comm2,30,Comm2,0.637651322025324,8.868302509784058,462
1,0.05,Comm2,31,Comm2,0.6376010962413242,21.24235175045505,662
1,0.05,Comm2,32,Comm2,0.6395739538449342,36.548466899208606,598
1,0.05,Comm2,33,Comm2,0.63375987657374,3.148087106660302,204
1,0.05,Comm2,34,Comm2,0.6300106127615571,0.02502379775183444,737
1,0.05,Comm2,35,Comm2,0.6327986120479877,0.5269445471744647,431
1,0.05,Comm2,36,Comm2,0.6262736463273936,0.009099044569720927,679
1,0.05,Comm2,37,Comm2,0.6293792856764833,0.15090769191919606,66
1,0.05,Comm2,38,Comm2,0.6270401806294015,0.007147890106136801,562
1,0.05,Comm2,39,Comm2,0.632801405864321,0.9101321507212682,92
1,0.05,Comm2,40,Comm2,0.6271946840675775,0.008141951659810296,844
1,0.05,Comm2,41,Comm2,0.6292404824855403,0.07834961766831622,564
1,0.05,Comm2,42,Comm2,0.6279996517807573,0.010361011783738903,260
1,0.05,Comm2,43,Comm2,0.6380132269580818,52.01897504440134,128
1,0.05,Comm2,44,Comm2,0.631097489349265,0.7334091569135035,904
1,0.05,Comm2,45,Comm2,0.6282923423881674,0.03317414526993425,351
1,0.05,Comm2,46,Comm2,0.6279186849845172,0.015219194524430314,262
1,0.05,Comm2,47,Comm2,0.6286829343570929,0.04660302255773871,829
1,0.05,Comm2,48,Comm2,0.6361543100024137,10.40205740110197,509
1,0.05,Comm2,49,Comm2,0.6304459631528536,0.27534871049796056,629
1,0.05,Comm2,50,Comm2,0.6289840429128173,0.03845416200568905,820
1,0.05,Comm2,51,Comm2,0.628531666973658,0.020158529562602914,818
1,0.05,Comm2,52,Comm2,0.6372251172674059,42.23310098746509,459
1,0.05,Comm2,53,Comm2,0.6262024599545912,0.004306480257596488,376
1,0.05,Comm2,54,Comm2,0.6291386314729619,0.05142647495917296,51
1,0.05,Comm2,55,Comm2,0.6381865292357184,35.104839490402746,425
1,0.05,Comm2,56,Comm2,0.6311557184552017,0.1898148495207862,897
1,0.05,Comm2,57,Comm2,0.6255070480638674,0.024937196173729602,452
1,0.05,Comm2,58,Comm2,0.6299507808270824,0.1499175728320056,257
1,0.05,Comm2,59,Comm2,0.6347845246830562,1.410257711910845,998
1,0.05,Comm2,60,Comm2,0.6300400655632012,0.68059923391333,451
1,0.05,Comm2,61,Comm2,0.6313787029705338,1.1256327669106325,125
1,0.05,Comm2,62,Comm2,0.6380585047081482,30.552931452187313,143
1,0.05,Comm2,63,Comm2,0.629231343132534,0.09401250488161038,937
1,0.05,Comm2,64,Comm2,0.6330351046779278,0.3250074453884876,610
1,0.05,Comm2,65,Comm2,0.6396556031156129,41.61855711020237,216
1,0.05,Comm2,66,Comm2,0.6345539313477527,9.432024307175231,883
1,0.05,Comm2,67,Comm2,0.6292571332626996,0.05811209286013915,979
1,0.05,Comm2,68,Comm2,0.6310235164919087,0.2621693651528725,132
1,0.05,Comm2,69,Comm2,0.6387565668746817,18.100747928820113,741
1,0.05,Comm2,70,Comm2,0.6264846462783669,0.00869450942431169,338
1,0.05,Comm2,71,Comm2,0.6391461992781267,45.94552432542573,55
1,0.05,Comm2,72,Comm2,0.6289299661767922,0.0367833399021655,34
1,0.05,Comm2,73,Comm2,0.6380028393102131,20.85642051779674,554
1,0.05,Comm2,74,Comm2,0.6322184782250073,0.6797594601705667,167
1,0.05,Comm2,75,Comm2,0.6277204020981919,0.010332729087884183,533
1,0.05,Comm2,76,Comm2,0.6333276479247587,4.1928420173051055,0
1,0.05,Comm2,77,Comm2,0.6383685238491874,61.576849092887485,323
1,0.05,Comm2,78,Comm2,0.6308141183121279,0.7456256686162379,56
1,0.05,Comm2,79,Comm2,0.6356140835973303,6.363455205704387,576
1,0.05,Comm2,80,Comm2,0.6245601772142254,0.0007047065661270353,761
1,0.05,Comm2,81,Comm2,0.6280293495299226,0.04569438465025946,41
1,0.05,Comm2,82,Comm2,0.6362927630322275,16.033409997680625,603
1,0.05,Comm2,83,Comm2,0.6310734080920997,0.15367001108953007,959
1,0.05,Comm2,84,Comm2,0.6274486812993293,0.02129540360545448,716
1,0.05,Comm2,85,Comm2,0.6359737737223062,1.0587591062299901,733
1,0.05,Comm2,86,Comm2,0.6244864680268851,0.002055471854986004,131
1,0.05,Comm2,87,Comm2,0.6307542845554475,0.5267553383848779,242
1,0.05,Comm2,88,Comm2,0.6280428670346893,0.05092450688439413,582
1,0.05,Comm2,89,Comm2,0.6378505822615088,23.688643970400175,751
1,0.05,Comm2,90,Comm2,0.6362613417721722,8.991408889989602,322
1,0.05,Comm2,91,Comm2,0.6245625592456258,0.0012498488395948548,87
1,0.05,Comm2,92,Comm2,0.624649050863012,0.0024880675503201307,400
1,0.05,Comm2,93,Comm2,0.6318637401502362,0.8243242952289508,389
1,0.05,Comm2,94,Comm2,0.6295003306925262,0.01917166207121578,718
1,0.05,Comm2,95,Comm2,0.6332056141450987,3.24737003594508,824
1,0.05,Comm2,96,Comm2,0.6308983770066166,0.09719077616464365,169
1,0.05,Comm2,97,Comm2,0.6266356543601606,0.01630336062421673,636
1,0.05,Comm2,98,Comm2,0.6264507391761595,0.013199343701953805,159
1,0.05,Comm2,99,Comm2,0.635357688590327,5.303078046748574,701
1,0.05,Comm2,100,Comm2,0.6306106665495025,0.5578454346468626,259
1,0.05,Comm3,1,Comm1,0.6378387334712521,13.658878274692684,214
1,0.05,Comm3,2,Comm1,0.6241384558602912,1.6730934660873977e-08,869
1,0.05,Comm3,3,Comm1,0.6252766957711096,1.4503432515072134e-05,498
1,0.05,Comm3,4,Comm1,0.6331420987413794,0.016250853737622476,409
1,0.05,Comm3,5,Comm1,0.6289563541093962,0.0006612579551705045,483
1,0.05,Comm3,6,Comm1,0.625920027382985,6.8234356486414414e-06,280
1,0.05,Comm3,7,Comm1,0.6397066777133922,49.67462732642276,422
1,0.05,Comm3,8,Comm1,0.6324705939280177,0.05987973780029154,854
1,0.05,Comm3,9,Comm1,0.629220825217622,0.002726427858297084,574
1,0.05,Comm3,10,Comm1,0.6276451515273082,5.9474934483352096e-05,193
1,0.05,Comm3,11,Comm1,0.6314615464804605,0.010474372222805641,468
1,0.05,Comm3,12,Comm1,0.6279379809846201,4.671939221601445e-05,116
1,0.05,Comm3,13,Comm1,0.6262509151024384,1.6433706898739403e-06,571
1,0.05,Comm3,14,Comm1,0.6397991043174542,14.131132934496597,149
1,0.05,Comm3,15,Comm1,0.6292004543230544,0.0006397684893532391,709
1,0.05,Comm3,16,Comm1,0.628703171130625,0.00042717310583906926,612
1,0.05,Comm3,17,Comm1,0.6263341528986155,3.0004250843290046e-06,343
1,0.05,Comm3,18,Comm1,0.6321935849731263,0.023093312610600235,885
1,0.05,Comm3,19,Comm1,0.6241821415294008,3.2481193767859217e-05,171
1,0.05,Comm3,20,Comm1,0.6349637490028156,0.2771965738549833,712
1,0.05,Comm3,21,Comm1,0.6382798579810373,9.736206773533977,873
1,0.05,Comm3,22,Comm1,0.6380039791988931,34.848647511819,853
1,0.05,Comm3,23,Comm1,0.634863578973323,2.037517243373708,958
1,0.05,Comm3,24,Comm1,0.6353584503730014,0.8443195489763595,486
1,0.05,Comm3,25,Comm1,0.6289171565198823,0.00035876305653534824,377
1,0.05,Comm3,26,Comm1,0.6254624719505105,1.6391665885376214e-06,46
1,0.05,Comm3,27,Comm1,0.6359621327759267,0.0647229242463285,284
1,0.05,Comm3,28,Comm1,0.6311001562561535,0.0009683645079974369,140
1,0.05,Comm3,29,Comm1,0.6272545811518834,4.663940537435053e-05,356
1,0.05,Comm3,30,Comm1,0.6285448688086017,0.06085780115428953,766
1,0.05,Comm3,31,Comm1,0.6253502984037396,2.6511020980638172e-08,202
1,0.05,Comm3,32,Comm1,0.6396427131521311,45.4577472499353,335
1,0.05,Comm3,33,Comm1,0.6281587593094546,1.752666166354464e-05,661
1,0.05,Comm3,34,Comm1,0.6347736815716465,7.0096342016711635,100
1,0.05,Comm3,35,Comm1,0.6276192114040932,5.50738267403096e-06,584
1,0.05,Comm3,36,Comm1,0.636613950143999,22.87317727592826,52
1,0.05,Comm3,37,Comm1,0.6311548483410279,0.010679640778475389,126
1,0.05,Comm3,38,Comm1,0.6377119067478703,30.631470164091485,361
1,0.05,Comm3,39,Comm1,0.6352753792896025,3.4805905411889997,796
1,0.05,Comm3,40,Comm1,0.6286887000760197,0.00013619867563586466,682
1,0.05,Comm3,41,Comm1,0.6320010820624127,0.006770406785604938,938
1,0.05,Comm3,42,Comm1,0.6374336771276856,47.490033193482326,372
1,0.05,Comm3,43,Comm1,0.6339747149640674,0.2316026615409295,252
1,0.05,Comm3,44,Comm1,0.6253375063511375,3.5289089098735944e-07,491
1,0.05,Comm3,45,Comm1,0.6325782754575955,0.06898142102093145,553
1,0.05,Comm3,46,Comm1,0.6302987286135469,0.0009009368986087065,168
1,0.05,Comm3,47,Comm1,0.632688394761029,0.019789588238448022,387
1,0.05,Comm3,48,Comm1,0.6318867212274538,0.03243290548128565,769
1,0.05,Comm3,49,Comm1,0.6338239358236385,0.013640498505140784,984
1,0.05,Comm3,50,Comm1,0.6396901286740753,24.356004414284534,50
1,0.05,Comm3,51,Comm1,0.6308553265163948,0.3315952812763317,985
1,0.05,Comm3,52,Comm1,0.6335617196822763,0.5992109058112529,435
1,0.05,Comm3,53,Comm1,0.6315434641571591,0.028076408490276084,919
1,0.05,Comm3,54,Comm1,0.631295838098977,0.002526030930932448,328
1,0.05,Comm3,55,Comm1,0.6377197065957466,12.035829921213061,596
1,0.05,Comm3,56,Comm1,0.6395634044237206,22.941705539697512,478
1,0.05,Comm3,57,Comm1,0.6354591706408499,0.3340827251391902,991
1,0.05,Comm3,58,Comm1,0.6265923526072363,2.0988430344301633e-06,738
1,0.05,Comm3,59,Comm1,0.6370198366179572,6.169370097613473,6
1,0.05,Comm3,60,Comm1,0.6360416634143619,4.588742623727128,493
1,0.05,Comm3,61,Comm1,0.636808071261783,15.567004151987849,871
1,0.05,Comm3,62,Comm1,0.6241782225774962,7.30420529723159e-07,40
1,0.05,Comm3,63,Comm1,0.6301256813820686,0.048982000392133185,99
1,0.05,Comm3,64,Comm1,0.6333751041948871,0.05512913876462104,61
1,0.05,Comm3,65,Comm1,0.6246737675175922,3.9524931063827026e-05,32
1,0.05,Comm3,66,Comm1,0.6266423352378911,2.665048653206742e-06,609
1,0.05,Comm3,67,Comm1,0.629678629755833,0.0024414742485968435,857
1,0.05,Comm3,68,Comm1,0.6347155690155987,0.04750274241416226,792
1,0.05,Comm3,69,Comm1,0.6336371706082317,0.9351665338775652,74
1,0.05,Comm3,70,Comm1,0.6262206137861313,1.486011572045477e-06,746
1,0.05,Comm3,71,Comm1,0.6349222014508453,0.24568208084694543,170
1,0.05,Comm3,72,Comm1,0.6255749986452908,2.0299939788739707e-07,523
1,0.05,Comm3,73,Comm1,0.6315892888903842,0.0038117221715600605,886
1,0.05,Comm3,74,Comm1,0.6288060290816065,0.017966920755468845,962
1,0.05,Comm3,75,Comm1,0.6340775331591402,0.1013416465480362,642
1,0.05,Comm3,76,Comm1,0.6319438478424255,0.007399186606357512,934
1,0.05,Comm3,77,Comm1,0.6296135328462004,0.0016410083203021522,573
1,0.05,Comm3,78,Comm1,0.6395554664184211,30.657468808109613,426
1,0.05,Comm3,79,Comm1,0.6371125038560782,4.41393370481965,911
1,0.05,Comm3,80,Comm1,0.6398730739808877,42.27082940584933,739
1,0.05,Comm3,81,Comm1,0.6313819634787785,0.0024543178873124094,442
1,0.05,Comm3,82,Comm1,0.6327706200092662,0.0006425575412359269,915
1,0.05,Comm3,83,Comm1,0.6355506392221923,2.5874548600244074,676
1,0.05,Comm3,84,Comm1,0.6267774880379305,4.126557897040622e-06,342
1,0.05,Comm3,85,Comm1,0.6312584509436739,0.0013885565422234762,231
1,0.05,Comm3,86,Comm1,0.6367583659964854,2.8200158274687004,617
1,0.05,Comm3,87,Comm1,0.6271898772371103,0.00024036166434415496,134
1,0.05,Comm3,88,Comm1,0.625451308727292,1.3953284891243393e-05,456
1,0.05,Comm3,89,Comm1,0.6289222380540257,0.005329374434002161,822
1,0.05,Comm3,90,Comm1,0.6331737734677098,0.23616774781740574,845
1,0.05,Comm3,91,Comm1,0.6335574903652013,0.0968851629237001,957
1,0.05,Comm3,92,Comm1,0.6310445282871336,0.00041283686955972764,148
1,0.05,Comm3,93,Comm1,0.6249842897302922,9.7208865722216e-07,812
1,0.05,Comm3,94,Comm1,0.6269982305914747,9.506429522585363e-06,461
1,0.05,Comm3,95,Comm1,0.629011068373488,0.004583581285309313,565
1,0.05,Comm3,96,Comm1,0.6298831469211182,0.00022076368434439795,354
1,0.05,Comm3,97,Comm1,0.6258240324613542,1.6565858883722764e-05,926
1,0.05,Comm3,98,Comm1,0.6275544243702532,2.7708630342732045e-06,772
1,0.05,Comm3,99,Comm1,0.6350127533164962,0.22159205063001972,996
1,0.05,Comm3,100,Comm1,0.6389150890505448,29.017056180875507,727
1,0.05,Comm3,101,Comm2,0.6302587012128993,1.6942780606221631e-06,807
1,0.05,Comm3,102,Comm2,0.6310637351852397,2.266493459392496e-05,482
1,0.05,Comm3,103,Comm2,0.6296356698690005,4.583393993574815e-05,774
1,0.05,Comm3,104,Comm2,0.6275240912722785,6.15756477365357e-07,814
1,0.05,Comm3,105,Comm2,0.628622040659747,5.16996589526645e-06,454
1,0.05,Comm3,106,Comm2,0.6317329794732554,0.006988579640899198,681
1,0.05,Comm3,107,Comm2,0.6270817393806477,2.0586724812064182e-07,73
1,0.05,Comm3,108,Comm2,0.6280746491054963,9.06515843703699e-06,175
1,0.05,Comm3,109,Comm2,0.6269998831332051,2.0370216130911865e-07,990
1,0.05,Comm3,110,Comm2,0.6330625227636295,0.002840429167485982,472
1,0.05,Comm3,111,Comm2,0.6264329697209045,5.1932123920172423e-08,732
1,0.05,Comm3,112,Comm2,0.6317142392292431,0.0014807638212031603,730
1,0.05,Comm3,113,Comm2,0.6341350936983803,0.010371822513461946,471
1,0.05,Comm3,114,Comm2,0.6327615227720567,0.00030965002100486155,430
1,0.05,Comm3,115,Comm2,0.6244191667531641,4.777014371421145e-09,274
1,0.05,Comm3,116,Comm2,0.6310935489888776,7.955013212468547e-05,201
1,0.05,Comm3,117,Comm2,0.6327543440007757,0.012871591348870254,484
1,0.05,Comm3,118,Comm2,0.6376909535963353,2.2370116031502705,764
1,0.05,Comm3,119,Comm2,0.6282911934537232,1.1699310972234563e-05,455
1,0.05,Comm3,120,Comm2,0.6318217363472459,0.0017930320719320094,398
1,0.05,Comm3,121,Comm2,0.6256573343606907,6.582882980982969e-08,692
1,0.05,Comm3,122,Comm2,0.6357712402763694,0.02963336702001533,463
1,0.05,Comm3,123,Comm2,0.6267136068794024,1.3097197403084092e-07,572
1,0.05,Comm3,124,Comm2,0.6344772471815167,0.010524562741113882,306
1,0.05,Comm3,125,Comm2,0.6363389812646341,0.44977531186903913,513
1,0.05,Comm3,126,Comm2,0.6333027515877743,0.0112086883777807,756
1,0.05,Comm3,127,Comm2,0.6256644805278938,9.067705766586134e-07,753
1,0.05,Comm3,128,Comm2,0.6305050808085659,5.763849005579849e-06,394
1,0.05,Comm3,129,Comm2,0.6348807545907571,0.005227463433530947,547
1,0.05,Comm3,130,Comm2,0.637651322025324,0.20356652479350884,462
1,0.05,Comm3,131,Comm2,0.6376010962413242,1.8315698431080643,662
1,0.05,Comm3,132,Comm2,0.6395739538449342,12.938216613307734,598
1,0.05,Comm3,133,Comm2,0.63375987657374,0.008746593740080508,204
1,0.05,Comm3,134,Comm2,0.6300106127615571,2.9565272113279975e-06,737
1,0.05,Comm3,135,Comm2,0.6327986120479877,0.00030045810559618444,431
1,0.05,Comm3,136,Comm2,0.6262736463273936,2.7826631728224403e-07,679
1,0.05,Comm3,137,Comm2,0.6293792856764833,9.187637408492588e-05,66
1,0.05,Comm3,138,Comm2,0.6270401806294015,3.6953572009541234e-08,562
1,0.05,Comm3,139,Comm2,0.632801405864321,0.0013710259903246872,92
1,0.05,Comm3,140,Comm2,0.6271946840675775,1.0774680953131704e-06,844
1,0.05,Comm3,141,Comm2,0.6292404824855403,2.7050777701161845e-05,564
1,0.05,Comm3,142,Comm2,0.6279996517807573,5.651870008456135e-07,260
1,0.05,Comm3,143,Comm2,0.6380132269580818,4.622560622043433,128
1,0.05,Comm3,144,Comm2,0.631097489349265,0.0005600774369329553,904
1,0.05,Comm3,145,Comm2,0.6282923423881674,2.570232973170127e-06,351
1,0.05,Comm3,146,Comm2,0.6279186849845172,2.340304059567088e-06,262
1,0.05,Comm3,147,Comm2,0.6286829343570929,8.952963363303662e-06,829
1,0.05,Comm3,148,Comm2,0.6361543100024137,0.2234511031501358,509
1,0.05,Comm3,149,Comm2,0.6304459631528536,0.00018869196738394639,629
1,0.05,Comm3,150,Comm2,0.6289840429128173,1.1031915567398418e-05,820
1,0.05,Comm3,151,Comm2,0.628531666973658,8.418532993225984e-06,818
1,0.05,Comm3,152,Comm2,0.6372251172674059,5.29695093483203,459
1,0.05,Comm3,153,Comm2,0.6262024599545912,2.400865031530665e-08,376
1,0.05,Comm3,154,Comm2,0.6291386314729619,2.3212722116759977e-05,51
1,0.05,Comm3,155,Comm2,0.6381865292357184,10.569953613794615,425
1,0.05,Comm3,156,Comm2,0.6311557184552017,0.00010179878081573889,897
1,0.05,Comm3,157,Comm2,0.6255070480638674,5.593061200736019e-07,452
1,0.05,Comm3,158,Comm2,0.6299507808270824,2.7849502407433504e-05,257
1,0.05,Comm3,159,Comm2,0.6347845246830562,0.050435423449291236,998
1,0.05,Comm3,160,Comm2,0.6300400655632012,0.0006452044078647575,451
1,0.05,Comm3,161,Comm2,0.6313787029705338,0.00156114176489071,125
1,0.05,Comm3,162,Comm2,0.6380585047081482,7.1893499383433115,143
1,0.05,Comm3,163,Comm2,0.629231343132534,8.488665610355047e-06,937
1,0.05,Comm3,164,Comm2,0.6330351046779278,0.0023064816479446233,610
1,0.05,Comm3,165,Comm2,0.6396556031156129,9.822794612256395,216
1,0.05,Comm3,166,Comm2,0.6345539313477527,0.42252967092308136,883
1,0.05,Comm3,167,Comm2,0.6292571332626996,3.0127337477490174e-06,979
1,0.05,Comm3,168,Comm2,0.6310235164919087,0.00039066046948196495,132
1,0.05,Comm3,169,Comm2,0.6387565668746817,5.047826476739309,741
1,0.05,Comm3,170,Comm2,0.6264846462783669,1.9830237436690067e-06,338
1,0.05,Comm3,171,Comm2,0.6391461992781267,11.230800748607676,55
1,0.05,Comm3,172,Comm2,0.6289299661767922,3.3056344120093056e-06,34
1,0.05,Comm3,173,Comm2,0.6380028393102131,2.44701008698428,554
1,0.05,Comm3,174,Comm2,0.6322184782250073,0.0002213459714946085,167
1,0.05,Comm3,175,Comm2,0.6277204020981919,1.1450186262016934e-06,533
1,0.05,Comm3,176,Comm2,0.6333276479247587,0.015974611950869883,0
1,0.05,Comm3,177,Comm2,0.6383685238491874,35.14876383057614,323
1,0.05,Comm3,178,Comm2,0.6308141183121279,0.0004003115854841084,56
1,0.05,Comm3,179,Comm2,0.6356140835973303,0.39768242446203067,576
1,0.05,Comm3,180,Comm2,0.6245601772142254,4.560605985252904e-09,761
1,0.05,Comm3,181,Comm2,0.6280293495299226,8.896882003712729e-06,41
1,0.05,Comm3,182,Comm2,0.6362927630322275,0.2820658446517262,603
1,0.05,Comm3,183,Comm2,0.6310734080920997,0.00010176455651331951,959
1,0.05,Comm3,184,Comm2,0.6274486812993293,9.463532052805909e-07,716
1,0.05,Comm3,185,Comm2,0.6359737737223062,0.01305888346120479,733
1,0.05,Comm3,186,Comm2,0.6244864680268851,1.2765216669129601e-09,131
1,0.05,Comm3,187,Comm2,0.6307542845554475,0.0005603997176959665,242
1,0.05,Comm3,188,Comm2,0.6280428670346893,1.4062037581897924e-06,582
1,0.05,Comm3,189,Comm2,0.6378505822615088,3.0428842571048254,751
1,0.05,Comm3,190,Comm2,0.6362613417721722,0.7014885602793226,322
1,0.05,Comm3,191,Comm2,0.6245625592456258,1.1873716502412656e-07,87
1,0.05,Comm3,192,Comm2,0.624649050863012,1.4794275130722322e-08,400
1,0.05,Comm3,193,Comm2,0.6318637401502362,0.0002152041194934539,389
1,0.05,Comm3,194,Comm2,0.6295003306925262,6.627461582270833e-06,718
1,0.05,Comm3,195,Comm2,0.6332056141450987,0.022484829242761364,824
1,0.05,Comm3,196,Comm2,0.6308983770066166,0.00010952353178147568,169
1,0.05,Comm3,197,Comm2,0.6266356543601606,8.721356717506119e-07,636
1,0.05,Comm3,198,Comm2,0.6264507391761595,6.537423758492639e-07,159
1,0.05,Comm3,199,Comm2,0.635357688590327,0.044164872555754686,701
1,0.05,Comm3,200,Comm2,0.6306106665495025,0.00040371535947653016,259
1,0.1,Comm1,1,Comm1,0.6378387334712521,14.06533730904976,214
1,0.1,Comm1,2,Comm1,0.6241384558602912,0.0004877662484655758,869
1,0.1,Comm1,3,Comm1,0.6252766957711096,0.010344301023789335,498
1,0.1,Comm1,4,Comm1,0.6331420987413794,0.6174883167605764,409
1,0.1,Comm1,5,Comm1,0.6289563541093962,0.13562788078200105,483
1,0.1,Comm1,6,Comm1,0.625920027382985,0.012105362885684751,280
1,0.1,Comm1,7,Comm1,0.6397066777133922,53.46856709651868,422
1,0.1,Comm1,8,Comm1,0.6324705939280177,0.6534088592093564,854
1,0.1,Comm1,9,Comm1,0.629220825217622,0.38571886098746017,574
1,0.1,Comm1,10,Comm1,0.6276451515273082,0.03719140202605556,193
1,0.1,Comm1,11,Comm1,0.6314615464804605,0.5551565420325634,468
1,0.1,Comm1,12,Comm1,0.6279379809846201,0.028799948550077666,116
1,0.1,Comm1,13,Comm1,0.6262509151024384,0.005559501237971314,571
1,0.1,Comm1,14,Comm1,0.6397991043174542,18.301424216159536,149
1,0.1,Comm1,15,Comm1,0.6292004543230544,0.15192414012120653,709
1,0.1,Comm1,16,Comm1,0.628703171130625,0.15204505003379015,612
1,0.1,Comm1,17,Comm1,0.6263341528986155,0.0070104958186740784,343
1,0.1,Comm1,18,Comm1,0.6321935849731263,0.6637879986721545,885
1,0.1,Comm1,19,Comm1,0.6241821415294008,0.012722025563551074,171
1,0.1,Comm1,20,Comm1,0.6349637490028156,2.7427222752327762,712
1,0.1,Comm1,21,Comm1,0.6382798579810373,18.692643849837882,873
1,0.1,Comm1,22,Comm1,0.6380039791988931,22.8251047211817,853
1,0.1,Comm1,23,Comm1,0.634863578973323,6.455357894790433,958
1,0.1,Comm1,24,Comm1,0.6353584503730014,3.753067272681845,486
1,0.1,Comm1,25,Comm1,0.6289171565198823,0.13857531766550998,377
1,0.1,Comm1,26,Comm1,0.6254624719505105,0.00649960768091594,46
1,0.1,Comm1,27,Comm1,0.6359621327759267,1.476067463162285,284
1,0.1,Comm1,28,Comm1,0.6311001562561535,0.19496918822974352,140
1,0.1,Comm1,29,Comm1,0.6272545811518834,0.04183170870372612,356
1,0.1,Comm1,30,Comm1,0.6285448688086017,1.1636027984552018,766
1,0.1,Comm1,31,Comm1,0.6253502984037396,0.0006805046213162252,202
1,0.1,Comm1,32,Comm1,0.6396427131521311,48.723874502903094,335
1,0.1,Comm1,33,Comm1,0.6281587593094546,0.018988406425967413,661
1,0.1,Comm1,34,Comm1,0.6347736815716465,5.984097781502098,100
1,0.1,Comm1,35,Comm1,0.6276192114040932,0.019864565211337126,584
1,0.1,Comm1,36,Comm1,0.636613950143999,21.687621033229277,52
1,0.1,Comm1,37,Comm1,0.6311548483410279,0.5875766784212213,126
1,0.1,Comm1,38,Comm1,0.6377119067478703,31.992489934072285,361
1,0.1,Comm1,39,Comm1,0.6352753792896025,6.602099382921842,796
1,0.1,Comm1,40,Comm1,0.6286887000760197,0.06692837795550209,682
1,0.1,Comm1,41,Comm1,0.6320010820624127,0.428952025208546,938
1,0.1,Comm1,42,Comm1,0.6374336771276856,43.54585316342995,372
1,0.1,Comm1,43,Comm1,0.6339747149640674,2.371986640376375,252
1,0.1,Comm1,44,Comm1,0.6253375063511375,0.001853782854936579,491
1,0.1,Comm1,45,Comm1,0.6325782754575955,1.2999085651419022,553
1,0.1,Comm1,46,Comm1,0.6302987286135469,0.15752175418728115,168
1,0.1,Comm1,47,Comm1,0.632688394761029,0.9506600498241827,387
1,0.1,Comm1,48,Comm1,0.6318867212274538,1.0861690520301583,769
1,0.1,Comm1,49,Comm1,0.6338239358236385,0.7209025631548104,984
1,0.1,Comm1,50,Comm1,0.6396901286740753,28.452646895908515,50
1,0.1,Comm1,51,Comm1,0.6308553265163948,2.914649182106546,985
1,0.1,Comm1,52,Comm1,0.6335617196822763,4.323771604163774,435
1,0.1,Comm1,53,Comm1,0.6315434641571591,0.48386973967636143,919
1,0.1,Comm1,54,Comm1,0.631295838098977,0.13606354189618672,328
1,0.1,Comm1,55,Comm1,0.6377197065957466,23.047937361754293,596
1,0.1,Comm1,56,Comm1,0.6395634044237206,22.37889435729862,478
1,0.1,Comm1,57,Comm1,0.6354591706408499,2.0728030168130798,991
1,0.1,Comm1,58,Comm1,0.6265923526072363,0.008882242468912227,738
1,0.1,Comm1,59,Comm1,0.6370198366179572,9.754466453559498,6
1,0.1,Comm1,60,Comm1,0.6360416634143619,10.283007915946497,493
1,0.1,Comm1,61,Comm1,0.636808071261783,13.26747688523548,871
1,0.1,Comm1,62,Comm1,0.6241782225774962,0.002834294350528962,40
1,0.1,Comm1,63,Comm1,0.6301256813820686,0.7839509056775513,99
1,0.1,Comm1,64,Comm1,0.6333751041948871,1.0010803490506153,61
1,0.1,Comm1,65,Comm1,0.6246737675175922,0.034780886868356425,32
1,0.1,Comm1,66,Comm1,0.6266423352378911,0.006967162943275659,609
1,0.1,Comm1,67,Comm1,0.629678629755833,0.3116432217559623,857
1,0.1,Comm1,68,Comm1,0.6347155690155987,0.6470998858715284,792
1,0.1,Comm1,69,Comm1,0.6336371706082317,6.359495657256923,74
1,0.1,Comm1,70,Comm1,0.6262206137861313,0.006161333723618328,746
1,0.1,Comm1,71,Comm1,0.6349222014508453,2.4974934641569635,170
1,0.1,Comm1,72,Comm1,0.6255749986452908,0.0023229976931084364,523
1,0.1,Comm1,73,Comm1,0.6315892888903842,0.4136182567097793,886
1,0.1,Comm1,74,Comm1,0.6288060290816065,0.5909168219604837,962
1,0.1,Comm1,75,Comm1,0.6340775331591402,0.972669764900879,642
1,0.1,Comm1,76,Comm1,0.6319438478424255,0.413400366485334,934
1,0.1,Comm1,77,Comm1,0.6296135328462004,0.16205389416463112,573
1,0.1,Comm1,78,Comm1,0.6395554664184211,38.61402257439833,426
1,0.1,Comm1,79,Comm1,0.6371125038560782,6.476089732108735,911
1,0.1,Comm1,80,Comm1,0.6398730739808877,50.84114028998413,739
1,0.1,Comm1,81,Comm1,0.6313819634787785,0.17627713617547888,442
1,0.1,Comm1,82,Comm1,0.6327706200092662,0.11352594916412109,915
1,0.1,Comm1,83,Comm1,0.6355506392221923,7.7524976234384,676
1,0.1,Comm1,84,Comm1,0.6267774880379305,0.01737867378855712,342
1,0.1,Comm1,85,Comm1,0.6312584509436739,0.16872871702272116,231
1,0.1,Comm1,86,Comm1,0.6367583659964854,5.312647196272866,617
1,0.1,Comm1,87,Comm1,0.6271898772371103,0.0585080082243307,134
1,0.1,Comm1,88,Comm1,0.625451308727292,0.01761076725930379,456
1,0.1,Comm1,89,Comm1,0.6289222380540257,0.23671828870709774,822
1,0.1,Comm1,90,Comm1,0.6331737734677098,2.0636431659575645,845
1,0.1,Comm1,91,Comm1,0.6335574903652013,1.8387341384009135,957
1,0.1,Comm1,92,Comm1,0.6310445282871336,0.1304463685744553,148
1,0.1,Comm1,93,Comm1,0.6249842897302922,0.0035953942290300285,812
1,0.1,Comm1,94,Comm1,0.6269982305914747,0.009490006090550014,461
1,0.1,Comm1,95,Comm1,0.629011068373488,0.27806390734167996,565
1,0.1,Comm1,96,Comm1,0.6298831469211182,0.06086227538447763,354
1,0.1,Comm1,97,Comm1,0.6258240324613542,0.022425418951294566,926
1,0.1,Comm1,98,Comm1,0.6275544243702532,0.010006351126618414,772
1,0.1,Comm1,99,Comm1,0.6350127533164962,1.782362009510039,996
1,0.1,Comm1,100,Comm1,0.6389150890505448,36.47881140859112,727
1,0.1,Comm2,1,Comm2,0.6302587012128993,0.03705395217511603,807
1,0.1,Comm2,2,Comm2,0.6310637351852397,0.15220563707621784,482
1,0.1,Comm2,3,Comm2,0.6296356698690005,0.4198276493399539,774
1,0.1,Comm2,4,Comm2,0.6275240912722785,0.003661936804515168,814
1,0.1,Comm2,5,Comm2,0.628622040659747,0.022160250844371454,454
1,0.1,Comm2,6,Comm2,0.6317329794732554,1.1119900336013389,681
1,0.1,Comm2,7,Comm2,0.6270817393806477,0.009079769047200155,73
1,0.1,Comm2,8,Comm2,0.6280746491054963,0.10762245363937467,175
1,0.1,Comm2,9,Comm2,0.6269998831332051,0.0071321422305376785,990
1,0.1,Comm2,10,Comm2,0.6330625227636295,1.067444431913608,472
1,0.1,Comm2,11,Comm2,0.6264329697209045,0.0023232161092100415,732
1,0.1,Comm2,12,Comm2,0.6317142392292431,0.2279825880570144,730
1,0.1,Comm2,13,Comm2,0.6341350936983803,0.8296182157952142,471
1,0.1,Comm2,14,Comm2,0.6327615227720567,0.803725378921699,430
1,0.1,Comm2,15,Comm2,0.6244191667531641,0.0018169139367074352,274
1,0.1,Comm2,16,Comm2,0.6310935489888776,0.2621018046547984,201
1,0.1,Comm2,17,Comm2,0.6327543440007757,0.5808546456848416,484
1,0.1,Comm2,18,Comm2,0.6376909535963353,36.82854885513328,764
1,0.1,Comm2,19,Comm2,0.6282911934537232,0.024267738845513708,455
1,0.1,Comm2,20,Comm2,0.6318217363472459,0.9907890340172598,398
1,0.1,Comm2,21,Comm2,0.6256573343606907,0.001782230852906091,692
1,0.1,Comm2,22,Comm2,0.6357712402763694,2.9583814253149003,463
1,0.1,Comm2,23,Comm2,0.6267136068794024,0.004885003665193347,572
1,0.1,Comm2,24,Comm2,0.6344772471815167,1.1007785654417526,306
1,0.1,Comm2,25,Comm2,0.6363389812646341,6.231786023137288,513
1,0.1,Comm2,26,Comm2,0.6333027515877743,1.6105681746965415,756
1,0.1,Comm2,27,Comm2,0.6256644805278938,0.010850899089919687,753
1,0.1,Comm2,28,Comm2,0.6305050808085659,0.15971360605934376,394
1,0.1,Comm2,29,Comm2,0.6348807545907571,4.392911698759117,547
1,0.1,Comm2,30,Comm2,0.637651322025324,8.868302509784058,462
1,0.1,Comm2,31,Comm2,0.6376010962413242,21.24235175045505,662
1,0.1,Comm2,32,Comm2,0.6395739538449342,36.548466899208606,598
1,0.1,Comm2,33,Comm2,0.63375987657374,3.148087106660302,204
1,0.1,Comm2,34,Comm2,0.6300106127615571,0.02502379775183444,737
1,0.1,Comm2,35,Comm2,0.6327986120479877,0.5269445471744647,431
1,0.1,Comm2,36,Comm2,0.6262736463273936,0.009099044569720927,679
1,0.1,Comm2,37,Comm2,0.6293792856764833,0.15090769191919606,66
1,0.1,Comm2,38,Comm2,0.6270401806294015,0.007147890106136801,562
1,0.1,Comm2,39,Comm2,0.632801405864321,0.9101321507212682,92
1,0.1,Comm2,40,Comm2,0.6271946840675775,0.008141951659810296,844
1,0.1,Comm2,41,Comm2,0.6292404824855403,0.07834961766831622,564
1,0.1,Comm2,42,Comm2,0.6279996517807573,0.010361011783738903,260
1,0.1,Comm2,43,Comm2,0.6380132269580818,52.01897504440134,128
1,0.1,Comm2,44,Comm2,0.631097489349265,0.7334091569135035,904
1,0.1,Comm2,45,Comm2,0.6282923423881674,0.03317414526993425,351
1,0.1,Comm2,46,Comm2,0.6279186849845172,0.015219194524430314,262
1,0.1,Comm2,47,Comm2,0.6286829343570929,0.04660302255773871,829
1,0.1,Comm2,48,Comm2,0.6361543100024137,10.40205740110197,509
1,0.1,Comm2,49,Comm2,0.6304459631528536,0.27534871049796056,629
1,0.1,Comm2,50,Comm2,0.6289840429128173,0.03845416200568905,820
1,0.1,Comm2,51,Comm2,0.628531666973658,0.020158529562602914,818
1,0.1,Comm2,52,Comm2,0.6372251172674059,42.23310098746509,459
1,0.1,Comm2,53,Comm2,0.6262024599545912,0.004306480257596488,376
1,0.1,Comm2,54,Comm2,0.6291386314729619,0.05142647495917296,51
1,0.1,Comm2,55,Comm2,0.6381865292357184,35.104839490402746,425
1,0.1,Comm2,56,Comm2,0.6311557184552017,0.1898148495207862,897
1,0.1,Comm2,57,Comm2,0.6255070480638674,0.024937196173729602,452
1,0.1,Comm2,58,Comm2,0.6299507808270824,0.1499175728320056,257
1,0.1,Comm2,59,Comm2,0.6347845246830562,1.410257711910845,998
1,0.1,Comm2,60,Comm2,0.6300400655632012,0.68059923391333,451
1,0.1,Comm2,61,Comm2,0.6313787029705338,1.1256327669106325,125
1,0.1,Comm2,62,Comm2,0.6380585047081482,30.552931452187313,143
1,0.1,Comm2,63,Comm2,0.629231343132534,0.09401250488161038,937
1,0.1,Comm2,64,Comm2,0.6330351046779278,0.3250074453884876,610
1,0.1,Comm2,65,Comm2,0.6396556031156129,41.61855711020237,216
1,0.1,Comm2,66,Comm2,0.6345539313477527,9.432024307175231,883
1,0.1,Comm2,67,Comm2,0.6292571332626996,0.05811209286013915,979
1,0.1,Comm2,68,Comm2,0.6310235164919087,0.2621693651528725,132
1,0.1,Comm2,69,Comm2,0.6387565668746817,18.100747928820113,741
1,0.1,Comm2,70,Comm2,0.6264846462783669,0.00869450942431169,338
1,0.1,Comm2,71,Comm2,0.6391461992781267,45.94552432542573,55
1,0.1,Comm2,72,Comm2,0.6289299661767922,0.0367833399021655,34
1,0.1,Comm2,73,Comm2,0.6380028393102131,20.85642051779674,554
1,0.1,Comm2,74,Comm2,0.6322184782250073,0.6797594601705667,167
1,0.1,Comm2,75,Comm2,0.6277204020981919,0.010332729087884183,533
1,0.1,Comm2,76,Comm2,0.6333276479247587,4.1928420173051055,0
1,0.1,Comm2,77,Comm2,0.6383685238491874,61.576849092887485,323
1,0.1,Comm2,78,Comm2,0.6308141183121279,0.7456256686162379,56
1,0.1,Comm2,79,Comm2,0.6356140835973303,6.363455205704387,576
1,0.1,Comm2,80,Comm2,0.6245601772142254,0.0007047065661270353,761
1,0.1,Comm2,81,Comm2,0.6280293495299226,0.04569438465025946,41
1,0.1,Comm2,82,Comm2,0.6362927630322275,16.033409997680625,603
1,0.1,Comm2,83,Comm2,0.6310734080920997,0.15367001108953007,959
1,0.1,Comm2,84,Comm2,0.6274486812993293,0.02129540360545448,716
1,0.1,Comm2,85,Comm2,0.6359737737223062,1.0587591062299901,733
1,0.1,Comm2,86,Comm2,0.6244864680268851,0.002055471854986004,131
1,0.1,Comm2,87,Comm2,0.6307542845554475,0.5267553383848779,242
1,0.1,Comm2,88,Comm2,0.6280428670346893,0.05092450688439413,582
1,0.1,Comm2,89,Comm2,0.6378505822615088,23.688643970400175,751
1,0.1,Comm2,90,Comm2,0.6362613417721722,8.991408889989602,322
1,0.1,Comm2,91,Comm2,0.6245625592456258,0.0012498488395948548,87
1,0.1,Comm2,92,Comm2,0.624649050863012,0.0024880675503201307,400
1,0.1,Comm2,93,Comm2,0.6318637401502362,0.8243242952289508,389
1,0.1,Comm2,94,Comm2,0.6295003306925262,0.01917166207121578,718
1,0.1,Comm2,95,Comm2,0.6332056141450987,3.24737003594508,824
1,0.1,Comm2,96,Comm2,0.6308983770066166,0.09719077616464365,169
1,0.1,Comm2,97,Comm2,0.6266356543601606,0.01630336062421673,636
1,0.1,Comm2,98,Comm2,0.6264507391761595,0.013199343701953805,159
1,0.1,Comm2,99,Comm2,0.635357688590327,5.303078046748574,701
1,0.1,Comm2,100,Comm2,0.6306106665495025,0.5578454346468626,259
1,0.1,Comm3,1,Comm1,0.6378387334712521,11.875789774173457,214
1,0.1,Comm3,2,Comm1,0.6241384558602912,4.79683667076157e-09,869
1,0.1,Comm3,3,Comm1,0.6252766957711096,1.16933766934364e-05,498
1,0.1,Comm3,4,Comm1,0.6331420987413794,0.012955796091819304,409
1,0.1,Comm3,5,Comm1,0.6289563541093962,0.000500260053296466,483
1,0.1,Comm3,6,Comm1,0.625920027382985,4.716307669712534e-06,280
1,0.1,Comm3,7,Comm1,0.6397066777133922,49.063190142879904,422
1,0.1,Comm3,8,Comm1,0.6324705939280177,0.051172424156769106,854
1,0.1,Comm3,9,Comm1,0.629220825217622,0.00200194370689698,574
1,0.1,Comm3,10,Comm1,0.6276451515273082,4.52701418251251e-05,193
1,0.1,Comm3,11,Comm1,0.6314615464804605,0.009890268677514835,468
1,0.1,Comm3,12,Comm1,0.6279379809846201,3.4794069034402434e-05,116
1,0.1,Comm3,13,Comm1,0.6262509151024384,1.1660916307935785e-06,571
1,0.1,Comm3,14,Comm1,0.6397991043174542,13.728627578111753,149
1,0.1,Comm3,15,Comm1,0.6292004543230544,0.0005711839580721153,709
1,0.1,Comm3,16,Comm1,0.628703171130625,0.00030574626789925364,612
1,0.1,Comm3,17,Comm1,0.6263341528986155,2.484683271928842e-06,343
1,0.1,Comm3,18,Comm1,0.6321935849731263,0.02164057995478635,885
1,0.1,Comm3,19,Comm1,0.6241821415294008,1.9200773076518707e-05,171
1,0.1,Comm3,20,Comm1,0.6349637490028156,0.269822546781986,712
1,0.1,Comm3,21,Comm1,0.6382798579810373,7.6032622618866705,873
1,0.1,Comm3,22,Comm1,0.6380039791988931,31.398041338900075,853
1,0.1,Comm3,23,Comm1,0.634863578973323,1.798021163981193,958
1,0.1,Comm3,24,Comm1,0.6353584503730014,0.7001469740784514,486
1,0.1,Comm3,25,Comm1,0.6289171565198823,0.0002638215973090577,377
1,0.1,Comm3,26,Comm1,0.6254624719505105,1.0772177825140407e-06,46
1,0.1,Comm3,27,Comm1,0.6359621327759267,0.06497184894065132,284
1,0.1,Comm3,28,Comm1,0.6311001562561535,0.0008399017597404291,140
1,0.1,Comm3,29,Comm1,0.6272545811518834,3.303005259806686e-05,356
1,0.1,Comm3,30,Comm1,0.6285448688086017,0.03644955804003454,766
1,0.1,Comm3,31,Comm1,0.6253502984037396,8.775746029734606e-09,202
1,0.1,Comm3,32,Comm1,0.6396427131521311,42.7755379166015,335
1,0.1,Comm3,33,Comm1,0.6281587593094546,1.454471028313338e-05,661
1,0.1,Comm3,34,Comm1,0.6347736815716465,5.204304832432971,100
1,0.1,Comm3,35,Comm1,0.6276192114040932,3.811258219490119e-06,584
1,0.1,Comm3,36,Comm1,0.636613950143999,19.88206661860545,52
1,0.1,Comm3,37,Comm1,0.6311548483410279,0.00885471694257693,126
1,0.1,Comm3,38,Comm1,0.6377119067478703,25.930156105235596,361
1,0.1,Comm3,39,Comm1,0.6352753792896025,2.9557599633840175,796
1,0.1,Comm3,40,Comm1,0.6286887000760197,0.00010562033126334418,682
1,0.1,Comm3,41,Comm1,0.6320010820624127,0.005609421250568135,938
1,0.1,Comm3,42,Comm1,0.6374336771276856,40.373844975675546,372
1,0.1,Comm3,43,Comm1,0.6339747149640674,0.20489453374343913,252
1,0.1,Comm3,44,Comm1,0.6253375063511375,2.405800602471568e-07,491
1,0.1,Comm3,45,Comm1,0.6325782754575955,0.05188603974715522,553
1,0.1,Comm3,46,Comm1,0.6302987286135469,0.0007208446208467731,168
1,0.1,Comm3,47,Comm1,0.632688394761029,0.015178075637749438,387
1,0.1,Comm3,48,Comm1,0.6318867212274538,0.026267986168784313,769
1,0.1,Comm3,49,Comm1,0.6338239358236385,0.012495769137654614,984
1,0.1,Comm3,50,Comm1,0.6396901286740753,22.845152182754113,50
1,0.1,Comm3,51,Comm1,0.6308553265163948,0.220956630997921,985
1,0.1,Comm3,52,Comm1,0.6335617196822763,0.5011029236031502,435
1,0.1,Comm3,53,Comm1,0.6315434641571591,0.023799970470327277,919
1,0.1,Comm3,54,Comm1,0.631295838098977,0.0021843474102866715,328
1,0.1,Comm3,55,Comm1,0.6377197065957466,10.130814223066832,596
1,0.1,Comm3,56,Comm1,0.6395634044237206,22.312937109042924,478
1,0.1,Comm3,57,Comm1,0.6354591706408499,0.29688416407741713,991
1,0.1,Comm3,58,Comm1,0.6265923526072363,1.3114415011991806e-06,738
1,0.1,Comm3,59,Comm1,0.6370198366179572,5.28281827458916,6
1,0.1,Comm3,60,Comm1,0.6360416634143619,3.863141962976833,493
1,0.1,Comm3,61,Comm1,0.636808071261783,13.131835144950669,871
1,0.1,Comm3,62,Comm1,0.6241782225774962,5.103316573933519e-07,40
1,0.1,Comm3,63,Comm1,0.6301256813820686,0.035069532328565266,99
1,0.1,Comm3,64,Comm1,0.6333751041948871,0.04996732541730369,61
1,0.1,Comm3,65,Comm1,0.6246737675175922,2.4885009796160353e-05,32
1,0.1,Comm3,66,Comm1,0.6266423352378911,1.99186343374589e-06,609
1,0.1,Comm3,67,Comm1,0.629678629755833,0.0017931944009968014,857
1,0.1,Comm3,68,Comm1,0.6347155690155987,0.04042618467433988,792
1,0.1,Comm3,69,Comm1,0.6336371706082317,0.757683647058796,74
1,0.1,Comm3,70,Comm1,0.6262206137861313,9.000864732929608e-07,746
1,0.1,Comm3,71,Comm1,0.6349222014508453,0.2013660533845389,170
1,0.1,Comm3,72,Comm1,0.6255749986452908,1.1681765534244524e-07,523
1,0.1,Comm3,73,Comm1,0.6315892888903842,0.0034463223322193297,886
1,0.1,Comm3,74,Comm1,0.6288060290816065,0.012376091395118818,962
1,0.1,Comm3,75,Comm1,0.6340775331591402,0.09078581533165182,642
1,0.1,Comm3,76,Comm1,0.6319438478424255,0.006072685361237419,934
1,0.1,Comm3,77,Comm1,0.6296135328462004,0.0013889092994076747,573
1,0.1,Comm3,78,Comm1,0.6395554664184211,31.519919938880832,426
1,0.1,Comm3,79,Comm1,0.6371125038560782,3.933212560528599,911
1,0.1,Comm3,80,Comm1,0.6398730739808877,38.86652113844555,739
1,0.1,Comm3,81,Comm1,0.6313819634787785,0.002185309012979356,442
1,0.1,Comm3,82,Comm1,0.6327706200092662,0.0006499916072886932,915
1,0.1,Comm3,83,Comm1,0.6355506392221923,2.0908786043183762,676
1,0.1,Comm3,84,Comm1,0.6267774880379305,2.2622486045285454e-06,342
1,0.1,Comm3,85,Comm1,0.6312584509436739,0.00099699985799408,231
1,0.1,Comm3,86,Comm1,0.6367583659964854,2.3761250171902617,617
1,0.1,Comm3,87,Comm1,0.6271898772371103,0.00018135304079940285,134
1,0.1,Comm3,88,Comm1,0.625451308727292,9.266548919822278e-06,456
1,0.1,Comm3,89,Comm1,0.6289222380540257,0.003984375725612565,822
1,0.1,Comm3,90,Comm1,0.6331737734677098,0.2092149471587633,845
1,0.1,Comm3,91,Comm1,0.6335574903652013,0.07725078163129748,957
1,0.1,Comm3,92,Comm1,0.6310445282871336,0.0003495725049693113,148
1,0.1,Comm3,93,Comm1,0.6249842897302922,6.403056324430885e-07,812
1,0.1,Comm3,94,Comm1,0.6269982305914747,8.267201732939626e-06,461
1,0.1,Comm3,95,Comm1,0.629011068373488,0.0030936255153643315,565
1,0.1,Comm3,96,Comm1,0.6298831469211182,0.00020597589308340305,354
1,0.1,Comm3,97,Comm1,0.6258240324613542,1.3063056083940037e-05,926
1,0.1,Comm3,98,Comm1,0.6275544243702532,2.0304993282779407e-06,772
1,0.1,Comm3,99,Comm1,0.6350127533164962,0.20786944010352307,996
1,0.1,Comm3,100,Comm1,0.6389150890505448,27.01373283946497,727
1,0.1,Comm3,101,Comm2,0.6302587012128993,2.761241814507112e-06,807
1,0.1,Comm3,102,Comm2,0.6310637351852397,3.406314730359704e-05,482
1,0.1,Comm3,103,Comm2,0.6296356698690005,8.208402561054245e-05,774
1,0.1,Comm3,104,Comm2,0.6275240912722785,8.81137145974278e-07,814
1,0.1,Comm3,105,Comm2,0.628622040659747,8.78415455536151e-06,454
1,0.1,Comm3,106,Comm2,0.6317329794732554,0.012834313632812077,681
1,0.1,Comm3,107,Comm2,0.6270817393806477,3.1005918756335995e-07,73
1,0.1,Comm3,108,Comm2,0.6280746491054963,1.5643878061218884e-05,175
1,0.1,Comm3,109,Comm2,0.6269998831332051,2.6765990192608056e-07,990
1,0.1,Comm3,110,Comm2,0.6330625227636295,0.005058275528055697,472
1,0.1,Comm3,111,Comm2,0.6264329697209045,6.83616963486477e-08,732
1,0.1,Comm3,112,Comm2,0.6317142392292431,0.0020375588672067505,730
1,0.1,Comm3,113,Comm2,0.6341350936983803,0.01421653452366907,471
1,0.1,Comm3,114,Comm2,0.6327615227720567,0.0005948083429847455,430
1,0.1,Comm3,115,Comm2,0.6244191667531641,3.9570841353916345e-09,274
1,0.1,Comm3,116,Comm2,0.6310935489888776,0.00011563417909264985,201
1,0.1,Comm3,117,Comm2,0.6327543440007757,0.019578273442875962,484
1,0.1,Comm3,118,Comm2,0.6376909535963353,3.9507519695391973,764
1,0.1,Comm3,119,Comm2,0.6282911934537232,1.7970324460237e-05,455
1,0.1,Comm3,120,Comm2,0.6318217363472459,0.0031589302211158026,398
1,0.1,Comm3,121,Comm2,0.6256573343606907,8.294647577608746e-08,692
1,0.1,Comm3,122,Comm2,0.6357712402763694,0.05270395796209803,463
1,0.1,Comm3,123,Comm2,0.6267136068794024,1.8311061497589785e-07,572
1,0.1,Comm3,124,Comm2,0.6344772471815167,0.017996012285269262,306
1,0.1,Comm3,125,Comm2,0.6363389812646341,0.7076129126043698,513
1,0.1,Comm3,126,Comm2,0.6333027515877743,0.018907223286903186,756
1,0.1,Comm3,127,Comm2,0.6256644805278938,1.4422488338493902e-06,753
1,0.1,Comm3,128,Comm2,0.6305050808085659,9.326359436851875e-06,394
1,0.1,Comm3,129,Comm2,0.6348807545907571,0.009718159736678,547
1,0.1,Comm3,130,Comm2,0.637651322025324,0.35273554902963083,462
1,0.1,Comm3,131,Comm2,0.6376010962413242,2.632159093299308,662
1,0.1,Comm3,132,Comm2,0.6395739538449342,17.49257983541126,598
1,0.1,Comm3,133,Comm2,0.63375987657374,0.015152721150568234,204
1,0.1,Comm3,134,Comm2,0.6300106127615571,4.320587462593806e-06,737
1,0.1,Comm3,135,Comm2,0.6327986120479877,0.00046745027614366084,431
1,0.1,Comm3,136,Comm2,0.6262736463273936,4.111419537812791e-07,679
1,0.1,Comm3,137,Comm2,0.6293792856764833,0.00015254206292996064,66
1,0.1,Comm3,138,Comm2,0.6270401806294015,3.7688893509993214e-08,562
1,0.1,Comm3,139,Comm2,0.632801405864321,0.0022701878322927715,92
1,0.1,Comm3,140,Comm2,0.6271946840675775,1.6992306043636304e-06,844
1,0.1,Comm3,141,Comm2,0.6292404824855403,4.397339827469733e-05,564
1,0.1,Comm3,142,Comm2,0.6279996517807573,8.335734131743418e-07,260
1,0.1,Comm3,143,Comm2,0.6380132269580818,7.609405142024693,128
1,0.1,Comm3,144,Comm2,0.631097489349265,0.0008944803796097284,904
1,0.1,Comm3,145,Comm2,0.6282923423881674,4.02210163979564e-06,351
1,0.1,Comm3,146,Comm2,0.6279186849845172,3.4373901382772046e-06,262
1,0.1,Comm3,147,Comm2,0.6286829343570929,1.445001488357979e-05,829
1,0.1,Comm3,148,Comm2,0.6361543100024137,0.3169783936755351,509
1,0.1,Comm3,149,Comm2,0.6304459631528536,0.00029595724943560245,629
1,0.1,Comm3,150,Comm2,0.6289840429128173,1.7058785020208447e-05,820
1,0.1,Comm3,151,Comm2,0.628531666973658,1.2148230166162296e-05,818
1,0.1,Comm3,152,Comm2,0.6372251172674059,8.48716202475702,459
1,0.1,Comm3,153,Comm2,0.6262024599545912,2.495342978453036e-08,376
1,0.1,Comm3,154,Comm2,0.6291386314729619,3.404009340494296e-05,51
1,0.1,Comm3,155,Comm2,0.6381865292357184,14.492344741925177,425
1,0.1,Comm3,156,Comm2,0.6311557184552017,0.000180388211577752,897
1,0.1,Comm3,157,Comm2,0.6255070480638674,8.549056298250533e-07,452
1,0.1,Comm3,158,Comm2,0.6299507808270824,5.2203902639415416e-05,257
1,0.1,Comm3,159,Comm2,0.6347845246830562,0.07059521637905357,998
1,0.1,Comm3,160,Comm2,0.6300400655632012,0.0012011613099325146,451
1,0.1,Comm3,161,Comm2,0.6313787029705338,0.0025461431109934205,125
1,0.1,Comm3,162,Comm2,0.6380585047081482,9.969825492583904,143
1,0.1,Comm3,163,Comm2,0.629231343132534,1.4976832823257352e-05,937
1,0.1,Comm3,164,Comm2,0.6330351046779278,0.0031466035593525755,610
1,0.1,Comm3,165,Comm2,0.6396556031156129,13.72516165459227,216
1,0.1,Comm3,166,Comm2,0.6345539313477527,0.6809780182197936,883
1,0.1,Comm3,167,Comm2,0.6292571332626996,4.727023688190545e-06,979
1,0.1,Comm3,168,Comm2,0.6310235164919087,0.0006273054335353889,132
1,0.1,Comm3,169,Comm2,0.6387565668746817,6.8930282487042005,741
1,0.1,Comm3,170,Comm2,0.6264846462783669,3.1029137014921643e-06,338
1,0.1,Comm3,171,Comm2,0.6391461992781267,16.636478228575903,55
1,0.1,Comm3,172,Comm2,0.6289299661767922,5.0963849170550735e-06,34
1,0.1,Comm3,173,Comm2,0.6380028393102131,3.9343513319765804,554
1,0.1,Comm3,174,Comm2,0.6322184782250073,0.0003825034985202145,167
1,0.1,Comm3,175,Comm2,0.6277204020981919,1.5775996089382641e-06,533
1,0.1,Comm3,176,Comm2,0.6333276479247587,0.030551719610233345,0
1,0.1,Comm3,177,Comm2,0.6383685238491874,40.17074169961124,323
1,0.1,Comm3,178,Comm2,0.6308141183121279,0.0006812231674667092,56
1,0.1,Comm3,179,Comm2,0.6356140835973303,0.6390386189301991,576
1,0.1,Comm3,180,Comm2,0.6245601772142254,5.2993515237794735e-09,761
1,0.1,Comm3,181,Comm2,0.6280293495299226,1.3032985097695465e-05,41
1,0.1,Comm3,182,Comm2,0.6362927630322275,0.5356623357319253,603
1,0.1,Comm3,183,Comm2,0.6310734080920997,0.00015200229470456065,959
1,0.1,Comm3,184,Comm2,0.6274486812993293,1.2260319621889524e-06,716
1,0.1,Comm3,185,Comm2,0.6359737737223062,0.017503113404586264,733
1,0.1,Comm3,186,Comm2,0.6244864680268851,-9.175988963667978e-10,131
1,0.1,Comm3,187,Comm2,0.6307542845554475,0.0009049336170259358,242
1,0.1,Comm3,188,Comm2,0.6280428670346893,2.3853478490760425e-06,582
1,0.1,Comm3,189,Comm2,0.6378505822615088,4.79222859281054,751
1,0.1,Comm3,190,Comm2,0.6362613417721722,1.049547592924728,322
1,0.1,Comm3,191,Comm2,0.6245625592456258,1.6246429874412756e-07,87
1,0.1,Comm3,192,Comm2,0.624649050863012,1.6109036407828114e-08,400
1,0.1,Comm3,193,Comm2,0.6318637401502362,0.00038627540356454376,389
1,0.1,Comm3,194,Comm2,0.6295003306925262,1.0047179980299541e-05,718
1,0.1,Comm3,195,Comm2,0.6332056141450987,0.035816071709263986,824
1,0.1,Comm3,196,Comm2,0.6308983770066166,0.00015908978029709745,169
1,0.1,Comm3,197,Comm2,0.6266356543601606,1.3127214323109263e-06,636
1,0.1,Comm3,198,Comm2,0.6264507391761595,1.0866761480660266e-06,159
1,0.1,Comm3,199,Comm2,0.635357688590327,0.06853195654845397,701
1,0.1,Comm3,200,Comm2,0.6306106665495025,0.0007895075992238253,259
2,0.01,Comm1,1,Comm1,0.6248380005168978,0.004228127452559729,761
2,0.01,Comm1,2,Comm1,0.6375979536582417,5.221455370837268,564
2,0.01,Comm1,3,Comm1,0.6372923928546532,17.60139785251932,63
2,0.01,Comm1,4,Comm1,0.6255479204559238,0.0029594458479212564,957
2,0.01,Comm1,5,Comm1,0.6263113123216456,0.00679915870519341,660
2,0.01,Comm1,6,Comm1,0.6384417456118411,41.4554848111475,809
2,0.01,Comm1,7,Comm1,0.6258992849208237,0.0017580372099942087,832
2,0.01,Comm1,8,Comm1,0.6368304699496091,15.93672223640806,547
2,0.01,Comm1,9,Comm1,0.6385232709107779,49.54429899040912,977
2,0.01,Comm1,10,Comm1,0.6388427948301839,74.02326348074206,514
2,0.01,Comm1,11,Comm1,0.6331265820950975,1.5176187909314287,259
2,0.01,Comm1,12,Comm1,0.6374032224239631,18.47792773204836,38
2,0.01,Comm1,13,Comm1,0.6363507489111208,17.228686090147825,708
2,0.01,Comm1,14,Comm1,0.624923851317737,0.005872944418037351,764
2,0.01,Comm1,15,Comm1,0.6349878635451246,8.694074943284194,90
2,0.01,Comm1,16,Comm1,0.6241332619640123,0.0009585280081303972,612
2,0.01,Comm1,17,Comm1,0.6338097618348677,1.8849010527277843,73
2,0.01,Comm1,18,Comm1,0.6312577764805714,1.0586883489125687,440
2,0.01,Comm1,19,Comm1,0.6311843535148092,0.3354908235416937,87
2,0.01,Comm1,20,Comm1,0.6252728550303752,0.01042227559675434,851
2,0.01,Comm1,21,Comm1,0.6315337264915674,0.1795100372161445,11
2,0.01,Comm1,22,Comm1,0.6310218928453737,0.16212060848332516,861
2,0.01,Comm1,23,Comm1,0.6331941233295137,1.6381174191797412,168
2,0.01,Comm1,24,Comm1,0.6273227164910997,0.022963780211609115,216
2,0.01,Comm1,25,Comm1,0.6338097175821031,5.082210385878136,35
2,0.01,Comm1,26,Comm1,0.6380793633251616,19.096713902613317,250
2,0.01,Comm1,27,Comm1,0.6344869759753371,0.7027757681156909,790
2,0.01,Comm1,28,Comm1,0.6304067326125983,0.2707059938694605,723
2,0.01,Comm1,29,Comm1,0.63859539912184,26.25940875337334,270
2,0.01,Comm1,30,Comm1,0.6340596612533137,2.9660885473234075,305
2,0.01,Comm1,31,Comm1,0.6249492966741645,0.001786396599443406,750
2,0.01,Comm1,32,Comm1,0.6263184002092409,0.003401956773841143,461
2,0.01,Comm1,33,Comm1,0.6269443272228402,0.0038790220553500264,592
2,0.01,Comm1,34,Comm1,0.6382850015322948,28.09779033227244,225
2,0.01,Comm1,35,Comm1,0.63746887615779,18.478964362601058,898
2,0.01,Comm1,36,Comm1,0.6346616547715969,5.035840468257581,568
2,0.01,Comm1,37,Comm1,0.6261218954054956,0.0039040869009328164,215
2,0.01,Comm1,38,Comm1,0.6333615066020051,1.7770951480063912,85
2,0.01,Comm1,39,Comm1,0.6275750530400462,0.022567987669228802,47
2,0.01,Comm1,40,Comm1,0.624570130619108,0.0035464221061748207,383
2,0.01,Comm1,41,Comm1,0.6254316497407318,0.011127165031701646,773
2,0.01,Comm1,42,Comm1,0.6316138984792822,0.4460906857111865,471
2,0.01,Comm1,43,Comm1,0.6249764978564725,0.004524858408901727,558
2,0.01,Comm1,44,Comm1,0.6298489928531632,0.4873147806563503,733
2,0.01,Comm1,45,Comm1,0.6264781901508047,0.007433313045899102,136
2,0.01,Comm1,46,Comm1,0.6262745677049677,0.025403094685714816,183
2,0.01,Comm1,47,Comm1,0.6350155295465121,6.265383486806764,346
2,0.01,Comm1,48,Comm1,0.6386715440177221,26.323092929769114,582
2,0.01,Comm1,49,Comm1,0.6278011110671565,0.022703556998282817,481
2,0.01,Comm1,50,Comm1,0.6363950115138179,5.1976399143589695,890
2,0.01,Comm1,51,Comm1,0.6370887747563133,9.5087216708958,696
2,0.01,Comm1,52,Comm1,0.6310567872848437,0.3001011233021102,271
2,0.01,Comm1,53,Comm1,0.635730763598354,8.795973104425833,9
2,0.01,Comm1,54,Comm1,0.6329234391123373,2.401624555499694,638
2,0.01,Comm1,55,Comm1,0.6289664081149429,0.26724044105293904,971
2,0.01,Comm1,56,Comm1,0.6352170541286004,11.453308043353745,968
2,0.01,Comm1,57,Comm1,0.6276290148891166,0.0267559838496243,507
2,0.01,Comm1,58,Comm1,0.6332026202292892,0.6029968035927737,604
2,0.01,Comm1,59,Comm1,0.6330636323337775,8.213186535792142,822
2,0.01,Comm1,60,Comm1,0.6332126989045418,2.06807448639547,510
2,0.01,Comm1,61,Comm1,0.6318781202132486,0.19173159212328533,170
2,0.01,Comm1,62,Comm1,0.6323253817941954,0.18606372206377514,665
2,0.01,Comm1,63,Comm1,0.6354370348721534,6.921164762157449,891
2,0.01,Comm1,64,Comm1,0.6310742238589389,0.2697630014354163,842
2,0.01,Comm1,65,Comm1,0.6365000511232357,8.188115919736578,713
2,0.01,Comm1,66,Comm1,0.6242695448742844,0.001554669442849267,68
2,0.01,Comm1,67,Comm1,0.6329528834087751,0.6569076418918484,752
2,0.01,Comm1,68,Comm1,0.6304967029722005,0.3235052189911122,799
2,0.01,Comm1,69,Comm1,0.6346758406781288,4.0547035533492375,363
2,0.01,Comm1,70,Comm1,0.6248643656873771,0.0023004295946860128,973
2,0.01,Comm1,71,Comm1,0.6250375429863758,0.010539054715924725,335
2,0.01,Comm1,72,Comm1,0.6341494309736183,2.983056780249159,498
2,0.01,Comm1,73,Comm1,0.6282647684331039,0.04339104918272997,835
2,0.01,Comm1,74,Comm1,0.6338420816444437,2.4891713090102834,413
2,0.01,Comm1,75,Comm1,0.6319222143185864,0.37688890772460293,793
2,0.01,Comm1,76,Comm1,0.631481535774574,0.3620358771533102,689
2,0.01,Comm1,77,Comm1,0.6336130845230794,3.166475337155319,926
2,0.01,Comm1,78,Comm1,0.6291900284493921,0.08864239683928685,611
2,0.01,Comm1,79,Comm1,0.6325870436089096,2.4837370288036587,533
2,0.01,Comm1,80,Comm1,0.6371726054146492,17.404478616161366,117
2,0.01,Comm1,81,Comm1,0.6388758772239473,34.45414808103439,830
2,0.01,Comm1,82,Comm1,0.6257025041131429,0.005661858933097601,919
2,0.01,Comm1,83,Comm1,0.6359323729575914,5.496057614124972,327
2,0.01,Comm1,84,Comm1,0.6287879624542856,0.03548389419535722,39
2,0.01,Comm1,85,Comm1,0.6351512603504953,4.275048149806258,916
2,0.01,Comm1,86,Comm1,0.6337866530861638,2.804006373472452,195
2,0.01,Comm1,87,Comm1,0.6254475214401367,0.0005829080340254106,417
2,0.01,Comm1,88,Comm1,0.6247313818150988,0.0011983949036378052,355
2,0.01,Comm1,89,Comm1,0.634841891262934,4.201465440509022,573
2,0.01,Comm1,90,Comm1,0.6285868550054816,0.03885208408854883,265
2,0.01,Comm1,91,Comm1,0.6305001540768701,0.5541378731972096,486
2,0.01,Comm1,92,Comm1,0.6301559268245717,0.18726475815535554,164
2,0.01,Comm1,93,Comm1,0.6342582144520812,5.483369047634374,567
2,0.01,Comm1,94,Comm1,0.63649886741873,7.122331964136365,202
2,0.01,Comm1,95,Comm1,0.6295321290459028,0.053038081485510535,485
2,0.01,Comm1,96,Comm1,0.6374165349937332,20.256807109463328,141
2,0.01,Comm1,97,Comm1,0.6249366962101897,0.005460307147113047,756
2,0.01,Comm1,98,Comm1,0.6314525654931523,1.0695141817856861,636
2,0.01,Comm1,99,Comm1,0.6245671827185717,0.0020152939725070554,40
2,0.01,Comm1,100,Comm1,0.6253325662086737,0.0020196961886163093,198
2,0.01,Comm2,1,Comm2,0.6321711793899661,0.5187691931022091,294
2,0.01,Comm2,2,Comm2,0.6321198162522872,0.44027255909664004,705
2,0.01,Comm2,3,Comm2,0.6298149853090468,0.014363768285325283,482
2,0.01,Comm2,4,Comm2,0.6286724612700972,0.03565732609044394,175
2,0.01,Comm2,5,Comm2,0.6319162124797032,0.7655938421002672,34
2,0.01,Comm2,6,Comm2,0.6321398987629968,0.8129544311329981,853
2,0.01,Comm2,7,Comm2,0.6362295995181086,7.607701754539011,641
2,0.01,Comm2,8,Comm2,0.6353809863733757,2.51187239473864,688
2,0.01,Comm2,9,Comm2,0.6397775387970451,32.92261200454424,529
2,0.01,Comm2,10,Comm2,0.6249092684373246,0.0018166587085013198,322
2,0.01,Comm2,11,Comm2,0.6247707848315147,0.010687393182320055,743
2,0.01,Comm2,12,Comm2,0.633024081565728,0.6887348573788779,0
2,0.01,Comm2,13,Comm2,0.629715540651648,0.016931770780968115,602
2,0.01,Comm2,14,Comm2,0.6325529373675621,1.427799106456352,798
2,0.01,Comm2,15,Comm2,0.6385989998559821,45.07287215200799,150
2,0.01,Comm2,16,Comm2,0.6249212702016457,0.000946794857178915,304
2,0.01,Comm2,17,Comm2,0.6317827500597479,0.347347938671955,13
2,0.01,Comm2,18,Comm2,0.6245261898958033,0.001059475677800943,312
2,0.01,Comm2,19,Comm2,0.6312054003539407,0.41724824019637796,2
2,0.01,Comm2,20,Comm2,0.6355343987416979,3.9930074209982687,802
2,0.01,Comm2,21,Comm2,0.632885090844124,0.5039575668849909,565
2,0.01,Comm2,22,Comm2,0.6388214240459852,29.197839149655163,727
2,0.01,Comm2,23,Comm2,0.6310902373401078,0.5187871191243408,323
2,0.01,Comm2,24,Comm2,0.637047931766893,7.6755884343552205,860
2,0.01,Comm2,25,Comm2,0.6307327686389083,0.12948570945772922,484
2,0.01,Comm2,26,Comm2,0.6365453409150466,2.4805040708329917,679
2,0.01,Comm2,27,Comm2,0.6372502985287931,3.55402667663602,918
2,0.01,Comm2,28,Comm2,0.6339466131711862,3.2618225031445514,963
2,0.01,Comm2,29,Comm2,0.6332216170169874,1.6615145677503143,516
2,0.01,Comm2,30,Comm2,0.6360315498812931,7.731934805824993,805
2,0.01,Comm2,31,Comm2,0.6283374963979043,0.03513760216057594,648
2,0.01,Comm2,32,Comm2,0.6309859822345754,0.10039536924607811,205
2,0.01,Comm2,33,Comm2,0.6266914626725693,0.0036607926616857404,691
2,0.01,Comm2,34,Comm2,0.6323525438228428,2.2009859688391327,765
2,0.01,Comm2,35,Comm2,0.6301958571706696,0.141511841445052,663
2,0.01,Comm2,36,Comm2,0.6272800291035227,0.007082157013518202,655
2,0.01,Comm2,37,Comm2,0.6291452558428497,0.03915049221661666,362
2,0.01,Comm2,38,Comm2,0.6373692946212782,14.063811518931274,173
2,0.01,Comm2,39,Comm2,0.6323416843534909,0.2713881390331445,675
2,0.01,Comm2,40,Comm2,0.6250722356675217,0.0011098922217955098,642
2,0.01,Comm2,41,Comm2,0.6246920385070841,0.0003921125934955618,179
2,0.01,Comm2,42,Comm2,0.6285918833032481,0.037731636298526876,230
2,0.01,Comm2,43,Comm2,0.6383720830245857,31.394551304695128,263
2,0.01,Comm2,44,Comm2,0.6391644363618534,17.908601139959192,154
2,0.01,Comm2,45,Comm2,0.6329383212903226,1.0422270457176455,69
2,0.01,Comm2,46,Comm2,0.6367968584993254,13.988042777098523,661
2,0.01,Comm2,47,Comm2,0.6393041648330196,28.834986765311815,320
2,0.01,Comm2,48,Comm2,0.6338095945118021,1.11483048180048,238
2,0.01,Comm2,49,Comm2,0.6306146482321273,0.1810120040750309,826
2,0.01,Comm2,50,Comm2,0.6289092279519524,0.03674288632433049,523
2,0.01,Comm2,51,Comm2,0.634569031313162,8.025231420465351,933
2,0.01,Comm2,52,Comm2,0.6299038173601295,0.11719971202562404,683
2,0.01,Comm2,53,Comm2,0.6333683320075938,0.7014878934419485,235
2,0.01,Comm2,54,Comm2,0.6282120470994061,0.016004312992778838,75
2,0.01,Comm2,55,Comm2,0.6335800195242797,0.5078206412510576,964
2,0.01,Comm2,56,Comm2,0.6354230034945861,3.319204697886737,674
2,0.01,Comm2,57,Comm2,0.6389951129911067,22.14423097840165,376
2,0.01,Comm2,58,Comm2,0.6372154187236393,14.548122519272528,985
2,0.01,Comm2,59,Comm2,0.635844083956046,5.871496265639363,72
2,0.01,Comm2,60,Comm2,0.6252588040029105,0.009875827936785033,586
2,0.01,Comm2,61,Comm2,0.6384660269649157,40.79193151202704,302
2,0.01,Comm2,62,Comm2,0.6270039346713525,0.010341218146141008,719
2,0.01,Comm2,63,Comm2,0.6346537123230216,2.441639568413792,603
2,0.01,Comm2,64,Comm2,0.6351909849833051,2.7466547697612453,896
2,0.01,Comm2,65,Comm2,0.6333641106528994,1.286730079939097,801
2,0.01,Comm2,66,Comm2,0.6391579269039712,47.4265013826928,631
2,0.01,Comm2,67,Comm2,0.6313113801462364,0.31087155518631904,951
2,0.01,Comm2,68,Comm2,0.6393312366429551,54.65841544082134,91
2,0.01,Comm2,69,Comm2,0.6333686391178734,0.7116902891420984,184
2,0.01,Comm2,70,Comm2,0.6259849588412154,0.011134616421285996,396
2,0.01,Comm2,71,Comm2,0.6355760859504821,3.679875409026667,837
2,0.01,Comm2,72,Comm2,0.6263180854271329,0.009563849697007194,239
2,0.01,Comm2,73,Comm2,0.6366144386653416,13.026021856176717,341
2,0.01,Comm2,74,Comm2,0.6255578892739362,0.013864414291860062,732
2,0.01,Comm2,75,Comm2,0.629305167263743,0.021624670820960604,158
2,0.01,Comm2,76,Comm2,0.633161960489313,1.433042306115866,551
2,0.01,Comm2,77,Comm2,0.6333319449568745,0.8102756419605631,95
2,0.01,Comm2,78,Comm2,0.6340337138558123,0.895911703155841,301
2,0.01,Comm2,79,Comm2,0.6388067534547114,40.35545550768838,981
2,0.01,Comm2,80,Comm2,0.6325031573428044,0.09811403073877031,745
2,0.01,Comm2,81,Comm2,0.6361090836890627,2.1778093337794404,786
2,0.01,Comm2,82,Comm2,0.6249421460218622,0.0008437385007677638,210
2,0.01,Comm2,83,Comm2,0.6322708826311721,0.8205411286978768,33
2,0.01,Comm2,84,Comm2,0.6329177037771516,2.205767691884189,652
2,0.01,Comm2,85,Comm2,0.6257293507562485,0.005922417138707652,818
2,0.01,Comm2,86,Comm2,0.6299358486853031,0.2589560352851853,369
2,0.01,Comm2,87,Comm2,0.6240694874031228,0.002528136857658597,904
2,0.01,Comm2,88,Comm2,0.6380544238394646,29.061621451862937,615
2,0.01,Comm2,89,Comm2,0.630211450641603,0.03498898202633159,952
2,0.01,Comm2,90,Comm2,0.6297067446512661,0.09096749308211638,434
2,0.01,Comm2,91,Comm2,0.6290869142215073,0.03094968892099125,596
2,0.01,Comm2,92,Comm2,0.6249851035782376,0.0006163668158148391,716
2,0.01,Comm2,93,Comm2,0.6283091167915822,0.020906512608483006,222
2,0.01,Comm2,94,Comm2,0.6347080475812896,0.7046645068331651,232
2,0.01,Comm2,95,Comm2,0.6355157073956766,7.442947315612796,342
2,0.01,Comm2,96,Comm2,0.6330385211777492,2.8126356348855253,457
2,0.01,Comm2,97,Comm2,0.6287259600140727,0.015252882109833875,149
2,0.01,Comm2,98,Comm2,0.6245223471653591,0.0030886000944212685,591
2,0.01,Comm2,99,Comm2,0.6383137621736985,15.365785210871117,659
2,0.01,Comm2,100,Comm2,0.6320497920381014,0.27799556685452975,754
2,0.01,Comm3,1,Comm1,0.6248380005168978,1.519519200700614e-06,761
2,0.01,Comm3,2,Comm1,0.6375979536582417,2.664110115016176,564
2,0.01,Comm3,3,Comm1,0.6372923928546532,21.04057208625997,63
2,0.01,Comm3,4,Comm1,0.6255479204559238,2.8117126289952114e-07,957
2,0.01,Comm3,5,Comm1,0.6263113123216456,6.277265672120068e-07,660
2,0.01,Comm3,6,Comm1,0.6384417456118411,40.88349973238195,809
2,0.01,Comm3,7,Comm1,0.6258992849208237,1.8875016081498775e-07,832
2,0.01,Comm3,8,Comm1,0.6368304699496091,25.82027809831366,547
2,0.01,Comm3,9,Comm1,0.6385232709107779,46.66539524499903,977
2,0.01,Comm3,10,Comm1,0.6388427948301839,75.71691333226961,514
2,0.01,Comm3,11,Comm1,0.6331265820950975,0.34454937230892124,259
2,0.01,Comm3,12,Comm1,0.6374032224239631,24.494425213918717,38
2,0.01,Comm3,13,Comm1,0.6363507489111208,14.686569086455128,708
2,0.01,Comm3,14,Comm1,0.624923851317737,1.1355806581090844e-06,764
2,0.01,Comm3,15,Comm1,0.6349878635451246,7.539980077453864,90
2,0.01,Comm3,16,Comm1,0.6241332619640123,6.21879664608625e-08,612
2,0.01,Comm3,17,Comm1,0.6338097618348677,0.32572971477011164,73
2,0.01,Comm3,18,Comm1,0.6312577764805714,0.053737949820187925,440
2,0.01,Comm3,19,Comm1,0.6311843535148092,0.011737977437444091,87
2,0.01,Comm3,20,Comm1,0.6252728550303752,2.1808035146742164e-05,851
2,0.01,Comm3,21,Comm1,0.6315337264915674,0.002381967660913784,11
2,0.01,Comm3,22,Comm1,0.6310218928453737,0.003774094963440254,861
2,0.01,Comm3,23,Comm1,0.6331941233295137,0.127420692153681,168
2,0.01,Comm3,24,Comm1,0.6273227164910997,7.226024863457413e-05,216
2,0.01,Comm3,25,Comm1,0.6338097175821031,1.423999320644164,35
2,0.01,Comm3,26,Comm1,0.6380793633251616,11.373163715173474,250
2,0.01,Comm3,27,Comm1,0.6344869759753371,0.07443109097473191,790
2,0.01,Comm3,28,Comm1,0.6304067326125983,0.0023369734037989804,723
2,0.01,Comm3,29,Comm1,0.63859539912184,18.95547634145913,270
2,0.01,Comm3,30,Comm1,0.6340596612533137,0.8002859307957111,305
2,0.01,Comm3,31,Comm1,0.6249492966741645,1.682523891697835e-07,750
2,0.01,Comm3,32,Comm1,0.6263184002092409,1.0097598341669123e-06,461
2,0.01,Comm3,33,Comm1,0.6269443272228402,6.13197211384613e-07,592
2,0.01,Comm3,34,Comm1,0.6382850015322948,32.357182039733246,225
2,0.01,Comm3,35,Comm1,0.63746887615779,16.848953060695056,898
2,0.01,Comm3,36,Comm1,0.6346616547715969,2.311655914601818,568
2,0.01,Comm3,37,Comm1,0.6261218954054956,1.07127537477466e-06,215
2,0.01,Comm3,38,Comm1,0.6333615066020051,0.2691959569519458,85
2,0.01,Comm3,39,Comm1,0.6275750530400462,1.878046826514636e-05,47
2,0.01,Comm3,40,Comm1,0.624570130619108,7.27741437110132e-07,383
2,0.01,Comm3,41,Comm1,0.6254316497407318,3.0637879290702876e-05,773
2,0.01,Comm3,42,Comm1,0.6316138984792822,0.018105077709549514,471
2,0.01,Comm3,43,Comm1,0.6249764978564725,1.463008289508214e-06,558
2,0.01,Comm3,44,Comm1,0.6298489928531632,0.023384739506539444,733
2,0.01,Comm3,45,Comm1,0.6264781901508047,1.7580165655467591e-06,136
2,0.01,Comm3,46,Comm1,0.6262745677049677,0.00011230540738039987,183
2,0.01,Comm3,47,Comm1,0.6350155295465121,2.6497233032779755,346
2,0.01,Comm3,48,Comm1,0.6386715440177221,30.30632107267344,582
2,0.01,Comm3,49,Comm1,0.6278011110671565,3.718064687042717e-05,481
2,0.01,Comm3,50,Comm1,0.6363950115138179,2.4272876671169272,890
2,0.01,Comm3,51,Comm1,0.6370887747563133,10.854080514556204,696
2,0.01,Comm3,52,Comm1,0.6310567872848437,0.006052368971882182,271
2,0.01,Comm3,53,Comm1,0.635730763598354,5.431439267895487,9
2,0.01,Comm3,54,Comm1,0.6329234391123373,0.5238280652833307,638
2,0.01,Comm3,55,Comm1,0.6289664081149429,0.007413300260669236,971
2,0.01,Comm3,56,Comm1,0.6352170541286004,12.086028416229464,968
2,0.01,Comm3,57,Comm1,0.6276290148891166,1.2018469165026454e-05,507
2,0.01,Comm3,58,Comm1,0.6332026202292892,0.025438954680633598,604
2,0.01,Comm3,59,Comm1,0.6330636323337775,5.098493893834717,822
2,0.01,Comm3,60,Comm1,0.6332126989045418,0.4103532809914726,510
2,0.01,Comm3,61,Comm1,0.6318781202132486,0.001145551793665691,170
2,0.01,Comm3,62,Comm1,0.6323253817941954,0.005119470653213921,665
2,0.01,Comm3,63,Comm1,0.6354370348721534,4.221025707265953,891
2,0.01,Comm3,64,Comm1,0.6310742238589389,0.011539478351812746,842
2,0.01,Comm3,65,Comm1,0.6365000511232357,3.6926032113443377,713
2,0.01,Comm3,66,Comm1,0.6242695448742844,5.3768781416005246e-08,68
2,0.01,Comm3,67,Comm1,0.6329528834087751,0.022394407827057858,752
2,0.01,Comm3,68,Comm1,0.6304967029722005,0.010562078128026127,799
2,0.01,Comm3,69,Comm1,0.6346758406781288,3.401219614890853,363
2,0.01,Comm3,70,Comm1,0.6248643656873771,2.5116619661075857e-07,973
2,0.01,Comm3,71,Comm1,0.6250375429863758,1.1742568623713887e-05,335
2,0.01,Comm3,72,Comm1,0.6341494309736183,2.1144722783269057,498
2,0.01,Comm3,73,Comm1,0.6282647684331039,4.233958991286023e-05,835
2,0.01,Comm3,74,Comm1,0.6338420816444437,0.3024831143007636,413
2,0.01,Comm3,75,Comm1,0.6319222143185864,0.013317390727956882,793
2,0.01,Comm3,76,Comm1,0.631481535774574,0.004620802811393121,689
2,0.01,Comm3,77,Comm1,0.6336130845230794,0.8200632212909299,926
2,0.01,Comm3,78,Comm1,0.6291900284493921,0.0008735709748335661,611
2,0.01,Comm3,79,Comm1,0.6325870436089096,0.7742395223027989,533
2,0.01,Comm3,80,Comm1,0.6371726054146492,12.733146808847543,117
2,0.01,Comm3,81,Comm1,0.6388758772239473,35.10521183732324,830
2,0.01,Comm3,82,Comm1,0.6257025041131429,1.5024237845795388e-06,919
2,0.01,Comm3,83,Comm1,0.6359323729575914,2.002487978322976,327
2,0.01,Comm3,84,Comm1,0.6287879624542856,5.545690563678432e-05,39
2,0.01,Comm3,85,Comm1,0.6351512603504953,1.3685316083815235,916
2,0.01,Comm3,86,Comm1,0.6337866530861638,0.5245378206932984,195
2,0.01,Comm3,87,Comm1,0.6254475214401367,8.610070006662356e-09,417
2,0.01,Comm3,88,Comm1,0.6247313818150988,4.105753924780153e-08,355
2,0.01,Comm3,89,Comm1,0.634841891262934,0.8876584107587263,573
2,0.01,Comm3,90,Comm1,0.6285868550054816,9.871298157486856e-05,265
2,0.01,Comm3,91,Comm1,0.6305001540768701,0.03989828954337807,486
2,0.01,Comm3,92,Comm1,0.6301559268245717,0.0038887755289340564,164
2,0.01,Comm3,93,Comm1,0.6342582144520812,1.2899595313158936,567
2,0.01,Comm3,94,Comm1,0.63649886741873,5.5579853569774995,202
2,0.01,Comm3,95,Comm1,0.6295321290459028,0.00011563278873868772,485
2,0.01,Comm3,96,Comm1,0.6374165349937332,31.43718054549252,141
2,0.01,Comm3,97,Comm1,0.6249366962101897,2.039246972622213e-06,756
2,0.01,Comm3,98,Comm1,0.6314525654931523,0.053649276561487505,636
2,0.01,Comm3,99,Comm1,0.6245671827185717,8.290844924692918e-08,40
2,0.01,Comm3,100,Comm1,0.6253325662086737,4.4153969283006406e-08,198
2,0.01,Comm3,101,Comm2,0.6321711793899661,0.0020152180295844725,294
2,0.01,Comm3,102,Comm2,0.6321198162522872,0.0005049530257653878,705
2,0.01,Comm3,103,Comm2,0.6298149853090468,3.9933045825077686e-06,482
2,0.01,Comm3,104,Comm2,0.6286724612700972,2.284165935582872e-06,175
2,0.01,Comm3,105,Comm2,0.6319162124797032,0.00010281433719618322,34
2,0.01,Comm3,106,Comm2,0.6321398987629968,0.00031343679290558976,853
2,0.01,Comm3,107,Comm2,0.6362295995181086,0.08894991889495538,641
2,0.01,Comm3,108,Comm2,0.6353809863733757,0.0074980148105615475,688
2,0.01,Comm3,109,Comm2,0.6397775387970451,7.269738628995985,529
2,0.01,Comm3,110,Comm2,0.6249092684373246,8.726333359811682e-09,322
2,0.01,Comm3,111,Comm2,0.6247707848315147,3.0155858474051963e-09,743
2,0.01,Comm3,112,Comm2,0.633024081565728,0.0006685211345332469,0
2,0.01,Comm3,113,Comm2,0.629715540651648,1.0875027732732587e-06,602
2,0.01,Comm3,114,Comm2,0.6325529373675621,0.0008567259738067729,798
2,0.01,Comm3,115,Comm2,0.6385989998559821,1.4225020407955578,150
2,0.01,Comm3,116,Comm2,0.6249212702016457,5.68096602754081e-09,304
2,0.01,Comm3,117,Comm2,0.6317827500597479,0.0001036616721851659,13
2,0.01,Comm3,118,Comm2,0.6245261898958033,1.8230073289643051e-09,312
2,0.01,Comm3,119,Comm2,0.6312054003539407,0.00010508801405215651,2
2,0.01,Comm3,120,Comm2,0.6355343987416979,0.06926681286381287,802
2,0.01,Comm3,121,Comm2,0.632885090844124,0.00018713627863755524,565
2,0.01,Comm3,122,Comm2,0.6388214240459852,5.392631161073971,727
2,0.01,Comm3,123,Comm2,0.6310902373401078,5.875926047061311e-05,323
2,0.01,Comm3,124,Comm2,0.637047931766893,0.3195145874925907,860
2,0.01,Comm3,125,Comm2,0.6307327686389083,4.0151653689556256e-05,484
2,0.01,Comm3,126,Comm2,0.6365453409150466,0.111819013289854,679
2,0.01,Comm3,127,Comm2,0.6372502985287931,0.25343580741663035,918
2,0.01,Comm3,128,Comm2,0.6339466131711862,0.0020934074831448143,963
2,0.01,Comm3,129,Comm2,0.6332216170169874,0.0004979519594050215,516
2,0.01,Comm3,130,Comm2,0.6360315498812931,0.025396554544168993,805
2,0.01,Comm3,131,Comm2,0.6283374963979043,6.308048858567744e-07,648
2,0.01,Comm3,132,Comm2,0.6309859822345754,1.6886182674828346e-05,205
2,0.01,Comm3,133,Comm2,0.6266914626725693,3.6438815140255286e-08,691
2,0.01,Comm3,134,Comm2,0.6323525438228428,0.00028702430717867267,765
2,0.01,Comm3,135,Comm2,0.6301958571706696,0.00010817015042291721,663
2,0.01,Comm3,136,Comm2,0.6272800291035227,3.938935199765572e-07,655
2,0.01,Comm3,137,Comm2,0.6291452558428497,4.016678758886406e-06,362
2,0.01,Comm3,138,Comm2,0.6373692946212782,0.13115763012143558,173
2,0.01,Comm3,139,Comm2,0.6323416843534909,0.00013870549593088374,675
2,0.01,Comm3,140,Comm2,0.6250722356675217,1.3209612843650473e-08,642
2,0.01,Comm3,141,Comm2,0.6246920385070841,6.306207390272622e-10,179
2,0.01,Comm3,142,Comm2,0.6285918833032481,9.529666017737862e-07,230
2,0.01,Comm3,143,Comm2,0.6383720830245857,2.7088150590970397,263
2,0.01,Comm3,144,Comm2,0.6391644363618534,3.964949849679066,154
2,0.01,Comm3,145,Comm2,0.6329383212903226,0.0007294541187001329,69
2,0.01,Comm3,146,Comm2,0.6367968584993254,0.1441733644037427,661
2,0.01,Comm3,147,Comm2,0.6393041648330196,4.840332428357088,320
2,0.01,Comm3,148,Comm2,0.6338095945118021,0.0008267525171195573,238
2,0.01,Comm3,149,Comm2,0.6306146482321273,5.484587882883933e-06,826
2,0.01,Comm3,150,Comm2,0.6289092279519524,3.86267265274095e-06,523
2,0.01,Comm3,151,Comm2,0.634569031313162,0.07136722929547405,933
2,0.01,Comm3,152,Comm2,0.6299038173601295,2.3739027290313126e-06,683
2,0.01,Comm3,153,Comm2,0.6333683320075938,0.0016520018019447926,235
2,0.01,Comm3,154,Comm2,0.6282120470994061,5.227127522148333e-07,75
2,0.01,Comm3,155,Comm2,0.6335800195242797,0.0014969925776054298,964
2,0.01,Comm3,156,Comm2,0.6354230034945861,0.019791833666287825,674
2,0.01,Comm3,157,Comm2,0.6389951129911067,4.7916847962620785,376
2,0.01,Comm3,158,Comm2,0.6372154187236393,0.9404451111419503,985
2,0.01,Comm3,159,Comm2,0.635844083956046,0.08914149280161207,72
2,0.01,Comm3,160,Comm2,0.6252588040029105,1.0284137368550162e-08,586
2,0.01,Comm3,161,Comm2,0.6384660269649157,5.833780235031679,302
2,0.01,Comm3,162,Comm2,0.6270039346713525,2.4303104320669203e-08,719
2,0.01,Comm3,163,Comm2,0.6346537123230216,0.013609025739980105,603
2,0.01,Comm3,164,Comm2,0.6351909849833051,0.008950323646596387,896
2,0.01,Comm3,165,Comm2,0.6333641106528994,0.006362786682254163,801
2,0.01,Comm3,166,Comm2,0.6391579269039712,11.764535399689617,631
2,0.01,Comm3,167,Comm2,0.6313113801462364,0.0005404294922879533,951
2,0.01,Comm3,168,Comm2,0.6393312366429551,12.37518425508029,91
2,0.01,Comm3,169,Comm2,0.6333686391178734,0.0009014427775177566,184
2,0.01,Comm3,170,Comm2,0.6259849588412154,9.48900527850241e-08,396
2,0.01,Comm3,171,Comm2,0.6355760859504821,0.020608346813231895,837
2,0.01,Comm3,172,Comm2,0.6263180854271329,5.736172734547784e-08,239
2,0.01,Comm3,173,Comm2,0.6366144386653416,0.06739364346670197,341
2,0.01,Comm3,174,Comm2,0.6255578892739362,9.307404107118906e-08,732
2,0.01,Comm3,175,Comm2,0.629305167263743,2.5343830283784633e-06,158
2,0.01,Comm3,176,Comm2,0.633161960489313,0.0007069680091218727,551
2,0.01,Comm3,177,Comm2,0.6333319449568745,0.0008333989790593012,95
2,0.01,Comm3,178,Comm2,0.6340337138558123,0.0014927691307353298,301
2,0.01,Comm3,179,Comm2,0.6388067534547114,1.6183827232758854,981
2,0.01,Comm3,180,Comm2,0.6325031573428044,9.718307826138216e-05,745
2,0.01,Comm3,181,Comm2,0.6361090836890627,0.016899620779922412,786
2,0.01,Comm3,182,Comm2,0.6249421460218622,5.246325578561791e-09,210
2,0.01,Comm3,183,Comm2,0.6322708826311721,0.00014431646647913274,33
2,0.01,Comm3,184,Comm2,0.6329177037771516,0.00406372096756744,652
2,0.01,Comm3,185,Comm2,0.6257293507562485,2.2563421504066455e-08,818
2,0.01,Comm3,186,Comm2,0.6299358486853031,5.992768944694272e-06,369
2,0.01,Comm3,187,Comm2,0.6240694874031228,1.8063844958037625e-09,904
2,0.01,Comm3,188,Comm2,0.6380544238394646,0.4433624304592104,615
2,0.01,Comm3,189,Comm2,0.630211450641603,3.060956147173999e-05,952
2,0.01,Comm3,190,Comm2,0.6297067446512661,2.6153907962922023e-06,434
2,0.01,Comm3,191,Comm2,0.6290869142215073,1.663076711366321e-06,596
2,0.01,Comm3,192,Comm2,0.6249851035782376,1.1200462547012973e-09,716
2,0.01,Comm3,193,Comm2,0.6283091167915822,4.5260393973817514e-07,222
2,0.01,Comm3,194,Comm2,0.6347080475812896,0.009999479397033462,232
2,0.01,Comm3,195,Comm2,0.6355157073956766,0.01840406684844388,342
2,0.01,Comm3,196,Comm2,0.6330385211777492,0.0027217705351914433,457
2,0.01,Comm3,197,Comm2,0.6287259600140727,1.164692772809423e-06,149
2,0.01,Comm3,198,Comm2,0.6245223471653591,2.619865301775262e-09,591
2,0.01,Comm3,199,Comm2,0.6383137621736985,1.0829218382039607,659
2,0.01,Comm3,200,Comm2,0.6320497920381014,2.430578662524199e-05,754
2,0.05,Comm1,1,Comm1,0.6248380005168978,0.004228127452559729,761
2,0.05,Comm1,2,Comm1,0.6375979536582417,5.221455370837268,564
2,0.05,Comm1,3,Comm1,0.6372923928546532,17.60139785251932,63
2,0.05,Comm1,4,Comm1,0.6255479204559238,0.0029594458479212564,957
2,0.05,Comm1,5,Comm1,0.6263113123216456,0.00679915870519341,660
2,0.05,Comm1,6,Comm1,0.6384417456118411,41.4554848111475,809
2,0.05,Comm1,7,Comm1,0.6258992849208237,0.0017580372099942087,832
2,0.05,Comm1,8,Comm1,0.6368304699496091,15.93672223640806,547
2,0.05,Comm1,9,Comm1,0.6385232709107779,49.54429899040912,977
2,0.05,Comm1,10,Comm1,0.6388427948301839,74.02326348074206,514
2,0.05,Comm1,11,Comm1,0.6331265820950975,1.5176187909314287,259
2,0.05,Comm1,12,Comm1,0.6374032224239631,18.47792773204836,38
2,0.05,Comm1,13,Comm1,0.6363507489111208,17.228686090147825,708
2,0.05,Comm1,14,Comm1,0.624923851317737,0.005872944418037351,764
2,0.05,Comm1,15,Comm1,0.6349878635451246,8.694074943284194,90
2,0.05,Comm1,16,Comm1,0.6241332619640123,0.0009585280081303972,612
2,0.05,Comm1,17,Comm1,0.6338097618348677,1.8849010527277843,73
2,0.05,Comm1,18,Comm1,0.6312577764805714,1.0586883489125687,440
2,0.05,Comm1,19,Comm1,0.6311843535148092,0.3354908235416937,87
2,0.05,Comm1,20,Comm1,0.6252728550303752,0.01042227559675434,851
2,0.05,Comm1,21,Comm1,0.6315337264915674,0.1795100372161445,11
2,0.05,Comm1,22,Comm1,0.6310218928453737,0.16212060848332516,861
2,0.05,Comm1,23,Comm1,0.6331941233295137,1.6381174191797412,168
2,0.05,Comm1,24,Comm1,0.6273227164910997,0.022963780211609115,216
2,0.05,Comm1,25,Comm1,0.6338097175821031,5.082210385878136,35
2,0.05,Comm1,26,Comm1,0.6380793633251616,19.096713902613317,250
2,0.05,Comm1,27,Comm1,0.6344869759753371,0.7027757681156909,790
2,0.05,Comm1,28,Comm1,0.6304067326125983,0.2707059938694605,723
2,0.05,Comm1,29,Comm1,0.63859539912184,26.25940875337334,270
2,0.05,Comm1,30,Comm1,0.6340596612533137,2.9660885473234075,305
2,0.05,Comm1,31,Comm1,0.6249492966741645,0.001786396599443406,750
2,0.05,Comm1,32,Comm1,0.6263184002092409,0.003401956773841143,461
2,0.05,Comm1,33,Comm1,0.6269443272228402,0.0038790220553500264,592
2,0.05,Comm1,34,Comm1,0.6382850015322948,28.09779033227244,225
2,0.05,Comm1,35,Comm1,0.63746887615779,18.478964362601058,898
2,0.05,Comm1,36,Comm1,0.6346616547715969,5.035840468257581,568
2,0.05,Comm1,37,Comm1,0.6261218954054956,0.0039040869009328164,215
2,0.05,Comm1,38,Comm1,0.6333615066020051,1.7770951480063912,85
2,0.05,Comm1,39,Comm1,0.6275750530400462,0.022567987669228802,47
2,0.05,Comm1,40,Comm1,0.624570130619108,0.0035464221061748207,383
2,0.05,Comm1,41,Comm1,0.6254316497407318,0.011127165031701646,773
2,0.05,Comm1,42,Comm1,0.6316138984792822,0.4460906857111865,471
2,0.05,Comm1,43,Comm1,0.6249764978564725,0.004524858408901727,558
2,0.05,Comm1,44,Comm1,0.6298489928531632,0.4873147806563503,733
2,0.05,Comm1,45,Comm1,0.6264781901508047,0.007433313045899102,136
2,0.05,Comm1,46,Comm1,0.6262745677049677,0.025403094685714816,183
2,0.05,Comm1,47,Comm1,0.6350155295465121,6.265383486806764,346
2,0.05,Comm1,48,Comm1,0.6386715440177221,26.323092929769114,582
2,0.05,Comm1,49,Comm1,0.6278011110671565,0.022703556998282817,481
2,0.05,Comm1,50,Comm1,0.6363950115138179,5.1976399143589695,890
2,0.05,Comm1,51,Comm1,0.6370887747563133,9.5087216708958,696
2,0.05,Comm1,52,Comm1,0.6310567872848437,0.3001011233021102,271
2,0.05,Comm1,53,Comm1,0.635730763598354,8.795973104425833,9
2,0.05,Comm1,54,Comm1,0.6329234391123373,2.401624555499694,638
2,0.05,Comm1,55,Comm1,0.6289664081149429,0.26724044105293904,971
2,0.05,Comm1,56,Comm1,0.6352170541286004,11.453308043353745,968
2,0.05,Comm1,57,Comm1,0.6276290148891166,0.0267559838496243,507
2,0.05,Comm1,58,Comm1,0.6332026202292892,0.6029968035927737,604
2,0.05,Comm1,59,Comm1,0.6330636323337775,8.213186535792142,822
2,0.05,Comm1,60,Comm1,0.6332126989045418,2.06807448639547,510
2,0.05,Comm1,61,Comm1,0.6318781202132486,0.19173159212328533,170
2,0.05,Comm1,62,Comm1,0.6323253817941954,0.18606372206377514,665
2,0.05,Comm1,63,Comm1,0.6354370348721534,6.921164762157449,891
2,0.05,Comm1,64,Comm1,0.6310742238589389,0.2697630014354163,842
2,0.05,Comm1,65,Comm1,0.6365000511232357,8.188115919736578,713
2,0.05,Comm1,66,Comm1,0.6242695448742844,0.001554669442849267,68
2,0.05,Comm1,67,Comm1,0.6329528834087751,0.6569076418918484,752
2,0.05,Comm1,68,Comm1,0.6304967029722005,0.3235052189911122,799
2,0.05,Comm1,69,Comm1,0.6346758406781288,4.0547035533492375,363
2,0.05,Comm1,70,Comm1,0.6248643656873771,0.0023004295946860128,973
2,0.05,Comm1,71,Comm1,0.6250375429863758,0.010539054715924725,335
2,0.05,Comm1,72,Comm1,0.6341494309736183,2.983056780249159,498
2,0.05,Comm1,73,Comm1,0.6282647684331039,0.04339104918272997,835
2,0.05,Comm1,74,Comm1,0.6338420816444437,2.4891713090102834,413
2,0.05,Comm1,75,Comm1,0.6319222143185864,0.37688890772460293,793
2,0.05,Comm1,76,Comm1,0.631481535774574,0.3620358771533102,689
2,0.05,Comm1,77,Comm1,0.6336130845230794,3.166475337155319,926
2,0.05,Comm1,78,Comm1,0.6291900284493921,0.08864239683928685,611
2,0.05,Comm1,79,Comm1,0.6325870436089096,2.4837370288036587,533
2,0.05,Comm1,80,Comm1,0.6371726054146492,17.404478616161366,117
2,0.05,Comm1,81,Comm1,0.6388758772239473,34.45414808103439,830
2,0.05,Comm1,82,Comm1,0.6257025041131429,0.005661858933097601,919
2,0.05,Comm1,83,Comm1,0.6359323729575914,5.496057614124972,327
2,0.05,Comm1,84,Comm1,0.6287879624542856,0.03548389419535722,39
2,0.05,Comm1,85,Comm1,0.6351512603504953,4.275048149806258,916
2,0.05,Comm1,86,Comm1,0.6337866530861638,2.804006373472452,195
2,0.05,Comm1,87,Comm1,0.6254475214401367,0.0005829080340254106,417
2,0.05,Comm1,88,Comm1,0.6247313818150988,0.0011983949036378052,355
2,0.05,Comm1,89,Comm1,0.634841891262934,4.201465440509022,573
2,0.05,Comm1,90,Comm1,0.6285868550054816,0.03885208408854883,265
2,0.05,Comm1,91,Comm1,0.6305001540768701,0.5541378731972096,486
2,0.05,Comm1,92,Comm1,0.6301559268245717,0.18726475815535554,164
2,0.05,Comm1,93,Comm1,0.6342582144520812,5.483369047634374,567
2,0.05,Comm1,94,Comm1,0.63649886741873,7.122331964136365,202
2,0.05,Comm1,95,Comm1,0.6295321290459028,0.053038081485510535,485
2,0.05,Comm1,96,Comm1,0.6374165349937332,20.256807109463328,141
2,0.05,Comm1,97,Comm1,0.6249366962101897,0.005460307147113047,756
2,0.05,Comm1,98,Comm1,0.6314525654931523,1.0695141817856861,636
2,0.05,Comm1,99,Comm1,0.6245671827185717,0.0020152939725070554,40
2,0.05,Comm1,100,Comm1,0.6253325662086737,0.0020196961886163093,198
2,0.05,Comm2,1,Comm2,0.6321711793899661,0.5187691931022091,294
2,0.05,Comm2,2,Comm2,0.6321198162522872,0.44027255909664004,705
2,0.05,Comm2,3,Comm2,0.6298149853090468,0.014363768285325283,482
2,0.05,Comm2,4,Comm2,0.6286724612700972,0.03565732609044394,175
2,0.05,Comm2,5,Comm2,0.6319162124797032,0.7655938421002672,34
2,0.05,Comm2,6,Comm2,0.6321398987629968,0.8129544311329981,853
2,0.05,Comm2,7,Comm2,0.6362295995181086,7.607701754539011,641
2,0.05,Comm2,8,Comm2,0.6353809863733757,2.51187239473864,688
2,0.05,Comm2,9,Comm2,0.6397775387970451,32.92261200454424,529
2,0.05,Comm2,10,Comm2,0.6249092684373246,0.0018166587085013198,322
2,0.05,Comm2,11,Comm2,0.6247707848315147,0.010687393182320055,743
2,0.05,Comm2,12,Comm2,0.633024081565728,0.6887348573788779,0
2,0.05,Comm2,13,Comm2,0.629715540651648,0.016931770780968115,602
2,0.05,Comm2,14,Comm2,0.6325529373675621,1.427799106456352,798
2,0.05,Comm2,15,Comm2,0.6385989998559821,45.07287215200799,150
2,0.05,Comm2,16,Comm2,0.6249212702016457,0.000946794857178915,304
2,0.05,Comm2,17,Comm2,0.6317827500597479,0.347347938671955,13
2,0.05,Comm2,18,Comm2,0.6245261898958033,0.001059475677800943,312
2,0.05,Comm2,19,Comm2,0.6312054003539407,0.41724824019637796,2
2,0.05,Comm2,20,Comm2,0.6355343987416979,3.9930074209982687,802
2,0.05,Comm2,21,Comm2,0.632885090844124,0.5039575668849909,565
2,0.05,Comm2,22,Comm2,0.6388214240459852,29.197839149655163,727
2,0.05,Comm2,23,Comm2,0.6310902373401078,0.5187871191243408,323
2,0.05,Comm2,24,Comm2,0.637047931766893,7.6755884343552205,860
2,0.05,Comm2,25,Comm2,0.6307327686389083,0.12948570945772922,484
2,0.05,Comm2,26,Comm2,0.6365453409150466,2.4805040708329917,679
2,0.05,Comm2,27,Comm2,0.6372502985287931,3.55402667663602,918
2,0.05,Comm2,28,Comm2,0.6339466131711862,3.2618225031445514,963
2,0.05,Comm2,29,Comm2,0.6332216170169874,1.6615145677503143,516
2,0.05,Comm2,30,Comm2,0.6360315498812931,7.731934805824993,805
2,0.05,Comm2,31,Comm2,0.6283374963979043,0.03513760216057594,648
2,0.05,Comm2,32,Comm2,0.6309859822345754,0.10039536924607811,205
2,0.05,Comm2,33,Comm2,0.6266914626725693,0.0036607926616857404,691
2,0.05,Comm2,34,Comm2,0.6323525438228428,2.2009859688391327,765
2,0.05,Comm2,35,Comm2,0.6301958571706696,0.141511841445052,663
2,0.05,Comm2,36,Comm2,0.6272800291035227,0.007082157013518202,655
2,0.05,Comm2,37,Comm2,0.6291452558428497,0.03915049221661666,362
2,0.05,Comm2,38,Comm2,0.6373692946212782,14.063811518931274,173
2,0.05,Comm2,39,Comm2,0.6323416843534909,0.2713881390331445,675
2,0.05,Comm2,40,Comm2,0.6250722356675217,0.0011098922217955098,642
2,0.05,Comm2,41,Comm2,0.6246920385070841,0.0003921125934955618,179
2,0.05,Comm2,42,Comm2,0.6285918833032481,0.037731636298526876,230
2,0.05,Comm2,43,Comm2,0.6383720830245857,31.394551304695128,263
2,0.05,Comm2,44,Comm2,0.6391644363618534,17.908601139959192,154
2,0.05,Comm2,45,Comm2,0.6329383212903226,1.0422270457176455,69
2,0.05,Comm2,46,Comm2,0.6367968584993254,13.988042777098523,661
2,0.05,Comm2,47,Comm2,0.6393041648330196,28.834986765311815,320
2,0.05,Comm2,48,Comm2,0.6338095945118021,1.11483048180048,238
2,0.05,Comm2,49,Comm2,0.6306146482321273,0.1810120040750309,826
2,0.05,Comm2,50,Comm2,0.6289092279519524,0.03674288632433049,523
2,0.05,Comm2,51,Comm2,0.634569031313162,8.025231420465351,933
2,0.05,Comm2,52,Comm2,0.6299038173601295,0.11719971202562404,683
2,0.05,Comm2,53,Comm2,0.6333683320075938,0.7014878934419485,235
2,0.05,Comm2,54,Comm2,0.6282120470994061,0.016004312992778838,75
2,0.05,Comm2,55,Comm2,0.6335800195242797,0.5078206412510576,964
2,0.05,Comm2,56,Comm2,0.6354230034945861,3.319204697886737,674
2,0.05,Comm2,57,Comm2,0.6389951129911067,22.14423097840165,376
2,0.05,Comm2,58,Comm2,0.6372154187236393,14.548122519272528,985
2,0.05,Comm2,59,Comm2,0.635844083956046,5.871496265639363,72
2,0.05,Comm2,60,Comm2,0.6252588040029105,0.009875827936785033,586
2,0.05,Comm2,61,Comm2,0.6384660269649157,40.79193151202704,302
2,0.05,Comm2,62,Comm2,0.6270039346713525,0.010341218146141008,719
2,0.05,Comm2,63,Comm2,0.6346537123230216,2.441639568413792,603
2,0.05,Comm2,64,Comm2,0.6351909849833051,2.7466547697612453,896
2,0.05,Comm2,65,Comm2,0.6333641106528994,1.286730079939097,801
2,0.05,Comm2,66,Comm2,0.6391579269039712,47.4265013826928,631
2,0.05,Comm2,67,Comm2,0.6313113801462364,0.31087155518631904,951
2,0.05,Comm2,68,Comm2,0.6393312366429551,54.65841544082134,91
2,0.05,Comm2,69,Comm2,0.6333686391178734,0.7116902891420984,184
2,0.05,Comm2,70,Comm2,0.6259849588412154,0.011134616421285996,396
2,0.05,Comm2,71,Comm2,0.6355760859504821,3.679875409026667,837
2,0.05,Comm2,72,Comm2,0.6263180854271329,0.009563849697007194,239
2,0.05,Comm2,73,Comm2,0.6366144386653416,13.026021856176717,341
2,0.05,Comm2,74,Comm2,0.6255578892739362,0.013864414291860062,732
2,0.05,Comm2,75,Comm2,0.629305167263743,0.021624670820960604,158
2,0.05,Comm2,76,Comm2,0.633161960489313,1.433042306115866,551
2,0.05,Comm2,77,Comm2,0.6333319449568745,0.8102756419605631,95
2,0.05,Comm2,78,Comm2,0.6340337138558123,0.895911703155841,301
2,0.05,Comm2,79,Comm2,0.6388067534547114,40.35545550768838,981
2,0.05,Comm2,80,Comm2,0.6325031573428044,0.09811403073877031,745
2,0.05,Comm2,81,Comm2,0.6361090836890627,2.1778093337794404,786
2,0.05,Comm2,82,Comm2,0.6249421460218622,0.0008437385007677638,210
2,0.05,Comm2,83,Comm2,0.6322708826311721,0.8205411286978768,33
2,0.05,Comm2,84,Comm2,0.6329177037771516,2.205767691884189,652
2,0.05,Comm2,85,Comm2,0.6257293507562485,0.005922417138707652,818
2,0.05,Comm2,86,Comm2,0.6299358486853031,0.2589560352851853,369
2,0.05,Comm2,87,Comm2,0.6240694874031228,0.002528136857658597,904
2,0.05,Comm2,88,Comm2,0.6380544238394646,29.061621451862937,615
2,0.05,Comm2,89,Comm2,0.630211450641603,0.03498898202633159,952
2,0.05,Comm2,90,Comm2,0.6297067446512661,0.09096749308211638,434
2,0.05,Comm2,91,Comm2,0.6290869142215073,0.03094968892099125,596
2,0.05,Comm2,92,Comm2,0.6249851035782376,0.0006163668158148391,716
2,0.05,Comm2,93,Comm2,0.6283091167915822,0.020906512608483006,222
2,0.05,Comm2,94,Comm2,0.6347080475812896,0.7046645068331651,232
2,0.05,Comm2,95,Comm2,0.6355157073956766,7.442947315612796,342
2,0.05,Comm2,96,Comm2,0.6330385211777492,2.8126356348855253,457
2,0.05,Comm2,97,Comm2,0.6287259600140727,0.015252882109833875,149
2,0.05,Comm2,98,Comm2,0.6245223471653591,0.0030886000944212685,591
2,0.05,Comm2,99,Comm2,0.6383137621736985,15.365785210871117,659
2,0.05,Comm2,100,Comm2,0.6320497920381014,0.27799556685452975,754
2,0.05,Comm3,1,Comm1,0.6248380005168978,7.638691714334141e-07,761
2,0.05,Comm3,2,Comm1,0.6375979536582417,2.159816216925969,564
2,0.05,Comm3,3,Comm1,0.6372923928546532,16.886831838031004,63
2,0.05,Comm3,4,Comm1,0.6255479204559238,2.772023406122921e-07,957
2,0.05,Comm3,5,Comm1,0.6263113123216456,7.258535743125377e-07,660
2,0.05,Comm3,6,Comm1,0.6384417456118411,36.01901634509138,809
2,0.05,Comm3,7,Comm1,0.6258992849208237,1.915921621156772e-07,832
2,0.05,Comm3,8,Comm1,0.6368304699496091,18.381704575834505,547
2,0.05,Comm3,9,Comm1,0.6385232709107779,39.78442272095815,977
2,0.05,Comm3,10,Comm1,0.6388427948301839,66.54777716739663,514
2,0.05,Comm3,11,Comm1,0.6331265820950975,0.23648599709520754,259
2,0.05,Comm3,12,Comm1,0.6374032224239631,18.565371567521495,38
2,0.05,Comm3,13,Comm1,0.6363507489111208,12.128862007437581,708
2,0.05,Comm3,14,Comm1,0.624923851317737,7.14550478466988e-07,764
2,0.05,Comm3,15,Comm1,0.6349878635451246,4.663975299949863,90
2,0.05,Comm3,16,Comm1,0.6241332619640123,5.7772396934933636e-08,612
2,0.05,Comm3,17,Comm1,0.6338097618348677,0.2528060736483041,73
2,0.05,Comm3,18,Comm1,0.6312577764805714,0.0256580542224309,440
2,0.05,Comm3,19,Comm1,0.6311843535148092,0.008329126919713298,87
2,0.05,Comm3,20,Comm1,0.6252728550303752,1.3568645656038704e-05,851
2,0.05,Comm3,21,Comm1,0.6315337264915674,0.0019473815923603717,11
2,0.05,Comm3,22,Comm1,0.6310218928453737,0.00255929703194826,861
2,0.05,Comm3,23,Comm1,0.6331941233295137,0.09849221510223728,168
2,0.05,Comm3,24,Comm1,0.6273227164910997,4.6553042912633685e-05,216
2,0.05,Comm3,25,Comm1,0.6338097175821031,0.8353011190257833,35
2,0.05,Comm3,26,Comm1,0.6380793633251616,11.225464198645717,250
2,0.05,Comm3,27,Comm1,0.6344869759753371,0.052200431921621056,790
2,0.05,Comm3,28,Comm1,0.6304067326125983,0.001802719777070325,723
2,0.05,Comm3,29,Comm1,0.63859539912184,16.178299649427444,270
2,0.05,Comm3,30,Comm1,0.6340596612533137,0.5171805042035177,305
2,0.05,Comm3,31,Comm1,0.6249492966741645,1.71539994822643e-07,750
2,0.05,Comm3,32,Comm1,0.6263184002092409,9.699297065589081e-07,461
2,0.05,Comm3,33,Comm1,0.6269443272228402,6.5292558960928e-07,592
2,0.05,Comm3,34,Comm1,0.6382850015322948,26.701566633528444,225
2,0.05,Comm3,35,Comm1,0.63746887615779,13.849359044576904,898
2,0.05,Comm3,36,Comm1,0.6346616547715969,1.6876720725168721,568
2,0.05,Comm3,37,Comm1,0.6261218954054956,7.406270997939381e-07,215
2,0.05,Comm3,38,Comm1,0.6333615066020051,0.14648951380029607,85
2,0.05,Comm3,39,Comm1,0.6275750530400462,1.4186417343229134e-05,47
2,0.05,Comm3,40,Comm1,0.624570130619108,6.319665411404486e-07,383
2,0.05,Comm3,41,Comm1,0.6254316497407318,2.2935885903897532e-05,773
2,0.05,Comm3,42,Comm1,0.6316138984792822,0.009680706188927095,471
2,0.05,Comm3,43,Comm1,0.6249764978564725,1.0005514759226658e-06,558
2,0.05,Comm3,44,Comm1,0.6298489928531632,0.01188563251928389,733
2,0.05,Comm3,45,Comm1,0.6264781901508047,1.3545189120769228e-06,136
2,0.05,Comm3,46,Comm1,0.6262745677049677,6.891396146214908e-05,183
2,0.05,Comm3,47,Comm1,0.6350155295465121,1.6056306610251911,346
2,0.05,Comm3,48,Comm1,0.6386715440177221,26.56221681849571,582
2,0.05,Comm3,49,Comm1,0.6278011110671565,2.4489186853935237e-05,481
2,0.05,Comm3,50,Comm1,0.6363950115138179,2.2479674425968605,890
2,0.05,Comm3,51,Comm1,0.6370887747563133,8.527928276541353,696
2,0.05,Comm3,52,Comm1,0.6310567872848437,0.005482411444756707,271
2,0.05,Comm3,53,Comm1,0.635730763598354,3.453642544473799,9
2,0.05,Comm3,54,Comm1,0.6329234391123373,0.3065326009647158,638
2,0.05,Comm3,55,Comm1,0.6289664081149429,0.0036371740565503212,971
2,0.05,Comm3,56,Comm1,0.6352170541286004,7.604461609981651,968
2,0.05,Comm3,57,Comm1,0.6276290148891166,7.72594759615302e-06,507
2,0.05,Comm3,58,Comm1,0.6332026202292892,0.02389446677923942,604
2,0.05,Comm3,59,Comm1,0.6330636323337775,3.028856561300827,822
2,0.05,Comm3,60,Comm1,0.6332126989045418,0.270704673005957,510
2,0.05,Comm3,61,Comm1,0.6318781202132486,0.0010209269047867962,170
2,0.05,Comm3,62,Comm1,0.6323253817941954,0.004320410521206226,665
2,0.05,Comm3,63,Comm1,0.6354370348721534,3.1183319521584862,891
2,0.05,Comm3,64,Comm1,0.6310742238589389,0.006454572729454895,842
2,0.05,Comm3,65,Comm1,0.6365000511232357,3.4283154924753836,713
2,0.05,Comm3,66,Comm1,0.6242695448742844,5.306143440451616e-08,68
2,0.05,Comm3,67,Comm1,0.6329528834087751,0.017481245964141565,752
2,0.05,Comm3,68,Comm1,0.6304967029722005,0.0077441693757058574,799
2,0.05,Comm3,69,Comm1,0.6346758406781288,2.3313539403353,363
2,0.05,Comm3,70,Comm1,0.6248643656873771,1.842258880085651e-07,973
2,0.05,Comm3,71,Comm1,0.6250375429863758,6.790633438711778e-06,335
2,0.05,Comm3,72,Comm1,0.6341494309736183,1.3369676697972994,498
2,0.05,Comm3,73,Comm1,0.6282647684331039,2.4979749887474916e-05,835
2,0.05,Comm3,74,Comm1,0.6338420816444437,0.17789722336199132,413
2,0.05,Comm3,75,Comm1,0.6319222143185864,0.007953105012105235,793
2,0.05,Comm3,76,Comm1,0.631481535774574,0.00284986075906563,689
2,0.05,Comm3,77,Comm1,0.6336130845230794,0.46724502493405196,926
2,0.05,Comm3,78,Comm1,0.6291900284493921,0.0005950197193667193,611
2,0.05,Comm3,79,Comm1,0.6325870436089096,0.45082839438402084,533
2,0.05,Comm3,80,Comm1,0.6371726054146492,10.507596174728787,117
2,0.05,Comm3,81,Comm1,0.6388758772239473,32.37097123737696,830
2,0.05,Comm3,82,Comm1,0.6257025041131429,7.685897950375994e-07,919
2,0.05,Comm3,83,Comm1,0.6359323729575914,1.4324239321561505,327
2,0.05,Comm3,84,Comm1,0.6287879624542856,4.773061585408052e-05,39
2,0.05,Comm3,85,Comm1,0.6351512603504953,0.8072091982723401,916
2,0.05,Comm3,86,Comm1,0.6337866530861638,0.35182673517911767,195
2,0.05,Comm3,87,Comm1,0.6254475214401367,1.7503680710557877e-08,417
2,0.05,Comm3,88,Comm1,0.6247313818150988,4.647190365128057e-08,355
2,0.05,Comm3,89,Comm1,0.634841891262934,0.4444717587787305,573
2,0.05,Comm3,90,Comm1,0.6285868550054816,5.779552289138152e-05,265
2,0.05,Comm3,91,Comm1,0.6305001540768701,0.018960366558046282,486
2,0.05,Comm3,92,Comm1,0.6301559268245717,0.0022098323549561297,164
2,0.05,Comm3,93,Comm1,0.6342582144520812,0.7164449391911014,567
2,0.05,Comm3,94,Comm1,0.63649886741873,4.510461062833707,202
2,0.05,Comm3,95,Comm1,0.6295321290459028,7.447696199797413e-05,485
2,0.05,Comm3,96,Comm1,0.6374165349937332,21.38153925288103,141
2,0.05,Comm3,97,Comm1,0.6249366962101897,1.4908827463877347e-06,756
2,0.05,Comm3,98,Comm1,0.6314525654931523,0.03258134471497576,636
2,0.05,Comm3,99,Comm1,0.6245671827185717,1.202338571941009e-07,40
2,0.05,Comm3,100,Comm1,0.6253325662086737,7.529105664364363e-08,198
2,0.05,Comm3,101,Comm2,0.6321711793899661,0.005042903659809366,294
2,0.05,Comm3,102,Comm2,0.6321198162522872,0.0018916161312153774,705
2,0.05,Comm3,103,Comm2,0.6298149853090468,8.82986911209271e-06,482
2,0.05,Comm3,104,Comm2,0.6286724612700972,8.977961738359716e-06,175
2,0.05,Comm3,105,Comm2,0.6319162124797032,0.0004094340519009501,34
2,0.05,Comm3,106,Comm2,0.6321398987629968,0.001172256510485297,853
2,0.05,Comm3,107,Comm2,0.6362295995181086,0.2433790980149692,641
2,0.05,Comm3,108,Comm2,0.6353809863733757,0.02829632770025763,688
2,0.05,Comm3,109,Comm2,0.6397775387970451,18.20657011192073,529
2,0.05,Comm3,110,Comm2,0.6249092684373246,2.9173145385709306e-08,322
2,0.05,Comm3,111,Comm2,0.6247707848315147,3.0596435534676486e-08,743
2,0.05,Comm3,112,Comm2,0.633024081565728,0.0020597009057437346,0
2,0.05,Comm3,113,Comm2,0.629715540651648,3.2104224666902283e-06,602
2,0.05,Comm3,114,Comm2,0.6325529373675621,0.002923685515816913,798
2,0.05,Comm3,115,Comm2,0.6385989998559821,6.424695053753611,150
2,0.05,Comm3,116,Comm2,0.6249212702016457,1.6604159480473555e-08,304
2,0.05,Comm3,117,Comm2,0.6317827500597479,0.0004167377577841371,13
2,0.05,Comm3,118,Comm2,0.6245261898958033,6.433477481249386e-09,312
2,0.05,Comm3,119,Comm2,0.6312054003539407,0.00035998966882449645,2
2,0.05,Comm3,120,Comm2,0.6355343987416979,0.1995980153630207,802
2,0.05,Comm3,121,Comm2,0.632885090844124,0.0006289388171719024,565
2,0.05,Comm3,122,Comm2,0.6388214240459852,12.876453802372858,727
2,0.05,Comm3,123,Comm2,0.6310902373401078,0.0002646241215515655,323
2,0.05,Comm3,124,Comm2,0.637047931766893,1.0006545558304145,860
2,0.05,Comm3,125,Comm2,0.6307327686389083,0.0001283161386126625,484
2,0.05,Comm3,126,Comm2,0.6365453409150466,0.2883423583095259,679
2,0.05,Comm3,127,Comm2,0.6372502985287931,0.5455290214463611,918
2,0.05,Comm3,128,Comm2,0.6339466131711862,0.009418867880838695,963
2,0.05,Comm3,129,Comm2,0.6332216170169874,0.001844493325100229,516
2,0.05,Comm3,130,Comm2,0.6360315498812931,0.11224270418546511,805
2,0.05,Comm3,131,Comm2,0.6283374963979043,2.6461360479413547e-06,648
2,0.05,Comm3,132,Comm2,0.6309859822345754,5.470692472395364e-05,205
2,0.05,Comm3,133,Comm2,0.6266914626725693,1.4251534868523014e-07,691
2,0.05,Comm3,134,Comm2,0.6323525438228428,0.0015286173465217526,765
2,0.05,Comm3,135,Comm2,0.6301958571706696,0.0003097545635329372,663
2,0.05,Comm3,136,Comm2,0.6272800291035227,1.048117984314985e-06,655
2,0.05,Comm3,137,Comm2,0.6291452558428497,1.223873783811598e-05,362
2,0.05,Comm3,138,Comm2,0.6373692946212782,0.5570690690445548,173
2,0.05,Comm3,139,Comm2,0.6323416843534909,0.0005220858015799346,675
2,0.05,Comm3,140,Comm2,0.6250722356675217,3.3778667067512686e-08,642
2,0.05,Comm3,141,Comm2,0.6246920385070841,1.8107590948974384e-09,179
2,0.05,Comm3,142,Comm2,0.6285918833032481,3.379354520629439e-06,230
2,0.05,Comm3,143,Comm2,0.6383720830245857,7.296144524845559,263
2,0.05,Comm3,144,Comm2,0.6391644363618534,10.153610416674509,154
2,0.05,Comm3,145,Comm2,0.6329383212903226,0.002851918295941543,69
2,0.05,Comm3,146,Comm2,0.6367968584993254,0.5490759397604793,661
2,0.05,Comm3,147,Comm2,0.6393041648330196,12.243540281326563,320
2,0.05,Comm3,148,Comm2,0.6338095945118021,0.003262530327091084,238
2,0.05,Comm3,149,Comm2,0.6306146482321273,2.337803563625843e-05,826
2,0.05,Comm3,150,Comm2,0.6289092279519524,1.165609323818451e-05,523
2,0.05,Comm3,151,Comm2,0.634569031313162,0.20723485199361,933
2,0.05,Comm3,152,Comm2,0.6299038173601295,9.291267526974172e-06,683
2,0.05,Comm3,153,Comm2,0.6333683320075938,0.004616304050907918,235
2,0.05,Comm3,154,Comm2,0.6282120470994061,1.8120354410282544e-06,75
2,0.05,Comm3,155,Comm2,0.6335800195242797,0.004246711400298021,964
2,0.05,Comm3,156,Comm2,0.6354230034945861,0.06778420161734394,674
2,0.05,Comm3,157,Comm2,0.6389951129911067,9.840785609310904,376
2,0.05,Comm3,158,Comm2,0.6372154187236393,2.964600936581471,985
2,0.05,Comm3,159,Comm2,0.635844083956046,0.2607739402452395,72
2,0.05,Comm3,160,Comm2,0.6252588040029105,6.328231919104578e-08,586
2,0.05,Comm3,161,Comm2,0.6384660269649157,13.254877291833173,302
2,0.05,Comm3,162,Comm2,0.6270039346713525,1.0755476195512035e-07,719
2,0.05,Comm3,163,Comm2,0.6346537123230216,0.03715580402882091,603
2,0.05,Comm3,164,Comm2,0.6351909849833051,0.03221060784152252,896
2,0.05,Comm3,165,Comm2,0.6333641106528994,0.016333432356572263,801
2,0.05,Comm3,166,Comm2,0.6391579269039712,24.165460376772415,631
2,0.05,Comm3,167,Comm2,0.6313113801462364,0.0011828891801699117,951
2,0.05,Comm3,168,Comm2,0.6393312366429551,29.867256202367095,91
2,0.05,Comm3,169,Comm2,0.6333686391178734,0.0026437670862032763,184
2,0.05,Comm3,170,Comm2,0.6259849588412154,3.9635041724951235e-07,396
2,0.05,Comm3,171,Comm2,0.6355760859504821,0.07099861263001687,837
2,0.05,Comm3,172,Comm2,0.6263180854271329,2.3951918183467824e-07,239
2,0.05,Comm3,173,Comm2,0.6366144386653416,0.26427223299792396,341
2,0.05,Comm3,174,Comm2,0.6255578892739362,4.268046776451406e-07,732
2,0.05,Comm3,175,Comm2,0.629305167263743,6.433607669124799e-06,158
2,0.05,Comm3,176,Comm2,0.633161960489313,0.002710341941156163,551
2,0.05,Comm3,177,Comm2,0.6333319449568745,0.0034540653146918256,95
2,0.05,Comm3,178,Comm2,0.6340337138558123,0.0056571169390128885,301
2,0.05,Comm3,179,Comm2,0.6388067534547114,5.604297957798083,981
2,0.05,Comm3,180,Comm2,0.6325031573428044,0.00023762036682855892,745
2,0.05,Comm3,181,Comm2,0.6361090836890627,0.06049867816431343,786
2,0.05,Comm3,182,Comm2,0.6249421460218622,1.3568840023038672e-08,210
2,0.05,Comm3,183,Comm2,0.6322708826311721,0.0005625368049565273,33
2,0.05,Comm3,184,Comm2,0.6329177037771516,0.015711509398682162,652
2,0.05,Comm3,185,Comm2,0.6257293507562485,7.600363338791462e-08,818
2,0.05,Comm3,186,Comm2,0.6299358486853031,2.148535284150117e-05,369
2,0.05,Comm3,187,Comm2,0.6240694874031228,8.98841192132341e-09,904
2,0.05,Comm3,188,Comm2,0.6380544238394646,2.070588052321834,615
2,0.05,Comm3,189,Comm2,0.630211450641603,7.602996176412289e-05,952
2,0.05,Comm3,190,Comm2,0.6297067446512661,1.086957092586462e-05,434
2,0.05,Comm3,191,Comm2,0.6290869142215073,4.847083549227104e-06,596
2,0.05,Comm3,192,Comm2,0.6249851035782376,3.5145580764896966e-09,716
2,0.05,Comm3,193,Comm2,0.6283091167915822,1.3450900895219976e-06,222
2,0.05,Comm3,194,Comm2,0.6347080475812896,0.02444690322079931,232
2,0.05,Comm3,195,Comm2,0.6355157073956766,0.05956650986448474,342
2,0.05,Comm3,196,Comm2,0.6330385211777492,0.01281707311863477,457
2,0.05,Comm3,197,Comm2,0.6287259600140727,3.5531117500769034e-06,149
2,0.05,Comm3,198,Comm2,0.6245223471653591,1.3575379769471638e-08,591
2,0.05,Comm3,199,Comm2,0.6383137621736985,3.5711507676958,659
2,0.05,Comm3,200,Comm2,0.6320497920381014,0.00010011872769441363,754
2,0.1,Comm1,1,Comm1,0.6248380005168978,0.004228127452559729,761
2,0.1,Comm1,2,Comm1,0.6375979536582417,5.221455370837268,564
2,0.1,Comm1,3,Comm1,0.6372923928546532,17.60139785251932,63
2,0.1,Comm1,4,Comm1,0.6255479204559238,0.0029594458479212564,957
2,0.1,Comm1,5,Comm1,0.6263113123216456,0.00679915870519341,660
2,0.1,Comm1,6,Comm1,0.6384417456118411,41.4554848111475,809
2,0.1,Comm1,7,Comm1,0.6258992849208237,0.0017580372099942087,832
2,0.1,Comm1,8,Comm1,0.6368304699496091,15.93672223640806,547
2,0.1,Comm1,9,Comm1,0.6385232709107779,49.54429899040912,977
2,0.1,Comm1,10,Comm1,0.6388427948301839,74.02326348074206,514
2,0.1,Comm1,11,Comm1,0.6331265820950975,1.5176187909314287,259
2,0.1,Comm1,12,Comm1,0.6374032224239631,18.47792773204836,38
2,0.1,Comm1,13,Comm1,0.6363507489111208,17.228686090147825,708
2,0.1,Comm1,14,Comm1,0.624923851317737,0.005872944418037351,764
2,0.1,Comm1,15,Comm1,0.6349878635451246,8.694074943284194,90
2,0.1,Comm1,16,Comm1,0.6241332619640123,0.0009585280081303972,612
2,0.1,Comm1,17,Comm1,0.6338097618348677,1.8849010527277843,73
2,0.1,Comm1,18,Comm1,0.6312577764805714,1.0586883489125687,440
2,0.1,Comm1,19,Comm1,0.6311843535148092,0.3354908235416937,87
2,0.1,Comm1,20,Comm1,0.6252728550303752,0.01042227559675434,851
2,0.1,Comm1,21,Comm1,0.6315337264915674,0.1795100372161445,11
2,0.1,Comm1,22,Comm1,0.6310218928453737,0.16212060848332516,861
2,0.1,Comm1,23,Comm1,0.6331941233295137,1.6381174191797412,168
2,0.1,Comm1,24,Comm1,0.6273227164910997,0.022963780211609115,216
2,0.1,Comm1,25,Comm1,0.6338097175821031,5.082210385878136,35
2,0.1,Comm1,26,Comm1,0.6380793633251616,19.096713902613317,250
2,0.1,Comm1,27,Comm1,0.6344869759753371,0.7027757681156909,790
2,0.1,Comm1,28,Comm1,0.6304067326125983,0.2707059938694605,723
2,0.1,Comm1,29,Comm1,0.63859539912184,26.25940875337334,270
2,0.1,Comm1,30,Comm1,0.6340596612533137,2.9660885473234075,305
2,0.1,Comm1,31,Comm1,0.6249492966741645,0.001786396599443406,750
2,0.1,Comm1,32,Comm1,0.6263184002092409,0.003401956773841143,461
2,0.1,Comm1,33,Comm1,0.6269443272228402,0.0038790220553500264,592
2,0.1,Comm1,34,Comm1,0.6382850015322948,28.09779033227244,225
2,0.1,Comm1,35,Comm1,0.63746887615779,18.478964362601058,898
2,0.1,Comm1,36,Comm1,0.6346616547715969,5.035840468257581,568
2,0.1,Comm1,37,Comm1,0.6261218954054956,0.0039040869009328164,215
2,0.1,Comm1,38,Comm1,0.6333615066020051,1.7770951480063912,85
2,0.1,Comm1,39,Comm1,0.6275750530400462,0.022567987669228802,47
2,0.1,Comm1,40,Comm1,0.624570130619108,0.0035464221061748207,383
2,0.1,Comm1,41,Comm1,0.6254316497407318,0.011127165031701646,773
2,0.1,Comm1,42,Comm1,0.6316138984792822,0.4460906857111865,471
2,0.1,Comm1,43,Comm1,0.6249764978564725,0.004524858408901727,558
2,0.1,Comm1,44,Comm1,0.6298489928531632,0.4873147806563503,733
2,0.1,Comm1,45,Comm1,0.6264781901508047,0.007433313045899102,136
2,0.1,Comm1,46,Comm1,0.6262745677049677,0.025403094685714816,183
2,0.1,Comm1,47,Comm1,0.6350155295465121,6.265383486806764,346
2,0.1,Comm1,48,Comm1,0.6386715440177221,26.323092929769114,582
2,0.1,Comm1,49,Comm1,0.6278011110671565,0.022703556998282817,481
2,0.1,Comm1,50,Comm1,0.6363950115138179,5.1976399143589695,890
2,0.1,Comm1,51,Comm1,0.6370887747563133,9.5087216708958,696
2,0.1,Comm1,52,Comm1,0.6310567872848437,0.3001011233021102,271
2,0.1,Comm1,53,Comm1,0.635730763598354,8.795973104425833,9
2,0.1,Comm1,54,Comm1,0.6329234391123373,2.401624555499694,638
2,0.1,Comm1,55,Comm1,0.6289664081149429,0.26724044105293904,971
2,0.1,Comm1,56,Comm1,0.6352170541286004,11.453308043353745,968
2,0.1,Comm1,57,Comm1,0.6276290148891166,0.0267559838496243,507
2,0.1,Comm1,58,Comm1,0.6332026202292892,0.6029968035927737,604
2,0.1,Comm1,59,Comm1,0.6330636323337775,8.213186535792142,822
2,0.1,Comm1,60,Comm1,0.6332126989045418,2.06807448639547,510
2,0.1,Comm1,61,Comm1,0.6318781202132486,0.19173159212328533,170
2,0.1,Comm1,62,Comm1,0.6323253817941954,0.18606372206377514,665
2,0.1,Comm1,63,Comm1,0.6354370348721534,6.921164762157449,891
2,0.1,Comm1,64,Comm1,0.6310742238589389,0.2697630014354163,842
2,0.1,Comm1,65,Comm1,0.6365000511232357,8.188115919736578,713
2,0.1,Comm1,66,Comm1,0.6242695448742844,0.001554669442849267,68
2,0.1,Comm1,67,Comm1,0.6329528834087751,0.6569076418918484,752
2,0.1,Comm1,68,Comm1,0.6304967029722005,0.3235052189911122,799
2,0.1,Comm1,69,Comm1,0.6346758406781288,4.0547035533492375,363
2,0.1,Comm1,70,Comm1,0.6248643656873771,0.0023004295946860128,973
2,0.1,Comm1,71,Comm1,0.6250375429863758,0.010539054715924725,335
2,0.1,Comm1,72,Comm1,0.6341494309736183,2.983056780249159,498
2,0.1,Comm1,73,Comm1,0.6282647684331039,0.04339104918272997,835
2,0.1,Comm1,74,Comm1,0.6338420816444437,2.4891713090102834,413
2,0.1,Comm1,75,Comm1,0.6319222143185864,0.37688890772460293,793
2,0.1,Comm1,76,Comm1,0.631481535774574,0.3620358771533102,689
2,0.1,Comm1,77,Comm1,0.6336130845230794,3.166475337155319,926
2,0.1,Comm1,78,Comm1,0.6291900284493921,0.08864239683928685,611
2,0.1,Comm1,79,Comm1,0.6325870436089096,2.4837370288036587,533
2,0.1,Comm1,80,Comm1,0.6371726054146492,17.404478616161366,117
2,0.1,Comm1,81,Comm1,0.6388758772239473,34.45414808103439,830
2,0.1,Comm1,82,Comm1,0.6257025041131429,0.005661858933097601,919
2,0.1,Comm1,83,Comm1,0.6359323729575914,5.496057614124972,327
2,0.1,Comm1,84,Comm1,0.6287879624542856,0.03548389419535722,39
2,0.1,Comm1,85,Comm1,0.6351512603504953,4.275048149806258,916
2,0.1,Comm1,86,Comm1,0.6337866530861638,2.804006373472452,195
2,0.1,Comm1,87,Comm1,0.6254475214401367,0.0005829080340254106,417
2,0.1,Comm1,88,Comm1,0.6247313818150988,0.0011983949036378052,355
2,0.1,Comm1,89,Comm1,0.634841891262934,4.201465440509022,573
2,0.1,Comm1,90,Comm1,0.6285868550054816,0.03885208408854883,265
2,0.1,Comm1,91,Comm1,0.6305001540768701,0.5541378731972096,486
2,0.1,Comm1,92,Comm1,0.6301559268245717,0.18726475815535554,164
2,0.1,Comm1,93,Comm1,0.6342582144520812,5.483369047634374,567
2,0.1,Comm1,94,Comm1,0.63649886741873,7.122331964136365,202
2,0.1,Comm1,95,Comm1,0.6295321290459028,0.053038081485510535,485
2,0.1,Comm1,96,Comm1,0.6374165349937332,20.256807109463328,141
2,0.1,Comm1,97,Comm1,0.6249366962101897,0.005460307147113047,756
2,0.1,Comm1,98,Comm1,0.6314525654931523,1.0695141817856861,636
2,0.1,Comm1,99,Comm1,0.6245671827185717,0.0020152939725070554,40
2,0.1,Comm1,100,Comm1,0.6253325662086737,0.0020196961886163093,198
2,0.1,Comm2,1,Comm2,0.6321711793899661,0.5187691931022091,294
2,0.1,Comm2,2,Comm2,0.6321198162522872,0.44027255909664004,705
2,0.1,Comm2,3,Comm2,0.6298149853090468,0.014363768285325283,482
2,0.1,Comm2,4,Comm2,0.6286724612700972,0.03565732609044394,175
2,0.1,Comm2,5,Comm2,0.6319162124797032,0.7655938421002672,34
2,0.1,Comm2,6,Comm2,0.6321398987629968,0.8129544311329981,853
2,0.1,Comm2,7,Comm2,0.6362295995181086,7.607701754539011,641
2,0.1,Comm2,8,Comm2,0.6353809863733757,2.51187239473864,688
2,0.1,Comm2,9,Comm2,0.6397775387970451,32.92261200454424,529
2,0.1,Comm2,10,Comm2,0.6249092684373246,0.0018166587085013198,322
2,0.1,Comm2,11,Comm2,0.6247707848315147,0.010687393182320055,743
2,0.1,Comm2,12,Comm2,0.633024081565728,0.6887348573788779,0
2,0.1,Comm2,13,Comm2,0.629715540651648,0.016931770780968115,602
2,0.1,Comm2,14,Comm2,0.6325529373675621,1.427799106456352,798
2,0.1,Comm2,15,Comm2,0.6385989998559821,45.07287215200799,150
2,0.1,Comm2,16,Comm2,0.6249212702016457,0.000946794857178915,304
2,0.1,Comm2,17,Comm2,0.6317827500597479,0.347347938671955,13
2,0.1,Comm2,18,Comm2,0.6245261898958033,0.001059475677800943,312
2,0.1,Comm2,19,Comm2,0.6312054003539407,0.41724824019637796,2
2,0.1,Comm2,20,Comm2,0.6355343987416979,3.9930074209982687,802
2,0.1,Comm2,21,Comm2,0.632885090844124,0.5039575668849909,565
2,0.1,Comm2,22,Comm2,0.6388214240459852,29.197839149655163,727
2,0.1,Comm2,23,Comm2,0.6310902373401078,0.5187871191243408,323
2,0.1,Comm2,24,Comm2,0.637047931766893,7.6755884343552205,860
2,0.1,Comm2,25,Comm2,0.6307327686389083,0.12948570945772922,484
2,0.1,Comm2,26,Comm2,0.6365453409150466,2.4805040708329917,679
2,0.1,Comm2,27,Comm2,0.6372502985287931,3.55402667663602,918
2,0.1,Comm2,28,Comm2,0.6339466131711862,3.2618225031445514,963
2,0.1,Comm2,29,Comm2,0.6332216170169874,1.6615145677503143,516
2,0.1,Comm2,30,Comm2,0.6360315498812931,7.731934805824993,805
2,0.1,Comm2,31,Comm2,0.6283374963979043,0.03513760216057594,648
2,0.1,Comm2,32,Comm2,0.6309859822345754,0.10039536924607811,205
2,0.1,Comm2,33,Comm2,0.6266914626725693,0.0036607926616857404,691
2,0.1,Comm2,34,Comm2,0.6323525438228428,2.2009859688391327,765
2,0.1,Comm2,35,Comm2,0.6301958571706696,0.141511841445052,663
2,0.1,Comm2,36,Comm2,0.6272800291035227,0.007082157013518202,655
2,0.1,Comm2,37,Comm2,0.6291452558428497,0.03915049221661666,362
2,0.1,Comm2,38,Comm2,0.6373692946212782,14.063811518931274,173
2,0.1,Comm2,39,Comm2,0.6323416843534909,0.2713881390331445,675
2,0.1,Comm2,40,Comm2,0.6250722356675217,0.0011098922217955098,642
2,0.1,Comm2,41,Comm2,0.6246920385070841,0.0003921125934955618,179
2,0.1,Comm2,42,Comm2,0.6285918833032481,0.037731636298526876,230
2,0.1,Comm2,43,Comm2,0.6383720830245857,31.394551304695128,263
2,0.1,Comm2,44,Comm2,0.6391644363618534,17.908601139959192,154
2,0.1,Comm2,45,Comm2,0.6329383212903226,1.0422270457176455,69
2,0.1,Comm2,46,Comm2,0.6367968584993254,13.988042777098523,661
2,0.1,Comm2,47,Comm2,0.6393041648330196,28.834986765311815,320
2,0.1,Comm2,48,Comm2,0.6338095945118021,1.11483048180048,238
2,0.1,Comm2,49,Comm2,0.6306146482321273,0.1810120040750309,826
2,0.1,Comm2,50,Comm2,0.6289092279519524,0.03674288632433049,523
2,0.1,Comm2,51,Comm2,0.634569031313162,8.025231420465351,933
2,0.1,Comm2,52,Comm2,0.6299038173601295,0.11719971202562404,683
2,0.1,Comm2,53,Comm2,0.6333683320075938,0.7014878934419485,235
2,0.1,Comm2,54,Comm2,0.6282120470994061,0.016004312992778838,75
2,0.1,Comm2,55,Comm2,0.6335800195242797,0.5078206412510576,964
2,0.1,Comm2,56,Comm2,0.6354230034945861,3.319204697886737,674
2,0.1,Comm2,57,Comm2,0.6389951129911067,22.14423097840165,376
2,0.1,Comm2,58,Comm2,0.6372154187236393,14.548122519272528,985
2,0.1,Comm2,59,Comm2,0.635844083956046,5.871496265639363,72
2,0.1,Comm2,60,Comm2,0.6252588040029105,0.009875827936785033,586
2,0.1,Comm2,61,Comm2,0.6384660269649157,40.79193151202704,302
2,0.1,Comm2,62,Comm2,0.6270039346713525,0.010341218146141008,719
2,0.1,Comm2,63,Comm2,0.6346537123230216,2.441639568413792,603
2,0.1,Comm2,64,Comm2,0.6351909849833051,2.7466547697612453,896
2,0.1,Comm2,65,Comm2,0.6333641106528994,1.286730079939097,801
2,0.1,Comm2,66,Comm2,0.6391579269039712,47.4265013826928,631
2,0.1,Comm2,67,Comm2,0.6313113801462364,0.31087155518631904,951
2,0.1,Comm2,68,Comm2,0.6393312366429551,54.65841544082134,91
2,0.1,Comm2,69,Comm2,0.6333686391178734,0.7116902891420984,184
2,0.1,Comm2,70,Comm2,0.6259849588412154,0.011134616421285996,396
2,0.1,Comm2,71,Comm2,0.6355760859504821,3.679875409026667,837
2,0.1,Comm2,72,Comm2,0.6263180854271329,0.009563849697007194,239
2,0.1,Comm2,73,Comm2,0.6366144386653416,13.026021856176717,341
2,0.1,Comm2,74,Comm2,0.6255578892739362,0.013864414291860062,732
2,0.1,Comm2,75,Comm2,0.629305167263743,0.021624670820960604,158
2,0.1,Comm2,76,Comm2,0.633161960489313,1.433042306115866,551
2,0.1,Comm2,77,Comm2,0.6333319449568745,0.8102756419605631,95
2,0.1,Comm2,78,Comm2,0.6340337138558123,0.895911703155841,301
2,0.1,Comm2,79,Comm2,0.6388067534547114,40.35545550768838,981
2,0.1,Comm2,80,Comm2,0.6325031573428044,0.09811403073877031,745
2,0.1,Comm2,81,Comm2,0.6361090836890627,2.1778093337794404,786
2,0.1,Comm2,82,Comm2,0.6249421460218622,0.0008437385007677638,210
2,0.1,Comm2,83,Comm2,0.6322708826311721,0.8205411286978768,33
2,0.1,Comm2,84,Comm2,0.6329177037771516,2.205767691884189,652
2,0.1,Comm2,85,Comm2,0.6257293507562485,0.005922417138707652,818
2,0.1,Comm2,86,Comm2,0.6299358486853031,0.2589560352851853,369
2,0.1,Comm2,87,Comm2,0.6240694874031228,0.002528136857658597,904
2,0.1,Comm2,88,Comm2,0.6380544238394646,29.061621451862937,615
2,0.1,Comm2,89,Comm2,0.630211450641603,0.03498898202633159,952
2,0.1,Comm2,90,Comm2,0.6297067446512661,0.09096749308211638,434
2,0.1,Comm2,91,Comm2,0.6290869142215073,0.03094968892099125,596
2,0.1,Comm2,92,Comm2,0.6249851035782376,0.0006163668158148391,716
2,0.1,Comm2,93,Comm2,0.6283091167915822,0.020906512608483006,222
2,0.1,Comm2,94,Comm2,0.6347080475812896,0.7046645068331651,232
2,0.1,Comm2,95,Comm2,0.6355157073956766,7.442947315612796,342
2,0.1,Comm2,96,Comm2,0.6330385211777492,2.8126356348855253,457
2,0.1,Comm2,97,Comm2,0.6287259600140727,0.015252882109833875,149
2,0.1,Comm2,98,Comm2,0.6245223471653591,0.0030886000944212685,591
2,0.1,Comm2,99,Comm2,0.6383137621736985,15.365785210871117,659
2,0.1,Comm2,100,Comm2,0.6320497920381014,0.27799556685452975,754
2,0.1,Comm3,1,Comm1,0.6248380005168978,4.266436358569727e-07,761
2,0.1,Comm3,2,Comm1,0.6375979536582417,1.9477103411395855,564
2,0.1,Comm3,3,Comm1,0.6372923928546532,14.779730562592214,63
2,0.1,Comm3,4,Comm1,0.6255479204559238,2.090615482983381e-07,957
2,0.1,Comm3,5,Comm1,0.6263113123216456,5.693463491622829e-07,660
2,0.1,Comm3,6,Comm1,0.6384417456118411,33.5202136769572,809
2,0.1,Comm3,7,Comm1,0.6258992849208237,1.4748928588347602e-07,832
2,0.1,Comm3,8,Comm1,0.6368304699496091,15.012894570843544,547
2,0.1,Comm3,9,Comm1,0.6385232709107779,36.30709468553995,977
2,0.1,Comm3,10,Comm1,0.6388427948301839,61.24456851799419,514
2,0.1,Comm3,11,Comm1,0.6331265820950975,0.1822079234492028,259
2,0.1,Comm3,12,Comm1,0.6374032224239631,15.769720586776728,38
2,0.1,Comm3,13,Comm1,0.6363507489111208,10.829267378375212,708
2,0.1,Comm3,14,Comm1,0.624923851317737,4.1408464135335024e-07,764
2,0.1,Comm3,15,Comm1,0.6349878635451246,3.4265861848030466,90
2,0.1,Comm3,16,Comm1,0.6241332619640123,3.521865821797621e-08,612
2,0.1,Comm3,17,Comm1,0.6338097618348677,0.21813706525275112,73
2,0.1,Comm3,18,Comm1,0.6312577764805714,0.015479007088514102,440
2,0.1,Comm3,19,Comm1,0.6311843535148092,0.006631948791803808,87
2,0.1,Comm3,20,Comm1,0.6252728550303752,9.735369922886337e-06,851
2,0.1,Comm3,21,Comm1,0.6315337264915674,0.001763742259824359,11
2,0.1,Comm3,22,Comm1,0.6310218928453737,0.002049236572973862,861
2,0.1,Comm3,23,Comm1,0.6331941233295137,0.08406037817366813,168
2,0.1,Comm3,24,Comm1,0.6273227164910997,3.482613094744529e-05,216
2,0.1,Comm3,25,Comm1,0.6338097175821031,0.6026505619522636,35
2,0.1,Comm3,26,Comm1,0.6380793633251616,11.280854028905136,250
2,0.1,Comm3,27,Comm1,0.6344869759753371,0.04254803165367144,790
2,0.1,Comm3,28,Comm1,0.6304067326125983,0.0015186306226586633,723
2,0.1,Comm3,29,Comm1,0.63859539912184,14.890692302746526,270
2,0.1,Comm3,30,Comm1,0.6340596612533137,0.39441151118516643,305
2,0.1,Comm3,31,Comm1,0.6249492966741645,1.2519251247357726e-07,750
2,0.1,Comm3,32,Comm1,0.6263184002092409,8.533568909158804e-07,461
2,0.1,Comm3,33,Comm1,0.6269443272228402,5.935957876112605e-07,592
2,0.1,Comm3,34,Comm1,0.6382850015322948,23.446523565768132,225
2,0.1,Comm3,35,Comm1,0.63746887615779,12.17086733230632,898
2,0.1,Comm3,36,Comm1,0.6346616547715969,1.3981320396696932,568
2,0.1,Comm3,37,Comm1,0.6261218954054956,5.129873717991248e-07,215
2,0.1,Comm3,38,Comm1,0.6333615066020051,0.09871037228298764,85
2,0.1,Comm3,39,Comm1,0.6275750530400462,1.0980892482806296e-05,47
2,0.1,Comm3,40,Comm1,0.624570130619108,4.75803618257763e-07,383
2,0.1,Comm3,41,Comm1,0.6254316497407318,1.8492077794718985e-05,773
2,0.1,Comm3,42,Comm1,0.6316138984792822,0.006523170517051557,471
2,0.1,Comm3,43,Comm1,0.6249764978564725,6.740697194805842e-07,558
2,0.1,Comm3,44,Comm1,0.6298489928531632,0.007822554117612323,733
2,0.1,Comm3,45,Comm1,0.6264781901508047,9.64211328385297e-07,136
2,0.1,Comm3,46,Comm1,0.6262745677049677,5.029073456802696e-05,183
2,0.1,Comm3,47,Comm1,0.6350155295465121,1.1641536805292103,346
2,0.1,Comm3,48,Comm1,0.6386715440177221,24.66321889810499,582
2,0.1,Comm3,49,Comm1,0.6278011110671565,1.785268964359947e-05,481
2,0.1,Comm3,50,Comm1,0.6363950115138179,2.152738955279983,890
2,0.1,Comm3,51,Comm1,0.6370887747563133,7.258121299057998,696
2,0.1,Comm3,52,Comm1,0.6310567872848437,0.0050846147782106854,271
2,0.1,Comm3,53,Comm1,0.635730763598354,2.5517969753652796,9
2,0.1,Comm3,54,Comm1,0.6329234391123373,0.2123997018910848,638
2,0.1,Comm3,55,Comm1,0.6289664081149429,0.002283544016944759,971
2,0.1,Comm3,56,Comm1,0.6352170541286004,5.5626344725842225,968
2,0.1,Comm3,57,Comm1,0.6276290148891166,5.3101007777401755e-06,507
2,0.1,Comm3,58,Comm1,0.6332026202292892,0.022331236924380844,604
2,0.1,Comm3,59,Comm1,0.6330636323337775,2.100047149359703,822
2,0.1,Comm3,60,Comm1,0.6332126989045418,0.20881527970799915,510
2,0.1,Comm3,61,Comm1,0.6318781202132486,0.0009251674356643782,170
2,0.1,Comm3,62,Comm1,0.6323253817941954,0.003901462995393684,665
2,0.1,Comm3,63,Comm1,0.6354370348721534,2.5947758389516684,891
2,0.1,Comm3,64,Comm1,0.6310742238589389,0.004413894509622108,842
2,0.1,Comm3,65,Comm1,0.6365000511232357,3.299828395746333,713
2,0.1,Comm3,66,Comm1,0.6242695448742844,1.8737645321793787e-08,68
2,0.1,Comm3,67,Comm1,0.6329528834087751,0.015470509992936365,752
2,0.1,Comm3,68,Comm1,0.6304967029722005,0.006222180505391122,799
2,0.1,Comm3,69,Comm1,0.6346758406781288,1.8225883686078423,363
2,0.1,Comm3,70,Comm1,0.6248643656873771,1.1039754323134965e-07,973
2,0.1,Comm3,71,Comm1,0.6250375429863758,4.486802336249982e-06,335
2,0.1,Comm3,72,Comm1,0.6341494309736183,0.9660742686099202,498
2,0.1,Comm3,73,Comm1,0.6282647684331039,1.6925361447339217e-05,835
2,0.1,Comm3,74,Comm1,0.6338420816444437,0.12780280083042345,413
2,0.1,Comm3,75,Comm1,0.6319222143185864,0.0057690448537212795,793
2,0.1,Comm3,76,Comm1,0.631481535774574,0.0020938392412316754,689
2,0.1,Comm3,77,Comm1,0.6336130845230794,0.33268556699634716,926
2,0.1,Comm3,78,Comm1,0.6291900284493921,0.00046464943880118736,611
2,0.1,Comm3,79,Comm1,0.6325870436089096,0.31243988538919654,533
2,0.1,Comm3,80,Comm1,0.6371726054146492,9.410616193665852,117
2,0.1,Comm3,81,Comm1,0.6388758772239473,31.50631532143921,830
2,0.1,Comm3,82,Comm1,0.6257025041131429,4.219807276934147e-07,919
2,0.1,Comm3,83,Comm1,0.6359323729575914,1.1885006007827836,327
2,0.1,Comm3,84,Comm1,0.6287879624542856,4.3433467850688694e-05,39
2,0.1,Comm3,85,Comm1,0.6351512603504953,0.5792856744247875,916
2,0.1,Comm3,86,Comm1,0.6337866530861638,0.2676193214156366,195
2,0.1,Comm3,87,Comm1,0.6254475214401367,8.360927243485941e-09,417
2,0.1,Comm3,88,Comm1,0.6247313818150988,2.1009340802589435e-08,355
2,0.1,Comm3,89,Comm1,0.634841891262934,0.28292118899966645,573
2,0.1,Comm3,90,Comm1,0.6285868550054816,4.0195670966070665e-05,265
2,0.1,Comm3,91,Comm1,0.6305001540768701,0.011760836586541257,486
2,0.1,Comm3,92,Comm1,0.6301559268245717,0.0015859643436053057,164
2,0.1,Comm3,93,Comm1,0.6342582144520812,0.4865315606057564,567
2,0.1,Comm3,94,Comm1,0.63649886741873,3.8959182387949203,202
2,0.1,Comm3,95,Comm1,0.6295321290459028,5.3839691763846235e-05,485
2,0.1,Comm3,96,Comm1,0.6374165349937332,16.372770830615835,141
2,0.1,Comm3,97,Comm1,0.6249366962101897,1.0647791885271584e-06,756
2,0.1,Comm3,98,Comm1,0.6314525654931523,0.02380370636706889,636
2,0.1,Comm3,99,Comm1,0.6245671827185717,8.46229989007146e-08,40
2,0.1,Comm3,100,Comm1,0.6253325662086737,4.045131295086081e-08,198
2,0.1,Comm3,101,Comm2,0.6321711793899661,0.006393180162020519,294
2,0.1,Comm3,102,Comm2,0.6321198162522872,0.0030395146311435963,705
2,0.1,Comm3,103,Comm2,0.6298149853090468,1.0276195293384604e-05,482
2,0.1,Comm3,104,Comm2,0.6286724612700972,1.4870436228378203e-05,175
2,0.1,Comm3,105,Comm2,0.6319162124797032,0.0007156436721120913,34
2,0.1,Comm3,106,Comm2,0.6321398987629968,0.0019582127501880566,853
2,0.1,Comm3,107,Comm2,0.6362295995181086,0.33257996663636485,641
2,0.1,Comm3,108,Comm2,0.6353809863733757,0.047708617168291265,688
2,0.1,Comm3,109,Comm2,0.6397775387970451,23.502714101222836,529
2,0.1,Comm3,110,Comm2,0.6249092684373246,4.151411515812652e-08,322
2,0.1,Comm3,111,Comm2,0.6247707848315147,4.990962910291256e-08,743
2,0.1,Comm3,112,Comm2,0.633024081565728,0.003037604234271602,0
2,0.1,Comm3,113,Comm2,0.629715540651648,4.567865487629985e-06,602
2,0.1,Comm3,114,Comm2,0.6325529373675621,0.004704062369716937,798
2,0.1,Comm3,115,Comm2,0.6385989998559821,11.124705140292274,150
2,0.1,Comm3,116,Comm2,0.6249212702016457,2.2179636087127788e-08,304
2,0.1,Comm3,117,Comm2,0.6317827500597479,0.0007038914108196772,13
2,0.1,Comm3,118,Comm2,0.6245261898958033,8.432011416178378e-09,312
2,0.1,Comm3,119,Comm2,0.6312054003539407,0.0005604766390428144,2
2,0.1,Comm3,120,Comm2,0.6355343987416979,0.2785026142736142,802
2,0.1,Comm3,121,Comm2,0.632885090844124,0.0009750183547214546,565
2,0.1,Comm3,122,Comm2,0.6388214240459852,16.180777075281796,727
2,0.1,Comm3,123,Comm2,0.6310902373401078,0.0004917887241982031,323
2,0.1,Comm3,124,Comm2,0.637047931766893,1.4357043812130295,860
2,0.1,Comm3,125,Comm2,0.6307327686389083,0.00019189458385947183,484
2,0.1,Comm3,126,Comm2,0.6365453409150466,0.36716738165839236,679
2,0.1,Comm3,127,Comm2,0.6372502985287931,0.6309334592796078,918
2,0.1,Comm3,128,Comm2,0.6339466131711862,0.018239848807020214,963
2,0.1,Comm3,129,Comm2,0.6332216170169874,0.003097901253519223,516
2,0.1,Comm3,130,Comm2,0.6360315498812931,0.20212716925385774,805
2,0.1,Comm3,131,Comm2,0.6283374963979043,4.589954948779298e-06,648
2,0.1,Comm3,132,Comm2,0.6309859822345754,8.094668972113129e-05,205
2,0.1,Comm3,133,Comm2,0.6266914626725693,2.2051833135811378e-07,691
2,0.1,Comm3,134,Comm2,0.6323525438228428,0.003191236647735631,765
2,0.1,Comm3,135,Comm2,0.6301958571706696,0.0004360555489541728,663
2,0.1,Comm3,136,Comm2,0.6272800291035227,1.4068079254632051e-06,655
2,0.1,Comm3,137,Comm2,0.6291452558428497,1.7650986682050888e-05,362
2,0.1,Comm3,138,Comm2,0.6373692946212782,0.9891183917328672,173
2,0.1,Comm3,139,Comm2,0.6323416843534909,0.0008641738937572831,675
2,0.1,Comm3,140,Comm2,0.6250722356675217,4.1674475452710744e-08,642
2,0.1,Comm3,141,Comm2,0.6246920385070841,1.8853741301566375e-09,179
2,0.1,Comm3,142,Comm2,0.6285918833032481,5.158521508628616e-06,230
2,0.1,Comm3,143,Comm2,0.6383720830245857,9.725282837734403,263
2,0.1,Comm3,144,Comm2,0.6391644363618534,13.041026980231468,154
2,0.1,Comm3,145,Comm2,0.6329383212903226,0.004914464340206951,69
2,0.1,Comm3,146,Comm2,0.6367968584993254,0.9031837853240697,661
2,0.1,Comm3,147,Comm2,0.6393041648330196,15.70543647930485,320
2,0.1,Comm3,148,Comm2,0.6338095945118021,0.005538926254681649,238
2,0.1,Comm3,149,Comm2,0.6306146482321273,4.16179805036741e-05,826
2,0.1,Comm3,150,Comm2,0.6289092279519524,1.6976173086616283e-05,523
2,0.1,Comm3,151,Comm2,0.634569031313162,0.29720088350901436,933
2,0.1,Comm3,152,Comm2,0.6299038173601295,1.609005114193964e-05,683
2,0.1,Comm3,153,Comm2,0.6333683320075938,0.0064706762553302976,235
2,0.1,Comm3,154,Comm2,0.6282120470994061,2.7947972610905224e-06,75
2,0.1,Comm3,155,Comm2,0.6335800195242797,0.005833943665453382,964
2,0.1,Comm3,156,Comm2,0.6354230034945861,0.10798227058665144,674
2,0.1,Comm3,157,Comm2,0.6389951129911067,11.351202871650077,376
2,0.1,Comm3,158,Comm2,0.6372154187236393,4.411145774655244,985
2,0.1,Comm3,159,Comm2,0.635844083956046,0.36881625261615864,72
2,0.1,Comm3,160,Comm2,0.6252588040029105,1.1266760548800348e-07,586
2,0.1,Comm3,161,Comm2,0.6384660269649157,16.236976271478323,302
2,0.1,Comm3,162,Comm2,0.6270039346713525,1.7151944450079522e-07,719
2,0.1,Comm3,163,Comm2,0.6346537123230216,0.05131408386766939,603
2,0.1,Comm3,164,Comm2,0.6351909849833051,0.05230764175459927,896
2,0.1,Comm3,165,Comm2,0.6333641106528994,0.021236898078348915,801
2,0.1,Comm3,166,Comm2,0.6391579269039712,28.216415678258727,631
2,0.1,Comm3,167,Comm2,0.6313113801462364,0.0013547911419735036,951
2,0.1,Comm3,168,Comm2,0.6393312366429551,37.0937911532739,91
2,0.1,Comm3,169,Comm2,0.6333686391178734,0.003761310912478949,184
2,0.1,Comm3,170,Comm2,0.6259849588412154,6.723759490358045e-07,396
2,0.1,Comm3,171,Comm2,0.6355760859504821,0.11149225382067811,837
2,0.1,Comm3,172,Comm2,0.6263180854271329,3.923539809001582e-07,239
2,0.1,Comm3,173,Comm2,0.6366144386653416,0.44941865067466447,341
2,0.1,Comm3,174,Comm2,0.6255578892739362,7.698857547791522e-07,732
2,0.1,Comm3,175,Comm2,0.629305167263743,8.294793707274168e-06,158
2,0.1,Comm3,176,Comm2,0.633161960489313,0.004520581025645121,551
2,0.1,Comm3,177,Comm2,0.6333319449568745,0.006055171232102327,95
2,0.1,Comm3,178,Comm2,0.6340337138558123,0.009318536736722206,301
2,0.1,Comm3,179,Comm2,0.6388067534547114,8.587396748112784,981
2,0.1,Comm3,180,Comm2,0.6325031573428044,0.00029792838946670903,745
2,0.1,Comm3,181,Comm2,0.6361090836890627,0.09818965710969203,786
2,0.1,Comm3,182,Comm2,0.6249421460218622,1.6119135668486042e-08,210
2,0.1,Comm3,183,Comm2,0.6322708826311721,0.000921827768844076,33
2,0.1,Comm3,184,Comm2,0.6329177037771516,0.025603431598053717,652
2,0.1,Comm3,185,Comm2,0.6257293507562485,1.0557366035473159e-07,818
2,0.1,Comm3,186,Comm2,0.6299358486853031,3.452750874787872e-05,369
2,0.1,Comm3,187,Comm2,0.6240694874031228,1.22830537353543e-08,904
2,0.1,Comm3,188,Comm2,0.6380544238394646,3.864117709388046,615
2,0.1,Comm3,189,Comm2,0.630211450641603,9.64323082681654e-05,952
2,0.1,Comm3,190,Comm2,0.6297067446512661,1.917016116054603e-05,434
2,0.1,Comm3,191,Comm2,0.6290869142215073,6.825168614360077e-06,596
2,0.1,Comm3,192,Comm2,0.6249851035782376,4.1358734638613815e-09,716
2,0.1,Comm3,193,Comm2,0.6283091167915822,1.913624316188237e-06,222
2,0.1,Comm3,194,Comm2,0.6347080475812896,0.03029580227774363,232
2,0.1,Comm3,195,Comm2,0.6355157073956766,0.09057105726345552,342
2,0.1,Comm3,196,Comm2,0.6330385211777492,0.024237491015602377,457
2,0.1,Comm3,197,Comm2,0.6287259600140727,5.08028189699517e-06,149
2,0.1,Comm3,198,Comm2,0.6245223471653591,1.957156067561287e-08,591
2,0.1,Comm3,199,Comm2,0.6383137621736985,5.416981182226013,659
2,0.1,Comm3,200,Comm2,0.6320497920381014,0.00017754489204741173,754
3,0.01,Comm1,1,Comm1,0.6255992636304287,0.0027921143778345363,512
3,0.01,Comm1,2,Comm1,0.6380419743019118,30.266900034021656,994
3,0.01,Comm1,3,Comm1,0.6359969769217702,10.73594661328071,285
3,0.01,Comm1,4,Comm1,0.6326770176108324,1.5992338187298547,44
3,0.01,Comm1,5,Comm1,0.6392852714022764,61.377644706418856,756
3,0.01,Comm1,6,Comm1,0.6246446850039485,0.0020436815749064726,131
3,0.01,Comm1,7,Comm1,0.6310821217995167,0.20718069473051698,306
3,0.01,Comm1,8,Comm1,0.635894259874625,1.3871450845305364,829
3,0.01,Comm1,9,Comm1,0.6374998012212597,23.058110967290965,191
3,0.01,Comm1,10,Comm1,0.6345363739068265,2.7959634789998056,416
3,0.01,Comm1,11,Comm1,0.6268016651364477,0.013694788082019283,706
3,0.01,Comm1,12,Comm1,0.6368163835792469,24.643019616829314,77
3,0.01,Comm1,13,Comm1,0.6344575727535957,13.102180205948434,342
3,0.01,Comm1,14,Comm1,0.6340967444002817,1.0258303302258776,808
3,0.01,Comm1,15,Comm1,0.6291074181053408,0.11759841913177185,629
3,0.01,Comm1,16,Comm1,0.6372361312080583,8.273483471112124,462
3,0.01,Comm1,17,Comm1,0.6364268324338282,17.452308358684192,215
3,0.01,Comm1,18,Comm1,0.6355918643930611,5.751261748701894,212
3,0.01,Comm1,19,Comm1,0.6295644299989411,0.1645532109606106,125
3,0.01,Comm1,20,Comm1,0.6348097120350653,6.189773937392677,622
3,0.01,Comm1,21,Comm1,0.629241861185395,0.03314170451408254,31
3,0.01,Comm1,22,Comm1,0.6304850761273956,0.4146567813787245,478
3,0.01,Comm1,23,Comm1,0.6252196269145364,0.0011374499570910774,761
3,0.01,Comm1,24,Comm1,0.6293922785471484,0.05640704902461338,900
3,0.01,Comm1,25,Comm1,0.6252205378270891,0.0019077269875237483,898
3,0.01,Comm1,26,Comm1,0.6324969560208134,0.1967471352503438,41
3,0.01,Comm1,27,Comm1,0.6293363083068563,0.028599613761176396,421
3,0.01,Comm1,28,Comm1,0.6256824098135515,0.0040821842441425855,444
3,0.01,Comm1,29,Comm1,0.6392101642653015,19.599733657540195,701
3,0.01,Comm1,30,Comm1,0.6357995941724202,4.30818533209573,958
3,0.01,Comm1,31,Comm1,0.6335858441937133,0.4745723683556497,873
3,0.01,Comm1,32,Comm1,0.6304048921735222,0.3207578010886582,941
3,0.01,Comm1,33,Comm1,0.6243527614454882,0.0014691654142155659,192
3,0.01,Comm1,34,Comm1,0.6301402341438103,0.15627812987134718,507
3,0.01,Comm1,35,Comm1,0.6353394847200171,2.9153543606446215,419
3,0.01,Comm1,36,Comm1,0.6319396709462355,0.4456916881261219,590
3,0.01,Comm1,37,Comm1,0.6377950417134234,8.355623961735743,314
3,0.01,Comm1,38,Comm1,0.6396972105403446,41.40954972576865,705
3,0.01,Comm1,39,Comm1,0.6266609938505094,0.009048721449677154,165
3,0.01,Comm1,40,Comm1,0.6339065422658211,3.253250618400867,451
3,0.01,Comm1,41,Comm1,0.6355911605916664,7.332958804851486,237
3,0.01,Comm1,42,Comm1,0.6367502774921412,8.49801618305429,366
3,0.01,Comm1,43,Comm1,0.6353291010232587,14.220023585391749,376
3,0.01,Comm1,44,Comm1,0.6283813120910312,0.0461109981639627,353
3,0.01,Comm1,45,Comm1,0.6357157250798385,7.610113141369747,602
3,0.01,Comm1,46,Comm1,0.6352926255435598,7.186871488154745,839
3,0.01,Comm1,47,Comm1,0.626995747605112,0.02142220391826181,948
3,0.01,Comm1,48,Comm1,0.6249869619936913,0.0014467317031409868,901
3,0.01,Comm1,49,Comm1,0.6373363612368156,8.951762758643259,936
3,0.01,Comm1,50,Comm1,0.630067164866689,0.09312615521251275,733
3,0.01,Comm1,51,Comm1,0.6283727916052766,0.016155196961169415,798
3,0.01,Comm1,52,Comm1,0.6354641942010847,6.03680135754928,47
3,0.01,Comm1,53,Comm1,0.6300242448365497,0.18976606477222707,972
3,0.01,Comm1,54,Comm1,0.6318267583168375,0.3195997637105581,3
3,0.01,Comm1,55,Comm1,0.6294344471648768,0.04505632989715786,371
3,0.01,Comm1,56,Comm1,0.6245932285833876,0.0026693671298377935,433
3,0.01,Comm1,57,Comm1,0.6310257673203067,0.12116281944847401,845
3,0.01,Comm1,58,Comm1,0.6348937515593503,9.645137716439384,943
3,0.01,Comm1,59,Comm1,0.6382917610291174,26.403661831233592,459
3,0.01,Comm1,60,Comm1,0.6248702828986072,0.0008796534677003871,348
3,0.01,Comm1,61,Comm1,0.6313478266210162,0.07157086378504152,132
3,0.01,Comm1,62,Comm1,0.6373996690421356,34.58509581120624,221
3,0.01,Comm1,63,Comm1,0.6330316711011971,1.3028775931088654,127
3,0.01,Comm1,64,Comm1,0.638721081521156,36.22063901249473,675
3,0.01,Comm1,65,Comm1,0.633038687333544,0.9900181974986735,542
3,0.01,Comm1,66,Comm1,0.6274589065144157,0.02229678882281538,729
3,0.01,Comm1,67,Comm1,0.6315867002487502,0.20549262357984346,849
3,0.01,Comm1,68,Comm1,0.633744671748258,0.8561125566227102,226
3,0.01,Comm1,69,Comm1,0.6390035283135075,22.910744770482424,197
3,0.01,Comm1,70,Comm1,0.6294347854976062,0.09234813435657427,94
3,0.01,Comm1,71,Comm1,0.6291481722070533,0.010484101905674654,511
3,0.01,Comm1,72,Comm1,0.6255546542633859,0.003314245536253428,32
3,0.01,Comm1,73,Comm1,0.6291378735077883,0.05787201155729756,987
3,0.01,Comm1,74,Comm1,0.6317462804524271,0.623808975955847,780
3,0.01,Comm1,75,Comm1,0.6360768386471757,9.50329342354048,517
3,0.01,Comm1,76,Comm1,0.6365534794776563,13.456502371702461,935
3,0.01,Comm1,77,Comm1,0.6313436852262435,0.08463576048281819,85
3,0.01,Comm1,78,Comm1,0.6363565936524505,9.544978777436132,232
3,0.01,Comm1,79,Comm1,0.6395472948503739,13.210646001597599,424
3,0.01,Comm1,80,Comm1,0.6392592607521129,17.627238588659868,227
3,0.01,Comm1,81,Comm1,0.6308766681841561,0.17556021440109457,319
3,0.01,Comm1,82,Comm1,0.6387261963088887,17.570085289268942,498
3,0.01,Comm1,83,Comm1,0.6300358871912056,0.1889934325906645,937
3,0.01,Comm1,84,Comm1,0.6264806152673532,0.0043036235189560955,570
3,0.01,Comm1,85,Comm1,0.6274321206562866,0.018848957462487187,804
3,0.01,Comm1,86,Comm1,0.6244476428988147,0.0016153851156602596,992
3,0.01,Comm1,87,Comm1,0.6261287409309952,0.00836964818086633,259
3,0.01,Comm1,88,Comm1,0.633377533194748,0.8013711336282612,740
3,0.01,Comm1,89,Comm1,0.6252828701764414,0.004620532025900376,286
3,0.01,Comm1,90,Comm1,0.6326341039377721,0.29388963520390365,263
3,0.01,Comm1,91,Comm1,0.628909793306992,0.10179649290732115,21
3,0.01,Comm1,92,Comm1,0.6279908252979365,0.01890807918698626,522
3,0.01,Comm1,93,Comm1,0.6298685027168298,0.0783186895862945,566
3,0.01,Comm1,94,Comm1,0.6387579933615878,25.50500294066207,670
3,0.01,Comm1,95,Comm1,0.6303471957879475,0.12209086161399459,373
3,0.01,Comm1,96,Comm1,0.6317938301926395,0.5625390360185536,891
3,0.01,Comm1,97,Comm1,0.6338953326909029,4.732632658807987,854
3,0.01,Comm1,98,Comm1,0.6301312649325306,0.0987718366991119,596
3,0.01,Comm1,99,Comm1,0.6293117525677798,0.037017329965436635,619
3,0.01,Comm1,100,Comm1,0.6282571362873337,0.00601558461183582,449
3,0.01,Comm2,1,Comm2,0.6346330605066447,1.244092215960935,790
3,0.01,Comm2,2,Comm2,0.632398582229849,0.7158255696847106,73
3,0.01,Comm2,3,Comm2,0.6345624213766909,2.2184607735862567,62
3,0.01,Comm2,4,Comm2,0.6285142375782338,0.013650413228795484,625
3,0.01,Comm2,5,Comm2,0.6376704795348815,10.297052910728587,330
3,0.01,Comm2,6,Comm2,0.6290112008326548,0.0285166561778519,588
3,0.01,Comm2,7,Comm2,0.6243455175616631,0.00232790299569631,386
3,0.01,Comm2,8,Comm2,0.633469726906383,0.10102287999246505,660
3,0.01,Comm2,9,Comm2,0.624277000117671,0.002004042039831545,300
3,0.01,Comm2,10,Comm2,0.6278889463590885,0.011614583284098605,824
3,0.01,Comm2,11,Comm2,0.6311872335588067,0.49797043357863147,0
3,0.01,Comm2,12,Comm2,0.6312213252014874,0.19309021863327375,496
3,0.01,Comm2,13,Comm2,0.6337234367538195,0.9718041214036537,699
3,0.01,Comm2,14,Comm2,0.6281914747046778,0.015749203527275095,408
3,0.01,Comm2,15,Comm2,0.6396442898150849,33.492721135278416,370
3,0.01,Comm2,16,Comm2,0.626418810135389,0.0020966321217511224,947
3,0.01,Comm2,17,Comm2,0.6324683421503694,0.10275970138901887,571
3,0.01,Comm2,18,Comm2,0.6294449181873988,0.05116321454579865,773
3,0.01,Comm2,19,Comm2,0.6323373527645145,0.1703428014148248,196
3,0.01,Comm2,20,Comm2,0.6257454282940932,0.004771183884091205,606
3,0.01,Comm2,21,Comm2,0.6282780125811808,0.012843192761754565,772
3,0.01,Comm2,22,Comm2,0.6324434060275705,0.3371706546183753,532
3,0.01,Comm2,23,Comm2,0.6329486414504708,0.24063761610565837,856
3,0.01,Comm2,24,Comm2,0.6276855245542735,0.009442936883060395,329
3,0.01,Comm2,25,Comm2,0.6265372860955016,0.0011794062055215232,145
3,0.01,Comm2,26,Comm2,0.6392044133930614,21.661706221877175,685
3,0.01,Comm2,27,Comm2,0.6372078455646811,9.673771488097186,957
3,0.01,Comm2,28,Comm2,0.632726046791649,0.6039258939494131,49
3,0.01,Comm2,29,Comm2,0.6387760594829447,14.094220851205172,201
3,0.01,Comm2,30,Comm2,0.6295455480317452,0.05820520739284296,583
3,0.01,Comm2,31,Comm2,0.6283280124860896,0.0038525661256751127,612
3,0.01,Comm2,32,Comm2,0.6347509480991661,2.867198732629016,367
3,0.01,Comm2,33,Comm2,0.627804185609132,0.009706527658746245,540
3,0.01,Comm2,34,Comm2,0.6371557608521903,4.904319936332729,429
3,0.01,Comm2,35,Comm2,0.6332141455953831,1.544703367721198,404
3,0.01,Comm2,36,Comm2,0.6344534121862275,3.4505364830697265,608
3,0.01,Comm2,37,Comm2,0.6396162898819655,8.319243954911993,16
3,0.01,Comm2,38,Comm2,0.6352706243727831,2.3681713703508183,533
3,0.01,Comm2,39,Comm2,0.631679596901348,0.23145413483444754,837
3,0.01,Comm2,40,Comm2,0.626059885399224,0.003924600108967058,836
3,0.01,Comm2,41,Comm2,0.632308931385034,0.25523370419661917,392
3,0.01,Comm2,42,Comm2,0.6257853292061889,0.0018210091590381715,965
3,0.01,Comm2,43,Comm2,0.631396423791757,0.18080026997849064,754
3,0.01,Comm2,44,Comm2,0.6300867144554432,0.17598407418180884,374
3,0.01,Comm2,45,Comm2,0.638308111329433,52.139808402127656,500
3,0.01,Comm2,46,Comm2,0.6291499992020247,0.05182967965330185,545
3,0.01,Comm2,47,Comm2,0.6348305848541145,2.0197475777369602,476
3,0.01,Comm2,48,Comm2,0.6252145831443998,0.0010789892587239201,899
3,0.01,Comm2,49,Comm2,0.627451992551717,0.018263014490957998,463
3,0.01,Comm2,50,Comm2,0.6379906350325788,29.90540495980973,6
3,0.01,Comm2,51,Comm2,0.6391717997091563,48.68414664724282,785
3,0.01,Comm2,52,Comm2,0.6295606611258752,0.04256986530930524,828
3,0.01,Comm2,53,Comm2,0.6345669260338233,1.6951824527308015,717
3,0.01,Comm2,54,Comm2,0.6252724892078504,0.00044916563191986795,363
3,0.01,Comm2,55,Comm2,0.6264785781748001,0.009951536929372758,920
3,0.01,Comm2,56,Comm2,0.6378525092848156,18.09225775532567,231
3,0.01,Comm2,57,Comm2,0.6301002146723107,0.04015332244590388,210
3,0.01,Comm2,58,Comm2,0.628819040025913,0.022321204664892163,162
3,0.01,Comm2,59,Comm2,0.6355304950464641,1.473875714941886,684
3,0.01,Comm2,60,Comm2,0.6321502927624438,0.2872297520572476,395
3,0.01,Comm2,61,Comm2,0.6291279711396273,0.06470009742116972,222
3,0.01,Comm2,62,Comm2,0.6370596429118008,20.213597128365187,204
3,0.01,Comm2,63,Comm2,0.6379312981662583,15.088656007688222,80
3,0.01,Comm2,64,Comm2,0.6398436021893819,15.090394920438714,860
3,0.01,Comm2,65,Comm2,0.6385258945311906,30.187844099696175,167
3,0.01,Comm2,66,Comm2,0.6278034853207272,0.006195651252856609,841
3,0.01,Comm2,67,Comm2,0.6250902185599817,0.0026484768120956315,448
3,0.01,Comm2,68,Comm2,0.6258730770725802,0.0014047459545347082,885
3,0.01,Comm2,69,Comm2,0.6243298504824458,0.0003983104836575244,550
3,0.01,Comm2,70,Comm2,0.6381848946581741,19.914640408021704,265
3,0.01,Comm2,71,Comm2,0.6321407499261492,0.14591937440063302,297
3,0.01,Comm2,72,Comm2,0.6314442420743789,0.3844135107482756,177
3,0.01,Comm2,73,Comm2,0.6378369255496557,9.467694975496112,580
3,0.01,Comm2,74,Comm2,0.6276049398530681,0.003883876989003185,991
3,0.01,Comm2,75,Comm2,0.6268354334025088,0.004303267986225533,614
3,0.01,Comm2,76,Comm2,0.6339520953387378,0.31995620645441397,34
3,0.01,Comm2,77,Comm2,0.6394091951605868,32.39920642519929,681
3,0.01,Comm2,78,Comm2,0.6317314501465081,0.09318778243067881,190
3,0.01,Comm2,79,Comm2,0.6295335969203617,0.09717123922137494,749
3,0.01,Comm2,80,Comm2,0.6378607346523341,19.141883042211916,857
3,0.01,Comm2,81,Comm2,0.6248434732111698,0.0016288007232451063,805
3,0.01,Comm2,82,Comm2,0.6388220212924903,25.96687923570319,114
3,0.01,Comm2,83,Comm2,0.6353522416634377,2.572027358529972,280
3,0.01,Comm2,84,Comm2,0.631832434566648,0.42213759927449146,480
3,0.01,Comm2,85,Comm2,0.63971236077818,12.453867453820758,510
3,0.01,Comm2,86,Comm2,0.6260007392856433,0.0023503959123386715,568
3,0.01,Comm2,87,Comm2,0.6286770140509494,0.015126267468423393,56
3,0.01,Comm2,88,Comm2,0.6295246871164314,0.13653145849836393,928
3,0.01,Comm2,89,Comm2,0.6385080387347531,34.65007135401316,563
3,0.01,Comm2,90,Comm2,0.6241055741479296,0.00045518735148844405,904
3,0.01,Comm2,91,Comm2,0.6376166990099185,10.997324839074345,527
3,0.01,Comm2,92,Comm2,0.633821172461986,1.3882751350685387,862
3,0.01,Comm2,93,Comm2,0.6364486738570851,9.413384530851081,27
3,0.01,Comm2,94,Comm2,0.6306387118215582,0.08569056593278218,912
3,0.01,Comm2,95,Comm2,0.6355312864504502,2.705895521757016,172
3,0.01,Comm2,96,Comm2,0.6370533481893081,14.770411825778956,659
3,0.01,Comm2,97,Comm2,0.6276639688461457,0.00763090794337715,725
3,0.01,Comm2,98,Comm2,0.6251609630100106,0.003631858136874497,658
3,0.01,Comm2,99,Comm2,0.6386407721082388,28.38492432593494,723
3,0.01,Comm2,100,Comm2,0.6289425132503079,0.013857476517493014,58
3,0.01,Comm3,1,Comm1,0.6255992636304287,8.970706909911023e-07,512
3,0.01,Comm3,2,Comm1,0.6380419743019118,27.013811531867,994
3,0.01,Comm3,3,Comm1,0.6359969769217702,8.986489679311909,285
3,0.01,Comm3,4,Comm1,0.6326770176108324,0.42788057812323105,44
3,0.01,Comm3,5,Comm1,0.6392852714022764,64.62349959785656,756
3,0.01,Comm3,6,Comm1,0.6246446850039485,1.2319930449509654e-07,131
3,0.01,Comm3,7,Comm1,0.6310821217995167,0.002152452457303759,306
3,0.01,Comm3,8,Comm1,0.635894259874625,0.1196999904464617,829
3,0.01,Comm3,9,Comm1,0.6374998012212597,28.647487239758867,191
3,0.01,Comm3,10,Comm1,0.6345363739068265,0.48465399571396944,416
3,0.01,Comm3,11,Comm1,0.6268016651364477,4.887074595300865e-06,706
3,0.01,Comm3,12,Comm1,0.6368163835792469,30.75752608101727,77
3,0.01,Comm3,13,Comm1,0.6344575727535957,8.825362908800834,342
3,0.01,Comm3,14,Comm1,0.6340967444002817,0.051603732762758134,808
3,0.01,Comm3,15,Comm1,0.6291074181053408,0.0006089501382440965,629
3,0.01,Comm3,16,Comm1,0.6372361312080583,4.665160022425941,462
3,0.01,Comm3,17,Comm1,0.6364268324338282,14.014725121425284,215
3,0.01,Comm3,18,Comm1,0.6355918643930611,1.8682460862430454,212
3,0.01,Comm3,19,Comm1,0.6295644299989411,0.001707528356890004,125
3,0.01,Comm3,20,Comm1,0.6348097120350653,1.852784551295224,622
3,0.01,Comm3,21,Comm1,0.629241861185395,3.726756169787507e-05,31
3,0.01,Comm3,22,Comm1,0.6304850761273956,0.00561308175151535,478
3,0.01,Comm3,23,Comm1,0.6252196269145364,3.533555631166728e-08,761
3,0.01,Comm3,24,Comm1,0.6293922785471484,0.00012956775955933982,900
3,0.01,Comm3,25,Comm1,0.6252205378270891,2.607349458250387e-07,898
3,0.01,Comm3,26,Comm1,0.6324969560208134,0.002758611624688957,41
3,0.01,Comm3,27,Comm1,0.6293363083068563,3.4182484092236124e-05,421
3,0.01,Comm3,28,Comm1,0.6256824098135515,1.9712365534024565e-06,444
3,0.01,Comm3,29,Comm1,0.6392101642653015,36.132162625212146,701
3,0.01,Comm3,30,Comm1,0.6357995941724202,3.484635588424217,958
3,0.01,Comm3,31,Comm1,0.6335858441937133,0.013527968049017496,873
3,0.01,Comm3,32,Comm1,0.6304048921735222,0.005854325238412949,941
3,0.01,Comm3,33,Comm1,0.6243527614454882,5.2420689659762e-08,192
3,0.01,Comm3,34,Comm1,0.6301402341438103,0.0025701040596351147,507
3,0.01,Comm3,35,Comm1,0.6353394847200171,1.2015464328424625,419
3,0.01,Comm3,36,Comm1,0.6319396709462355,0.008171027112249873,590
3,0.01,Comm3,37,Comm1,0.6377950417134234,12.91383872790436,314
3,0.01,Comm3,38,Comm1,0.6396972105403446,34.860921860608435,705
3,0.01,Comm3,39,Comm1,0.6266609938505094,5.092340996339354e-06,165
3,0.01,Comm3,40,Comm1,0.6339065422658211,0.5958323577245807,451
3,0.01,Comm3,41,Comm1,0.6355911605916664,3.025987725788694,237
3,0.01,Comm3,42,Comm1,0.6367502774921412,6.787844869198817,366
3,0.01,Comm3,43,Comm1,0.6353291010232587,6.004448966642034,376
3,0.01,Comm3,44,Comm1,0.6283813120910312,0.00011368708345587246,353
3,0.01,Comm3,45,Comm1,0.6357157250798385,3.320744559860871,602
3,0.01,Comm3,46,Comm1,0.6352926255435598,2.5801208344371713,839
3,0.01,Comm3,47,Comm1,0.626995747605112,5.836027966524319e-05,948
3,0.01,Comm3,48,Comm1,0.6249869619936913,1.3814120134846306e-07,901
3,0.01,Comm3,49,Comm1,0.6373363612368156,14.008016726994938,936
3,0.01,Comm3,50,Comm1,0.630067164866689,0.0005861907116576618,733
3,0.01,Comm3,51,Comm1,0.6283727916052766,4.027532291709752e-05,798
3,0.01,Comm3,52,Comm1,0.6354641942010847,1.5521832675813743,47
3,0.01,Comm3,53,Comm1,0.6300242448365497,0.0017135911598098832,972
3,0.01,Comm3,54,Comm1,0.6318267583168375,0.004337635198997719,3
3,0.01,Comm3,55,Comm1,0.6294344471648768,8.862361265277562e-05,371
3,0.01,Comm3,56,Comm1,0.6245932285833876,1.0453811463733348e-06,433
3,0.01,Comm3,57,Comm1,0.6310257673203067,0.0011576361246100372,845
3,0.01,Comm3,58,Comm1,0.6348937515593503,2.4159144250725024,943
3,0.01,Comm3,59,Comm1,0.6382917610291174,17.071036017885174,459
3,0.01,Comm3,60,Comm1,0.6248702828986072,5.7258014638794255e-09,348
3,0.01,Comm3,61,Comm1,0.6313478266210162,0.0001914821001034484,132
3,0.01,Comm3,62,Comm1,0.6373996690421356,40.087167313019116,221
3,0.01,Comm3,63,Comm1,0.6330316711011971,0.17587786944490555,127
3,0.01,Comm3,64,Comm1,0.638721081521156,43.74283174995146,675
3,0.01,Comm3,65,Comm1,0.633038687333544,0.03147393489792997,542
3,0.01,Comm3,66,Comm1,0.6274589065144157,7.131525245008538e-05,729
3,0.01,Comm3,67,Comm1,0.6315867002487502,0.001845127945372227,849
3,0.01,Comm3,68,Comm1,0.633744671748258,0.15526619820962345,226
3,0.01,Comm3,69,Comm1,0.6390035283135075,29.410233849673915,197
3,0.01,Comm3,70,Comm1,0.6294347854976062,0.00044810848073764095,94
3,0.01,Comm3,71,Comm1,0.6291481722070533,1.1177396091258925e-05,511
3,0.01,Comm3,72,Comm1,0.6255546542633859,1.0584219124745294e-07,32
3,0.01,Comm3,73,Comm1,0.6291378735077883,0.0007198434674883744,987
3,0.01,Comm3,74,Comm1,0.6317462804524271,0.017730314182313724,780
3,0.01,Comm3,75,Comm1,0.6360768386471757,3.695083247125187,517
3,0.01,Comm3,76,Comm1,0.6365534794776563,8.464626091324801,935
3,0.01,Comm3,77,Comm1,0.6313436852262435,0.001047638992669212,85
3,0.01,Comm3,78,Comm1,0.6363565936524505,6.124675329469008,232
3,0.01,Comm3,79,Comm1,0.6395472948503739,11.245519666253665,424
3,0.01,Comm3,80,Comm1,0.6392592607521129,28.999412254128224,227
3,0.01,Comm3,81,Comm1,0.6308766681841561,0.002215460405676507,319
3,0.01,Comm3,82,Comm1,0.6387261963088887,36.08490612879171,498
3,0.01,Comm3,83,Comm1,0.6300358871912056,0.0021368927748008797,937
3,0.01,Comm3,84,Comm1,0.6264806152673532,2.0574214340397982e-07,570
3,0.01,Comm3,85,Comm1,0.6274321206562866,1.0900213419615396e-05,804
3,0.01,Comm3,86,Comm1,0.6244476428988147,3.598767800963713e-08,992
3,0.01,Comm3,87,Comm1,0.6261287409309952,2.1518517282936347e-05,259
3,0.01,Comm3,88,Comm1,0.633377533194748,0.031155762429155895,740
3,0.01,Comm3,89,Comm1,0.6252828701764414,6.814996615076146e-06,286
3,0.01,Comm3,90,Comm1,0.6326341039377721,0.008399389936173614,263
3,0.01,Comm3,91,Comm1,0.628909793306992,0.0008252674353399846,21
3,0.01,Comm3,92,Comm1,0.6279908252979365,9.00339983583874e-06,522
3,0.01,Comm3,93,Comm1,0.6298685027168298,0.0005242784202090982,566
3,0.01,Comm3,94,Comm1,0.6387579933615878,35.89591633725594,670
3,0.01,Comm3,95,Comm1,0.6303471957879475,0.001847910392815283,373
3,0.01,Comm3,96,Comm1,0.6317938301926395,0.02491392190144511,891
3,0.01,Comm3,97,Comm1,0.6338953326909029,5.328839882936218,854
3,0.01,Comm3,98,Comm1,0.6301312649325306,0.00044668611802456176,596
3,0.01,Comm3,99,Comm1,0.6293117525677798,0.00026658699040486025,619
3,0.01,Comm3,100,Comm1,0.6282571362873337,2.182237178091804e-06,449
3,0.01,Comm3,101,Comm2,0.6346330605066447,0.0015063578502321872,790
3,0.01,Comm3,102,Comm2,0.632398582229849,0.00025121007211242007,73
3,0.01,Comm3,103,Comm2,0.6345624213766909,0.00301124960315735,62
3,0.01,Comm3,104,Comm2,0.6285142375782338,9.652595283739092e-07,625
3,0.01,Comm3,105,Comm2,0.6376704795348815,1.3851658294662734,330
3,0.01,Comm3,106,Comm2,0.6290112008326548,4.1144982941628663e-07,588
3,0.01,Comm3,107,Comm2,0.6243455175616631,1.2755267807540406e-08,386
3,0.01,Comm3,108,Comm2,0.633469726906383,6.178814459978393e-05,660
3,0.01,Comm3,109,Comm2,0.624277000117671,9.031800834225768e-10,300
3,0.01,Comm3,110,Comm2,0.6278889463590885,5.3129886464305143e-08,824
3,0.01,Comm3,111,Comm2,0.6311872335588067,4.126590853745395e-05,0
3,0.01,Comm3,112,Comm2,0.6312213252014874,7.527200642253413e-05,496
3,0.01,Comm3,113,Comm2,0.6337234367538195,0.0007809361111097824,699
3,0.01,Comm3,114,Comm2,0.6281914747046778,6.026803518040218e-07,408
3,0.01,Comm3,115,Comm2,0.6396442898150849,2.190280896653675,370
3,0.01,Comm3,116,Comm2,0.626418810135389,1.0964729309720106e-08,947
3,0.01,Comm3,117,Comm2,0.6324683421503694,7.278282342514187e-05,571
3,0.01,Comm3,118,Comm2,0.6294449181873988,5.656627840972262e-07,773
3,0.01,Comm3,119,Comm2,0.6323373527645145,6.772586708077296e-05,196
3,0.01,Comm3,120,Comm2,0.6257454282940932,4.607317442725807e-09,606
3,0.01,Comm3,121,Comm2,0.6282780125811808,1.50921526352983e-07,772
3,0.01,Comm3,122,Comm2,0.6324434060275705,0.00011252590383738621,532
3,0.01,Comm3,123,Comm2,0.6329486414504708,6.878102923017011e-05,856
3,0.01,Comm3,124,Comm2,0.6276855245542735,4.1021209267758785e-08,329
3,0.01,Comm3,125,Comm2,0.6265372860955016,1.1904303752138603e-08,145
3,0.01,Comm3,126,Comm2,0.6392044133930614,0.42922272077829327,685
3,0.01,Comm3,127,Comm2,0.6372078455646811,0.07403646576138023,957
3,0.01,Comm3,128,Comm2,0.632726046791649,0.00031275477641500276,49
3,0.01,Comm3,129,Comm2,0.6387760594829447,0.5024333698213541,201
3,0.01,Comm3,130,Comm2,0.6295455480317452,3.018553240371052e-06,583
3,0.01,Comm3,131,Comm2,0.6283280124860896,3.1807683329616635e-08,612
3,0.01,Comm3,132,Comm2,0.6347509480991661,0.004480838166644793,367
3,0.01,Comm3,133,Comm2,0.627804185609132,1.023316258531724e-07,540
3,0.01,Comm3,134,Comm2,0.6371557608521903,0.07336521616352662,429
3,0.01,Comm3,135,Comm2,0.6332141455953831,0.00046250138420918344,404
3,0.01,Comm3,136,Comm2,0.6344534121862275,0.010381598811746325,608
3,0.01,Comm3,137,Comm2,0.6396162898819655,0.3877739112173736,16
3,0.01,Comm3,138,Comm2,0.6352706243727831,0.008287501175169635,533
3,0.01,Comm3,139,Comm2,0.631679596901348,1.5476723251504536e-05,837
3,0.01,Comm3,140,Comm2,0.626059885399224,6.501208065436683e-08,836
3,0.01,Comm3,141,Comm2,0.632308931385034,1.351067897743052e-05,392
3,0.01,Comm3,142,Comm2,0.6257853292061889,2.367765533726597e-09,965
3,0.01,Comm3,143,Comm2,0.631396423791757,2.4568527419082735e-05,754
3,0.01,Comm3,144,Comm2,0.6300867144554432,2.0299006114801885e-06,374
3,0.01,Comm3,145,Comm2,0.638308111329433,1.4711332442628524,500
3,0.01,Comm3,146,Comm2,0.6291499992020247,7.098589137607936e-06,545
3,0.01,Comm3,147,Comm2,0.6348305848541145,0.003565662552402042,476
3,0.01,Comm3,148,Comm2,0.6252145831443998,1.2198343503221081e-09,899
3,0.01,Comm3,149,Comm2,0.627451992551717,2.1003053718422366e-07,463
3,0.01,Comm3,150,Comm2,0.6379906350325788,0.9810107736127921,6
3,0.01,Comm3,151,Comm2,0.6391717997091563,2.4929512393574487,785
3,0.01,Comm3,152,Comm2,0.6295606611258752,1.4292287121351496e-06,828
3,0.01,Comm3,153,Comm2,0.6345669260338233,0.0024853874805246894,717
3,0.01,Comm3,154,Comm2,0.6252724892078504,3.978642454390456e-10,363
3,0.01,Comm3,155,Comm2,0.6264785781748001,2.0699883879223355e-08,920
3,0.01,Comm3,156,Comm2,0.6378525092848156,0.3178510496373509,231
3,0.01,Comm3,157,Comm2,0.6301002146723107,1.4569261284157724e-06,210
3,0.01,Comm3,158,Comm2,0.628819040025913,1.1989257529010147e-06,162
3,0.01,Comm3,159,Comm2,0.6355304950464641,0.05208548632447461,684
3,0.01,Comm3,160,Comm2,0.6321502927624438,4.772922579409463e-05,395
3,0.01,Comm3,161,Comm2,0.6291279711396273,2.127781477797133e-06,222
3,0.01,Comm3,162,Comm2,0.6370596429118008,0.2924715835114289,204
3,0.01,Comm3,163,Comm2,0.6379312981662583,0.3382964081274499,80
3,0.01,Comm3,164,Comm2,0.6398436021893819,0.4085779234744221,860
3,0.01,Comm3,165,Comm2,0.6385258945311906,2.6328459291008444,167
3,0.01,Comm3,166,Comm2,0.6278034853207272,1.1437519734560685e-08,841
3,0.01,Comm3,167,Comm2,0.6250902185599817,1.0093820008819663e-08,448
3,0.01,Comm3,168,Comm2,0.6258730770725802,1.0670063005392395e-09,885
3,0.01,Comm3,169,Comm2,0.6243298504824458,-3.4194357282515203e-12,550
3,0.01,Comm3,170,Comm2,0.6381848946581741,2.843832672926296,265
3,0.01,Comm3,171,Comm2,0.6321407499261492,7.63147295660768e-05,297
3,0.01,Comm3,172,Comm2,0.6314442420743789,5.223822254080837e-05,177
3,0.01,Comm3,173,Comm2,0.6378369255496557,0.1864514305859587,580
3,0.01,Comm3,174,Comm2,0.6276049398530681,3.4284725465090294e-08,991
3,0.01,Comm3,175,Comm2,0.6268354334025088,9.632657279869153e-09,614
3,0.01,Comm3,176,Comm2,0.6339520953387378,0.0002959721595606393,34
3,0.01,Comm3,177,Comm2,0.6394091951605868,2.1133232764082304,681
3,0.01,Comm3,178,Comm2,0.6317314501465081,1.3567279172294112e-05,190
3,0.01,Comm3,179,Comm2,0.6295335969203617,4.55943778981719e-06,749
3,0.01,Comm3,180,Comm2,0.6378607346523341,2.0789854245881076,857
3,0.01,Comm3,181,Comm2,0.6248434732111698,2.5680526067735827e-09,805
3,0.01,Comm3,182,Comm2,0.6388220212924903,0.4784578258844544,114
3,0.01,Comm3,183,Comm2,0.6353522416634377,0.013322290854551704,280
3,0.01,Comm3,184,Comm2,0.631832434566648,0.0001559455992121922,480
3,0.01,Comm3,185,Comm2,0.63971236077818,0.26641977224544083,510
3,0.01,Comm3,186,Comm2,0.6260007392856433,7.502924210952143e-09,568
3,0.01,Comm3,187,Comm2,0.6286770140509494,7.409265727733704e-07,56
3,0.01,Comm3,188,Comm2,0.6295246871164314,1.453045777887633e-05,928
3,0.01,Comm3,189,Comm2,0.6385080387347531,1.71704015377234,563
3,0.01,Comm3,190,Comm2,0.6241055741479296,-3.584514040095535e-11,904
3,0.01,Comm3,191,Comm2,0.6376166990099185,0.0599712158182745,527
3,0.01,Comm3,192,Comm2,0.633821172461986,0.0022378502129912167,862
3,0.01,Comm3,193,Comm2,0.6364486738570851,0.024618309313700095,27
3,0.01,Comm3,194,Comm2,0.6306387118215582,2.344772716910859e-06,912
3,0.01,Comm3,195,Comm2,0.6355312864504502,0.007154359835960261,172
3,0.01,Comm3,196,Comm2,0.6370533481893081,0.2032508782002634,659
3,0.01,Comm3,197,Comm2,0.6276639688461457,8.971264160612792e-08,725
3,0.01,Comm3,198,Comm2,0.6251609630100106,8.525751984190635e-09,658
3,0.01,Comm3,199,Comm2,0.6386407721082388,0.37913627142457323,723
3,0.01,Comm3,200,Comm2,0.6289425132503079,3.9446026949970376e-08,58
3,0.05,Comm1,1,Comm1,0.6255992636304287,0.0027921143778345363,512
3,0.05,Comm1,2,Comm1,0.6380419743019118,30.266900034021656,994
3,0.05,Comm1,3,Comm1,0.6359969769217702,10.73594661328071,285
3,0.05,Comm1,4,Comm1,0.6326770176108324,1.5992338187298547,44
3,0.05,Comm1,5,Comm1,0.6392852714022764,61.377644706418856,756
3,0.05,Comm1,6,Comm1,0.6246446850039485,0.0020436815749064726,131
3,0.05,Comm1,7,Comm1,0.6310821217995167,0.20718069473051698,306
3,0.05,Comm1,8,Comm1,0.635894259874625,1.3871450845305364,829
3,0.05,Comm1,9,Comm1,0.6374998012212597,23.058110967290965,191
3,0.05,Comm1,10,Comm1,0.6345363739068265,2.7959634789998056,416
3,0.05,Comm1,11,Comm1,0.6268016651364477,0.013694788082019283,706
3,0.05,Comm1,12,Comm1,0.6368163835792469,24.643019616829314,77
3,0.05,Comm1,13,Comm1,0.6344575727535957,13.102180205948434,342
3,0.05,Comm1,14,Comm1,0.6340967444002817,1.0258303302258776,808
3,0.05,Comm1,15,Comm1,0.6291074181053408,0.11759841913177185,629
3,0.05,Comm1,16,Comm1,0.6372361312080583,8.273483471112124,462
3,0.05,Comm1,17,Comm1,0.6364268324338282,17.452308358684192,215
3,0.05,Comm1,18,Comm1,0.6355918643930611,5.751261748701894,212
3,0.05,Comm1,19,Comm1,0.6295644299989411,0.1645532109606106,125
3,0.05,Comm1,20,Comm1,0.6348097120350653,6.189773937392677,622
3,0.05,Comm1,21,Comm1,0.629241861185395,0.03314170451408254,31
3,0.05,Comm1,22,Comm1,0.6304850761273956,0.4146567813787245,478
3,0.05,Comm1,23,Comm1,0.6252196269145364,0.0011374499570910774,761
3,0.05,Comm1,24,Comm1,0.6293922785471484,0.05640704902461338,900
3,0.05,Comm1,25,Comm1,0.6252205378270891,0.0019077269875237483,898
3,0.05,Comm1,26,Comm1,0.6324969560208134,0.1967471352503438,41
3,0.05,Comm1,27,Comm1,0.6293363083068563,0.028599613761176396,421
3,0.05,Comm1,28,Comm1,0.6256824098135515,0.0040821842441425855,444
3,0.05,Comm1,29,Comm1,0.6392101642653015,19.599733657540195,701
3,0.05,Comm1,30,Comm1,0.6357995941724202,4.30818533209573,958
3,0.05,Comm1,31,Comm1,0.6335858441937133,0.4745723683556497,873
3,0.05,Comm1,32,Comm1,0.6304048921735222,0.3207578010886582,941
3,0.05,Comm1,33,Comm1,0.6243527614454882,0.0014691654142155659,192
3,0.05,Comm1,34,Comm1,0.6301402341438103,0.15627812987134718,507
3,0.05,Comm1,35,Comm1,0.6353394847200171,2.9153543606446215,419
3,0.05,Comm1,36,Comm1,0.6319396709462355,0.4456916881261219,590
3,0.05,Comm1,37,Comm1,0.6377950417134234,8.355623961735743,314
3,0.05,Comm1,38,Comm1,0.6396972105403446,41.40954972576865,705
3,0.05,Comm1,39,Comm1,0.6266609938505094,0.009048721449677154,165
3,0.05,Comm1,40,Comm1,0.6339065422658211,3.253250618400867,451
3,0.05,Comm1,41,Comm1,0.6355911605916664,7.332958804851486,237
3,0.05,Comm1,42,Comm1,0.6367502774921412,8.49801618305429,366
3,0.05,Comm1,43,Comm1,0.6353291010232587,14.220023585391749,376
3,0.05,Comm1,44,Comm1,0.6283813120910312,0.0461109981639627,353
3,0.05,Comm1,45,Comm1,0.6357157250798385,7.610113141369747,602
3,0.05,Comm1,46,Comm1,0.6352926255435598,7.186871488154745,839
3,0.05,Comm1,47,Comm1,0.626995747605112,0.02142220391826181,948
3,0.05,Comm1,48,Comm1,0.6249869619936913,0.0014467317031409868,901
3,0.05,Comm1,49,Comm1,0.6373363612368156,8.951762758643259,936
3,0.05,Comm1,50,Comm1,0.630067164866689,0.09312615521251275,733
3,0.05,Comm1,51,Comm1,0.6283727916052766,0.016155196961169415,798
3,0.05,Comm1,52,Comm1,0.6354641942010847,6.03680135754928,47
3,0.05,Comm1,53,Comm1,0.6300242448365497,0.18976606477222707,972
3,0.05,Comm1,54,Comm1,0.6318267583168375,0.3195997637105581,3
3,0.05,Comm1,55,Comm1,0.6294344471648768,0.04505632989715786,371
3,0.05,Comm1,56,Comm1,0.6245932285833876,0.0026693671298377935,433
3,0.05,Comm1,57,Comm1,0.6310257673203067,0.12116281944847401,845
3,0.05,Comm1,58,Comm1,0.6348937515593503,9.645137716439384,943
3,0.05,Comm1,59,Comm1,0.6382917610291174,26.403661831233592,459
3,0.05,Comm1,60,Comm1,0.6248702828986072,0.0008796534677003871,348
3,0.05,Comm1,61,Comm1,0.6313478266210162,0.07157086378504152,132
3,0.05,Comm1,62,Comm1,0.6373996690421356,34.58509581120624,221
3,0.05,Comm1,63,Comm1,0.6330316711011971,1.3028775931088654,127
3,0.05,Comm1,64,Comm1,0.638721081521156,36.22063901249473,675
3,0.05,Comm1,65,Comm1,0.633038687333544,0.9900181974986735,542
3,0.05,Comm1,66,Comm1,0.6274589065144157,0.02229678882281538,729
3,0.05,Comm1,67,Comm1,0.6315867002487502,0.20549262357984346,849
3,0.05,Comm1,68,Comm1,0.633744671748258,0.8561125566227102,226
3,0.05,Comm1,69,Comm1,0.6390035283135075,22.910744770482424,197
3,0.05,Comm1,70,Comm1,0.6294347854976062,0.09234813435657427,94
3,0.05,Comm1,71,Comm1,0.6291481722070533,0.010484101905674654,511
3,0.05,Comm1,72,Comm1,0.6255546542633859,0.003314245536253428,32
3,0.05,Comm1,73,Comm1,0.6291378735077883,0.05787201155729756,987
3,0.05,Comm1,74,Comm1,0.6317462804524271,0.623808975955847,780
3,0.05,Comm1,75,Comm1,0.6360768386471757,9.50329342354048,517
3,0.05,Comm1,76,Comm1,0.6365534794776563,13.456502371702461,935
3,0.05,Comm1,77,Comm1,0.6313436852262435,0.08463576048281819,85
3,0.05,Comm1,78,Comm1,0.6363565936524505,9.544978777436132,232
3,0.05,Comm1,79,Comm1,0.6395472948503739,13.210646001597599,424
3,0.05,Comm1,80,Comm1,0.6392592607521129,17.627238588659868,227
3,0.05,Comm1,81,Comm1,0.6308766681841561,0.17556021440109457,319
3,0.05,Comm1,82,Comm1,0.6387261963088887,17.570085289268942,498
3,0.05,Comm1,83,Comm1,0.6300358871912056,0.1889934325906645,937
3,0.05,Comm1,84,Comm1,0.6264806152673532,0.0043036235189560955,570
3,0.05,Comm1,85,Comm1,0.6274321206562866,0.018848957462487187,804
3,0.05,Comm1,86,Comm1,0.6244476428988147,0.0016153851156602596,992
3,0.05,Comm1,87,Comm1,0.6261287409309952,0.00836964818086633,259
3,0.05,Comm1,88,Comm1,0.633377533194748,0.8013711336282612,740
3,0.05,Comm1,89,Comm1,0.6252828701764414,0.004620532025900376,286
3,0.05,Comm1,90,Comm1,0.6326341039377721,0.29388963520390365,263
3,0.05,Comm1,91,Comm1,0.628909793306992,0.10179649290732115,21
3,0.05,Comm1,92,Comm1,0.6279908252979365,0.01890807918698626,522
3,0.05,Comm1,93,Comm1,0.6298685027168298,0.0783186895862945,566
3,0.05,Comm1,94,Comm1,0.6387579933615878,25.50500294066207,670
3,0.05,Comm1,95,Comm1,0.6303471957879475,0.12209086161399459,373
3,0.05,Comm1,96,Comm1,0.6317938301926395,0.5625390360185536,891
3,0.05,Comm1,97,Comm1,0.6338953326909029,4.732632658807987,854
3,0.05,Comm1,98,Comm1,0.6301312649325306,0.0987718366991119,596
3,0.05,Comm1,99,Comm1,0.6293117525677798,0.037017329965436635,619
3,0.05,Comm1,100,Comm1,0.6282571362873337,0.00601558461183582,449
3,0.05,Comm2,1,Comm2,0.6346330605066447,1.244092215960935,790
3,0.05,Comm2,2,Comm2,0.632398582229849,0.7158255696847106,73
3,0.05,Comm2,3,Comm2,0.6345624213766909,2.2184607735862567,62
3,0.05,Comm2,4,Comm2,0.6285142375782338,0.013650413228795484,625
3,0.05,Comm2,5,Comm2,0.6376704795348815,10.297052910728587,330
3,0.05,Comm2,6,Comm2,0.6290112008326548,0.0285166561778519,588
3,0.05,Comm2,7,Comm2,0.6243455175616631,0.00232790299569631,386
3,0.05,Comm2,8,Comm2,0.633469726906383,0.10102287999246505,660
3,0.05,Comm2,9,Comm2,0.624277000117671,0.002004042039831545,300
3,0.05,Comm2,10,Comm2,0.6278889463590885,0.011614583284098605,824
3,0.05,Comm2,11,Comm2,0.6311872335588067,0.49797043357863147,0
3,0.05,Comm2,12,Comm2,0.6312213252014874,0.19309021863327375,496
3,0.05,Comm2,13,Comm2,0.6337234367538195,0.9718041214036537,699
3,0.05,Comm2,14,Comm2,0.6281914747046778,0.015749203527275095,408
3,0.05,Comm2,15,Comm2,0.6396442898150849,33.492721135278416,370
3,0.05,Comm2,16,Comm2,0.626418810135389,0.0020966321217511224,947
3,0.05,Comm2,17,Comm2,0.6324683421503694,0.10275970138901887,571
3,0.05,Comm2,18,Comm2,0.6294449181873988,0.05116321454579865,773
3,0.05,Comm2,19,Comm2,0.6323373527645145,0.1703428014148248,196
3,0.05,Comm2,20,Comm2,0.6257454282940932,0.004771183884091205,606
3,0.05,Comm2,21,Comm2,0.6282780125811808,0.012843192761754565,772
3,0.05,Comm2,22,Comm2,0.6324434060275705,0.3371706546183753,532
3,0.05,Comm2,23,Comm2,0.6329486414504708,0.24063761610565837,856
3,0.05,Comm2,24,Comm2,0.6276855245542735,0.009442936883060395,329
3,0.05,Comm2,25,Comm2,0.6265372860955016,0.0011794062055215232,145
3,0.05,Comm2,26,Comm2,0.6392044133930614,21.661706221877175,685
3,0.05,Comm2,27,Comm2,0.6372078455646811,9.673771488097186,957
3,0.05,Comm2,28,Comm2,0.632726046791649,0.6039258939494131,49
3,0.05,Comm2,29,Comm2,0.6387760594829447,14.094220851205172,201
3,0.05,Comm2,30,Comm2,0.6295455480317452,0.05820520739284296,583
3,0.05,Comm2,31,Comm2,0.6283280124860896,0.0038525661256751127,612
3,0.05,Comm2,32,Comm2,0.6347509480991661,2.867198732629016,367
3,0.05,Comm2,33,Comm2,0.627804185609132,0.009706527658746245,540
3,0.05,Comm2,34,Comm2,0.6371557608521903,4.904319936332729,429
3,0.05,Comm2,35,Comm2,0.6332141455953831,1.544703367721198,404
3,0.05,Comm2,36,Comm2,0.6344534121862275,3.4505364830697265,608
3,0.05,Comm2,37,Comm2,0.6396162898819655,8.319243954911993,16
3,0.05,Comm2,38,Comm2,0.6352706243727831,2.3681713703508183,533
3,0.05,Comm2,39,Comm2,0.631679596901348,0.23145413483444754,837
3,0.05,Comm2,40,Comm2,0.626059885399224,0.003924600108967058,836
3,0.05,Comm2,41,Comm2,0.632308931385034,0.25523370419661917,392
3,0.05,Comm2,42,Comm2,0.6257853292061889,0.0018210091590381715,965
3,0.05,Comm2,43,Comm2,0.631396423791757,0.18080026997849064,754
3,0.05,Comm2,44,Comm2,0.6300867144554432,0.17598407418180884,374
3,0.05,Comm2,45,Comm2,0.638308111329433,52.139808402127656,500
3,0.05,Comm2,46,Comm2,0.6291499992020247,0.05182967965330185,545
3,0.05,Comm2,47,Comm2,0.6348305848541145,2.0197475777369602,476
3,0.05,Comm2,48,Comm2,0.6252145831443998,0.0010789892587239201,899
3,0.05,Comm2,49,Comm2,0.627451992551717,0.018263014490957998,463
3,0.05,Comm2,50,Comm2,0.6379906350325788,29.90540495980973,6
3,0.05,Comm2,51,Comm2,0.6391717997091563,48.68414664724282,785
3,0.05,Comm2,52,Comm2,0.6295606611258752,0.04256986530930524,828
3,0.05,Comm2,53,Comm2,0.6345669260338233,1.6951824527308015,717
3,0.05,Comm2,54,Comm2,0.6252724892078504,0.00044916563191986795,363
3,0.05,Comm2,55,Comm2,0.6264785781748001,0.009951536929372758,920
3,0.05,Comm2,56,Comm2,0.6378525092848156,18.09225775532567,231
3,0.05,Comm2,57,Comm2,0.6301002146723107,0.04015332244590388,210
3,0.05,Comm2,58,Comm2,0.628819040025913,0.022321204664892163,162
3,0.05,Comm2,59,Comm2,0.6355304950464641,1.473875714941886,684
3,0.05,Comm2,60,Comm2,0.6321502927624438,0.2872297520572476,395
3,0.05,Comm2,61,Comm2,0.6291279711396273,0.06470009742116972,222
3,0.05,Comm2,62,Comm2,0.6370596429118008,20.213597128365187,204
3,0.05,Comm2,63,Comm2,0.6379312981662583,15.088656007688222,80
3,0.05,Comm2,64,Comm2,0.6398436021893819,15.090394920438714,860
3,0.05,Comm2,65,Comm2,0.6385258945311906,30.187844099696175,167
3,0.05,Comm2,66,Comm2,0.6278034853207272,0.006195651252856609,841
3,0.05,Comm2,67,Comm2,0.6250902185599817,0.0026484768120956315,448
3,0.05,Comm2,68,Comm2,0.6258730770725802,0.0014047459545347082,885
3,0.05,Comm2,69,Comm2,0.6243298504824458,0.0003983104836575244,550
3,0.05,Comm2,70,Comm2,0.6381848946581741,19.914640408021704,265
3,0.05,Comm2,71,Comm2,0.6321407499261492,0.14591937440063302,297
3,0.05,Comm2,72,Comm2,0.6314442420743789,0.3844135107482756,177
3,0.05,Comm2,73,Comm2,0.6378369255496557,9.467694975496112,580
3,0.05,Comm2,74,Comm2,0.6276049398530681,0.003883876989003185,991
3,0.05,Comm2,75,Comm2,0.6268354334025088,0.004303267986225533,614
3,0.05,Comm2,76,Comm2,0.6339520953387378,0.31995620645441397,34
3,0.05,Comm2,77,Comm2,0.6394091951605868,32.39920642519929,681
3,0.05,Comm2,78,Comm2,0.6317314501465081,0.09318778243067881,190
3,0.05,Comm2,79,Comm2,0.6295335969203617,0.09717123922137494,749
3,0.05,Comm2,80,Comm2,0.6378607346523341,19.141883042211916,857
3,0.05,Comm2,81,Comm2,0.6248434732111698,0.0016288007232451063,805
3,0.05,Comm2,82,Comm2,0.6388220212924903,25.96687923570319,114
3,0.05,Comm2,83,Comm2,0.6353522416634377,2.572027358529972,280
3,0.05,Comm2,84,Comm2,0.631832434566648,0.42213759927449146,480
3,0.05,Comm2,85,Comm2,0.63971236077818,12.453867453820758,510
3,0.05,Comm2,86,Comm2,0.6260007392856433,0.0023503959123386715,568
3,0.05,Comm2,87,Comm2,0.6286770140509494,0.015126267468423393,56
3,0.05,Comm2,88,Comm2,0.6295246871164314,0.13653145849836393,928
3,0.05,Comm2,89,Comm2,0.6385080387347531,34.65007135401316,563
3,0.05,Comm2,90,Comm2,0.6241055741479296,0.00045518735148844405,904
3,0.05,Comm2,91,Comm2,0.6376166990099185,10.997324839074345,527
3,0.05,Comm2,92,Comm2,0.633821172461986,1.3882751350685387,862
3,0.05,Comm2,93,Comm2,0.6364486738570851,9.413384530851081,27
3,0.05,Comm2,94,Comm2,0.6306387118215582,0.08569056593278218,912
3,0.05,Comm2,95,Comm2,0.6355312864504502,2.705895521757016,172
3,0.05,Comm2,96,Comm2,0.6370533481893081,14.770411825778956,659
3,0.05,Comm2,97,Comm2,0.6276639688461457,0.00763090794337715,725
3,0.05,Comm2,98,Comm2,0.6251609630100106,0.003631858136874497,658
3,0.05,Comm2,99,Comm2,0.6386407721082388,28.38492432593494,723
3,0.05,Comm2,100,Comm2,0.6289425132503079,0.013857476517493014,58
3,0.05,Comm3,1,Comm1,0.6255992636304287,8.051970565811729e-07,512
3,0.05,Comm3,2,Comm1,0.6380419743019118,23.951939008218925,994
3,0.05,Comm3,3,Comm1,0.6359969769217702,7.941622586549986,285
3,0.05,Comm3,4,Comm1,0.6326770176108324,0.29206925524064076,44
3,0.05,Comm3,5,Comm1,0.6392852714022764,58.95445730479626,756
3,0.05,Comm3,6,Comm1,0.6246446850039485,1.1592314545893743e-07,131
3,0.05,Comm3,7,Comm1,0.6310821217995167,0.0018646891126183843,306
3,0.05,Comm3,8,Comm1,0.635894259874625,0.11455124774091446,829
3,0.05,Comm3,9,Comm1,0.6374998012212597,24.222999841361972,191
3,0.05,Comm3,10,Comm1,0.6345363739068265,0.40592148451101556,416
3,0.05,Comm3,11,Comm1,0.6268016651364477,3.928761460185303e-06,706
3,0.05,Comm3,12,Comm1,0.6368163835792469,25.172389576967436,77
3,0.05,Comm3,13,Comm1,0.6344575727535957,6.970510091456534,342
3,0.05,Comm3,14,Comm1,0.6340967444002817,0.05241145815629534,808
3,0.05,Comm3,15,Comm1,0.6291074181053408,0.0004927248081623538,629
3,0.05,Comm3,16,Comm1,0.6372361312080583,3.847999631712322,462
3,0.05,Comm3,17,Comm1,0.6364268324338282,11.46250844328898,215
3,0.05,Comm3,18,Comm1,0.6355918643930611,1.6463072431795842,212
3,0.05,Comm3,19,Comm1,0.6295644299989411,0.001335805764288192,125
3,0.05,Comm3,20,Comm1,0.6348097120350653,1.5478223020156492,622
3,0.05,Comm3,21,Comm1,0.629241861185395,3.174876927159004e-05,31
3,0.05,Comm3,22,Comm1,0.6304850761273956,0.003815219622685472,478
3,0.05,Comm3,23,Comm1,0.6252196269145364,5.306383755553418e-08,761
3,0.05,Comm3,24,Comm1,0.6293922785471484,0.00011306798346908272,900
3,0.05,Comm3,25,Comm1,0.6252205378270891,2.3854429415506175e-07,898
3,0.05,Comm3,26,Comm1,0.6324969560208134,0.00245232220284372,41
3,0.05,Comm3,27,Comm1,0.6293363083068563,3.119831220997114e-05,421
3,0.05,Comm3,28,Comm1,0.6256824098135515,1.8243066872545496e-06,444
3,0.05,Comm3,29,Comm1,0.6392101642653015,31.05189958626557,701
3,0.05,Comm3,30,Comm1,0.6357995941724202,2.7511666068619918,958
3,0.05,Comm3,31,Comm1,0.6335858441937133,0.01283770300634131,873
3,0.05,Comm3,32,Comm1,0.6304048921735222,0.004199641678256192,941
3,0.05,Comm3,33,Comm1,0.6243527614454882,6.741950425699711e-08,192
3,0.05,Comm3,34,Comm1,0.6301402341438103,0.0021195231087496706,507
3,0.05,Comm3,35,Comm1,0.6353394847200171,0.9683991881089529,419
3,0.05,Comm3,36,Comm1,0.6319396709462355,0.00731557940410493,590
3,0.05,Comm3,37,Comm1,0.6377950417134234,11.918644578646047,314
3,0.05,Comm3,38,Comm1,0.6396972105403446,34.952935026575254,705
3,0.05,Comm3,39,Comm1,0.6266609938505094,4.152688981485579e-06,165
3,0.05,Comm3,40,Comm1,0.6339065422658211,0.4950758831819015,451
3,0.05,Comm3,41,Comm1,0.6355911605916664,2.450170639303014,237
3,0.05,Comm3,42,Comm1,0.6367502774921412,5.764066569924296,366
3,0.05,Comm3,43,Comm1,0.6353291010232587,4.950642801104114,376
3,0.05,Comm3,44,Comm1,0.6283813120910312,9.40474219813404e-05,353
3,0.05,Comm3,45,Comm1,0.6357157250798385,2.865870210839783,602
3,0.05,Comm3,46,Comm1,0.6352926255435598,2.1155712867671435,839
3,0.05,Comm3,47,Comm1,0.626995747605112,5.198118642425379e-05,948
3,0.05,Comm3,48,Comm1,0.6249869619936913,1.3417649428600747e-07,901
3,0.05,Comm3,49,Comm1,0.6373363612368156,11.82884191174357,936
3,0.05,Comm3,50,Comm1,0.630067164866689,0.00047827189628281495,733
3,0.05,Comm3,51,Comm1,0.6283727916052766,3.414480869832022e-05,798
3,0.05,Comm3,52,Comm1,0.6354641942010847,1.2016437539896625,47
3,0.05,Comm3,53,Comm1,0.6300242448365497,0.0013518252952400126,972
3,0.05,Comm3,54,Comm1,0.6318267583168375,0.003467320238037189,3
3,0.05,Comm3,55,Comm1,0.6294344471648768,8.784949085599878e-05,371
3,0.05,Comm3,56,Comm1,0.6245932285833876,8.561250738801504e-07,433
3,0.05,Comm3,57,Comm1,0.6310257673203067,0.0009952983017950784,845
3,0.05,Comm3,58,Comm1,0.6348937515593503,1.8355442185997242,943
3,0.05,Comm3,59,Comm1,0.6382917610291174,16.867011646341414,459
3,0.05,Comm3,60,Comm1,0.6248702828986072,1.7542454102039377e-08,348
3,0.05,Comm3,61,Comm1,0.6313478266210162,0.0001814122382233501,132
3,0.05,Comm3,62,Comm1,0.6373996690421356,33.488282990956584,221
3,0.05,Comm3,63,Comm1,0.6330316711011971,0.13412685028601234,127
3,0.05,Comm3,64,Comm1,0.638721081521156,39.55881773224233,675
3,0.05,Comm3,65,Comm1,0.633038687333544,0.028397353316531804,542
3,0.05,Comm3,66,Comm1,0.6274589065144157,5.6275215258054124e-05,729
3,0.05,Comm3,67,Comm1,0.6315867002487502,0.0016305983392011425,849
3,0.05,Comm3,68,Comm1,0.633744671748258,0.13188489421771632,226
3,0.05,Comm3,69,Comm1,0.6390035283135075,26.3312061254757,197
3,0.05,Comm3,70,Comm1,0.6294347854976062,0.00042713411377738315,94
3,0.05,Comm3,71,Comm1,0.6291481722070533,1.0594314858292886e-05,511
3,0.05,Comm3,72,Comm1,0.6255546542633859,1.2034775214441476e-07,32
3,0.05,Comm3,73,Comm1,0.6291378735077883,0.0006054062427744559,987
3,0.05,Comm3,74,Comm1,0.6317462804524271,0.015115072371648932,780
3,0.05,Comm3,75,Comm1,0.6360768386471757,3.0481919204485086,517
3,0.05,Comm3,76,Comm1,0.6365534794776563,6.803762052180267,935
3,0.05,Comm3,77,Comm1,0.6313436852262435,0.001001569359153194,85
3,0.05,Comm3,78,Comm1,0.6363565936524505,5.411577664879014,232
3,0.05,Comm3,79,Comm1,0.6395472948503739,10.422178985529639,424
3,0.05,Comm3,80,Comm1,0.6392592607521129,26.94566098634132,227
3,0.05,Comm3,81,Comm1,0.6308766681841561,0.0017733158129942233,319
3,0.05,Comm3,82,Comm1,0.6387261963088887,32.870797485126026,498
3,0.05,Comm3,83,Comm1,0.6300358871912056,0.0016820511276311627,937
3,0.05,Comm3,84,Comm1,0.6264806152673532,2.294048732407001e-07,570
3,0.05,Comm3,85,Comm1,0.6274321206562866,8.406010036109231e-06,804
3,0.05,Comm3,86,Comm1,0.6244476428988147,4.850878628168766e-08,992
3,0.05,Comm3,87,Comm1,0.6261287409309952,1.71534966774788e-05,259
3,0.05,Comm3,88,Comm1,0.633377533194748,0.02516708071743124,740
3,0.05,Comm3,89,Comm1,0.6252828701764414,6.0195060558418095e-06,286
3,0.05,Comm3,90,Comm1,0.6326341039377721,0.007409301363402907,263
3,0.05,Comm3,91,Comm1,0.628909793306992,0.0005991103217936454,21
3,0.05,Comm3,92,Comm1,0.6279908252979365,7.120462421329214e-06,522
3,0.05,Comm3,93,Comm1,0.6298685027168298,0.00042288851463395053,566
3,0.05,Comm3,94,Comm1,0.6387579933615878,30.76071514886799,670
3,0.05,Comm3,95,Comm1,0.6303471957879475,0.0016154962381040843,373
3,0.05,Comm3,96,Comm1,0.6317938301926395,0.01778571731263095,891
3,0.05,Comm3,97,Comm1,0.6338953326909029,3.7453693811020834,854
3,0.05,Comm3,98,Comm1,0.6301312649325306,0.00035633784977333723,596
3,0.05,Comm3,99,Comm1,0.6293117525677798,0.00021149723167420212,619
3,0.05,Comm3,100,Comm1,0.6282571362873337,2.318003588264339e-06,449
3,0.05,Comm3,101,Comm2,0.6346330605066447,0.007293869893055374,790
3,0.05,Comm3,102,Comm2,0.632398582229849,0.0010531840177135801,73
3,0.05,Comm3,103,Comm2,0.6345624213766909,0.012787553911414886,62
3,0.05,Comm3,104,Comm2,0.6285142375782338,3.742880540390579e-06,625
3,0.05,Comm3,105,Comm2,0.6376704795348815,4.937730476384305,330
3,0.05,Comm3,106,Comm2,0.6290112008326548,1.68437586850237e-06,588
3,0.05,Comm3,107,Comm2,0.6243455175616631,5.7123334022748005e-08,386
3,0.05,Comm3,108,Comm2,0.633469726906383,0.00021342080827129823,660
3,0.05,Comm3,109,Comm2,0.624277000117671,5.425524533392086e-09,300
3,0.05,Comm3,110,Comm2,0.6278889463590885,2.1104024907354704e-07,824
3,0.05,Comm3,111,Comm2,0.6311872335588067,0.0001914310099619921,0
3,0.05,Comm3,112,Comm2,0.6312213252014874,0.0003263340180001303,496
3,0.05,Comm3,113,Comm2,0.6337234367538195,0.0030007770552421516,699
3,0.05,Comm3,114,Comm2,0.6281914747046778,2.3889687781024e-06,408
3,0.05,Comm3,115,Comm2,0.6396442898150849,7.855754470677421,370
3,0.05,Comm3,116,Comm2,0.626418810135389,4.3352196037642256e-08,947
3,0.05,Comm3,117,Comm2,0.6324683421503694,0.00026538217617455627,571
3,0.05,Comm3,118,Comm2,0.6294449181873988,2.5009182934364835e-06,773
3,0.05,Comm3,119,Comm2,0.6323373527645145,0.000273336644454436,196
3,0.05,Comm3,120,Comm2,0.6257454282940932,2.4813285506330045e-08,606
3,0.05,Comm3,121,Comm2,0.6282780125811808,6.56418023486631e-07,772
3,0.05,Comm3,122,Comm2,0.6324434060275705,0.0004725284406583096,532
3,0.05,Comm3,123,Comm2,0.6329486414504708,0.0003021796842640036,856
3,0.05,Comm3,124,Comm2,0.6276855245542735,1.8565403541741238e-07,329
3,0.05,Comm3,125,Comm2,0.6265372860955016,4.7680331784599794e-08,145
3,0.05,Comm3,126,Comm2,0.6392044133930614,1.9071384412161805,685
3,0.05,Comm3,127,Comm2,0.6372078455646811,0.31946533155161627,957
3,0.05,Comm3,128,Comm2,0.632726046791649,0.0013087911041482674,49
3,0.05,Comm3,129,Comm2,0.6387760594829447,1.920014487886357,201
3,0.05,Comm3,130,Comm2,0.6295455480317452,1.3024919525072622e-05,583
3,0.05,Comm3,131,Comm2,0.6283280124860896,1.309032441954319e-07,612
3,0.05,Comm3,132,Comm2,0.6347509480991661,0.017878585700262413,367
3,0.05,Comm3,133,Comm2,0.627804185609132,4.308246339538226e-07,540
3,0.05,Comm3,134,Comm2,0.6371557608521903,0.279524522631165,429
3,0.05,Comm3,135,Comm2,0.6332141455953831,0.0021126463566058717,404
3,0.05,Comm3,136,Comm2,0.6344534121862275,0.04470047182430202,608
3,0.05,Comm3,137,Comm2,0.6396162898819655,1.4107158811994243,16
3,0.05,Comm3,138,Comm2,0.6352706243727831,0.0347349072781729,533
3,0.05,Comm3,139,Comm2,0.631679596901348,7.080733566985373e-05,837
3,0.05,Comm3,140,Comm2,0.626059885399224,2.6270194518977784e-07,836
3,0.05,Comm3,141,Comm2,0.632308931385034,6.062197409807284e-05,392
3,0.05,Comm3,142,Comm2,0.6257853292061889,1.0938005782440819e-08,965
3,0.05,Comm3,143,Comm2,0.631396423791757,0.00011426398274409191,754
3,0.05,Comm3,144,Comm2,0.6300867144554432,9.764578316327532e-06,374
3,0.05,Comm3,145,Comm2,0.638308111329433,5.926780560105333,500
3,0.05,Comm3,146,Comm2,0.6291499992020247,2.912164103721102e-05,545
3,0.05,Comm3,147,Comm2,0.6348305848541145,0.015533742866299325,476
3,0.05,Comm3,148,Comm2,0.6252145831443998,5.440725185565142e-09,899
3,0.05,Comm3,149,Comm2,0.627451992551717,9.65320458072649e-07,463
3,0.05,Comm3,150,Comm2,0.6379906350325788,4.263152855852389,6
3,0.05,Comm3,151,Comm2,0.6391717997091563,8.678325814901319,785
3,0.05,Comm3,152,Comm2,0.6295606611258752,6.445146547251728e-06,828
3,0.05,Comm3,153,Comm2,0.6345669260338233,0.010580221946907995,717
3,0.05,Comm3,154,Comm2,0.6252724892078504,1.7153201511855536e-09,363
3,0.05,Comm3,155,Comm2,0.6264785781748001,9.504001759852033e-08,920
3,0.05,Comm3,156,Comm2,0.6378525092848156,1.265390631173339,231
3,0.05,Comm3,157,Comm2,0.6301002146723107,6.04826073447907e-06,210
3,0.05,Comm3,158,Comm2,0.628819040025913,4.694351731906543e-06,162
3,0.05,Comm3,159,Comm2,0.6355304950464641,0.1717617867227024,684
3,0.05,Comm3,160,Comm2,0.6321502927624438,0.0001821813576293349,395
3,0.05,Comm3,161,Comm2,0.6291279711396273,8.907477519468165e-06,222
3,0.05,Comm3,162,Comm2,0.6370596429118008,1.2233769231604048,204
3,0.05,Comm3,163,Comm2,0.6379312981662583,1.378937662470577,80
3,0.05,Comm3,164,Comm2,0.6398436021893819,1.7835183855275598,860
3,0.05,Comm3,165,Comm2,0.6385258945311906,9.370287605608224,167
3,0.05,Comm3,166,Comm2,0.6278034853207272,5.4514845087622265e-08,841
3,0.05,Comm3,167,Comm2,0.6250902185599817,4.396197768427112e-08,448
3,0.05,Comm3,168,Comm2,0.6258730770725802,5.094113568928887e-09,885
3,0.05,Comm3,169,Comm2,0.6243298504824458,2.2995961936680434e-10,550
3,0.05,Comm3,170,Comm2,0.6381848946581741,8.97898767061575,265
3,0.05,Comm3,171,Comm2,0.6321407499261492,0.00027665807350852587,297
3,0.05,Comm3,172,Comm2,0.6314442420743789,0.00025056992749917,177
3,0.05,Comm3,173,Comm2,0.6378369255496557,0.7327476349472478,580
3,0.05,Comm3,174,Comm2,0.6276049398530681,1.3989273544092775e-07,991
3,0.05,Comm3,175,Comm2,0.6268354334025088,4.380169351343704e-08,614
3,0.05,Comm3,176,Comm2,0.6339520953387378,0.001128778252137552,34
3,0.05,Comm3,177,Comm2,0.6394091951605868,7.826347403461302,681
3,0.05,Comm3,178,Comm2,0.6317314501465081,5.8559331872325756e-05,190
3,0.05,Comm3,179,Comm2,0.6295335969203617,2.108385594964078e-05,749
3,0.05,Comm3,180,Comm2,0.6378607346523341,7.087699823685915,857
3,0.05,Comm3,181,Comm2,0.6248434732111698,1.1962845101010333e-08,805
3,0.05,Comm3,182,Comm2,0.6388220212924903,2.1422587232020285,114
3,0.05,Comm3,183,Comm2,0.6353522416634377,0.052331067376098266,280
3,0.05,Comm3,184,Comm2,0.631832434566648,0.0006717757030925561,480
3,0.05,Comm3,185,Comm2,0.63971236077818,1.0629571925888093,510
3,0.05,Comm3,186,Comm2,0.6260007392856433,3.182961741732967e-08,568
3,0.05,Comm3,187,Comm2,0.6286770140509494,3.031574277711991e-06,56
3,0.05,Comm3,188,Comm2,0.6295246871164314,5.876052596868829e-05,928
3,0.05,Comm3,189,Comm2,0.6385080387347531,6.15521211590572,563
3,0.05,Comm3,190,Comm2,0.6241055741479296,1.2916854069328146e-10,904
3,0.05,Comm3,191,Comm2,0.6376166990099185,0.2670422091662632,527
3,0.05,Comm3,192,Comm2,0.633821172461986,0.0090269474427577,862
3,0.05,Comm3,193,Comm2,0.6364486738570851,0.11726729345639449,27
3,0.05,Comm3,194,Comm2,0.6306387118215582,9.828384119934788e-06,912
3,0.05,Comm3,195,Comm2,0.6355312864504502,0.029018563436265778,172
3,0.05,Comm3,196,Comm2,0.6370533481893081,0.8793911261616634,659
3,0.05,Comm3,197,Comm2,0.6276639688461457,3.3966213455586407e-07,725
3,0.05,Comm3,198,Comm2,0.6251609630100106,4.422300928919821e-08,658
3,0.05,Comm3,199,Comm2,0.6386407721082388,1.76220460642226,723
3,0.05,Comm3,200,Comm2,0.6289425132503079,1.7760236324575665e-07,58
3,0.1,Comm1,1,Comm1,0.6255992636304287,0.0027921143778345363,512
3,0.1,Comm1,2,Comm1,0.6380419743019118,30.266900034021656,994
3,0.1,Comm1,3,Comm1,0.6359969769217702,10.73594661328071,285
3,0.1,Comm1,4,Comm1,0.6326770176108324,1.5992338187298547,44
3,0.1,Comm1,5,Comm1,0.6392852714022764,61.377644706418856,756
3,0.1,Comm1,6,Comm1,0.6246446850039485,0.0020436815749064726,131
3,0.1,Comm1,7,Comm1,0.6310821217995167,0.20718069473051698,306
3,0.1,Comm1,8,Comm1,0.635894259874625,1.3871450845305364,829
3,0.1,Comm1,9,Comm1,0.6374998012212597,23.058110967290965,191
3,0.1,Comm1,10,Comm1,0.6345363739068265,2.7959634789998056,416
3,0.1,Comm1,11,Comm1,0.6268016651364477,0.013694788082019283,706
3,0.1,Comm1,12,Comm1,0.6368163835792469,24.643019616829314,77
3,0.1,Comm1,13,Comm1,0.6344575727535957,13.102180205948434,342
3,0.1,Comm1,14,Comm1,0.6340967444002817,1.0258303302258776,808
3,0.1,Comm1,15,Comm1,0.6291074181053408,0.11759841913177185,629
3,0.1,Comm1,16,Comm1,0.6372361312080583,8.273483471112124,462
3,0.1,Comm1,17,Comm1,0.6364268324338282,17.452308358684192,215
3,0.1,Comm1,18,Comm1,0.6355918643930611,5.751261748701894,212
3,0.1,Comm1,19,Comm1,0.6295644299989411,0.1645532109606106,125
3,0.1,Comm1,20,Comm1,0.6348097120350653,6.189773937392677,622
3,0.1,Comm1,21,Comm1,0.629241861185395,0.03314170451408254,31
3,0.1,Comm1,22,Comm1,0.6304850761273956,0.4146567813787245,478
3,0.1,Comm1,23,Comm1,0.6252196269145364,0.0011374499570910774,761
3,0.1,Comm1,24,Comm1,0.6293922785471484,0.05640704902461338,900
3,0.1,Comm1,25,Comm1,0.6252205378270891,0.0019077269875237483,898
3,0.1,Comm1,26,Comm1,0.6324969560208134,0.1967471352503438,41
3,0.1,Comm1,27,Comm1,0.6293363083068563,0.028599613761176396,421
3,0.1,Comm1,28,Comm1,0.6256824098135515,0.0040821842441425855,444
3,0.1,Comm1,29,Comm1,0.6392101642653015,19.599733657540195,701
3,0.1,Comm1,30,Comm1,0.6357995941724202,4.30818533209573,958
3,0.1,Comm1,31,Comm1,0.6335858441937133,0.4745723683556497,873
3,0.1,Comm1,32,Comm1,0.6304048921735222,0.3207578010886582,941
3,0.1,Comm1,33,Comm1,0.6243527614454882,0.0014691654142155659,192
3,0.1,Comm1,34,Comm1,0.6301402341438103,0.15627812987134718,507
3,0.1,Comm1,35,Comm1,0.6353394847200171,2.9153543606446215,419
3,0.1,Comm1,36,Comm1,0.6319396709462355,0.4456916881261219,590
3,0.1,Comm1,37,Comm1,0.6377950417134234,8.355623961735743,314
3,0.1,Comm1,38,Comm1,0.6396972105403446,41.40954972576865,705
3,0.1,Comm1,39,Comm1,0.6266609938505094,0.009048721449677154,165
3,0.1,Comm1,40,Comm1,0.6339065422658211,3.253250618400867,451
3,0.1,Comm1,41,Comm1,0.6355911605916664,7.332958804851486,237
3,0.1,Comm1,42,Comm1,0.6367502774921412,8.49801618305429,366
3,0.1,Comm1,43,Comm1,0.6353291010232587,14.220023585391749,376
3,0.1,Comm1,44,Comm1,0.6283813120910312,0.0461109981639627,353
3,0.1,Comm1,45,Comm1,0.6357157250798385,7.610113141369747,602
3,0.1,Comm1,46,Comm1,0.6352926255435598,7.186871488154745,839
3,0.1,Comm1,47,Comm1,0.626995747605112,0.02142220391826181,948
3,0.1,Comm1,48,Comm1,0.6249869619936913,0.0014467317031409868,901
3,0.1,Comm1,49,Comm1,0.6373363612368156,8.951762758643259,936
3,0.1,Comm1,50,Comm1,0.630067164866689,0.09312615521251275,733
3,0.1,Comm1,51,Comm1,0.6283727916052766,0.016155196961169415,798
3,0.1,Comm1,52,Comm1,0.6354641942010847,6.03680135754928,47
3,0.1,Comm1,53,Comm1,0.6300242448365497,0.18976606477222707,972
3,0.1,Comm1,54,Comm1,0.6318267583168375,0.3195997637105581,3
3,0.1,Comm1,55,Comm1,0.6294344471648768,0.04505632989715786,371
3,0.1,Comm1,56,Comm1,0.6245932285833876,0.0026693671298377935,433
3,0.1,Comm1,57,Comm1,0.6310257673203067,0.12116281944847401,845
3,0.1,Comm1,58,Comm1,0.6348937515593503,9.645137716439384,943
3,0.1,Comm1,59,Comm1,0.6382917610291174,26.403661831233592,459
3,0.1,Comm1,60,Comm1,0.6248702828986072,0.0008796534677003871,348
3,0.1,Comm1,61,Comm1,0.6313478266210162,0.07157086378504152,132
3,0.1,Comm1,62,Comm1,0.6373996690421356,34.58509581120624,221
3,0.1,Comm1,63,Comm1,0.6330316711011971,1.3028775931088654,127
3,0.1,Comm1,64,Comm1,0.638721081521156,36.22063901249473,675
3,0.1,Comm1,65,Comm1,0.633038687333544,0.9900181974986735,542
3,0.1,Comm1,66,Comm1,0.6274589065144157,0.02229678882281538,729
3,0.1,Comm1,67,Comm1,0.6315867002487502,0.20549262357984346,849
3,0.1,Comm1,68,Comm1,0.633744671748258,0.8561125566227102,226
3,0.1,Comm1,69,Comm1,0.6390035283135075,22.910744770482424,197
3,0.1,Comm1,70,Comm1,0.6294347854976062,0.09234813435657427,94
3,0.1,Comm1,71,Comm1,0.6291481722070533,0.010484101905674654,511
3,0.1,Comm1,72,Comm1,0.6255546542633859,0.003314245536253428,32
3,0.1,Comm1,73,Comm1,0.6291378735077883,0.05787201155729756,987
3,0.1,Comm1,74,Comm1,0.6317462804524271,0.623808975955847,780
3,0.1,Comm1,75,Comm1,0.6360768386471757,9.50329342354048,517
3,0.1,Comm1,76,Comm1,0.6365534794776563,13.456502371702461,935
3,0.1,Comm1,77,Comm1,0.6313436852262435,0.08463576048281819,85
3,0.1,Comm1,78,Comm1,0.6363565936524505,9.544978777436132,232
3,0.1,Comm1,79,Comm1,0.6395472948503739,13.210646001597599,424
3,0.1,Comm1,80,Comm1,0.6392592607521129,17.627238588659868,227
3,0.1,Comm1,81,Comm1,0.6308766681841561,0.17556021440109457,319
3,0.1,Comm1,82,Comm1,0.6387261963088887,17.570085289268942,498
3,0.1,Comm1,83,Comm1,0.6300358871912056,0.1889934325906645,937
3,0.1,Comm1,84,Comm1,0.6264806152673532,0.0043036235189560955,570
3,0.1,Comm1,85,Comm1,0.6274321206562866,0.018848957462487187,804
3,0.1,Comm1,86,Comm1,0.6244476428988147,0.0016153851156602596,992
3,0.1,Comm1,87,Comm1,0.6261287409309952,0.00836964818086633,259
3,0.1,Comm1,88,Comm1,0.633377533194748,0.8013711336282612,740
3,0.1,Comm1,89,Comm1,0.6252828701764414,0.004620532025900376,286
3,0.1,Comm1,90,Comm1,0.6326341039377721,0.29388963520390365,263
3,0.1,Comm1,91,Comm1,0.628909793306992,0.10179649290732115,21
3,0.1,Comm1,92,Comm1,0.6279908252979365,0.01890807918698626,522
3,0.1,Comm1,93,Comm1,0.6298685027168298,0.0783186895862945,566
3,0.1,Comm1,94,Comm1,0.6387579933615878,25.50500294066207,670
3,0.1,Comm1,95,Comm1,0.6303471957879475,0.12209086161399459,373
3,0.1,Comm1,96,Comm1,0.6317938301926395,0.5625390360185536,891
3,0.1,Comm1,97,Comm1,0.6338953326909029,4.732632658807987,854
3,0.1,Comm1,98,Comm1,0.6301312649325306,0.0987718366991119,596
3,0.1,Comm1,99,Comm1,0.6293117525677798,0.037017329965436635,619
3,0.1,Comm1,100,Comm1,0.6282571362873337,0.00601558461183582,449
3,0.1,Comm2,1,Comm2,0.6346330605066447,1.244092215960935,790
3,0.1,Comm2,2,Comm2,0.632398582229849,0.7158255696847106,73
3,0.1,Comm2,3,Comm2,0.6345624213766909,2.2184607735862567,62
3,0.1,Comm2,4,Comm2,0.6285142375782338,0.013650413228795484,625
3,0.1,Comm2,5,Comm2,0.6376704795348815,10.297052910728587,330
3,0.1,Comm2,6,Comm2,0.6290112008326548,0.0285166561778519,588
3,0.1,Comm2,7,Comm2,0.6243455175616631,0.00232790299569631,386
3,0.1,Comm2,8,Comm2,0.633469726906383,0.10102287999246505,660
3,0.1,Comm2,9,Comm2,0.624277000117671,0.002004042039831545,300
3,0.1,Comm2,10,Comm2,0.6278889463590885,0.011614583284098605,824
3,0.1,Comm2,11,Comm2,0.6311872335588067,0.49797043357863147,0
3,0.1,Comm2,12,Comm2,0.6312213252014874,0.19309021863327375,496
3,0.1,Comm2,13,Comm2,0.6337234367538195,0.9718041214036537,699
3,0.1,Comm2,14,Comm2,0.6281914747046778,0.015749203527275095,408
3,0.1,Comm2,15,Comm2,0.6396442898150849,33.492721135278416,370
3,0.1,Comm2,16,Comm2,0.626418810135389,0.0020966321217511224,947
3,0.1,Comm2,17,Comm2,0.6324683421503694,0.10275970138901887,571
3,0.1,Comm2,18,Comm2,0.6294449181873988,0.05116321454579865,773
3,0.1,Comm2,19,Comm2,0.6323373527645145,0.1703428014148248,196
3,0.1,Comm2,20,Comm2,0.6257454282940932,0.004771183884091205,606
3,0.1,Comm2,21,Comm2,0.6282780125811808,0.012843192761754565,772
3,0.1,Comm2,22,Comm2,0.6324434060275705,0.3371706546183753,532
3,0.1,Comm2,23,Comm2,0.6329486414504708,0.24063761610565837,856
3,0.1,Comm2,24,Comm2,0.6276855245542735,0.009442936883060395,329
3,0.1,Comm2,25,Comm2,0.6265372860955016,0.0011794062055215232,145
3,0.1,Comm2,26,Comm2,0.6392044133930614,21.661706221877175,685
3,0.1,Comm2,27,Comm2,0.6372078455646811,9.673771488097186,957
3,0.1,Comm2,28,Comm2,0.632726046791649,0.6039258939494131,49
3,0.1,Comm2,29,Comm2,0.6387760594829447,14.094220851205172,201
3,0.1,Comm2,30,Comm2,0.6295455480317452,0.05820520739284296,583
3,0.1,Comm2,31,Comm2,0.6283280124860896,0.0038525661256751127,612
3,0.1,Comm2,32,Comm2,0.6347509480991661,2.867198732629016,367
3,0.1,Comm2,33,Comm2,0.627804185609132,0.009706527658746245,540
3,0.1,Comm2,34,Comm2,0.6371557608521903,4.904319936332729,429
3,0.1,Comm2,35,Comm2,0.6332141455953831,1.544703367721198,404
3,0.1,Comm2,36,Comm2,0.6344534121862275,3.4505364830697265,608
3,0.1,Comm2,37,Comm2,0.6396162898819655,8.319243954911993,16
3,0.1,Comm2,38,Comm2,0.6352706243727831,2.3681713703508183,533
3,0.1,Comm2,39,Comm2,0.631679596901348,0.23145413483444754,837
3,0.1,Comm2,40,Comm2,0.626059885399224,0.003924600108967058,836
3,0.1,Comm2,41,Comm2,0.632308931385034,0.25523370419661917,392
3,0.1,Comm2,42,Comm2,0.6257853292061889,0.0018210091590381715,965
3,0.1,Comm2,43,Comm2,0.631396423791757,0.18080026997849064,754
3,0.1,Comm2,44,Comm2,0.6300867144554432,0.17598407418180884,374
3,0.1,Comm2,45,Comm2,0.638308111329433,52.139808402127656,500
3,0.1,Comm2,46,Comm2,0.6291499992020247,0.05182967965330185,545
3,0.1,Comm2,47,Comm2,0.6348305848541145,2.0197475777369602,476
3,0.1,Comm2,48,Comm2,0.6252145831443998,0.0010789892587239201,899
3,0.1,Comm2,49,Comm2,0.627451992551717,0.018263014490957998,463
3,0.1,Comm2,50,Comm2,0.6379906350325788,29.90540495980973,6
3,0.1,Comm2,51,Comm2,0.6391717997091563,48.68414664724282,785
3,0.1,Comm2,52,Comm2,0.6295606611258752,0.04256986530930524,828
3,0.1,Comm2,53,Comm2,0.6345669260338233,1.6951824527308015,717
3,0.1,Comm2,54,Comm2,0.6252724892078504,0.00044916563191986795,363
3,0.1,Comm2,55,Comm2,0.6264785781748001,0.009951536929372758,920
3,0.1,Comm2,56,Comm2,0.6378525092848156,18.09225775532567,231
3,0.1,Comm2,57,Comm2,0.6301002146723107,0.04015332244590388,210
3,0.1,Comm2,58,Comm2,0.628819040025913,0.022321204664892163,162
3,0.1,Comm2,59,Comm2,0.6355304950464641,1.473875714941886,684
3,0.1,Comm2,60,Comm2,0.6321502927624438,0.2872297520572476,395
3,0.1,Comm2,61,Comm2,0.6291279711396273,0.06470009742116972,222
3,0.1,Comm2,62,Comm2,0.6370596429118008,20.213597128365187,204
3,0.1,Comm2,63,Comm2,0.6379312981662583,15.088656007688222,80
3,0.1,Comm2,64,Comm2,0.6398436021893819,15.090394920438714,860
3,0.1,Comm2,65,Comm2,0.6385258945311906,30.187844099696175,167
3,0.1,Comm2,66,Comm2,0.6278034853207272,0.006195651252856609,841
3,0.1,Comm2,67,Comm2,0.6250902185599817,0.0026484768120956315,448
3,0.1,Comm2,68,Comm2,0.6258730770725802,0.0014047459545347082,885
3,0.1,Comm2,69,Comm2,0.6243298504824458,0.0003983104836575244,550
3,0.1,Comm2,70,Comm2,0.6381848946581741,19.914640408021704,265
3,0.1,Comm2,71,Comm2,0.6321407499261492,0.14591937440063302,297
3,0.1,Comm2,72,Comm2,0.6314442420743789,0.3844135107482756,177
3,0.1,Comm2,73,Comm2,0.6378369255496557,9.467694975496112,580
3,0.1,Comm2,74,Comm2,0.6276049398530681,0.003883876989003185,991
3,0.1,Comm2,75,Comm2,0.6268354334025088,0.004303267986225533,614
3,0.1,Comm2,76,Comm2,0.6339520953387378,0.31995620645441397,34
3,0.1,Comm2,77,Comm2,0.6394091951605868,32.39920642519929,681
3,0.1,Comm2,78,Comm2,0.6317314501465081,0.09318778243067881,190
3,0.1,Comm2,79,Comm2,0.6295335969203617,0.09717123922137494,749
3,0.1,Comm2,80,Comm2,0.6378607346523341,19.141883042211916,857
3,0.1,Comm2,81,Comm2,0.6248434732111698,0.0016288007232451063,805
3,0.1,Comm2,82,Comm2,0.6388220212924903,25.96687923570319,114
3,0.1,Comm2,83,Comm2,0.6353522416634377,2.572027358529972,280
3,0.1,Comm2,84,Comm2,0.631832434566648,0.42213759927449146,480
3,0.1,Comm2,85,Comm2,0.63971236077818,12.453867453820758,510
3,0.1,Comm2,86,Comm2,0.6260007392856433,0.0023503959123386715,568
3,0.1,Comm2,87,Comm2,0.6286770140509494,0.015126267468423393,56
3,0.1,Comm2,88,Comm2,0.6295246871164314,0.13653145849836393,928
3,0.1,Comm2,89,Comm2,0.6385080387347531,34.65007135401316,563
3,0.1,Comm2,90,Comm2,0.6241055741479296,0.00045518735148844405,904
3,0.1,Comm2,91,Comm2,0.6376166990099185,10.997324839074345,527
3,0.1,Comm2,92,Comm2,0.633821172461986,1.3882751350685387,862
3,0.1,Comm2,93,Comm2,0.6364486738570851,9.413384530851081,27
3,0.1,Comm2,94,Comm2,0.6306387118215582,0.08569056593278218,912
3,0.1,Comm2,95,Comm2,0.6355312864504502,2.705895521757016,172
3,0.1,Comm2,96,Comm2,0.6370533481893081,14.770411825778956,659
3,0.1,Comm2,97,Comm2,0.6276639688461457,0.00763090794337715,725
3,0.1,Comm2,98,Comm2,0.6251609630100106,0.003631858136874497,658
3,0.1,Comm2,99,Comm2,0.6386407721082388,28.38492432593494,723
3,0.1,Comm2,100,Comm2,0.6289425132503079,0.013857476517493014,58
3,0.1,Comm3,1,Comm1,0.6255992636304287,6.833530020618576e-07,512
3,0.1,Comm3,2,Comm1,0.6380419743019118,21.66416333685798,994
3,0.1,Comm3,3,Comm1,0.6359969769217702,7.08104896699082,285
3,0.1,Comm3,4,Comm1,0.6326770176108324,0.20778829973095322,44
3,0.1,Comm3,5,Comm1,0.6392852714022764,54.61111099355949,756
3,0.1,Comm3,6,Comm1,0.6246446850039485,7.198925130396224e-08,131
3,0.1,Comm3,7,Comm1,0.6310821217995167,0.001644180618881995,306
3,0.1,Comm3,8,Comm1,0.635894259874625,0.11015185818368531,829
3,0.1,Comm3,9,Comm1,0.6374998012212597,20.982391047304976,191
3,0.1,Comm3,10,Comm1,0.6345363739068265,0.3471220838870097,416
3,0.1,Comm3,11,Comm1,0.6268016651364477,3.0033108177685247e-06,706
3,0.1,Comm3,12,Comm1,0.6368163835792469,21.093760006359304,77
3,0.1,Comm3,13,Comm1,0.6344575727535957,5.639401485201487,342
3,0.1,Comm3,14,Comm1,0.6340967444002817,0.05269456323266276,808
3,0.1,Comm3,15,Comm1,0.6291074181053408,0.0004079717928982807,629
3,0.1,Comm3,16,Comm1,0.6372361312080583,3.254353972927632,462
3,0.1,Comm3,17,Comm1,0.6364268324338282,9.59989548064658,215
3,0.1,Comm3,18,Comm1,0.6355918643930611,1.4851267283710294,212
3,0.1,Comm3,19,Comm1,0.6295644299989411,0.001081953431257589,125
3,0.1,Comm3,20,Comm1,0.6348097120350653,1.3160403719876683,622
3,0.1,Comm3,21,Comm1,0.629241861185395,2.7024949967687888e-05,31
3,0.1,Comm3,22,Comm1,0.6304850761273956,0.0027013439042337184,478
3,0.1,Comm3,23,Comm1,0.6252196269145364,4.065779896132015e-08,761
3,0.1,Comm3,24,Comm1,0.6293922785471484,9.929299793340289e-05,900
3,0.1,Comm3,25,Comm1,0.6252205378270891,1.8602277857599907e-07,898
3,0.1,Comm3,26,Comm1,0.6324969560208134,0.0022257889464061785,41
3,0.1,Comm3,27,Comm1,0.6293363083068563,2.815201537956715e-05,421
3,0.1,Comm3,28,Comm1,0.6256824098135515,1.6136685368470072e-06,444
3,0.1,Comm3,29,Comm1,0.6392101642653015,27.374576847143896,701
3,0.1,Comm3,30,Comm1,0.6357995941724202,2.2462685584336994,958
3,0.1,Comm3,31,Comm1,0.6335858441937133,0.012225625582579436,873
3,0.1,Comm3,32,Comm1,0.6304048921735222,0.0031477456833641426,941
3,0.1,Comm3,33,Comm1,0.6243527614454882,4.5994129437886017e-08,192
3,0.1,Comm3,34,Comm1,0.6301402341438103,0.0018001309678764234,507
3,0.1,Comm3,35,Comm1,0.6353394847200171,0.8132363988720429,419
3,0.1,Comm3,36,Comm1,0.6319396709462355,0.0066411375173459075,590
3,0.1,Comm3,37,Comm1,0.6377950417134234,11.128170439275273,314
3,0.1,Comm3,38,Comm1,0.6396972105403446,34.92594408084896,705
3,0.1,Comm3,39,Comm1,0.6266609938505094,3.321616051203334e-06,165
3,0.1,Comm3,40,Comm1,0.6339065422658211,0.42103118754360785,451
3,0.1,Comm3,41,Comm1,0.6355911605916664,2.0503884200781846,237
3,0.1,Comm3,42,Comm1,0.6367502774921412,4.978301603188365,366
3,0.1,Comm3,43,Comm1,0.6353291010232587,4.20573207057264,376
3,0.1,Comm3,44,Comm1,0.6283813120910312,7.84131741312445e-05,353
3,0.1,Comm3,45,Comm1,0.6357157250798385,2.4947867411995954,602
3,0.1,Comm3,46,Comm1,0.6352926255435598,1.7850940510058038,839
3,0.1,Comm3,47,Comm1,0.626995747605112,4.653004043218282e-05,948
3,0.1,Comm3,48,Comm1,0.6249869619936913,9.97900448663531e-08,901
3,0.1,Comm3,49,Comm1,0.6373363612368156,10.297398207046147,936
3,0.1,Comm3,50,Comm1,0.630067164866689,0.0003958403299200387,733
3,0.1,Comm3,51,Comm1,0.6283727916052766,2.9055215069531993e-05,798
3,0.1,Comm3,52,Comm1,0.6354641942010847,0.966929326970433,47
3,0.1,Comm3,53,Comm1,0.6300242448365497,0.0010948368806686095,972
3,0.1,Comm3,54,Comm1,0.6318267583168375,0.0028541276602475955,3
3,0.1,Comm3,55,Comm1,0.6294344471648768,8.641997703581602e-05,371
3,0.1,Comm3,56,Comm1,0.6245932285833876,6.78254239146098e-07,433
3,0.1,Comm3,57,Comm1,0.6310257673203067,0.0008787673247045932,845
3,0.1,Comm3,58,Comm1,0.6348937515593503,1.434340577022123,943
3,0.1,Comm3,59,Comm1,0.6382917610291174,16.62819528501313,459
3,0.1,Comm3,60,Comm1,0.6248702828986072,6.554262138970528e-09,348
3,0.1,Comm3,61,Comm1,0.6313478266210162,0.00017142156181004347,132
3,0.1,Comm3,62,Comm1,0.6373996690421356,28.559804936212856,221
3,0.1,Comm3,63,Comm1,0.6330316711011971,0.10532181350977596,127
3,0.1,Comm3,64,Comm1,0.638721081521156,36.33107262004964,675
3,0.1,Comm3,65,Comm1,0.633038687333544,0.025720845857181138,542
3,0.1,Comm3,66,Comm1,0.6274589065144157,4.570988107443178e-05,729
3,0.1,Comm3,67,Comm1,0.6315867002487502,0.0014592746412507465,849
3,0.1,Comm3,68,Comm1,0.633744671748258,0.11530364995461896,226
3,0.1,Comm3,69,Comm1,0.6390035283135075,23.8148094824759,197
3,0.1,Comm3,70,Comm1,0.6294347854976062,0.000404771885982177,94
3,0.1,Comm3,71,Comm1,0.6291481722070533,9.831053103167862e-06,511
3,0.1,Comm3,72,Comm1,0.6255546542633859,6.161816121231673e-08,32
3,0.1,Comm3,73,Comm1,0.6291378735077883,0.0005171704212140539,987
3,0.1,Comm3,74,Comm1,0.6317462804524271,0.01330213673324325,780
3,0.1,Comm3,75,Comm1,0.6360768386471757,2.5766562970657687,517
3,0.1,Comm3,76,Comm1,0.6365534794776563,5.681391361672219,935
3,0.1,Comm3,77,Comm1,0.6313436852262435,0.0009632331286895159,85
3,0.1,Comm3,78,Comm1,0.6363565936524505,4.874248386078013,232
3,0.1,Comm3,79,Comm1,0.6395472948503739,9.829915115956696,424
3,0.1,Comm3,80,Comm1,0.6392592607521129,25.448966487255824,227
3,0.1,Comm3,81,Comm1,0.6308766681841561,0.0014627417811543483,319
3,0.1,Comm3,82,Comm1,0.6387261963088887,30.220968487285315,498
3,0.1,Comm3,83,Comm1,0.6300358871912056,0.0013722232173475168,937
3,0.1,Comm3,84,Comm1,0.6264806152673532,1.6113746738459994e-07,570
3,0.1,Comm3,85,Comm1,0.6274321206562866,6.3451710199478526e-06,804
3,0.1,Comm3,86,Comm1,0.6244476428988147,2.3398314431733173e-08,992
3,0.1,Comm3,87,Comm1,0.6261287409309952,1.4015650553459919e-05,259
3,0.1,Comm3,88,Comm1,0.633377533194748,0.020774309753588436,740
3,0.1,Comm3,89,Comm1,0.6252828701764414,5.387209913942761e-06,286
3,0.1,Comm3,90,Comm1,0.6326341039377721,0.006622451126917273,263
3,0.1,Comm3,91,Comm1,0.628909793306992,0.0004494048941127538,21
3,0.1,Comm3,92,Comm1,0.6279908252979365,5.486254606644341e-06,522
3,0.1,Comm3,93,Comm1,0.6298685027168298,0.0003496313305750314,566
3,0.1,Comm3,94,Comm1,0.6387579933615878,26.893357050080272,670
3,0.1,Comm3,95,Comm1,0.6303471957879475,0.0014333752731748414,373
3,0.1,Comm3,96,Comm1,0.6317938301926395,0.01340666555735328,891
3,0.1,Comm3,97,Comm1,0.6338953326909029,2.7646972875624933,854
3,0.1,Comm3,98,Comm1,0.6301312649325306,0.00029015437433513433,596
3,0.1,Comm3,99,Comm1,0.6293117525677798,0.0001722621139522712,619
3,0.1,Comm3,100,Comm1,0.6282571362873337,2.296082961246236e-06,449
3,0.1,Comm3,101,Comm2,0.6346330605066447,0.014027770135890977,790
3,0.1,Comm3,102,Comm2,0.632398582229849,0.0017965999409135902,73
3,0.1,Comm3,103,Comm2,0.6345624213766909,0.02240652266590399,62
3,0.1,Comm3,104,Comm2,0.6285142375782338,5.9029976318692375e-06,625
3,0.1,Comm3,105,Comm2,0.6376704795348815,7.383121031888761,330
3,0.1,Comm3,106,Comm2,0.6290112008326548,2.7501404279276946e-06,588
3,0.1,Comm3,107,Comm2,0.6243455175616631,9.836118674649398e-08,386
3,0.1,Comm3,108,Comm2,0.633469726906383,0.00031019358622627857,660
3,0.1,Comm3,109,Comm2,0.624277000117671,7.587048751309199e-09,300
3,0.1,Comm3,110,Comm2,0.6278889463590885,3.209223441638272e-07,824
3,0.1,Comm3,111,Comm2,0.6311872335588067,0.00035898770518076053,0
3,0.1,Comm3,112,Comm2,0.6312213252014874,0.0005753098210639512,496
3,0.1,Comm3,113,Comm2,0.6337234367538195,0.004766218339941233,699
3,0.1,Comm3,114,Comm2,0.6281914747046778,3.872384306713446e-06,408
3,0.1,Comm3,115,Comm2,0.6396442898150849,11.780745208021285,370
3,0.1,Comm3,116,Comm2,0.626418810135389,6.858740254538185e-08,947
3,0.1,Comm3,117,Comm2,0.6324683421503694,0.0004045925968665169,571
3,0.1,Comm3,118,Comm2,0.6294449181873988,4.373323139457696e-06,773
3,0.1,Comm3,119,Comm2,0.6323373527645145,0.0004521266182753914,196
3,0.1,Comm3,120,Comm2,0.6257454282940932,4.269891164797042e-08,606
3,0.1,Comm3,121,Comm2,0.6282780125811808,1.136384543052107e-06,772
3,0.1,Comm3,122,Comm2,0.6324434060275705,0.0008114102518860648,532
3,0.1,Comm3,123,Comm2,0.6329486414504708,0.000534816312819856,856
3,0.1,Comm3,124,Comm2,0.6276855245542735,3.209191609786846e-07,329
3,0.1,Comm3,125,Comm2,0.6265372860955016,7.616148402380255e-08,145
3,0.1,Comm3,126,Comm2,0.6392044133930614,3.4080459302256085,685
3,0.1,Comm3,127,Comm2,0.6372078455646811,0.5652060665091547,957
3,0.1,Comm3,128,Comm2,0.632726046791649,0.0022650123455334992,49
3,0.1,Comm3,129,Comm2,0.6387760594829447,3.0208851786273505,201
3,0.1,Comm3,130,Comm2,0.6295455480317452,2.2869562902683786e-05,583
3,0.1,Comm3,131,Comm2,0.6283280124860896,2.1461321888806498e-07,612
3,0.1,Comm3,132,Comm2,0.6347509480991661,0.02935384780391404,367
3,0.1,Comm3,133,Comm2,0.627804185609132,7.23966276366272e-07,540
3,0.1,Comm3,134,Comm2,0.6371557608521903,0.43577603840912615,429
3,0.1,Comm3,135,Comm2,0.6332141455953831,0.003927106644024398,404
3,0.1,Comm3,136,Comm2,0.6344534121862275,0.0788963723553909,608
3,0.1,Comm3,137,Comm2,0.6396162898819655,2.147260588119207,16
3,0.1,Comm3,138,Comm2,0.6352706243727831,0.05896133926318384,533
3,0.1,Comm3,139,Comm2,0.631679596901348,0.0001318869318847607,837
3,0.1,Comm3,140,Comm2,0.626059885399224,4.238948074735621e-07,836
3,0.1,Comm3,141,Comm2,0.632308931385034,0.00010971713609537119,392
3,0.1,Comm3,142,Comm2,0.6257853292061889,1.6576655814638823e-08,965
3,0.1,Comm3,143,Comm2,0.631396423791757,0.00021440332633113456,754
3,0.1,Comm3,144,Comm2,0.6300867144554432,1.84808869870465e-05,374
3,0.1,Comm3,145,Comm2,0.638308111329433,9.720009207071818,500
3,0.1,Comm3,146,Comm2,0.6291499992020247,4.8872200495560254e-05,545
3,0.1,Comm3,147,Comm2,0.6348305848541145,0.027467105947185197,476
3,0.1,Comm3,148,Comm2,0.6252145831443998,7.88879135350532e-09,899
3,0.1,Comm3,149,Comm2,0.627451992551717,1.753539452515544e-06,463
3,0.1,Comm3,150,Comm2,0.6379906350325788,7.440399434108758,6
3,0.1,Comm3,151,Comm2,0.6391717997091563,12.845537101876642,785
3,0.1,Comm3,152,Comm2,0.6295606611258752,1.1761245830960568e-05,828
3,0.1,Comm3,153,Comm2,0.6345669260338233,0.018370739774549626,717
3,0.1,Comm3,154,Comm2,0.6252724892078504,2.1936471509643206e-09,363
3,0.1,Comm3,155,Comm2,0.6264785781748001,1.5735794293065545e-07,920
3,0.1,Comm3,156,Comm2,0.6378525092848156,2.087100256031079,231
3,0.1,Comm3,157,Comm2,0.6301002146723107,1.0209211188244713e-05,210
3,0.1,Comm3,158,Comm2,0.628819040025913,7.511276836569801e-06,162
3,0.1,Comm3,159,Comm2,0.6355304950464641,0.23954015068699344,684
3,0.1,Comm3,160,Comm2,0.6321502927624438,0.0002922293160134386,395
3,0.1,Comm3,161,Comm2,0.6291279711396273,1.5096022822201063e-05,222
3,0.1,Comm3,162,Comm2,0.6370596429118008,2.0701218643308663,204
3,0.1,Comm3,163,Comm2,0.6379312981662583,2.3115793391357298,80
3,0.1,Comm3,164,Comm2,0.6398436021893819,3.1554621578236444,860
3,0.1,Comm3,165,Comm2,0.6385258945311906,14.060975905778546,167
3,0.1,Comm3,166,Comm2,0.6278034853207272,9.004722296234715e-08,841
3,0.1,Comm3,167,Comm2,0.6250902185599817,7.346070060976607e-08,448
3,0.1,Comm3,168,Comm2,0.6258730770725802,7.030883775179216e-09,885
3,0.1,Comm3,169,Comm2,0.6243298504824458,-6.385181588483109e-11,550
3,0.1,Comm3,170,Comm2,0.6381848946581741,12.227169905956325,265
3,0.1,Comm3,171,Comm2,0.6321407499261492,0.00041646776015043,297
3,0.1,Comm3,172,Comm2,0.6314442420743789,0.0004866523389827285,177
3,0.1,Comm3,173,Comm2,0.6378369255496557,1.1923247977047047,580
3,0.1,Comm3,174,Comm2,0.6276049398530681,2.259893913237625e-07,991
3,0.1,Comm3,175,Comm2,0.6268354334025088,7.30454534944707e-08,614
3,0.1,Comm3,176,Comm2,0.6339520953387378,0.0017819213200926508,34
3,0.1,Comm3,177,Comm2,0.6394091951605868,12.050126635950376,681
3,0.1,Comm3,178,Comm2,0.6317314501465081,0.00010179000920216866,190
3,0.1,Comm3,179,Comm2,0.6295335969203617,3.8778433222439476e-05,749
3,0.1,Comm3,180,Comm2,0.6378607346523341,10.211313824456873,857
3,0.1,Comm3,181,Comm2,0.6248434732111698,1.936952280028391e-08,805
3,0.1,Comm3,182,Comm2,0.6388220212924903,3.8461660367543815,114
3,0.1,Comm3,183,Comm2,0.6353522416634377,0.08582595733907634,280
3,0.1,Comm3,184,Comm2,0.631832434566648,0.0011954357673722514,480
3,0.1,Comm3,185,Comm2,0.63971236077818,1.7578486849279569,510
3,0.1,Comm3,186,Comm2,0.6260007392856433,5.03168804577013e-08,568
3,0.1,Comm3,187,Comm2,0.6286770140509494,5.018049689993342e-06,56
3,0.1,Comm3,188,Comm2,0.6295246871164314,9.762470100513362e-05,928
3,0.1,Comm3,189,Comm2,0.6385080387347531,9.248631626915248,563
3,0.1,Comm3,190,Comm2,0.6241055741479296,-3.214828747920291e-10,904
3,0.1,Comm3,191,Comm2,0.6376166990099185,0.48040847115386826,527
3,0.1,Comm3,192,Comm2,0.633821172461986,0.01486904233411865,862
3,0.1,Comm3,193,Comm2,0.6364486738570851,0.2246042601346239,27
3,0.1,Comm3,194,Comm2,0.6306387118215582,1.6816610560318256e-05,912
3,0.1,Comm3,195,Comm2,0.6355312864504502,0.04845129342014234,172
3,0.1,Comm3,196,Comm2,0.6370533481893081,1.5281725490019924,659
3,0.1,Comm3,197,Comm2,0.6276639688461457,5.20919098179887e-07,725
3,0.1,Comm3,198,Comm2,0.6251609630100106,8.164289996549288e-08,658
3,0.1,Comm3,199,Comm2,0.6386407721082388,3.280444738741635,723
3,0.1,Comm3,200,Comm2,0.6289425132503079,2.9423947657483195e-07,58
4,0.01,Comm1,1,Comm1,0.6290085835704204,0.04792224754056311,601
4,0.01,Comm1,2,Comm1,0.6352317903854185,2.8747698821819507,604
4,0.01,Comm1,3,Comm1,0.6271440640102497,0.02729300640449819,371
4,0.01,Comm1,4,Comm1,0.632149249408669,0.1583277015629981,465
4,0.01,Comm1,5,Comm1,0.6338148594777018,4.539202543081914,17
4,0.01,Comm1,6,Comm1,0.6288251518039846,0.05290402770444264,580
4,0.01,Comm1,7,Comm1,0.637933011461273,10.376232822606859,76
4,0.01,Comm1,8,Comm1,0.6287499219191726,0.023257871165409002,347
4,0.01,Comm1,9,Comm1,0.6291028277578629,0.020951371688216675,617
4,0.01,Comm1,10,Comm1,0.625879579088206,0.0037016099890558227,904
4,0.01,Comm1,11,Comm1,0.6370856877631175,2.0531732795208844,670
4,0.01,Comm1,12,Comm1,0.6393136235058628,26.49696938630651,238
4,0.01,Comm1,13,Comm1,0.6350878548807967,3.441858622704317,805
4,0.01,Comm1,14,Comm1,0.637182812668945,6.234070771554843,752
4,0.01,Comm1,15,Comm1,0.6386348643057621,10.002087939451838,781
4,0.01,Comm1,16,Comm1,0.636967089947888,8.816180640524072,503
4,0.01,Comm1,17,Comm1,0.6277215205265579,0.009590590835176974,42
4,0.01,Comm1,18,Comm1,0.6317657313944344,0.04114772170363609,899
4,0.01,Comm1,19,Comm1,0.6242798101127984,0.00010113858172851596,356
4,0.01,Comm1,20,Comm1,0.6274122829690386,0.021921994879173443,156
4,0.01,Comm1,21,Comm1,0.6286605406183005,0.01874062699101925,835
4,0.01,Comm1,22,Comm1,0.6388944431868696,50.37488511958034,531
4,0.01,Comm1,23,Comm1,0.6372018177863081,7.178880434852756,946
4,0.01,Comm1,24,Comm1,0.6285049105368002,0.027358299595545296,879
4,0.01,Comm1,25,Comm1,0.6249424397769682,0.0018150991384295043,398
4,0.01,Comm1,26,Comm1,0.6382648536178693,19.983823214250265,437
4,0.01,Comm1,27,Comm1,0.6267836341275966,0.02626831306577749,109
4,0.01,Comm1,28,Comm1,0.6354350250890755,1.009264222391752,342
4,0.01,Comm1,29,Comm1,0.6276806944914552,0.012967983132112134,964
4,0.01,Comm1,30,Comm1,0.6316400259947882,0.34961094659189396,868
4,0.01,Comm1,31,Comm1,0.6356513053185353,6.095565339222908,423
4,0.01,Comm1,32,Comm1,0.6362445271506746,1.4372321423334247,208
4,0.01,Comm1,33,Comm1,0.6355438224720199,0.8737567726699176,984
4,0.01,Comm1,34,Comm1,0.6359850209661271,7.09104304611885,525
4,0.01,Comm1,35,Comm1,0.6304057203999996,0.19480286834595964,681
4,0.01,Comm1,36,Comm1,0.6382429101101145,13.214393920261227,81
4,0.01,Comm1,37,Comm1,0.6380598314273451,7.653924336525714,590
4,0.01,Comm1,38,Comm1,0.6321428679905229,1.216867570503612,328
4,0.01,Comm1,39,Comm1,0.6298929240780001,0.06485428532085029,138
4,0.01,Comm1,40,Comm1,0.6277726584888383,0.009367024206623708,316
4,0.01,Comm1,41,Comm1,0.6376579287663026,23.293746241229083,689
4,0.01,Comm1,42,Comm1,0.6266447591195864,0.0059677836786815016,532
4,0.01,Comm1,43,Comm1,0.6272892269187739,0.005140432681918945,115
4,0.01,Comm1,44,Comm1,0.6348553284446726,2.080275852510137,795
4,0.01,Comm1,45,Comm1,0.6324005772932342,0.13345364370388693,293
4,0.01,Comm1,46,Comm1,0.633977990058143,1.732003825051783,518
4,0.01,Comm1,47,Comm1,0.6348388003799478,7.0181283424195575,163
4,0.01,Comm1,48,Comm1,0.6277287610351044,0.03349148612866482,825
4,0.01,Comm1,49,Comm1,0.6297122700487167,0.04567522311683837,675
4,0.01,Comm1,50,Comm1,0.6372916229657132,8.265485140567511,426
4,0.01,Comm1,51,Comm1,0.6358911212658951,7.899744129949795,178
4,0.01,Comm1,52,Comm1,0.6339909612937837,0.7424262197292585,588
4,0.01,Comm1,53,Comm1,0.6328873493674513,0.9537876286209284,159
4,0.01,Comm1,54,Comm1,0.6359421995877288,3.3946115034315554,346
4,0.01,Comm1,55,Comm1,0.6296158762549803,0.06949711949191109,350
4,0.01,Comm1,56,Comm1,0.628200768425365,0.015734578347553187,195
4,0.01,Comm1,57,Comm1,0.6309931606134123,0.4419047233152844,849
4,0.01,Comm1,58,Comm1,0.6292503604717365,0.048604411518643524,644
4,0.01,Comm1,59,Comm1,0.6251970379003452,0.005975289983210307,219
4,0.01,Comm1,60,Comm1,0.6375698303802769,13.059292920633464,175
4,0.01,Comm1,61,Comm1,0.6301669944583949,0.09332297977692015,77
4,0.01,Comm1,62,Comm1,0.6287650510923389,0.01844242929731851,933
4,0.01,Comm1,63,Comm1,0.6308537380541639,0.22673128049048144,84
4,0.01,Comm1,64,Comm1,0.6391610419410179,48.418380704897615,201
4,0.01,Comm1,65,Comm1,0.6353288832719138,3.6547313738624636,633
4,0.01,Comm1,66,Comm1,0.6388634326129298,21.59390193411451,884
4,0.01,Comm1,67,Comm1,0.6389660432303071,36.892353774434056,583
4,0.01,Comm1,68,Comm1,0.638958915001875,33.24583865117363,74
4,0.01,Comm1,69,Comm1,0.627881977718233,0.011763643772067093,448
4,0.01,Comm1,70,Comm1,0.6351229486769082,0.4776507573894694,324
4,0.01,Comm1,71,Comm1,0.6315071711649588,0.37679198936005626,891
4,0.01,Comm1,72,Comm1,0.6372293532560646,7.2954204928205355,24
4,0.01,Comm1,73,Comm1,0.6336565643717385,0.4997131930360559,421
4,0.01,Comm1,74,Comm1,0.6293716790533995,0.03214325242997835,735
4,0.01,Comm1,75,Comm1,0.6385693495052734,40.722466656381876,429
4,0.01,Comm1,76,Comm1,0.6245275225757813,0.002725475890660569,0
4,0.01,Comm1,77,Comm1,0.6285914896107673,0.012757152689334217,725
4,0.01,Comm1,78,Comm1,0.6370808735268607,14.771538670031754,55
4,0.01,Comm1,79,Comm1,0.629457614961582,0.04370809248355155,501
4,0.01,Comm1,80,Comm1,0.6285853210721525,0.02564268680424723,477
4,0.01,Comm1,81,Comm1,0.6259990024458559,0.0017648096237499284,249
4,0.01,Comm1,82,Comm1,0.6254638482489295,0.0007613478560364946,329
4,0.01,Comm1,83,Comm1,0.6278256936795676,0.010098101606406123,720
4,0.01,Comm1,84,Comm1,0.6381205174897703,6.947752949994611,575
4,0.01,Comm1,85,Comm1,0.6298417420061956,0.11683106117295773,377
4,0.01,Comm1,86,Comm1,0.6258528341763957,0.004194121067797934,172
4,0.01,Comm1,87,Comm1,0.6354262915905573,2.8351777222130408,490
4,0.01,Comm1,88,Comm1,0.6363157410850837,4.00326478206911,419
4,0.01,Comm1,89,Comm1,0.6378745278965426,15.76977557019985,243
4,0.01,Comm1,90,Comm1,0.6398562224373193,47.69518132232657,16
4,0.01,Comm1,91,Comm1,0.6358252454832882,1.8376905553851801,100
4,0.01,Comm1,92,Comm1,0.625802611289023,0.006639447072744197,810
4,0.01,Comm1,93,Comm1,0.627489528182061,0.0019339332232566455,379
4,0.01,Comm1,94,Comm1,0.6247189449972292,0.0037293873544335635,344
4,0.01,Comm1,95,Comm1,0.6376203705690551,9.602600315690232,91
4,0.01,Comm1,96,Comm1,0.6369755878487016,5.920303542936442,95
4,0.01,Comm1,97,Comm1,0.6380157661069874,20.82618752024953,113
4,0.01,Comm1,98,Comm1,0.6360788496472937,3.558680289626758,273
4,0.01,Comm1,99,Comm1,0.631957352221363,0.1550123215777375,388
4,0.01,Comm1,100,Comm1,0.6275298732513,0.0179240617805285,10
4,0.01,Comm2,1,Comm2,0.6286483526587154,0.02190398896742434,647
4,0.01,Comm2,2,Comm2,0.6316095347189042,0.14315920397132678,36
4,0.01,Comm2,3,Comm2,0.6376363678132355,16.22865053434632,348
4,0.01,Comm2,4,Comm2,0.6346264094415607,5.089547746926024,191
4,0.01,Comm2,5,Comm2,0.6371837842483233,7.830374725382044,451
4,0.01,Comm2,6,Comm2,0.6274955020176365,0.00882581287047581,141
4,0.01,Comm2,7,Comm2,0.6319594710507693,0.32446456403987606,45
4,0.01,Comm2,8,Comm2,0.6333645160483692,0.18756322948225468,520
4,0.01,Comm2,9,Comm2,0.6263536892334287,0.00922418934199406,635
4,0.01,Comm2,10,Comm2,0.6244100729224974,0.00047946075753043434,873
4,0.01,Comm2,11,Comm2,0.6320874306657353,0.23304044093537638,469
4,0.01,Comm2,12,Comm2,0.6271137837035559,0.018298575591305297,486
4,0.01,Comm2,13,Comm2,0.6346288180330797,2.6525549945537215,673
4,0.01,Comm2,14,Comm2,0.6359609263407192,4.922441604135275,947
4,0.01,Comm2,15,Comm2,0.6348374237812018,1.4991564684802097,367
4,0.01,Comm2,16,Comm2,0.6249988546567851,0.0019886386467302193,31
4,0.01,Comm2,17,Comm2,0.6283303391556292,0.028159537010819163,693
4,0.01,Comm2,18,Comm2,0.6277722925686865,0.061391883172292015,842
4,0.01,Comm2,19,Comm2,0.6240941986754084,0.00200987071257963,841
4,0.01,Comm2,20,Comm2,0.6264140442086745,0.0029936992616731205,744
4,0.01,Comm2,21,Comm2,0.6335960752314328,0.49683082323126737,960
4,0.01,Comm2,22,Comm2,0.6381076792150969,10.311632158414799,816
4,0.01,Comm2,23,Comm2,0.6375745898302366,28.505461200338548,704
4,0.01,Comm2,24,Comm2,0.6290133267213385,0.01724071283663714,46
4,0.01,Comm2,25,Comm2,0.6244275520939371,0.0007043231468267322,124
4,0.01,Comm2,26,Comm2,0.6356250978550475,7.6788677370632605,642
4,0.01,Comm2,27,Comm2,0.6288467430809951,0.012314051291897258,387
4,0.01,Comm2,28,Comm2,0.6392618277421509,14.532723207037645,648
4,0.01,Comm2,29,Comm2,0.6293652645618847,0.04600767520057344,460
4,0.01,Comm2,30,Comm2,0.6379329034587813,38.83786102625966,697
4,0.01,Comm2,31,Comm2,0.6247393919564925,0.003288952692441969,813
4,0.01,Comm2,32,Comm2,0.636282011163947,1.9435483079169054,434
4,0.01,Comm2,33,Comm2,0.6317028013281739,0.14716000057108994,721
4,0.01,Comm2,34,Comm2,0.6257120155184015,0.0008344838519418208,508
4,0.01,Comm2,35,Comm2,0.6330908468585403,1.6560644869239687,57
4,0.01,Comm2,36,Comm2,0.6302517832318969,0.22190618243727658,589
4,0.01,Comm2,37,Comm2,0.6345611773362857,1.3288358398011304,158
4,0.01,Comm2,38,Comm2,0.6362647083441039,6.206874639877558,893
4,0.01,Comm2,39,Comm2,0.6331112558118476,1.2904906813897912,467
4,0.01,Comm2,40,Comm2,0.6312748246945759,0.13781298225023011,622
4,0.01,Comm2,41,Comm2,0.6387639108824505,16.92337832947742,653
4,0.01,Comm2,42,Comm2,0.6322864344472293,0.28127490444762837,475
4,0.01,Comm2,43,Comm2,0.6388420815569164,66.39800186317947,746
4,0.01,Comm2,44,Comm2,0.6247324945706775,0.0017773874836671498,214
4,0.01,Comm2,45,Comm2,0.6315863896396859,0.5313447948249753,677
4,0.01,Comm2,46,Comm2,0.6360896238177355,7.2926938912548005,706
4,0.01,Comm2,47,Comm2,0.6354035475161229,2.4986108143690355,341
4,0.01,Comm2,48,Comm2,0.6275096469715736,0.006971435036547248,819
4,0.01,Comm2,49,Comm2,0.6324648420793454,0.931629737906185,621
4,0.01,Comm2,50,Comm2,0.6396251063592662,40.210155625832584,764
4,0.01,Comm2,51,Comm2,0.6340786649624125,0.9954119355126158,650
4,0.01,Comm2,52,Comm2,0.633616731808787,1.1693269539597972,672
4,0.01,Comm2,53,Comm2,0.6262357421268524,0.006093146579515962,918
4,0.01,Comm2,54,Comm2,0.6300228985694893,0.12347120032381054,105
4,0.01,Comm2,55,Comm2,0.634572401468414,4.070082455094526,203
4,0.01,Comm2,56,Comm2,0.6363533200859366,5.366028485054498,496
4,0.01,Comm2,57,Comm2,0.6387646804446087,24.796660049597108,555
4,0.01,Comm2,58,Comm2,0.6393960771194215,7.6569120894414135,257
4,0.01,Comm2,59,Comm2,0.639566393584633,18.62748027535159,314
4,0.01,Comm2,60,Comm2,0.6386690540388665,24.834540541895922,106
4,0.01,Comm2,61,Comm2,0.6364547051203112,4.277985421741604,176
4,0.01,Comm2,62,Comm2,0.6347100518618589,5.99218558876618,741
4,0.01,Comm2,63,Comm2,0.634217564040221,2.1689182693081506,715
4,0.01,Comm2,64,Comm2,0.6252802024368336,0.000610143229650796,165
4,0.01,Comm2,65,Comm2,0.6241041783842268,0.0032130519317969423,632
4,0.01,Comm2,66,Comm2,0.6251437704072832,0.001895992769555683,524
4,0.01,Comm2,67,Comm2,0.6258326734679087,0.0017850483224989707,480
4,0.01,Comm2,68,Comm2,0.6332369622370996,0.9769601230826614,963
4,0.01,Comm2,69,Comm2,0.6285511390491152,0.028059627329778916,707
4,0.01,Comm2,70,Comm2,0.6318142128128197,0.8115063343506983,778
4,0.01,Comm2,71,Comm2,0.6302907698514818,0.1391745814480418,880
4,0.01,Comm2,72,Comm2,0.6362838119681624,7.591591236404892,829
4,0.01,Comm2,73,Comm2,0.626229506205826,0.004741756340244801,198
4,0.01,Comm2,74,Comm2,0.6286856539412521,0.03966199486437266,440
4,0.01,Comm2,75,Comm2,0.6371045626235982,17.504506915843173,146
4,0.01,Comm2,76,Comm2,0.6396564817722957,19.29231837956563,357
4,0.01,Comm2,77,Comm2,0.633716549687607,0.7567773245057553,750
4,0.01,Comm2,78,Comm2,0.6389616102346383,29.042614588737734,516
4,0.01,Comm2,79,Comm2,0.6254032044289392,0.0013542775972007703,422
4,0.01,Comm2,80,Comm2,0.6245012139939651,0.0008103865547322727,166
4,0.01,Comm2,81,Comm2,0.6271725745668998,0.006244312158924152,396
4,0.01,Comm2,82,Comm2,0.62723873757221,0.01987026037526753,898
4,0.01,Comm2,83,Comm2,0.6283284567928629,0.015345892412499377,678
4,0.01,Comm2,84,Comm2,0.6314843436333597,0.17806989780886906,322
4,0.01,Comm2,85,Comm2,0.626729312804464,0.007500431317325552,155
4,0.01,Comm2,86,Comm2,0.6334004446133961,0.7566371734781446,101
4,0.01,Comm2,87,Comm2,0.633028244140096,1.4159587888273764,298
4,0.01,Comm2,88,Comm2,0.6386878045531373,21.560222780392877,606
4,0.01,Comm2,89,Comm2,0.6396587225679753,33.30110655263682,263
4,0.01,Comm2,90,Comm2,0.6308387013212096,0.04653252994827558,363
4,0.01,Comm2,91,Comm2,0.6243855154942799,0.00015959110626677167,222
4,0.01,Comm2,92,Comm2,0.6267169903664264,0.006404637302753592,58
4,0.01,Comm2,93,Comm2,0.6266368120855177,0.006387572101759854,433
4,0.01,Comm2,94,Comm2,0.6256855793229321,0.004703619888511304,71
4,0.01,Comm2,95,Comm2,0.6353783212103322,4.74382507586993,384
4,0.01,Comm2,96,Comm2,0.6396708431449897,71.40917414233087,787
4,0.01,Comm2,97,Comm2,0.6261393712226927,0.004428497481062043,23
4,0.01,Comm2,98,Comm2,0.6312261193037111,0.12225332166462605,822
4,0.01,Comm2,99,Comm2,0.6330117393289676,0.45720327524083404,99
4,0.01,Comm2,100,Comm2,0.6308568748336718,0.13034405508764255,410
4,0.01,Comm3,1,Comm1,0.6290085835704204,8.416752502465062e-05,601
4,0.01,Comm3,2,Comm1,0.6352317903854185,0.5291044993879964,604
4,0.01,Comm3,3,Comm1,0.6271440640102497,7.394231982482892e-05,371
4,0.01,Comm3,4,Comm1,0.632149249408669,0.000670953428959203,465
4,0.01,Comm3,5,Comm1,0.6338148594777018,0.8387328325729959,17
4,0.01,Comm3,6,Comm1,0.6288251518039846,0.000396362224391876,580
4,0.01,Comm3,7,Comm1,0.637933011461273,10.056091638818147,76
4,0.01,Comm3,8,Comm1,0.6287499219191726,2.3084752816212744e-05,347
4,0.01,Comm3,9,Comm1,0.6291028277578629,3.0883703088971696e-05,617
4,0.01,Comm3,10,Comm1,0.625879579088206,1.3675120021450603e-06,904
4,0.01,Comm3,11,Comm1,0.6370856877631175,0.2543987789357389,670
4,0.01,Comm3,12,Comm1,0.6393136235058628,27.728196360248894,238
4,0.01,Comm3,13,Comm1,0.6350878548807967,2.181362665452668,805
4,0.01,Comm3,14,Comm1,0.637182812668945,4.428747253054416,752
4,0.01,Comm3,15,Comm1,0.6386348643057621,10.343178747956676,781
4,0.01,Comm3,16,Comm1,0.636967089947888,5.8987120294249795,503
4,0.01,Comm3,17,Comm1,0.6277215205265579,9.993633035028884e-06,42
4,0.01,Comm3,18,Comm1,0.6317657313944344,0.00016166592246550775,899
4,0.01,Comm3,19,Comm1,0.6242798101127984,-9.092916739520713e-10,356
4,0.01,Comm3,20,Comm1,0.6274122829690386,3.239504405510396e-05,156
4,0.01,Comm3,21,Comm1,0.6286605406183005,6.1984282931574455e-06,835
4,0.01,Comm3,22,Comm1,0.6388944431868696,49.8622283377235,531
4,0.01,Comm3,23,Comm1,0.6372018177863081,7.125127059902588,946
4,0.01,Comm3,24,Comm1,0.6285049105368002,2.2029807559657714e-05,879
4,0.01,Comm3,25,Comm1,0.6249424397769682,1.1091561471359399e-07,398
4,0.01,Comm3,26,Comm1,0.6382648536178693,25.62972658814992,437
4,0.01,Comm3,27,Comm1,0.6267836341275966,0.00011916397088946107,109
4,0.01,Comm3,28,Comm1,0.6354350250890755,0.2281851136632535,342
4,0.01,Comm3,29,Comm1,0.6276806944914552,2.1035561892324506e-05,964
4,0.01,Comm3,30,Comm1,0.6316400259947882,0.004834096148412062,868
4,0.01,Comm3,31,Comm1,0.6356513053185353,6.436151906598438,423
4,0.01,Comm3,32,Comm1,0.6362445271506746,0.28892403521022025,208
4,0.01,Comm3,33,Comm1,0.6355438224720199,0.07961130922655285,984
4,0.01,Comm3,34,Comm1,0.6359850209661271,2.105079262087307,525
4,0.01,Comm3,35,Comm1,0.6304057203999996,0.0025495251474491843,681
4,0.01,Comm3,36,Comm1,0.6382429101101145,14.924499936012802,81
4,0.01,Comm3,37,Comm1,0.6380598314273451,4.19994599688434,590
4,0.01,Comm3,38,Comm1,0.6321428679905229,0.12556936241885963,328
4,0.01,Comm3,39,Comm1,0.6298929240780001,0.00012765507891721197,138
4,0.01,Comm3,40,Comm1,0.6277726584888383,2.6805109939670325e-06,316
4,0.01,Comm3,41,Comm1,0.6376579287663026,21.85514741437134,689
4,0.01,Comm3,42,Comm1,0.6266447591195864,4.1192631979108525e-06,532
4,0.01,Comm3,43,Comm1,0.6272892269187739,1.9132358304975953e-06,115
4,0.01,Comm3,44,Comm1,0.6348553284446726,0.27699838412667827,795
4,0.01,Comm3,45,Comm1,0.6324005772932342,0.0010659135870709575,293
4,0.01,Comm3,46,Comm1,0.633977990058143,0.13782044934525553,518
4,0.01,Comm3,47,Comm1,0.6348388003799478,2.3949172463424486,163
4,0.01,Comm3,48,Comm1,0.6277287610351044,4.3073850192833906e-05,825
4,0.01,Comm3,49,Comm1,0.6297122700487167,0.00023999491701134576,675
4,0.01,Comm3,50,Comm1,0.6372916229657132,4.5438673060835315,426
4,0.01,Comm3,51,Comm1,0.6358911212658951,6.117442359300548,178
4,0.01,Comm3,52,Comm1,0.6339909612937837,0.04363443483366693,588
4,0.01,Comm3,53,Comm1,0.6328873493674513,0.09487456938646166,159
4,0.01,Comm3,54,Comm1,0.6359421995877288,0.4333553090885749,346
4,0.01,Comm3,55,Comm1,0.6296158762549803,0.0008342964978326632,350
4,0.01,Comm3,56,Comm1,0.628200768425365,3.125509013788702e-05,195
4,0.01,Comm3,57,Comm1,0.6309931606134123,0.013591371516412262,849
4,0.01,Comm3,58,Comm1,0.6292503604717365,8.058865049196144e-05,644
4,0.01,Comm3,59,Comm1,0.6251970379003452,6.338860748991761e-06,219
4,0.01,Comm3,60,Comm1,0.6375698303802769,16.203505223464724,175
4,0.01,Comm3,61,Comm1,0.6301669944583949,0.0005429967135164177,77
4,0.01,Comm3,62,Comm1,0.6287650510923389,1.8318628303223397e-05,933
4,0.01,Comm3,63,Comm1,0.6308537380541639,0.0026229959821966685,84
4,0.01,Comm3,64,Comm1,0.6391610419410179,58.69543815385499,201
4,0.01,Comm3,65,Comm1,0.6353288832719138,0.7443988456966132,633
4,0.01,Comm3,66,Comm1,0.6388634326129298,23.28509194338189,884
4,0.01,Comm3,67,Comm1,0.6389660432303071,37.072385154967755,583
4,0.01,Comm3,68,Comm1,0.638958915001875,41.67376849416887,74
4,0.01,Comm3,69,Comm1,0.627881977718233,6.20698010715735e-06,448
4,0.01,Comm3,70,Comm1,0.6351229486769082,0.031108839384317057,324
4,0.01,Comm3,71,Comm1,0.6315071711649588,0.00906765791475991,891
4,0.01,Comm3,72,Comm1,0.6372293532560646,5.1304643600691335,24
4,0.01,Comm3,73,Comm1,0.6336565643717385,0.004291577978937912,421
4,0.01,Comm3,74,Comm1,0.6293716790533995,9.029204656650057e-05,735
4,0.01,Comm3,75,Comm1,0.6385693495052734,66.24044951265896,429
4,0.01,Comm3,76,Comm1,0.6245275225757813,1.3060198577166744e-06,0
4,0.01,Comm3,77,Comm1,0.6285914896107673,7.2262991924688516e-06,725
4,0.01,Comm3,78,Comm1,0.6370808735268607,10.446012278178879,55
4,0.01,Comm3,79,Comm1,0.629457614961582,0.0002356874707649322,501
4,0.01,Comm3,80,Comm1,0.6285853210721525,1.903534988955796e-05,477
4,0.01,Comm3,81,Comm1,0.6259990024458559,1.5250612980158393e-07,249
4,0.01,Comm3,82,Comm1,0.6254638482489295,3.6310108543476536e-08,329
4,0.01,Comm3,83,Comm1,0.6278256936795676,1.8252722605787534e-05,720
4,0.01,Comm3,84,Comm1,0.6381205174897703,5.817251222219979,575
4,0.01,Comm3,85,Comm1,0.6298417420061956,0.0016296921625796586,377
4,0.01,Comm3,86,Comm1,0.6258528341763957,9.048217117605354e-07,172
4,0.01,Comm3,87,Comm1,0.6354262915905573,0.5769806094968087,490
4,0.01,Comm3,88,Comm1,0.6363157410850837,2.652668365522538,419
4,0.01,Comm3,89,Comm1,0.6378745278965426,11.417979653179845,243
4,0.01,Comm3,90,Comm1,0.6398562224373193,46.72088073244098,16
4,0.01,Comm3,91,Comm1,0.6358252454832882,0.14798743012485577,100
4,0.01,Comm3,92,Comm1,0.625802611289023,6.63038323032902e-06,810
4,0.01,Comm3,93,Comm1,0.627489528182061,1.6324449346964088e-07,379
4,0.01,Comm3,94,Comm1,0.6247189449972292,2.1685495127839453e-07,344
4,0.01,Comm3,95,Comm1,0.6376203705690551,5.025253819078583,91
4,0.01,Comm3,96,Comm1,0.6369755878487016,2.877775992525531,95
4,0.01,Comm3,97,Comm1,0.6380157661069874,26.098846273783675,113
4,0.01,Comm3,98,Comm1,0.6360788496472937,1.3797159704434214,273
4,0.01,Comm3,99,Comm1,0.631957352221363,0.00260088947086132,388
4,0.01,Comm3,100,Comm1,0.6275298732513,4.5693088309779544e-05,10
4,0.01,Comm3,101,Comm2,0.6286483526587154,3.1010722019175824e-06,647
4,0.01,Comm3,102,Comm2,0.6316095347189042,2.2555204234890793e-05,36
4,0.01,Comm3,103,Comm2,0.6376363678132355,0.07899510937291909,348
4,0.01,Comm3,104,Comm2,0.6346264094415607,0.006679248503999806,191
4,0.01,Comm3,105,Comm2,0.6371837842483233,0.08401416253983912,451
4,0.01,Comm3,106,Comm2,0.6274955020176365,4.198054255926528e-08,141
4,0.01,Comm3,107,Comm2,0.6319594710507693,1.9693429750034166e-05,45
4,0.01,Comm3,108,Comm2,0.6333645160483692,0.00013174262556818041,520
4,0.01,Comm3,109,Comm2,0.6263536892334287,2.575850520418255e-09,635
4,0.01,Comm3,110,Comm2,0.6244100729224974,-2.0010892990138853e-11,873
4,0.01,Comm3,111,Comm2,0.6320874306657353,6.94865535452094e-05,469
4,0.01,Comm3,112,Comm2,0.6271137837035559,4.5366753684285846e-08,486
4,0.01,Comm3,113,Comm2,0.6346288180330797,0.0008458856239646843,673
4,0.01,Comm3,114,Comm2,0.6359609263407192,0.024942325555213904,947
4,0.01,Comm3,115,Comm2,0.6348374237812018,0.002837866436000529,367
4,0.01,Comm3,116,Comm2,0.6249988546567851,8.595985080094781e-10,31
4,0.01,Comm3,117,Comm2,0.6283303391556292,2.0665623806176912e-07,693
4,0.01,Comm3,118,Comm2,0.6277722925686865,9.944809107552071e-07,842
4,0.01,Comm3,119,Comm2,0.6240941986754084,2.194143044655404e-09,841
4,0.01,Comm3,120,Comm2,0.6264140442086745,1.2364569439703392e-08,744
4,0.01,Comm3,121,Comm2,0.6335960752314328,0.0005489180024147173,960
4,0.01,Comm3,122,Comm2,0.6381076792150969,0.057174336829664135,816
4,0.01,Comm3,123,Comm2,0.6375745898302366,0.7211240690855816,704
4,0.01,Comm3,124,Comm2,0.6290133267213385,1.9113004051341857e-07,46
4,0.01,Comm3,125,Comm2,0.6244275520939371,2.0119904907108826e-11,124
4,0.01,Comm3,126,Comm2,0.6356250978550475,0.018225561328863348,642
4,0.01,Comm3,127,Comm2,0.6288467430809951,1.5170732883054537e-07,387
4,0.01,Comm3,128,Comm2,0.6392618277421509,0.3325170176883053,648
4,0.01,Comm3,129,Comm2,0.6293652645618847,1.9188003246194875e-07,460
4,0.01,Comm3,130,Comm2,0.6379329034587813,0.4710451069262293,697
4,0.01,Comm3,131,Comm2,0.6247393919564925,8.90276531712192e-09,813
4,0.01,Comm3,132,Comm2,0.636282011163947,0.008768285704251047,434
4,0.01,Comm3,133,Comm2,0.6317028013281739,9.603614815921507e-06,721
4,0.01,Comm3,134,Comm2,0.6257120155184015,1.2668213557420802e-10,508
4,0.01,Comm3,135,Comm2,0.6330908468585403,0.00026837741676521444,57
4,0.01,Comm3,136,Comm2,0.6302517832318969,1.946968762660873e-05,589
4,0.01,Comm3,137,Comm2,0.6345611773362857,0.0007543183771299977,158
4,0.01,Comm3,138,Comm2,0.6362647083441039,0.016970464514032373,893
4,0.01,Comm3,139,Comm2,0.6331112558118476,0.0005133238713088516,467
4,0.01,Comm3,140,Comm2,0.6312748246945759,3.348504403061354e-05,622
4,0.01,Comm3,141,Comm2,0.6387639108824505,0.38053109811823965,653
4,0.01,Comm3,142,Comm2,0.6322864344472293,2.039392365514032e-05,475
4,0.01,Comm3,143,Comm2,0.6388420815569164,2.1220055395338036,746
4,0.01,Comm3,144,Comm2,0.6247324945706775,4.325288552452186e-09,214
4,0.01,Comm3,145,Comm2,0.6315863896396859,6.631620188873248e-05,677
4,0.01,Comm3,146,Comm2,0.6360896238177355,0.01208898003410296,706
4,0.01,Comm3,147,Comm2,0.6354035475161229,0.010228521226480013,341
4,0.01,Comm3,148,Comm2,0.6275096469715736,4.5387249834043126e-08,819
4,0.01,Comm3,149,Comm2,0.6324648420793454,5.406067259764239e-05,621
4,0.01,Comm3,150,Comm2,0.6396251063592662,7.51206837695581,764
4,0.01,Comm3,151,Comm2,0.6340786649624125,0.0014018834124531463,650
4,0.01,Comm3,152,Comm2,0.633616731808787,0.0020137793158903684,672
4,0.01,Comm3,153,Comm2,0.6262357421268524,1.4367306680594559e-08,918
4,0.01,Comm3,154,Comm2,0.6300228985694893,6.352086539046387e-06,105
4,0.01,Comm3,155,Comm2,0.634572401468414,0.002410567561192662,203
4,0.01,Comm3,156,Comm2,0.6363533200859366,0.046307165826058004,496
4,0.01,Comm3,157,Comm2,0.6387646804446087,0.1595641375766336,555
4,0.01,Comm3,158,Comm2,0.6393960771194215,0.7927200582241944,257
4,0.01,Comm3,159,Comm2,0.639566393584633,0.5978849501435113,314
4,0.01,Comm3,160,Comm2,0.6386690540388665,1.5755788152509496,106
4,0.01,Comm3,161,Comm2,0.6364547051203112,0.06884569846725509,176
4,0.01,Comm3,162,Comm2,0.6347100518618589,0.00419006724428806,741
4,0.01,Comm3,163,Comm2,0.634217564040221,0.001380438352316795,715
4,0.01,Comm3,164,Comm2,0.6252802024368336,2.2052125040620246e-10,165
4,0.01,Comm3,165,Comm2,0.6241041783842268,1.6073125163327852e-08,632
4,0.01,Comm3,166,Comm2,0.6251437704072832,6.688319064213077e-09,524
4,0.01,Comm3,167,Comm2,0.6258326734679087,9.21197653225739e-10,480
4,0.01,Comm3,168,Comm2,0.6332369622370996,0.0011549173728390286,963
4,0.01,Comm3,169,Comm2,0.6285511390491152,1.7068436871486956e-07,707
4,0.01,Comm3,170,Comm2,0.6318142128128197,0.0001625309310333523,778
4,0.01,Comm3,171,Comm2,0.6302907698514818,7.409121377364013e-05,880
4,0.01,Comm3,172,Comm2,0.6362838119681624,0.027963938096690438,829
4,0.01,Comm3,173,Comm2,0.626229506205826,5.641700968716755e-09,198
4,0.01,Comm3,174,Comm2,0.6286856539412521,5.2240569835119815e-08,440
4,0.01,Comm3,175,Comm2,0.6371045626235982,0.4890223474521147,146
4,0.01,Comm3,176,Comm2,0.6396564817722957,0.19816451347417127,357
4,0.01,Comm3,177,Comm2,0.633716549687607,0.0007442483569440933,750
4,0.01,Comm3,178,Comm2,0.6389616102346383,0.5553572821079855,516
4,0.01,Comm3,179,Comm2,0.6254032044289392,1.2346327285835424e-09,422
4,0.01,Comm3,180,Comm2,0.6245012139939651,7.719644070068695e-10,166
4,0.01,Comm3,181,Comm2,0.6271725745668998,1.4876203281771233e-08,396
4,0.01,Comm3,182,Comm2,0.62723873757221,3.563741712619215e-08,898
4,0.01,Comm3,183,Comm2,0.6283284567928629,4.643676590156227e-07,678
4,0.01,Comm3,184,Comm2,0.6314843436333597,5.257051591991686e-06,322
4,0.01,Comm3,185,Comm2,0.626729312804464,1.3398033459735673e-07,155
4,0.01,Comm3,186,Comm2,0.6334004446133961,0.00012968785083892863,101
4,0.01,Comm3,187,Comm2,0.633028244140096,0.0011838270984899863,298
4,0.01,Comm3,188,Comm2,0.6386878045531373,1.4264103637358587,606
4,0.01,Comm3,189,Comm2,0.6396587225679753,1.5149838528920463,263
4,0.01,Comm3,190,Comm2,0.6308387013212096,1.2840686110011495e-05,363
4,0.01,Comm3,191,Comm2,0.6243855154942799,1.935670430244322e-11,222
4,0.01,Comm3,192,Comm2,0.6267169903664264,5.792403912238271e-09,58
4,0.01,Comm3,193,Comm2,0.6266368120855177,1.2845861244104549e-08,433
4,0.01,Comm3,194,Comm2,0.6256855793229321,1.4320746330386518e-08,71
4,0.01,Comm3,195,Comm2,0.6353783212103322,0.0009261407861349961,384
4,0.01,Comm3,196,Comm2,0.6396708431449897,2.553802470808243,787
4,0.01,Comm3,197,Comm2,0.6261393712226927,5.819793400443962e-09,23
4,0.01,Comm3,198,Comm2,0.6312261193037111,3.930079150008741e-06,822
4,0.01,Comm3,199,Comm2,0.6330117393289676,0.00016245501783355239,99
4,0.01,Comm3,200,Comm2,0.6308568748336718,2.4863642477048012e-05,410
4,0.05,Comm1,1,Comm1,0.6290085835704204,0.04792224754056311,601
4,0.05,Comm1,2,Comm1,0.6352317903854185,2.8747698821819507,604
4,0.05,Comm1,3,Comm1,0.6271440640102497,0.02729300640449819,371
4,0.05,Comm1,4,Comm1,0.632149249408669,0.1583277015629981,465
4,0.05,Comm1,5,Comm1,0.6338148594777018,4.539202543081914,17
4,0.05,Comm1,6,Comm1,0.6288251518039846,0.05290402770444264,580
4,0.05,Comm1,7,Comm1,0.637933011461273,10.376232822606859,76
4,0.05,Comm1,8,Comm1,0.6287499219191726,0.023257871165409002,347
4,0.05,Comm1,9,Comm1,0.6291028277578629,0.020951371688216675,617
4,0.05,Comm1,10,Comm1,0.625879579088206,0.0037016099890558227,904
4,0.05,Comm1,11,Comm1,0.6370856877631175,2.0531732795208844,670
4,0.05,Comm1,12,Comm1,0.6393136235058628,26.49696938630651,238
4,0.05,Comm1,13,Comm1,0.6350878548807967,3.441858622704317,805
4,0.05,Comm1,14,Comm1,0.637182812668945,6.234070771554843,752
4,0.05,Comm1,15,Comm1,0.6386348643057621,10.002087939451838,781
4,0.05,Comm1,16,Comm1,0.636967089947888,8.816180640524072,503
4,0.05,Comm1,17,Comm1,0.6277215205265579,0.009590590835176974,42
4,0.05,Comm1,18,Comm1,0.6317657313944344,0.04114772170363609,899
4,0.05,Comm1,19,Comm1,0.6242798101127984,0.00010113858172851596,356
4,0.05,Comm1,20,Comm1,0.6274122829690386,0.021921994879173443,156
4,0.05,Comm1,21,Comm1,0.6286605406183005,0.01874062699101925,835
4,0.05,Comm1,22,Comm1,0.6388944431868696,50.37488511958034,531
4,0.05,Comm1,23,Comm1,0.6372018177863081,7.178880434852756,946
4,0.05,Comm1,24,Comm1,0.6285049105368002,0.027358299595545296,879
4,0.05,Comm1,25,Comm1,0.6249424397769682,0.0018150991384295043,398
4,0.05,Comm1,26,Comm1,0.6382648536178693,19.983823214250265,437
4,0.05,Comm1,27,Comm1,0.6267836341275966,0.02626831306577749,109
4,0.05,Comm1,28,Comm1,0.6354350250890755,1.009264222391752,342
4,0.05,Comm1,29,Comm1,0.6276806944914552,0.012967983132112134,964
4,0.05,Comm1,30,Comm1,0.6316400259947882,0.34961094659189396,868
4,0.05,Comm1,31,Comm1,0.6356513053185353,6.095565339222908,423
4,0.05,Comm1,32,Comm1,0.6362445271506746,1.4372321423334247,208
4,0.05,Comm1,33,Comm1,0.6355438224720199,0.8737567726699176,984
4,0.05,Comm1,34,Comm1,0.6359850209661271,7.09104304611885,525
4,0.05,Comm1,35,Comm1,0.6304057203999996,0.19480286834595964,681
4,0.05,Comm1,36,Comm1,0.6382429101101145,13.214393920261227,81
4,0.05,Comm1,37,Comm1,0.6380598314273451,7.653924336525714,590
4,0.05,Comm1,38,Comm1,0.6321428679905229,1.216867570503612,328
4,0.05,Comm1,39,Comm1,0.6298929240780001,0.06485428532085029,138
4,0.05,Comm1,40,Comm1,0.6277726584888383,0.009367024206623708,316
4,0.05,Comm1,41,Comm1,0.6376579287663026,23.293746241229083,689
4,0.05,Comm1,42,Comm1,0.6266447591195864,0.0059677836786815016,532
4,0.05,Comm1,43,Comm1,0.6272892269187739,0.005140432681918945,115
4,0.05,Comm1,44,Comm1,0.6348553284446726,2.080275852510137,795
4,0.05,Comm1,45,Comm1,0.6324005772932342,0.13345364370388693,293
4,0.05,Comm1,46,Comm1,0.633977990058143,1.732003825051783,518
4,0.05,Comm1,47,Comm1,0.6348388003799478,7.0181283424195575,163
4,0.05,Comm1,48,Comm1,0.6277287610351044,0.03349148612866482,825
4,0.05,Comm1,49,Comm1,0.6297122700487167,0.04567522311683837,675
4,0.05,Comm1,50,Comm1,0.6372916229657132,8.265485140567511,426
4,0.05,Comm1,51,Comm1,0.6358911212658951,7.899744129949795,178
4,0.05,Comm1,52,Comm1,0.6339909612937837,0.7424262197292585,588
4,0.05,Comm1,53,Comm1,0.6328873493674513,0.9537876286209284,159
4,0.05,Comm1,54,Comm1,0.6359421995877288,3.3946115034315554,346
4,0.05,Comm1,55,Comm1,0.6296158762549803,0.06949711949191109,350
4,0.05,Comm1,56,Comm1,0.628200768425365,0.015734578347553187,195
4,0.05,Comm1,57,Comm1,0.6309931606134123,0.4419047233152844,849
4,0.05,Comm1,58,Comm1,0.6292503604717365,0.048604411518643524,644
4,0.05,Comm1,59,Comm1,0.6251970379003452,0.005975289983210307,219
4,0.05,Comm1,60,Comm1,0.6375698303802769,13.059292920633464,175
4,0.05,Comm1,61,Comm1,0.6301669944583949,0.09332297977692015,77
4,0.05,Comm1,62,Comm1,0.6287650510923389,0.01844242929731851,933
4,0.05,Comm1,63,Comm1,0.6308537380541639,0.22673128049048144,84
4,0.05,Comm1,64,Comm1,0.6391610419410179,48.418380704897615,201
4,0.05,Comm1,65,Comm1,0.6353288832719138,3.6547313738624636,633
4,0.05,Comm1,66,Comm1,0.6388634326129298,21.59390193411451,884
4,0.05,Comm1,67,Comm1,0.6389660432303071,36.892353774434056,583
4,0.05,Comm1,68,Comm1,0.638958915001875,33.24583865117363,74
4,0.05,Comm1,69,Comm1,0.627881977718233,0.011763643772067093,448
4,0.05,Comm1,70,Comm1,0.6351229486769082,0.4776507573894694,324
4,0.05,Comm1,71,Comm1,0.6315071711649588,0.37679198936005626,891
4,0.05,Comm1,72,Comm1,0.6372293532560646,7.2954204928205355,24
4,0.05,Comm1,73,Comm1,0.6336565643717385,0.4997131930360559,421
4,0.05,Comm1,74,Comm1,0.6293716790533995,0.03214325242997835,735
4,0.05,Comm1,75,Comm1,0.6385693495052734,40.722466656381876,429
4,0.05,Comm1,76,Comm1,0.6245275225757813,0.002725475890660569,0
4,0.05,Comm1,77,Comm1,0.6285914896107673,0.012757152689334217,725
4,0.05,Comm1,78,Comm1,0.6370808735268607,14.771538670031754,55
4,0.05,Comm1,79,Comm1,0.629457614961582,0.04370809248355155,501
4,0.05,Comm1,80,Comm1,0.6285853210721525,0.02564268680424723,477
4,0.05,Comm1,81,Comm1,0.6259990024458559,0.0017648096237499284,249
4,0.05,Comm1,82,Comm1,0.6254638482489295,0.0007613478560364946,329
4,0.05,Comm1,83,Comm1,0.6278256936795676,0.010098101606406123,720
4,0.05,Comm1,84,Comm1,0.6381205174897703,6.947752949994611,575
4,0.05,Comm1,85,Comm1,0.6298417420061956,0.11683106117295773,377
4,0.05,Comm1,86,Comm1,0.6258528341763957,0.004194121067797934,172
4,0.05,Comm1,87,Comm1,0.6354262915905573,2.8351777222130408,490
4,0.05,Comm1,88,Comm1,0.6363157410850837,4.00326478206911,419
4,0.05,Comm1,89,Comm1,0.6378745278965426,15.76977557019985,243
4,0.05,Comm1,90,Comm1,0.6398562224373193,47.69518132232657,16
4,0.05,Comm1,91,Comm1,0.6358252454832882,1.8376905553851801,100
4,0.05,Comm1,92,Comm1,0.625802611289023,0.006639447072744197,810
4,0.05,Comm1,93,Comm1,0.627489528182061,0.0019339332232566455,379
4,0.05,Comm1,94,Comm1,0.6247189449972292,0.0037293873544335635,344
4,0.05,Comm1,95,Comm1,0.6376203705690551,9.602600315690232,91
4,0.05,Comm1,96,Comm1,0.6369755878487016,5.920303542936442,95
4,0.05,Comm1,97,Comm1,0.6380157661069874,20.82618752024953,113
4,0.05,Comm1,98,Comm1,0.6360788496472937,3.558680289626758,273
4,0.05,Comm1,99,Comm1,0.631957352221363,0.1550123215777375,388
4,0.05,Comm1,100,Comm1,0.6275298732513,0.0179240617805285,10
4,0.05,Comm2,1,Comm2,0.6286483526587154,0.02190398896742434,647
4,0.05,Comm2,2,Comm2,0.6316095347189042,0.14315920397132678,36
4,0.05,Comm2,3,Comm2,0.6376363678132355,16.22865053434632,348
4,0.05,Comm2,4,Comm2,0.6346264094415607,5.089547746926024,191
4,0.05,Comm2,5,Comm2,0.6371837842483233,7.830374725382044,451
4,0.05,Comm2,6,Comm2,0.6274955020176365,0.00882581287047581,141
4,0.05,Comm2,7,Comm2,0.6319594710507693,0.32446456403987606,45
4,0.05,Comm2,8,Comm2,0.6333645160483692,0.18756322948225468,520
4,0.05,Comm2,9,Comm2,0.6263536892334287,0.00922418934199406,635
4,0.05,Comm2,10,Comm2,0.6244100729224974,0.00047946075753043434,873
4,0.05,Comm2,11,Comm2,0.6320874306657353,0.23304044093537638,469
4,0.05,Comm2,12,Comm2,0.6271137837035559,0.018298575591305297,486
4,0.05,Comm2,13,Comm2,0.6346288180330797,2.6525549945537215,673
4,0.05,Comm2,14,Comm2,0.6359609263407192,4.922441604135275,947
4,0.05,Comm2,15,Comm2,0.6348374237812018,1.4991564684802097,367
4,0.05,Comm2,16,Comm2,0.6249988546567851,0.0019886386467302193,31
4,0.05,Comm2,17,Comm2,0.6283303391556292,0.028159537010819163,693
4,0.05,Comm2,18,Comm2,0.6277722925686865,0.061391883172292015,842
4,0.05,Comm2,19,Comm2,0.6240941986754084,0.00200987071257963,841
4,0.05,Comm2,20,Comm2,0.6264140442086745,0.0029936992616731205,744
4,0.05,Comm2,21,Comm2,0.6335960752314328,0.49683082323126737,960
4,0.05,Comm2,22,Comm2,0.6381076792150969,10.311632158414799,816
4,0.05,Comm2,23,Comm2,0.6375745898302366,28.505461200338548,704
4,0.05,Comm2,24,Comm2,0.6290133267213385,0.01724071283663714,46
4,0.05,Comm2,25,Comm2,0.6244275520939371,0.0007043231468267322,124
4,0.05,Comm2,26,Comm2,0.6356250978550475,7.6788677370632605,642
4,0.05,Comm2,27,Comm2,0.6288467430809951,0.012314051291897258,387
4,0.05,Comm2,28,Comm2,0.6392618277421509,14.532723207037645,648
4,0.05,Comm2,29,Comm2,0.6293652645618847,0.04600767520057344,460
4,0.05,Comm2,30,Comm2,0.6379329034587813,38.83786102625966,697
4,0.05,Comm2,31,Comm2,0.6247393919564925,0.003288952692441969,813
4,0.05,Comm2,32,Comm2,0.636282011163947,1.9435483079169054,434
4,0.05,Comm2,33,Comm2,0.6317028013281739,0.14716000057108994,721
4,0.05,Comm2,34,Comm2,0.6257120155184015,0.0008344838519418208,508
4,0.05,Comm2,35,Comm2,0.6330908468585403,1.6560644869239687,57
4,0.05,Comm2,36,Comm2,0.6302517832318969,0.22190618243727658,589
4,0.05,Comm2,37,Comm2,0.6345611773362857,1.3288358398011304,158
4,0.05,Comm2,38,Comm2,0.6362647083441039,6.206874639877558,893
4,0.05,Comm2,39,Comm2,0.6331112558118476,1.2904906813897912,467
4,0.05,Comm2,40,Comm2,0.6312748246945759,0.13781298225023011,622
4,0.05,Comm2,41,Comm2,0.6387639108824505,16.92337832947742,653
4,0.05,Comm2,42,Comm2,0.6322864344472293,0.28127490444762837,475
4,0.05,Comm2,43,Comm2,0.6388420815569164,66.39800186317947,746
4,0.05,Comm2,44,Comm2,0.6247324945706775,0.0017773874836671498,214
4,0.05,Comm2,45,Comm2,0.6315863896396859,0.5313447948249753,677
4,0.05,Comm2,46,Comm2,0.6360896238177355,7.2926938912548005,706
4,0.05,Comm2,47,Comm2,0.6354035475161229,2.4986108143690355,341
4,0.05,Comm2,48,Comm2,0.6275096469715736,0.006971435036547248,819
4,0.05,Comm2,49,Comm2,0.6324648420793454,0.931629737906185,621
4,0.05,Comm2,50,Comm2,0.6396251063592662,40.210155625832584,764
4,0.05,Comm2,51,Comm2,0.6340786649624125,0.9954119355126158,650
4,0.05,Comm2,52,Comm2,0.633616731808787,1.1693269539597972,672
4,0.05,Comm2,53,Comm2,0.6262357421268524,0.006093146579515962,918
4,0.05,Comm2,54,Comm2,0.6300228985694893,0.12347120032381054,105
4,0.05,Comm2,55,Comm2,0.634572401468414,4.070082455094526,203
4,0.05,Comm2,56,Comm2,0.6363533200859366,5.366028485054498,496
4,0.05,Comm2,57,Comm2,0.6387646804446087,24.796660049597108,555
4,0.05,Comm2,58,Comm2,0.6393960771194215,7.6569120894414135,257
4,0.05,Comm2,59,Comm2,0.639566393584633,18.62748027535159,314
4,0.05,Comm2,60,Comm2,0.6386690540388665,24.834540541895922,106
4,0.05,Comm2,61,Comm2,0.6364547051203112,4.277985421741604,176
4,0.05,Comm2,62,Comm2,0.6347100518618589,5.99218558876618,741
4,0.05,Comm2,63,Comm2,0.634217564040221,2.1689182693081506,715
4,0.05,Comm2,64,Comm2,0.6252802024368336,0.000610143229650796,165
4,0.05,Comm2,65,Comm2,0.6241041783842268,0.0032130519317969423,632
4,0.05,Comm2,66,Comm2,0.6251437704072832,0.001895992769555683,524
4,0.05,Comm2,67,Comm2,0.6258326734679087,0.0017850483224989707,480
4,0.05,Comm2,68,Comm2,0.6332369622370996,0.9769601230826614,963
4,0.05,Comm2,69,Comm2,0.6285511390491152,0.028059627329778916,707
4,0.05,Comm2,70,Comm2,0.6318142128128197,0.8115063343506983,778
4,0.05,Comm2,71,Comm2,0.6302907698514818,0.1391745814480418,880
4,0.05,Comm2,72,Comm2,0.6362838119681624,7.591591236404892,829
4,0.05,Comm2,73,Comm2,0.626229506205826,0.004741756340244801,198
4,0.05,Comm2,74,Comm2,0.6286856539412521,0.03966199486437266,440
4,0.05,Comm2,75,Comm2,0.6371045626235982,17.504506915843173,146
4,0.05,Comm2,76,Comm2,0.6396564817722957,19.29231837956563,357
4,0.05,Comm2,77,Comm2,0.633716549687607,0.7567773245057553,750
4,0.05,Comm2,78,Comm2,0.6389616102346383,29.042614588737734,516
4,0.05,Comm2,79,Comm2,0.6254032044289392,0.0013542775972007703,422
4,0.05,Comm2,80,Comm2,0.6245012139939651,0.0008103865547322727,166
4,0.05,Comm2,81,Comm2,0.6271725745668998,0.006244312158924152,396
4,0.05,Comm2,82,Comm2,0.62723873757221,0.01987026037526753,898
4,0.05,Comm2,83,Comm2,0.6283284567928629,0.015345892412499377,678
4,0.05,Comm2,84,Comm2,0.6314843436333597,0.17806989780886906,322
4,0.05,Comm2,85,Comm2,0.626729312804464,0.007500431317325552,155
4,0.05,Comm2,86,Comm2,0.6334004446133961,0.7566371734781446,101
4,0.05,Comm2,87,Comm2,0.633028244140096,1.4159587888273764,298
4,0.05,Comm2,88,Comm2,0.6386878045531373,21.560222780392877,606
4,0.05,Comm2,89,Comm2,0.6396587225679753,33.30110655263682,263
4,0.05,Comm2,90,Comm2,0.6308387013212096,0.04653252994827558,363
4,0.05,Comm2,91,Comm2,0.6243855154942799,0.00015959110626677167,222
4,0.05,Comm2,92,Comm2,0.6267169903664264,0.006404637302753592,58
4,0.05,Comm2,93,Comm2,0.6266368120855177,0.006387572101759854,433
4,0.05,Comm2,94,Comm2,0.6256855793229321,0.004703619888511304,71
4,0.05,Comm2,95,Comm2,0.6353783212103322,4.74382507586993,384
4,0.05,Comm2,96,Comm2,0.6396708431449897,71.40917414233087,787
4,0.05,Comm2,97,Comm2,0.6261393712226927,0.004428497481062043,23
4,0.05,Comm2,98,Comm2,0.6312261193037111,0.12225332166462605,822
4,0.05,Comm2,99,Comm2,0.6330117393289676,0.45720327524083404,99
4,0.05,Comm2,100,Comm2,0.6308568748336718,0.13034405508764255,410
4,0.05,Comm3,1,Comm1,0.6290085835704204,6.19125635369726e-05,601
4,0.05,Comm3,2,Comm1,0.6352317903854185,0.4481341442573068,604
4,0.05,Comm3,3,Comm1,0.6271440640102497,5.7810434465931104e-05,371
4,0.05,Comm3,4,Comm1,0.632149249408669,0.0006087355366251029,465
4,0.05,Comm3,5,Comm1,0.6338148594777018,0.6261802272513168,17
4,0.05,Comm3,6,Comm1,0.6288251518039846,0.00027246388395485844,580
4,0.05,Comm3,7,Comm1,0.637933011461273,9.27800450959914,76
4,0.05,Comm3,8,Comm1,0.6287499219191726,2.0591860411310392e-05,347
4,0.05,Comm3,9,Comm1,0.6291028277578629,2.9586892259853033e-05,617
4,0.05,Comm3,10,Comm1,0.625879579088206,1.118722449333e-06,904
4,0.05,Comm3,11,Comm1,0.6370856877631175,0.2502241817685381,670
4,0.05,Comm3,12,Comm1,0.6393136235058628,26.821400540862488,238
4,0.05,Comm3,13,Comm1,0.6350878548807967,1.8300092599652589,805
4,0.05,Comm3,14,Comm1,0.637182812668945,3.6465189078850235,752
4,0.05,Comm3,15,Comm1,0.6386348643057621,9.035133317232797,781
4,0.05,Comm3,16,Comm1,0.636967089947888,5.233813365985965,503
4,0.05,Comm3,17,Comm1,0.6277215205265579,9.720687172380567e-06,42
4,0.05,Comm3,18,Comm1,0.6317657313944344,0.00015298408641489986,899
4,0.05,Comm3,19,Comm1,0.6242798101127984,7.460113102445908e-10,356
4,0.05,Comm3,20,Comm1,0.6274122829690386,2.527880075886366e-05,156
4,0.05,Comm3,21,Comm1,0.6286605406183005,5.756171955838487e-06,835
4,0.05,Comm3,22,Comm1,0.6388944431868696,47.5783058301145,531
4,0.05,Comm3,23,Comm1,0.6372018177863081,6.3319113998016645,946
4,0.05,Comm3,24,Comm1,0.6285049105368002,2.0344094817329512e-05,879
4,0.05,Comm3,25,Comm1,0.6249424397769682,1.1189730884242542e-07,398
4,0.05,Comm3,26,Comm1,0.6382648536178693,22.074803629492084,437
4,0.05,Comm3,27,Comm1,0.6267836341275966,9.255230494260348e-05,109
4,0.05,Comm3,28,Comm1,0.6354350250890755,0.20304946133199295,342
4,0.05,Comm3,29,Comm1,0.6276806944914552,2.0161887849782713e-05,964
4,0.05,Comm3,30,Comm1,0.6316400259947882,0.003671886675575998,868
4,0.05,Comm3,31,Comm1,0.6356513053185353,5.264143209246858,423
4,0.05,Comm3,32,Comm1,0.6362445271506746,0.2719533240113699,208
4,0.05,Comm3,33,Comm1,0.6355438224720199,0.07775916568317365,984
4,0.05,Comm3,34,Comm1,0.6359850209661271,1.8228059636550873,525
4,0.05,Comm3,35,Comm1,0.6304057203999996,0.0019281039125696614,681
4,0.05,Comm3,36,Comm1,0.6382429101101145,11.617579841316891,81
4,0.05,Comm3,37,Comm1,0.6380598314273451,4.256453277319226,590
4,0.05,Comm3,38,Comm1,0.6321428679905229,0.10669754780814517,328
4,0.05,Comm3,39,Comm1,0.6298929240780001,0.00010070347742739482,138
4,0.05,Comm3,40,Comm1,0.6277726584888383,2.406467187822099e-06,316
4,0.05,Comm3,41,Comm1,0.6376579287663026,19.277224843414118,689
4,0.05,Comm3,42,Comm1,0.6266447591195864,3.390182273982944e-06,532
4,0.05,Comm3,43,Comm1,0.6272892269187739,1.8561348729329399e-06,115
4,0.05,Comm3,44,Comm1,0.6348553284446726,0.22907232387190854,795
4,0.05,Comm3,45,Comm1,0.6324005772932342,0.0010291053138564142,293
4,0.05,Comm3,46,Comm1,0.633977990058143,0.10905725456866253,518
4,0.05,Comm3,47,Comm1,0.6348388003799478,1.791524079330025,163
4,0.05,Comm3,48,Comm1,0.6277287610351044,3.4996537618295485e-05,825
4,0.05,Comm3,49,Comm1,0.6297122700487167,0.00021053706329427955,675
4,0.05,Comm3,50,Comm1,0.6372916229657132,3.6607793980164915,426
4,0.05,Comm3,51,Comm1,0.6358911212658951,5.232522727073703,178
4,0.05,Comm3,52,Comm1,0.6339909612937837,0.034690305369912695,588
4,0.05,Comm3,53,Comm1,0.6328873493674513,0.07562936038118538,159
4,0.05,Comm3,54,Comm1,0.6359421995877288,0.4371204333152286,346
4,0.05,Comm3,55,Comm1,0.6296158762549803,0.000661915809022603,350
4,0.05,Comm3,56,Comm1,0.628200768425365,2.870966183110034e-05,195
4,0.05,Comm3,57,Comm1,0.6309931606134123,0.010133726164523628,849
4,0.05,Comm3,58,Comm1,0.6292503604717365,7.682632868422892e-05,644
4,0.05,Comm3,59,Comm1,0.6251970379003452,4.968633138737547e-06,219
4,0.05,Comm3,60,Comm1,0.6375698303802769,15.912583313256034,175
4,0.05,Comm3,61,Comm1,0.6301669944583949,0.000523981325744285,77
4,0.05,Comm3,62,Comm1,0.6287650510923389,1.835134066891707e-05,933
4,0.05,Comm3,63,Comm1,0.6308537380541639,0.002326944412438809,84
4,0.05,Comm3,64,Comm1,0.6391610419410179,53.07854302348454,201
4,0.05,Comm3,65,Comm1,0.6353288832719138,0.7265208273895051,633
4,0.05,Comm3,66,Comm1,0.6388634326129298,20.019292094916725,884
4,0.05,Comm3,67,Comm1,0.6389660432303071,33.289156380937,583
4,0.05,Comm3,68,Comm1,0.638958915001875,36.82677181117315,74
4,0.05,Comm3,69,Comm1,0.627881977718233,5.574846189764177e-06,448
4,0.05,Comm3,70,Comm1,0.6351229486769082,0.030391213579273425,324
4,0.05,Comm3,71,Comm1,0.6315071711649588,0.007059845058645294,891
4,0.05,Comm3,72,Comm1,0.6372293532560646,4.511101438268917,24
4,0.05,Comm3,73,Comm1,0.6336565643717385,0.00394153081119185,421
4,0.05,Comm3,74,Comm1,0.6293716790533995,8.090071565910345e-05,735
4,0.05,Comm3,75,Comm1,0.6385693495052734,62.543111494529334,429
4,0.05,Comm3,76,Comm1,0.6245275225757813,9.566807543956541e-07,0
4,0.05,Comm3,77,Comm1,0.6285914896107673,7.1157004159917475e-06,725
4,0.05,Comm3,78,Comm1,0.6370808735268607,9.445193272223229,55
4,0.05,Comm3,79,Comm1,0.629457614961582,0.0001830079004754491,501
4,0.05,Comm3,80,Comm1,0.6285853210721525,1.6465927604035873e-05,477
4,0.05,Comm3,81,Comm1,0.6259990024458559,1.6341706357261423e-07,249
4,0.05,Comm3,82,Comm1,0.6254638482489295,5.3603302059982946e-08,329
4,0.05,Comm3,83,Comm1,0.6278256936795676,1.522049771507162e-05,720
4,0.05,Comm3,84,Comm1,0.6381205174897703,5.0907809533461,575
4,0.05,Comm3,85,Comm1,0.6298417420061956,0.001424980866997257,377
4,0.05,Comm3,86,Comm1,0.6258528341763957,8.009571998296719e-07,172
4,0.05,Comm3,87,Comm1,0.6354262915905573,0.4780328672110233,490
4,0.05,Comm3,88,Comm1,0.6363157410850837,2.1279818870376803,419
4,0.05,Comm3,89,Comm1,0.6378745278965426,10.604321581018338,243
4,0.05,Comm3,90,Comm1,0.6398562224373193,41.75328980313944,16
4,0.05,Comm3,91,Comm1,0.6358252454832882,0.134263810857416,100
4,0.05,Comm3,92,Comm1,0.625802611289023,6.050362886904167e-06,810
4,0.05,Comm3,93,Comm1,0.627489528182061,1.8854020818429688e-07,379
4,0.05,Comm3,94,Comm1,0.6247189449972292,2.0365937172781452e-07,344
4,0.05,Comm3,95,Comm1,0.6376203705690551,4.813288549610572,91
4,0.05,Comm3,96,Comm1,0.6369755878487016,2.698914163732818,95
4,0.05,Comm3,97,Comm1,0.6380157661069874,23.001002223789424,113
4,0.05,Comm3,98,Comm1,0.6360788496472937,1.1135924091904699,273
4,0.05,Comm3,99,Comm1,0.631957352221363,0.0023527056250691432,388
4,0.05,Comm3,100,Comm1,0.6275298732513,3.45527477088465e-05,10
4,0.05,Comm3,101,Comm2,0.6286483526587154,1.2216920454872364e-05,647
4,0.05,Comm3,102,Comm2,0.6316095347189042,9.287364074067218e-05,36
4,0.05,Comm3,103,Comm2,0.6376363678132355,0.3512042513794543,348
4,0.05,Comm3,104,Comm2,0.6346264094415607,0.030276096493627228,191
4,0.05,Comm3,105,Comm2,0.6371837842483233,0.3401348892546801,451
4,0.05,Comm3,106,Comm2,0.6274955020176365,1.7011700050772003e-07,141
4,0.05,Comm3,107,Comm2,0.6319594710507693,8.973461478283138e-05,45
4,0.05,Comm3,108,Comm2,0.6333645160483692,0.0005450668598701395,520
4,0.05,Comm3,109,Comm2,0.6263536892334287,2.0875729254847307e-08,635
4,0.05,Comm3,110,Comm2,0.6244100729224974,2.7552509631378413e-10,873
4,0.05,Comm3,111,Comm2,0.6320874306657353,0.0002872750216367435,469
4,0.05,Comm3,112,Comm2,0.6271137837035559,2.2452938096244993e-07,486
4,0.05,Comm3,113,Comm2,0.6346288180330797,0.004107672044784551,673
4,0.05,Comm3,114,Comm2,0.6359609263407192,0.10199432732481671,947
4,0.05,Comm3,115,Comm2,0.6348374237812018,0.010845909116756756,367
4,0.05,Comm3,116,Comm2,0.6249988546567851,4.767918193361036e-09,31
4,0.05,Comm3,117,Comm2,0.6283303391556292,9.514090647721284e-07,693
4,0.05,Comm3,118,Comm2,0.6277722925686865,4.663452202167073e-06,842
4,0.05,Comm3,119,Comm2,0.6240941986754084,1.0008622396133544e-08,841
4,0.05,Comm3,120,Comm2,0.6264140442086745,4.878095153421101e-08,744
4,0.05,Comm3,121,Comm2,0.6335960752314328,0.0021580154754559026,960
4,0.05,Comm3,122,Comm2,0.6381076792150969,0.26208656576346284,816
4,0.05,Comm3,123,Comm2,0.6375745898302366,2.602127258296397,704
4,0.05,Comm3,124,Comm2,0.6290133267213385,7.225066756272381e-07,46
4,0.05,Comm3,125,Comm2,0.6244275520939371,6.336207778958679e-10,124
4,0.05,Comm3,126,Comm2,0.6356250978550475,0.0822962847066663,642
4,0.05,Comm3,127,Comm2,0.6288467430809951,6.930869695428588e-07,387
4,0.05,Comm3,128,Comm2,0.6392618277421509,1.2918786095062795,648
4,0.05,Comm3,129,Comm2,0.6293652645618847,8.950547382728762e-07,460
4,0.05,Comm3,130,Comm2,0.6379329034587813,2.0903859948442767,697
4,0.05,Comm3,131,Comm2,0.6247393919564925,4.464933892948398e-08,813
4,0.05,Comm3,132,Comm2,0.636282011163947,0.03221442386159819,434
4,0.05,Comm3,133,Comm2,0.6317028013281739,4.052825059475009e-05,721
4,0.05,Comm3,134,Comm2,0.6257120155184015,1.1935579789329344e-09,508
4,0.05,Comm3,135,Comm2,0.6330908468585403,0.001282679769125959,57
4,0.05,Comm3,136,Comm2,0.6302517832318969,8.842132272908259e-05,589
4,0.05,Comm3,137,Comm2,0.6345611773362857,0.0035523001053735194,158
4,0.05,Comm3,138,Comm2,0.6362647083441039,0.07046742831345978,893
4,0.05,Comm3,139,Comm2,0.6331112558118476,0.0023618356174612146,467
4,0.05,Comm3,140,Comm2,0.6312748246945759,0.00012238557990181922,622
4,0.05,Comm3,141,Comm2,0.6387639108824505,1.5865610296212624,653
4,0.05,Comm3,142,Comm2,0.6322864344472293,9.123603289740051e-05,475
4,0.05,Comm3,143,Comm2,0.6388420815569164,8.862815240641545,746
4,0.05,Comm3,144,Comm2,0.6247324945706775,1.5541760000063273e-08,214
4,0.05,Comm3,145,Comm2,0.6315863896396859,0.00029656164534614993,677
4,0.05,Comm3,146,Comm2,0.6360896238177355,0.05568855841902495,706
4,0.05,Comm3,147,Comm2,0.6354035475161229,0.041262290219703734,341
4,0.05,Comm3,148,Comm2,0.6275096469715736,1.960947303158521e-07,819
4,0.05,Comm3,149,Comm2,0.6324648420793454,0.0002546765495380812,621
4,0.05,Comm3,150,Comm2,0.6396251063592662,21.194853747174943,764
4,0.05,Comm3,151,Comm2,0.6340786649624125,0.004958475878474132,650
4,0.05,Comm3,152,Comm2,0.633616731808787,0.007900012784887228,672
4,0.05,Comm3,153,Comm2,0.6262357421268524,6.332750544974762e-08,918
4,0.05,Comm3,154,Comm2,0.6300228985694893,3.1323737440102674e-05,105
4,0.05,Comm3,155,Comm2,0.634572401468414,0.010604617298235603,203
4,0.05,Comm3,156,Comm2,0.6363533200859366,0.17778542492271876,496
4,0.05,Comm3,157,Comm2,0.6387646804446087,0.7676271988321396,555
4,0.05,Comm3,158,Comm2,0.6393960771194215,2.7009542148785797,257
4,0.05,Comm3,159,Comm2,0.639566393584633,2.5025153638336355,314
4,0.05,Comm3,160,Comm2,0.6386690540388665,5.7231764322853165,106
4,0.05,Comm3,161,Comm2,0.6364547051203112,0.277971161480123,176
4,0.05,Comm3,162,Comm2,0.6347100518618589,0.020492563696232764,741
4,0.05,Comm3,163,Comm2,0.634217564040221,0.006076691138405244,715
4,0.05,Comm3,164,Comm2,0.6252802024368336,1.3657318975163815e-09,165
4,0.05,Comm3,165,Comm2,0.6241041783842268,6.374684956542617e-08,632
4,0.05,Comm3,166,Comm2,0.6251437704072832,2.7396946278065445e-08,524
4,0.05,Comm3,167,Comm2,0.6258326734679087,4.319159752371155e-09,480
4,0.05,Comm3,168,Comm2,0.6332369622370996,0.004272937843554789,963
4,0.05,Comm3,169,Comm2,0.6285511390491152,8.349653704632258e-07,707
4,0.05,Comm3,170,Comm2,0.6318142128128197,0.0007508862558601525,778
4,0.05,Comm3,171,Comm2,0.6302907698514818,0.000252485119715438,880
4,0.05,Comm3,172,Comm2,0.6362838119681624,0.12346918596030454,829
4,0.05,Comm3,173,Comm2,0.626229506205826,2.581465589907177e-08,198
4,0.05,Comm3,174,Comm2,0.6286856539412521,2.8582386241971735e-07,440
4,0.05,Comm3,175,Comm2,0.6371045626235982,1.864124024719469,146
4,0.05,Comm3,176,Comm2,0.6396564817722957,0.9228806651215739,357
4,0.05,Comm3,177,Comm2,0.633716549687607,0.0029780310543408876,750
4,0.05,Comm3,178,Comm2,0.6389616102346383,2.5777135840478302,516
4,0.05,Comm3,179,Comm2,0.6254032044289392,6.475109451163151e-09,422
4,0.05,Comm3,180,Comm2,0.6245012139939651,3.502017024508872e-09,166
4,0.05,Comm3,181,Comm2,0.6271725745668998,7.071320176018641e-08,396
4,0.05,Comm3,182,Comm2,0.62723873757221,1.6697619282651514e-07,898
4,0.05,Comm3,183,Comm2,0.6283284567928629,1.7416354648968955e-06,678
4,0.05,Comm3,184,Comm2,0.6314843436333597,2.3654756406144128e-05,322
4,0.05,Comm3,185,Comm2,0.626729312804464,5.367151452588311e-07,155
4,0.05,Comm3,186,Comm2,0.6334004446133961,0.0006220269207093954,101
4,0.05,Comm3,187,Comm2,0.633028244140096,0.005381914285726066,298
4,0.05,Comm3,188,Comm2,0.6386878045531373,5.079076830036263,606
4,0.05,Comm3,189,Comm2,0.6396587225679753,6.529713748056409,263
4,0.05,Comm3,190,Comm2,0.6308387013212096,4.835612352034907e-05,363
4,0.05,Comm3,191,Comm2,0.6243855154942799,1.793487689990788e-10,222
4,0.05,Comm3,192,Comm2,0.6267169903664264,3.075120735904994e-08,58
4,0.05,Comm3,193,Comm2,0.6266368120855177,6.850777379575235e-08,433
4,0.05,Comm3,194,Comm2,0.6256855793229321,6.256856939000571e-08,71
4,0.05,Comm3,195,Comm2,0.6353783212103322,0.004545678824437612,384
4,0.05,Comm3,196,Comm2,0.6396708431449897,9.771350656306858,787
4,0.05,Comm3,197,Comm2,0.6261393712226927,2.6490711801648885e-08,23
4,0.05,Comm3,198,Comm2,0.6312261193037111,1.735115681939547e-05,822
4,0.05,Comm3,199,Comm2,0.6330117393289676,0.0006749879617948916,99
4,0.05,Comm3,200,Comm2,0.6308568748336718,8.96746965059051e-05,410
4,0.1,Comm1,1,Comm1,0.6290085835704204,0.04792224754056311,601
4,0.1,Comm1,2,Comm1,0.6352317903854185,2.8747698821819507,604
4,0.1,Comm1,3,Comm1,0.6271440640102497,0.02729300640449819,371
4,0.1,Comm1,4,Comm1,0.632149249408669,0.1583277015629981,465
4,0.1,Comm1,5,Comm1,0.6338148594777018,4.539202543081914,17
4,0.1,Comm1,6,Comm1,0.6288251518039846,0.05290402770444264,580
4,0.1,Comm1,7,Comm1,0.637933011461273,10.376232822606859,76
4,0.1,Comm1,8,Comm1,0.6287499219191726,0.023257871165409002,347
4,0.1,Comm1,9,Comm1,0.6291028277578629,0.020951371688216675,617
4,0.1,Comm1,10,Comm1,0.625879579088206,0.0037016099890558227,904
4,0.1,Comm1,11,Comm1,0.6370856877631175,2.0531732795208844,670
4,0.1,Comm1,12,Comm1,0.6393136235058628,26.49696938630651,238
4,0.1,Comm1,13,Comm1,0.6350878548807967,3.441858622704317,805
4,0.1,Comm1,14,Comm1,0.637182812668945,6.234070771554843,752
4,0.1,Comm1,15,Comm1,0.6386348643057621,10.002087939451838,781
4,0.1,Comm1,16,Comm1,0.636967089947888,8.816180640524072,503
4,0.1,Comm1,17,Comm1,0.6277215205265579,0.009590590835176974,42
4,0.1,Comm1,18,Comm1,0.6317657313944344,0.04114772170363609,899
4,0.1,Comm1,19,Comm1,0.6242798101127984,0.00010113858172851596,356
4,0.1,Comm1,20,Comm1,0.6274122829690386,0.021921994879173443,156
4,0.1,Comm1,21,Comm1,0.6286605406183005,0.01874062699101925,835
4,0.1,Comm1,22,Comm1,0.6388944431868696,50.37488511958034,531
4,0.1,Comm1,23,Comm1,0.6372018177863081,7.178880434852756,946
4,0.1,Comm1,24,Comm1,0.6285049105368002,0.027358299595545296,879
4,0.1,Comm1,25,Comm1,0.6249424397769682,0.0018150991384295043,398
4,0.1,Comm1,26,Comm1,0.6382648536178693,19.983823214250265,437
4,0.1,Comm1,27,Comm1,0.6267836341275966,0.02626831306577749,109
4,0.1,Comm1,28,Comm1,0.6354350250890755,1.009264222391752,342
4,0.1,Comm1,29,Comm1,0.6276806944914552,0.012967983132112134,964
4,0.1,Comm1,30,Comm1,0.6316400259947882,0.34961094659189396,868
4,0.1,Comm1,31,Comm1,0.6356513053185353,6.095565339222908,423
4,0.1,Comm1,32,Comm1,0.6362445271506746,1.4372321423334247,208
4,0.1,Comm1,33,Comm1,0.6355438224720199,0.8737567726699176,984
4,0.1,Comm1,34,Comm1,0.6359850209661271,7.09104304611885,525
4,0.1,Comm1,35,Comm1,0.6304057203999996,0.19480286834595964,681
4,0.1,Comm1,36,Comm1,0.6382429101101145,13.214393920261227,81
4,0.1,Comm1,37,Comm1,0.6380598314273451,7.653924336525714,590
4,0.1,Comm1,38,Comm1,0.6321428679905229,1.216867570503612,328
4,0.1,Comm1,39,Comm1,0.6298929240780001,0.06485428532085029,138
4,0.1,Comm1,40,Comm1,0.6277726584888383,0.009367024206623708,316
4,0.1,Comm1,41,Comm1,0.6376579287663026,23.293746241229083,689
4,0.1,Comm1,42,Comm1,0.6266447591195864,0.0059677836786815016,532
4,0.1,Comm1,43,Comm1,0.6272892269187739,0.005140432681918945,115
4,0.1,Comm1,44,Comm1,0.6348553284446726,2.080275852510137,795
4,0.1,Comm1,45,Comm1,0.6324005772932342,0.13345364370388693,293
4,0.1,Comm1,46,Comm1,0.633977990058143,1.732003825051783,518
4,0.1,Comm1,47,Comm1,0.6348388003799478,7.0181283424195575,163
4,0.1,Comm1,48,Comm1,0.6277287610351044,0.03349148612866482,825
4,0.1,Comm1,49,Comm1,0.6297122700487167,0.04567522311683837,675
4,0.1,Comm1,50,Comm1,0.6372916229657132,8.265485140567511,426
4,0.1,Comm1,51,Comm1,0.6358911212658951,7.899744129949795,178
4,0.1,Comm1,52,Comm1,0.6339909612937837,0.7424262197292585,588
4,0.1,Comm1,53,Comm1,0.6328873493674513,0.9537876286209284,159
4,0.1,Comm1,54,Comm1,0.6359421995877288,3.3946115034315554,346
4,0.1,Comm1,55,Comm1,0.6296158762549803,0.06949711949191109,350
4,0.1,Comm1,56,Comm1,0.628200768425365,0.015734578347553187,195
4,0.1,Comm1,57,Comm1,0.6309931606134123,0.4419047233152844,849
4,0.1,Comm1,58,Comm1,0.6292503604717365,0.048604411518643524,644
4,0.1,Comm1,59,Comm1,0.6251970379003452,0.005975289983210307,219
4,0.1,Comm1,60,Comm1,0.6375698303802769,13.059292920633464,175
4,0.1,Comm1,61,Comm1,0.6301669944583949,0.09332297977692015,77
4,0.1,Comm1,62,Comm1,0.6287650510923389,0.01844242929731851,933
4,0.1,Comm1,63,Comm1,0.6308537380541639,0.22673128049048144,84
4,0.1,Comm1,64,Comm1,0.6391610419410179,48.418380704897615,201
4,0.1,Comm1,65,Comm1,0.6353288832719138,3.6547313738624636,633
4,0.1,Comm1,66,Comm1,0.6388634326129298,21.59390193411451,884
4,0.1,Comm1,67,Comm1,0.6389660432303071,36.892353774434056,583
4,0.1,Comm1,68,Comm1,0.638958915001875,33.24583865117363,74
4,0.1,Comm1,69,Comm1,0.627881977718233,0.011763643772067093,448
4,0.1,Comm1,70,Comm1,0.6351229486769082,0.4776507573894694,324
4,0.1,Comm1,71,Comm1,0.6315071711649588,0.37679198936005626,891
4,0.1,Comm1,72,Comm1,0.6372293532560646,7.2954204928205355,24
4,0.1,Comm1,73,Comm1,0.6336565643717385,0.4997131930360559,421
4,0.1,Comm1,74,Comm1,0.6293716790533995,0.03214325242997835,735
4,0.1,Comm1,75,Comm1,0.6385693495052734,40.722466656381876,429
4,0.1,Comm1,76,Comm1,0.6245275225757813,0.002725475890660569,0
4,0.1,Comm1,77,Comm1,0.6285914896107673,0.012757152689334217,725
4,0.1,Comm1,78,Comm1,0.6370808735268607,14.771538670031754,55
4,0.1,Comm1,79,Comm1,0.629457614961582,0.04370809248355155,501
4,0.1,Comm1,80,Comm1,0.6285853210721525,0.02564268680424723,477
4,0.1,Comm1,81,Comm1,0.6259990024458559,0.0017648096237499284,249
4,0.1,Comm1,82,Comm1,0.6254638482489295,0.0007613478560364946,329
4,0.1,Comm1,83,Comm1,0.6278256936795676,0.010098101606406123,720
4,0.1,Comm1,84,Comm1,0.6381205174897703,6.947752949994611,575
4,0.1,Comm1,85,Comm1,0.6298417420061956,0.11683106117295773,377
4,0.1,Comm1,86,Comm1,0.6258528341763957,0.004194121067797934,172
4,0.1,Comm1,87,Comm1,0.6354262915905573,2.8351777222130408,490
4,0.1,Comm1,88,Comm1,0.6363157410850837,4.00326478206911,419
4,0.1,Comm1,89,Comm1,0.6378745278965426,15.76977557019985,243
4,0.1,Comm1,90,Comm1,0.6398562224373193,47.69518132232657,16
4,0.1,Comm1,91,Comm1,0.6358252454832882,1.8376905553851801,100
4,0.1,Comm1,92,Comm1,0.625802611289023,0.006639447072744197,810
4,0.1,Comm1,93,Comm1,0.627489528182061,0.0019339332232566455,379
4,0.1,Comm1,94,Comm1,0.6247189449972292,0.0037293873544335635,344
4,0.1,Comm1,95,Comm1,0.6376203705690551,9.602600315690232,91
4,0.1,Comm1,96,Comm1,0.6369755878487016,5.920303542936442,95
4,0.1,Comm1,97,Comm1,0.6380157661069874,20.82618752024953,113
4,0.1,Comm1,98,Comm1,0.6360788496472937,3.558680289626758,273
4,0.1,Comm1,99,Comm1,0.631957352221363,0.1550123215777375,388
4,0.1,Comm1,100,Comm1,0.6275298732513,0.0179240617805285,10
4,0.1,Comm2,1,Comm2,0.6286483526587154,0.02190398896742434,647
4,0.1,Comm2,2,Comm2,0.6316095347189042,0.14315920397132678,36
4,0.1,Comm2,3,Comm2,0.6376363678132355,16.22865053434632,348
4,0.1,Comm2,4,Comm2,0.6346264094415607,5.089547746926024,191
4,0.1,Comm2,5,Comm2,0.6371837842483233,7.830374725382044,451
4,0.1,Comm2,6,Comm2,0.6274955020176365,0.00882581287047581,141
4,0.1,Comm2,7,Comm2,0.6319594710507693,0.32446456403987606,45
4,0.1,Comm2,8,Comm2,0.6333645160483692,0.18756322948225468,520
4,0.1,Comm2,9,Comm2,0.6263536892334287,0.00922418934199406,635
4,0.1,Comm2,10,Comm2,0.6244100729224974,0.00047946075753043434,873
4,0.1,Comm2,11,Comm2,0.6320874306657353,0.23304044093537638,469
4,0.1,Comm2,12,Comm2,0.6271137837035559,0.018298575591305297,486
4,0.1,Comm2,13,Comm2,0.6346288180330797,2.6525549945537215,673
4,0.1,Comm2,14,Comm2,0.6359609263407192,4.922441604135275,947
4,0.1,Comm2,15,Comm2,0.6348374237812018,1.4991564684802097,367
4,0.1,Comm2,16,Comm2,0.6249988546567851,0.0019886386467302193,31
4,0.1,Comm2,17,Comm2,0.6283303391556292,0.028159537010819163,693
4,0.1,Comm2,18,Comm2,0.6277722925686865,0.061391883172292015,842
4,0.1,Comm2,19,Comm2,0.6240941986754084,0.00200987071257963,841
4,0.1,Comm2,20,Comm2,0.6264140442086745,0.0029936992616731205,744
4,0.1,Comm2,21,Comm2,0.6335960752314328,0.49683082323126737,960
4,0.1,Comm2,22,Comm2,0.6381076792150969,10.311632158414799,816
4,0.1,Comm2,23,Comm2,0.6375745898302366,28.505461200338548,704
4,0.1,Comm2,24,Comm2,0.6290133267213385,0.01724071283663714,46
4,0.1,Comm2,25,Comm2,0.6244275520939371,0.0007043231468267322,124
4,0.1,Comm2,26,Comm2,0.6356250978550475,7.6788677370632605,642
4,0.1,Comm2,27,Comm2,0.6288467430809951,0.012314051291897258,387
4,0.1,Comm2,28,Comm2,0.6392618277421509,14.532723207037645,648
4,0.1,Comm2,29,Comm2,0.6293652645618847,0.04600767520057344,460
4,0.1,Comm2,30,Comm2,0.6379329034587813,38.83786102625966,697
4,0.1,Comm2,31,Comm2,0.6247393919564925,0.003288952692441969,813
4,0.1,Comm2,32,Comm2,0.636282011163947,1.9435483079169054,434
4,0.1,Comm2,33,Comm2,0.6317028013281739,0.14716000057108994,721
4,0.1,Comm2,34,Comm2,0.6257120155184015,0.0008344838519418208,508
4,0.1,Comm2,35,Comm2,0.6330908468585403,1.6560644869239687,57
4,0.1,Comm2,36,Comm2,0.6302517832318969,0.22190618243727658,589
4,0.1,Comm2,37,Comm2,0.6345611773362857,1.3288358398011304,158
4,0.1,Comm2,38,Comm2,0.6362647083441039,6.206874639877558,893
4,0.1,Comm2,39,Comm2,0.6331112558118476,1.2904906813897912,467
4,0.1,Comm2,40,Comm2,0.6312748246945759,0.13781298225023011,622
4,0.1,Comm2,41,Comm2,0.6387639108824505,16.92337832947742,653
4,0.1,Comm2,42,Comm2,0.6322864344472293,0.28127490444762837,475
4,0.1,Comm2,43,Comm2,0.6388420815569164,66.39800186317947,746
4,0.1,Comm2,44,Comm2,0.6247324945706775,0.0017773874836671498,214
4,0.1,Comm2,45,Comm2,0.6315863896396859,0.5313447948249753,677
4,0.1,Comm2,46,Comm2,0.6360896238177355,7.2926938912548005,706
4,0.1,Comm2,47,Comm2,0.6354035475161229,2.4986108143690355,341
4,0.1,Comm2,48,Comm2,0.6275096469715736,0.006971435036547248,819
4,0.1,Comm2,49,Comm2,0.6324648420793454,0.931629737906185,621
4,0.1,Comm2,50,Comm2,0.6396251063592662,40.210155625832584,764
4,0.1,Comm2,51,Comm2,0.6340786649624125,0.9954119355126158,650
4,0.1,Comm2,52,Comm2,0.633616731808787,1.1693269539597972,672
4,0.1,Comm2,53,Comm2,0.6262357421268524,0.006093146579515962,918
4,0.1,Comm2,54,Comm2,0.6300228985694893,0.12347120032381054,105
4,0.1,Comm2,55,Comm2,0.634572401468414,4.070082455094526,203
4,0.1,Comm2,56,Comm2,0.6363533200859366,5.366028485054498,496
4,0.1,Comm2,57,Comm2,0.6387646804446087,24.796660049597108,555
4,0.1,Comm2,58,Comm2,0.6393960771194215,7.6569120894414135,257
4,0.1,Comm2,59,Comm2,0.639566393584633,18.62748027535159,314
4,0.1,Comm2,60,Comm2,0.6386690540388665,24.834540541895922,106
4,0.1,Comm2,61,Comm2,0.6364547051203112,4.277985421741604,176
4,0.1,Comm2,62,Comm2,0.6347100518618589,5.99218558876618,741
4,0.1,Comm2,63,Comm2,0.634217564040221,2.1689182693081506,715
4,0.1,Comm2,64,Comm2,0.6252802024368336,0.000610143229650796,165
4,0.1,Comm2,65,Comm2,0.6241041783842268,0.0032130519317969423,632
4,0.1,Comm2,66,Comm2,0.6251437704072832,0.001895992769555683,524
4,0.1,Comm2,67,Comm2,0.6258326734679087,0.0017850483224989707,480
4,0.1,Comm2,68,Comm2,0.6332369622370996,0.9769601230826614,963
4,0.1,Comm2,69,Comm2,0.6285511390491152,0.028059627329778916,707
4,0.1,Comm2,70,Comm2,0.6318142128128197,0.8115063343506983,778
4,0.1,Comm2,71,Comm2,0.6302907698514818,0.1391745814480418,880
4,0.1,Comm2,72,Comm2,0.6362838119681624,7.591591236404892,829
4,0.1,Comm2,73,Comm2,0.626229506205826,0.004741756340244801,198
4,0.1,Comm2,74,Comm2,0.6286856539412521,0.03966199486437266,440
4,0.1,Comm2,75,Comm2,0.6371045626235982,17.504506915843173,146
4,0.1,Comm2,76,Comm2,0.6396564817722957,19.29231837956563,357
4,0.1,Comm2,77,Comm2,0.633716549687607,0.7567773245057553,750
4,0.1,Comm2,78,Comm2,0.6389616102346383,29.042614588737734,516
4,0.1,Comm2,79,Comm2,0.6254032044289392,0.0013542775972007703,422
4,0.1,Comm2,80,Comm2,0.6245012139939651,0.0008103865547322727,166
4,0.1,Comm2,81,Comm2,0.6271725745668998,0.006244312158924152,396
4,0.1,Comm2,82,Comm2,0.62723873757221,0.01987026037526753,898
4,0.1,Comm2,83,Comm2,0.6283284567928629,0.015345892412499377,678
4,0.1,Comm2,84,Comm2,0.6314843436333597,0.17806989780886906,322
4,0.1,Comm2,85,Comm2,0.626729312804464,0.007500431317325552,155
4,0.1,Comm2,86,Comm2,0.6334004446133961,0.7566371734781446,101
4,0.1,Comm2,87,Comm2,0.633028244140096,1.4159587888273764,298
4,0.1,Comm2,88,Comm2,0.6386878045531373,21.560222780392877,606
4,0.1,Comm2,89,Comm2,0.6396587225679753,33.30110655263682,263
4,0.1,Comm2,90,Comm2,0.6308387013212096,0.04653252994827558,363
4,0.1,Comm2,91,Comm2,0.6243855154942799,0.00015959110626677167,222
4,0.1,Comm2,92,Comm2,0.6267169903664264,0.006404637302753592,58
4,0.1,Comm2,93,Comm2,0.6266368120855177,0.006387572101759854,433
4,0.1,Comm2,94,Comm2,0.6256855793229321,0.004703619888511304,71
4,0.1,Comm2,95,Comm2,0.6353783212103322,4.74382507586993,384
4,0.1,Comm2,96,Comm2,0.6396708431449897,71.40917414233087,787
4,0.1,Comm2,97,Comm2,0.6261393712226927,0.004428497481062043,23
4,0.1,Comm2,98,Comm2,0.6312261193037111,0.12225332166462605,822
4,0.1,Comm2,99,Comm2,0.6330117393289676,0.45720327524083404,99
4,0.1,Comm2,100,Comm2,0.6308568748336718,0.13034405508764255,410
4,0.1,Comm3,1,Comm1,0.6290085835704204,4.766654338579283e-05,601
4,0.1,Comm3,2,Comm1,0.6352317903854185,0.39360471902033445,604
4,0.1,Comm3,3,Comm1,0.6271440640102497,4.611080482586695e-05,371
4,0.1,Comm3,4,Comm1,0.632149249408669,0.0005598723309440092,465
4,0.1,Comm3,5,Comm1,0.6338148594777018,0.4886264336795683,17
4,0.1,Comm3,6,Comm1,0.6288251518039846,0.0001986353022242182,580
4,0.1,Comm3,7,Comm1,0.637933011461273,8.64647847266239,76
4,0.1,Comm3,8,Comm1,0.6287499219191726,1.8226679060955993e-05,347
4,0.1,Comm3,9,Comm1,0.6291028277578629,2.797703542703162e-05,617
4,0.1,Comm3,10,Comm1,0.625879579088206,8.840127816904514e-07,904
4,0.1,Comm3,11,Comm1,0.6370856877631175,0.2433163021422635,670
4,0.1,Comm3,12,Comm1,0.6393136235058628,25.96435847878036,238
4,0.1,Comm3,13,Comm1,0.6350878548807967,1.588959324667371,805
4,0.1,Comm3,14,Comm1,0.637182812668945,3.054531305516872,752
4,0.1,Comm3,15,Comm1,0.6386348643057621,7.958399138290781,781
4,0.1,Comm3,16,Comm1,0.636967089947888,4.643783173929462,503
4,0.1,Comm3,17,Comm1,0.6277215205265579,9.373171366703268e-06,42
4,0.1,Comm3,18,Comm1,0.6317657313944344,0.00014734783711472263,899
4,0.1,Comm3,19,Comm1,0.6242798101127984,-8.887354408068808e-10,356
4,0.1,Comm3,20,Comm1,0.6274122829690386,2.0039998861952835e-05,156
4,0.1,Comm3,21,Comm1,0.6286605406183005,5.057100511751109e-06,835
4,0.1,Comm3,22,Comm1,0.6388944431868696,45.80209629997674,531
4,0.1,Comm3,23,Comm1,0.6372018177863081,5.749542060876287,946
4,0.1,Comm3,24,Comm1,0.6285049105368002,1.8445957254809813e-05,879
4,0.1,Comm3,25,Comm1,0.6249424397769682,7.542290932727965e-08,398
4,0.1,Comm3,26,Comm1,0.6382648536178693,19.708294258085022,437
4,0.1,Comm3,27,Comm1,0.6267836341275966,7.433937927369397e-05,109
4,0.1,Comm3,28,Comm1,0.6354350250890755,0.1844715665312638,342
4,0.1,Comm3,29,Comm1,0.6276806944914552,1.9120359486080335e-05,964
4,0.1,Comm3,30,Comm1,0.6316400259947882,0.002895026766888804,868
4,0.1,Comm3,31,Comm1,0.6356513053185353,4.444658525672196,423
4,0.1,Comm3,32,Comm1,0.6362445271506746,0.2567941741522874,208
4,0.1,Comm3,33,Comm1,0.6355438224720199,0.07675033741740381,984
4,0.1,Comm3,34,Comm1,0.6359850209661271,1.6268110108386127,525
4,0.1,Comm3,35,Comm1,0.6304057203999996,0.001507986126741807,681
4,0.1,Comm3,36,Comm1,0.6382429101101145,9.392313266195227,81
4,0.1,Comm3,37,Comm1,0.6380598314273451,4.330414767034683,590
4,0.1,Comm3,38,Comm1,0.6321428679905229,0.09365864404650347,328
4,0.1,Comm3,39,Comm1,0.6298929240780001,8.173259203785892e-05,138
4,0.1,Comm3,40,Comm1,0.6277726584888383,2.0592040555230836e-06,316
4,0.1,Comm3,41,Comm1,0.6376579287663026,17.229803765119996,689
4,0.1,Comm3,42,Comm1,0.6266447591195864,2.8145023671605912e-06,532
4,0.1,Comm3,43,Comm1,0.6272892269187739,1.6960337530710018e-06,115
4,0.1,Comm3,44,Comm1,0.6348553284446726,0.1957387265322743,795
4,0.1,Comm3,45,Comm1,0.6324005772932342,0.0009882455483473192,293
4,0.1,Comm3,46,Comm1,0.633977990058143,0.08913803546915924,518
4,0.1,Comm3,47,Comm1,0.6348388003799478,1.3962631333666091,163
4,0.1,Comm3,48,Comm1,0.6277287610351044,2.868517045902522e-05,825
4,0.1,Comm3,49,Comm1,0.6297122700487167,0.0001914305001290862,675
4,0.1,Comm3,50,Comm1,0.6372916229657132,3.0645295108943063,426
4,0.1,Comm3,51,Comm1,0.6358911212658951,4.573219763319974,178
4,0.1,Comm3,52,Comm1,0.6339909612937837,0.028576150443796577,588
4,0.1,Comm3,53,Comm1,0.6328873493674513,0.061768931336077235,159
4,0.1,Comm3,54,Comm1,0.6359421995877288,0.4385450410732323,346
4,0.1,Comm3,55,Comm1,0.6296158762549803,0.0005386376406533494,350
4,0.1,Comm3,56,Comm1,0.628200768425365,2.6308257099094306e-05,195
4,0.1,Comm3,57,Comm1,0.6309931606134123,0.00784338665317154,849
4,0.1,Comm3,58,Comm1,0.6292503604717365,7.242009521065472e-05,644
4,0.1,Comm3,59,Comm1,0.6251970379003452,3.928720072466601e-06,219
4,0.1,Comm3,60,Comm1,0.6375698303802769,15.508024336611905,175
4,0.1,Comm3,61,Comm1,0.6301669944583949,0.0005111606348156104,77
4,0.1,Comm3,62,Comm1,0.6287650510923389,1.776260186755682e-05,933
4,0.1,Comm3,63,Comm1,0.6308537380541639,0.002112950623506293,84
4,0.1,Comm3,64,Comm1,0.6391610419410179,49.186143364202835,201
4,0.1,Comm3,65,Comm1,0.6353288832719138,0.7100185137994144,633
4,0.1,Comm3,66,Comm1,0.6388634326129298,17.696383936083773,884
4,0.1,Comm3,67,Comm1,0.6389660432303071,30.31216516111919,583
4,0.1,Comm3,68,Comm1,0.638958915001875,32.880950799420084,74
4,0.1,Comm3,69,Comm1,0.627881977718233,4.927188432068608e-06,448
4,0.1,Comm3,70,Comm1,0.6351229486769082,0.029234161222075707,324
4,0.1,Comm3,71,Comm1,0.6315071711649588,0.005719514759096864,891
4,0.1,Comm3,72,Comm1,0.6372293532560646,4.032059818458217,24
4,0.1,Comm3,73,Comm1,0.6336565643717385,0.0036665284056761425,421
4,0.1,Comm3,74,Comm1,0.6293716790533995,7.27290457058866e-05,735
4,0.1,Comm3,75,Comm1,0.6385693495052734,59.403725510198974,429
4,0.1,Comm3,76,Comm1,0.6245275225757813,6.807938330286646e-07,0
4,0.1,Comm3,77,Comm1,0.6285914896107673,6.788221317038374e-06,725
4,0.1,Comm3,78,Comm1,0.6370808735268607,8.648240867786852,55
4,0.1,Comm3,79,Comm1,0.629457614961582,0.00014741814857050336,501
4,0.1,Comm3,80,Comm1,0.6285853210721525,1.4096267413116121e-05,477
4,0.1,Comm3,81,Comm1,0.6259990024458559,1.3482767322793802e-07,249
4,0.1,Comm3,82,Comm1,0.6254638482489295,5.1523556636776986e-08,329
4,0.1,Comm3,83,Comm1,0.6278256936795676,1.2897916051699328e-05,720
4,0.1,Comm3,84,Comm1,0.6381205174897703,4.494593835725748,575
4,0.1,Comm3,85,Comm1,0.6298417420061956,0.0012773716994729746,377
4,0.1,Comm3,86,Comm1,0.6258528341763957,6.558706391752958e-07,172
4,0.1,Comm3,87,Comm1,0.6354262915905573,0.40182098194577065,490
4,0.1,Comm3,88,Comm1,0.6363157410850837,1.7787466562793623,419
4,0.1,Comm3,89,Comm1,0.6378745278965426,9.969110049503215,243
4,0.1,Comm3,90,Comm1,0.6398562224373193,38.171227693173726,16
4,0.1,Comm3,91,Comm1,0.6358252454832882,0.12561395321621746,100
4,0.1,Comm3,92,Comm1,0.625802611289023,5.540415144963741e-06,810
4,0.1,Comm3,93,Comm1,0.627489528182061,1.6320216850733886e-07,379
4,0.1,Comm3,94,Comm1,0.6247189449972292,1.2154811867905962e-07,344
4,0.1,Comm3,95,Comm1,0.6376203705690551,4.637043964327548,91
4,0.1,Comm3,96,Comm1,0.6369755878487016,2.516377149246407,95
4,0.1,Comm3,97,Comm1,0.6380157661069874,20.81777046373192,113
4,0.1,Comm3,98,Comm1,0.6360788496472937,0.9335166237645078,273
4,0.1,Comm3,99,Comm1,0.631957352221363,0.0021372188284968984,388
4,0.1,Comm3,100,Comm1,0.6275298732513,2.7316206340426788e-05,10
4,0.1,Comm3,101,Comm2,0.6286483526587154,1.9898498956786154e-05,647
4,0.1,Comm3,102,Comm2,0.6316095347189042,0.00015478111397339617,36
4,0.1,Comm3,103,Comm2,0.6376363678132355,0.6357607844977909,348
4,0.1,Comm3,104,Comm2,0.6346264094415607,0.055611656630488,191
4,0.1,Comm3,105,Comm2,0.6371837842483233,0.5640366542380306,451
4,0.1,Comm3,106,Comm2,0.6274955020176365,2.672347295317052e-07,141
4,0.1,Comm3,107,Comm2,0.6319594710507693,0.00016857774705159772,45
4,0.1,Comm3,108,Comm2,0.6333645160483692,0.0009360291632432004,520
4,0.1,Comm3,109,Comm2,0.6263536892334287,3.297030339475916e-08,635
4,0.1,Comm3,110,Comm2,0.6244100729224974,-1.1432915201545294e-10,873
4,0.1,Comm3,111,Comm2,0.6320874306657353,0.00048183749946306774,469
4,0.1,Comm3,112,Comm2,0.6271137837035559,4.0970351578862273e-07,486
4,0.1,Comm3,113,Comm2,0.6346288180330797,0.007956722861632666,673
4,0.1,Comm3,114,Comm2,0.6359609263407192,0.17113365241571937,947
4,0.1,Comm3,115,Comm2,0.6348374237812018,0.0170775241039536,367
4,0.1,Comm3,116,Comm2,0.6249988546567851,6.207354118641218e-09,31
4,0.1,Comm3,117,Comm2,0.6283303391556292,1.7495842426244498e-06,693
4,0.1,Comm3,118,Comm2,0.6277722925686865,8.76950953684037e-06,842
4,0.1,Comm3,119,Comm2,0.6240941986754084,1.4971830734332853e-08,841
4,0.1,Comm3,120,Comm2,0.6264140442086745,7.581135757100024e-08,744
4,0.1,Comm3,121,Comm2,0.6335960752314328,0.0035237543082487282,960
4,0.1,Comm3,122,Comm2,0.6381076792150969,0.4783143135805017,816
4,0.1,Comm3,123,Comm2,0.6375745898302366,3.996879822265916,704
4,0.1,Comm3,124,Comm2,0.6290133267213385,1.1080588757476131e-06,46
4,0.1,Comm3,125,Comm2,0.6244275520939371,4.2824148346140824e-10,124
4,0.1,Comm3,126,Comm2,0.6356250978550475,0.1510881293051256,642
4,0.1,Comm3,127,Comm2,0.6288467430809951,1.2499427480111676e-06,387
4,0.1,Comm3,128,Comm2,0.6392618277421509,2.098137584110972,648
4,0.1,Comm3,129,Comm2,0.6293652645618847,1.5889238636172825e-06,460
4,0.1,Comm3,130,Comm2,0.6379329034587813,3.81640001398569,697
4,0.1,Comm3,131,Comm2,0.6247393919564925,8.33364509331785e-08,813
4,0.1,Comm3,132,Comm2,0.636282011163947,0.04908451103432335,434
4,0.1,Comm3,133,Comm2,0.6317028013281739,6.987258103736048e-05,721
4,0.1,Comm3,134,Comm2,0.6257120155184015,1.2453777650364009e-09,508
4,0.1,Comm3,135,Comm2,0.6330908468585403,0.0024405310515919396,57
4,0.1,Comm3,136,Comm2,0.6302517832318969,0.00016416092868484775,589
4,0.1,Comm3,137,Comm2,0.6345611773362857,0.00671631331749009,158
4,0.1,Comm3,138,Comm2,0.6362647083441039,0.12026187974668082,893
4,0.1,Comm3,139,Comm2,0.6331112558118476,0.004354272567676761,467
4,0.1,Comm3,140,Comm2,0.6312748246945759,0.00018932024766100472,622
4,0.1,Comm3,141,Comm2,0.6387639108824505,2.7582402874339036,653
4,0.1,Comm3,142,Comm2,0.6322864344472293,0.00016563418675878932,475
4,0.1,Comm3,143,Comm2,0.6388420815569164,14.952415368411382,746
4,0.1,Comm3,144,Comm2,0.6247324945706775,2.1290519413274506e-08,214
4,0.1,Comm3,145,Comm2,0.6315863896396859,0.0005378638737760074,677
4,0.1,Comm3,146,Comm2,0.6360896238177355,0.10395827791913306,706
4,0.1,Comm3,147,Comm2,0.6354035475161229,0.06900472466021525,341
4,0.1,Comm3,148,Comm2,0.6275096469715736,3.3502039400709606e-07,819
4,0.1,Comm3,149,Comm2,0.6324648420793454,0.00047821400495791486,621
4,0.1,Comm3,150,Comm2,0.6396251063592662,27.61377471461336,764
4,0.1,Comm3,151,Comm2,0.6340786649624125,0.007559557182692914,650
4,0.1,Comm3,152,Comm2,0.633616731808787,0.012778726693128678,672
4,0.1,Comm3,153,Comm2,0.6262357421268524,1.0285057367486056e-07,918
4,0.1,Comm3,154,Comm2,0.6300228985694893,6.0896592647997715e-05,105
4,0.1,Comm3,155,Comm2,0.634572401468414,0.019084008752918647,203
4,0.1,Comm3,156,Comm2,0.6363533200859366,0.2846806220640336,496
4,0.1,Comm3,157,Comm2,0.6387646804446087,1.4776786330783416,555
4,0.1,Comm3,158,Comm2,0.6393960771194215,3.9190198121668245,257
4,0.1,Comm3,159,Comm2,0.639566393584633,4.188640544604314,314
4,0.1,Comm3,160,Comm2,0.6386690540388665,8.690931741541714,106
4,0.1,Comm3,161,Comm2,0.6364547051203112,0.45950006968777063,176
4,0.1,Comm3,162,Comm2,0.6347100518618589,0.039610901347101296,741
4,0.1,Comm3,163,Comm2,0.634217564040221,0.011171682753101897,715
4,0.1,Comm3,164,Comm2,0.6252802024368336,1.6993029795058003e-09,165
4,0.1,Comm3,165,Comm2,0.6241041783842268,9.92342645336296e-08,632
4,0.1,Comm3,166,Comm2,0.6251437704072832,4.2855136361704455e-08,524
4,0.1,Comm3,167,Comm2,0.6258326734679087,4.955452587371866e-09,480
4,0.1,Comm3,168,Comm2,0.6332369622370996,0.0066905874469432745,963
4,0.1,Comm3,169,Comm2,0.6285511390491152,1.5976224748629467e-06,707
4,0.1,Comm3,170,Comm2,0.6318142128128197,0.0013749231022207311,778
4,0.1,Comm3,171,Comm2,0.6302907698514818,0.00036321854948852587,880
4,0.1,Comm3,172,Comm2,0.6362838119681624,0.2226481198368516,829
4,0.1,Comm3,173,Comm2,0.626229506205826,3.9122265678245995e-08,198
4,0.1,Comm3,174,Comm2,0.6286856539412521,5.390045635239462e-07,440
4,0.1,Comm3,175,Comm2,0.6371045626235982,2.943855701753318,146
4,0.1,Comm3,176,Comm2,0.6396564817722957,1.7366084214343847,357
4,0.1,Comm3,177,Comm2,0.633716549687607,0.004925366836400656,750
4,0.1,Comm3,178,Comm2,0.6389616102346383,4.7200728439521,516
4,0.1,Comm3,179,Comm2,0.6254032044289392,1.0441152591987596e-08,422
4,0.1,Comm3,180,Comm2,0.6245012139939651,4.989116361633524e-09,166
4,0.1,Comm3,181,Comm2,0.6271725745668998,1.2337310726435914e-07,396
4,0.1,Comm3,182,Comm2,0.62723873757221,2.735894831523617e-07,898
4,0.1,Comm3,183,Comm2,0.6283284567928629,2.687927013625062e-06,678
4,0.1,Comm3,184,Comm2,0.6314843436333597,4.288600570630341e-05,322
4,0.1,Comm3,185,Comm2,0.626729312804464,8.692401122204019e-07,155
4,0.1,Comm3,186,Comm2,0.6334004446133961,0.0012027355194699687,101
4,0.1,Comm3,187,Comm2,0.633028244140096,0.009840982931245352,298
4,0.1,Comm3,188,Comm2,0.6386878045531373,7.706432999875589,606
4,0.1,Comm3,189,Comm2,0.6396587225679753,11.114685677050005,263
4,0.1,Comm3,190,Comm2,0.6308387013212096,7.667888206057023e-05,363
4,0.1,Comm3,191,Comm2,0.6243855154942799,1.1676415885035108e-10,222
4,0.1,Comm3,192,Comm2,0.6267169903664264,5.050576799200462e-08,58
4,0.1,Comm3,193,Comm2,0.6266368120855177,1.2825979244708853e-07,433
4,0.1,Comm3,194,Comm2,0.6256855793229321,1.0529961379353012e-07,71
4,0.1,Comm3,195,Comm2,0.6353783212103322,0.009193058691595795,384
4,0.1,Comm3,196,Comm2,0.6396708431449897,15.437343754212902,787
4,0.1,Comm3,197,Comm2,0.6261393712226927,4.043904336987343e-08,23
4,0.1,Comm3,198,Comm2,0.6312261193037111,3.117232397618219e-05,822
4,0.1,Comm3,199,Comm2,0.6330117393289676,0.0011571436776313625,99
4,0.1,Comm3,200,Comm2,0.6308568748336718,0.00013840589567457108,410
5,0.01,Comm1,1,Comm1,0.6252564709446531,0.0002204775172608118,108
5,0.01,Comm1,2,Comm1,0.63998123266171,68.27747393163854,790
5,0.01,Comm1,3,Comm1,0.6376666841216231,13.705215527461055,826
5,0.01,Comm1,4,Comm1,0.6317181245333683,0.24857795095913596,697
5,0.01,Comm1,5,Comm1,0.6301648809990668,0.05177807386352656,623
5,0.01,Comm1,6,Comm1,0.6280304645154788,0.0056511285732017335,862
5,0.01,Comm1,7,Comm1,0.6373497307737873,7.1203602262393595,202
5,0.01,Comm1,8,Comm1,0.6289143048213454,0.02773010060566679,575
5,0.01,Comm1,9,Comm1,0.6308611423744682,0.2284962336836971,268
5,0.01,Comm1,10,Comm1,0.6344676630354724,1.17528682470459,662
5,0.01,Comm1,11,Comm1,0.6374670421165979,16.83422760648555,13
5,0.01,Comm1,12,Comm1,0.6296479554170294,0.06877374022389575,953
5,0.01,Comm1,13,Comm1,0.6369535461876441,15.9055656036311,423
5,0.01,Comm1,14,Comm1,0.6320864190026109,0.8268709704938286,467
5,0.01,Comm1,15,Comm1,0.6332706193849451,1.5482704822024889,926
5,0.01,Comm1,16,Comm1,0.6377930342656624,9.039734523545862,278
5,0.01,Comm1,17,Comm1,0.6344635495719047,2.543421803088479,83
5,0.01,Comm1,18,Comm1,0.6301247508903446,0.06109100966423596,694
5,0.01,Comm1,19,Comm1,0.629158088778213,0.01935062413453179,633
5,0.01,Comm1,20,Comm1,0.635111223524376,0.6033718420241861,274
5,0.01,Comm1,21,Comm1,0.634832817103265,0.8385090834691,745
5,0.01,Comm1,22,Comm1,0.6331896958073724,0.5552668788310463,267
5,0.01,Comm1,23,Comm1,0.6303870861275817,0.09254705525006783,688
5,0.01,Comm1,24,Comm1,0.6341298089017272,0.3021388301696531,525
5,0.01,Comm1,25,Comm1,0.6307456592852877,0.1790912294720024,905
5,0.01,Comm1,26,Comm1,0.6399731396974521,23.022074774552102,554
5,0.01,Comm1,27,Comm1,0.6253594668412388,0.0010510402814785224,375
5,0.01,Comm1,28,Comm1,0.6321250011689156,0.47240202302469286,750
5,0.01,Comm1,29,Comm1,0.6311288715884069,0.09582210211895692,861
5,0.01,Comm1,30,Comm1,0.6393202162005782,44.881233828909984,681
5,0.01,Comm1,31,Comm1,0.6322411028001846,0.42488084858491765,51
5,0.01,Comm1,32,Comm1,0.6388614862965116,18.069742631562608,976
5,0.01,Comm1,33,Comm1,0.6260701610105477,0.008780865687788821,860
5,0.01,Comm1,34,Comm1,0.6328673206209491,0.8984291298847367,287
5,0.01,Comm1,35,Comm1,0.6281742255077365,0.005440804853410711,489
5,0.01,Comm1,36,Comm1,0.634086287286421,1.5615829318208247,920
5,0.01,Comm1,37,Comm1,0.631761367796342,0.1536923557899452,777
5,0.01,Comm1,38,Comm1,0.6373530682479714,18.06704725497982,921
5,0.01,Comm1,39,Comm1,0.6360915937611402,3.37013700042949,692
5,0.01,Comm1,40,Comm1,0.62551621906134,0.003253332119129263,401
5,0.01,Comm1,41,Comm1,0.6262446898081889,0.0022678984092662927,90
5,0.01,Comm1,42,Comm1,0.6395608237621723,46.328942815093235,594
5,0.01,Comm1,43,Comm1,0.636952355624712,9.90034753762127,103
5,0.01,Comm1,44,Comm1,0.6326322265167225,0.198522231715492,588
5,0.01,Comm1,45,Comm1,0.636456275839312,6.419108789707854,127
5,0.01,Comm1,46,Comm1,0.6395693720963265,30.461615930994096,751
5,0.01,Comm1,47,Comm1,0.6385513829271943,25.196551654048754,712
5,0.01,Comm1,48,Comm1,0.6268030284729837,0.006457966094077232,64
5,0.01,Comm1,49,Comm1,0.6341824032511342,0.3216234935273149,128
5,0.01,Comm1,50,Comm1,0.6348611374579769,0.6985175914685935,556
5,0.01,Comm1,51,Comm1,0.6280130454462332,0.03923627709984208,223
5,0.01,Comm1,52,Comm1,0.6334178621475299,0.5755494410852129,99
5,0.01,Comm1,53,Comm1,0.6374451050668428,16.127362881764768,209
5,0.01,Comm1,54,Comm1,0.629979988332318,0.029542270679369494,614
5,0.01,Comm1,55,Comm1,0.6267025947561825,0.004599737176265845,386
5,0.01,Comm1,56,Comm1,0.6297632771819062,0.0849315911447125,38
5,0.01,Comm1,57,Comm1,0.6259210075007796,0.0014493149554563878,14
5,0.01,Comm1,58,Comm1,0.6370948245169837,6.363873276243565,673
5,0.01,Comm1,59,Comm1,0.6257936096485924,0.0018170708581043834,271
5,0.01,Comm1,60,Comm1,0.6294091213826328,0.017916636299455946,880
5,0.01,Comm1,61,Comm1,0.6247426115000606,0.0054256101723928465,843
5,0.01,Comm1,62,Comm1,0.6273758381671002,0.014182173344443206,165
5,0.01,Comm1,63,Comm1,0.6324814154960069,0.8059401776908427,748
5,0.01,Comm1,64,Comm1,0.6357563160539713,3.375972791284641,179
5,0.01,Comm1,65,Comm1,0.6306653033882105,0.14991114358207278,639
5,0.01,Comm1,66,Comm1,0.6347589768369802,0.9647368827367585,24
5,0.01,Comm1,67,Comm1,0.6394236240789054,40.62025644126612,460
5,0.01,Comm1,68,Comm1,0.6329390524336649,1.275484297254444,12
5,0.01,Comm1,69,Comm1,0.628022787031123,0.007500000587382299,169
5,0.01,Comm1,70,Comm1,0.6305909517856862,0.13901333656682965,902
5,0.01,Comm1,71,Comm1,0.6336168831375546,0.9202946069112609,47
5,0.01,Comm1,72,Comm1,0.6304001093321969,0.07306607311323637,236
5,0.01,Comm1,73,Comm1,0.6275618880859439,0.019796768065146367,195
5,0.01,Comm1,74,Comm1,0.6391296346799229,29.044450335568758,719
5,0.01,Comm1,75,Comm1,0.6317263492159025,0.17444628870933987,708
5,0.01,Comm1,76,Comm1,0.6356733104616205,8.768931186014147,632
5,0.01,Comm1,77,Comm1,0.6304011328540002,0.061196601225118434,20
5,0.01,Comm1,78,Comm1,0.6376318075296343,9.91244234373643,664
5,0.01,Comm1,79,Comm1,0.6342749188241861,1.7396719985503337,469
5,0.01,Comm1,80,Comm1,0.6362772599385333,4.374937073919084,815
5,0.01,Comm1,81,Comm1,0.6331142685197794,0.2555120819163924,593
5,0.01,Comm1,82,Comm1,0.6337210793979876,1.422794080410451,865
5,0.01,Comm1,83,Comm1,0.6306734269452253,0.04659838158119359,234
5,0.01,Comm1,84,Comm1,0.6342463548250563,4.992661806139683,595
5,0.01,Comm1,85,Comm1,0.6251730781560979,0.005793812261775385,62
5,0.01,Comm1,86,Comm1,0.630907382386357,0.03809788664376092,543
5,0.01,Comm1,87,Comm1,0.6263741441596903,0.0023676936296539884,695
5,0.01,Comm1,88,Comm1,0.6332551100641638,0.8084376613937759,376
5,0.01,Comm1,89,Comm1,0.6253022254729933,0.0019340442930380706,3
5,0.01,Comm1,90,Comm1,0.6267299222300252,0.006777267981102963,656
5,0.01,Comm1,91,Comm1,0.635869017852075,8.147400860028748,265
5,0.01,Comm1,92,Comm1,0.6330657937441982,0.883605099152881,299
5,0.01,Comm1,93,Comm1,0.6397897586956265,28.806377271226733,441
5,0.01,Comm1,94,Comm1,0.638077955519661,17.778261782573587,794
5,0.01,Comm1,95,Comm1,0.6357388232027728,3.338128059026874,451
5,0.01,Comm1,96,Comm1,0.6365919382122663,8.070272647954027,513
5,0.01,Comm1,97,Comm1,0.6321854209792827,0.23426439598266158,4
5,0.01,Comm1,98,Comm1,0.6287999934746811,0.006009697476793272,601
5,0.01,Comm1,99,Comm1,0.6398020894143944,17.45892251025502,89
5,0.01,Comm1,100,Comm1,0.6278685504864076,0.010411782007171529,384
5,0.01,Comm2,1,Comm2,0.6395342149812366,50.759787507723466,52
5,0.01,Comm2,2,Comm2,0.6255460122523769,0.004077840023792856,501
5,0.01,Comm2,3,Comm2,0.6382801674627984,30.188202159170782,151
5,0.01,Comm2,4,Comm2,0.6318758163734148,0.4594062294539275,703
5,0.01,Comm2,5,Comm2,0.6367732861424712,17.027253569525357,858
5,0.01,Comm2,6,Comm2,0.6335032262312191,0.2387369083351259,877
5,0.01,Comm2,7,Comm2,0.6298605363633492,0.08504213923269636,254
5,0.01,Comm2,8,Comm2,0.6392452831527254,46.89785614696497,995
5,0.01,Comm2,9,Comm2,0.6271326215983382,0.012794300520698944,396
5,0.01,Comm2,10,Comm2,0.6341444642811357,2.1648387983970463,564
5,0.01,Comm2,11,Comm2,0.6240920919512278,0.0010661160723698256,911
5,0.01,Comm2,12,Comm2,0.6281931611414038,0.02479998141084025,546
5,0.01,Comm2,13,Comm2,0.6281159881357194,0.03646684281299422,241
5,0.01,Comm2,14,Comm2,0.6240237477237945,0.0002583659274217812,311
5,0.01,Comm2,15,Comm2,0.6257122512903155,0.00333228503273571,116
5,0.01,Comm2,16,Comm2,0.6241039358730773,0.0015510163620767689,171
5,0.01,Comm2,17,Comm2,0.6245574792477706,0.005459452997078333,117
5,0.01,Comm2,18,Comm2,0.6317641925279891,0.21725464919930812,94
5,0.01,Comm2,19,Comm2,0.6341772367032675,0.41364105670665147,630
5,0.01,Comm2,20,Comm2,0.635216274216662,1.698802761085205,368
5,0.01,Comm2,21,Comm2,0.6374185792351139,6.409922129935641,856
5,0.01,Comm2,22,Comm2,0.6318386227745146,0.1251164368252815,948
5,0.01,Comm2,23,Comm2,0.6399442508927613,48.98354728589502,713
5,0.01,Comm2,24,Comm2,0.630761876550412,0.05597652257358103,534
5,0.01,Comm2,25,Comm2,0.6301469833677042,0.05033060482732039,191
5,0.01,Comm2,26,Comm2,0.6246206217572141,0.0010829425982347702,164
5,0.01,Comm2,27,Comm2,0.6332054867229462,0.6193122398106966,440
5,0.01,Comm2,28,Comm2,0.62445222371008,0.0009119078404642157,399
5,0.01,Comm2,29,Comm2,0.6350523076564244,4.9849194349962,197
5,0.01,Comm2,30,Comm2,0.629983894466793,0.11935818062860677,585
5,0.01,Comm2,31,Comm2,0.6365282355092469,22.932437631120564,811
5,0.01,Comm2,32,Comm2,0.6387493454644709,42.822676830387856,485
5,0.01,Comm2,33,Comm2,0.6359800782129514,6.413566296016558,55
5,0.01,Comm2,34,Comm2,0.6393471086584092,31.556969660010072,914
5,0.01,Comm2,35,Comm2,0.6378099354828661,26.205253540697992,327
5,0.01,Comm2,36,Comm2,0.6277949006448663,0.03649960105586262,553
5,0.01,Comm2,37,Comm2,0.6327160703584791,1.1392728317988885,727
5,0.01,Comm2,38,Comm2,0.6323393304093693,0.2166315410014255,847
5,0.01,Comm2,39,Comm2,0.6276810771697389,0.03197633353700436,118
5,0.01,Comm2,40,Comm2,0.632210967582313,0.28446886585746306,567
5,0.01,Comm2,41,Comm2,0.6377241857624274,3.4409130281113947,928
5,0.01,Comm2,42,Comm2,0.6374766568358078,7.863166883226575,526
5,0.01,Comm2,43,Comm2,0.6316163259789908,0.16735690382838375,687
5,0.01,Comm2,44,Comm2,0.6272794389631661,0.0050093183483136,893
5,0.01,Comm2,45,Comm2,0.6321345551442598,0.43986658690870684,549
5,0.01,Comm2,46,Comm2,0.6352627210762617,6.242709559758553,17
5,0.01,Comm2,47,Comm2,0.6270939253575414,0.010078565157220491,342
5,0.01,Comm2,48,Comm2,0.6276747301901185,0.008628355523990345,218
5,0.01,Comm2,49,Comm2,0.6351920660836251,2.671612245909668,242
5,0.01,Comm2,50,Comm2,0.6281849552608164,0.02126957466404117,11
5,0.01,Comm2,51,Comm2,0.6265615868525352,0.05706500223978854,463
5,0.01,Comm2,52,Comm2,0.6390555667579813,41.93163381790947,978
5,0.01,Comm2,53,Comm2,0.6302943537923646,0.16941693527252943,442
5,0.01,Comm2,54,Comm2,0.6356408616768789,4.571756682262572,875
5,0.01,Comm2,55,Comm2,0.6318483984910813,0.12168408336569365,214
5,0.01,Comm2,56,Comm2,0.6327612984669282,1.1534532392254828,104
5,0.01,Comm2,57,Comm2,0.6386761828947203,12.881635724945786,113
5,0.01,Comm2,58,Comm2,0.6277284298779046,0.00656694469017522,333
5,0.01,Comm2,59,Comm2,0.6281438224663083,0.008198420219563605,931
5,0.01,Comm2,60,Comm2,0.6298736004232587,0.038401121976341934,733
5,0.01,Comm2,61,Comm2,0.6324355380142399,0.22107929518782765,273
5,0.01,Comm2,62,Comm2,0.6388971906674729,22.040204239656912,629
5,0.01,Comm2,63,Comm2,0.6344187588444307,3.046155007766639,305
5,0.01,Comm2,64,Comm2,0.6306701979385025,0.1360322620901082,304
5,0.01,Comm2,65,Comm2,0.6270205442794688,0.010517695109028495,286
5,0.01,Comm2,66,Comm2,0.6363090776990513,8.928095416932774,927
5,0.01,Comm2,67,Comm2,0.6354389410126148,1.6917070116985473,747
5,0.01,Comm2,68,Comm2,0.631983126019202,0.5055877432064293,402
5,0.01,Comm2,69,Comm2,0.6290641644785063,0.06913245136687753,611
5,0.01,Comm2,70,Comm2,0.6352823916430594,1.9485805823429223,371
5,0.01,Comm2,71,Comm2,0.635264041157436,2.7152401005446656,319
5,0.01,Comm2,72,Comm2,0.6324231715097692,1.158902695665068,569
5,0.01,Comm2,73,Comm2,0.6365288958357226,6.000622156605678,566
5,0.01,Comm2,74,Comm2,0.6265927859487646,0.009346529144464037,737
5,0.01,Comm2,75,Comm2,0.6389171726767733,29.12093635380795,949
5,0.01,Comm2,76,Comm2,0.6315341542464601,0.18231495172029344,504
5,0.01,Comm2,77,Comm2,0.6298657315778785,0.11261761733353626,897
5,0.01,Comm2,78,Comm2,0.6369696367738557,15.489568867130528,462
5,0.01,Comm2,79,Comm2,0.6318971871077493,0.31415681554166375,910
5,0.01,Comm2,80,Comm2,0.6378501803543624,26.22829047376774,180
5,0.01,Comm2,81,Comm2,0.6256704070377457,0.00036172179181586436,374
5,0.01,Comm2,82,Comm2,0.6342972089312868,1.46089977775967,473
5,0.01,Comm2,83,Comm2,0.6341691946302065,1.1308457446059899,819
5,0.01,Comm2,84,Comm2,0.6276566732922776,0.02645088338460313,572
5,0.01,Comm2,85,Comm2,0.6266674924125214,0.005489834334426506,385
5,0.01,Comm2,86,Comm2,0.6380214140397356,13.717981812062861,482
5,0.01,Comm2,87,Comm2,0.6328661011214156,5.051685138675111,425
5,0.01,Comm2,88,Comm2,0.6337911361989286,0.37078546257955763,947
5,0.01,Comm2,89,Comm2,0.6252975669246562,0.0007181873753986946,653
5,0.01,Comm2,90,Comm2,0.6355363572468106,8.527891338387748,290
5,0.01,Comm2,91,Comm2,0.6297813327688561,0.04212606028697491,477
5,0.01,Comm2,92,Comm2,0.6246062666213222,0.0013318891257984033,963
5,0.01,Comm2,93,Comm2,0.6253885193229468,0.0013436512503383707,298
5,0.01,Comm2,94,Comm2,0.6334867366956566,0.9182903981738719,229
5,0.01,Comm2,95,Comm2,0.6242965001983038,0.003434004913284576,46
5,0.01,Comm2,96,Comm2,0.636874485991001,5.453940453308619,139
5,0.01,Comm2,97,Comm2,0.6295499442529389,0.04902252508925239,741
5,0.01,Comm2,98,Comm2,0.6251014934915743,0.005914952197822637,724
5,0.01,Comm2,99,Comm2,0.6281719882417176,0.1255790464502818,233
5,0.01,Comm2,100,Comm2,0.6275277666311116,0.0162360758227798,33
5,0.01,Comm3,1,Comm1,0.6252564709446531,-2.4665186496841273e-09,108
5,0.01,Comm3,2,Comm1,0.63998123266171,77.48156743052117,790
5,0.01,Comm3,3,Comm1,0.6376666841216231,10.853902043716216,826
5,0.01,Comm3,4,Comm1,0.6317181245333683,0.0027705457169036347,697
5,0.01,Comm3,5,Comm1,0.6301648809990668,0.00015195402435711056,623
5,0.01,Comm3,6,Comm1,0.6280304645154788,2.047369969349247e-06,862
5,0.01,Comm3,7,Comm1,0.6373497307737873,4.133885804244343,202
5,0.01,Comm3,8,Comm1,0.6289143048213454,3.055428866696149e-05,575
5,0.01,Comm3,9,Comm1,0.6308611423744682,0.0015121625906755435,268
5,0.01,Comm3,10,Comm1,0.6344676630354724,0.16183815026611822,662
5,0.01,Comm3,11,Comm1,0.6374670421165979,11.821293230273604,13
5,0.01,Comm3,12,Comm1,0.6296479554170294,0.0015672029643859003,953
5,0.01,Comm3,13,Comm1,0.6369535461876441,13.564521971547142,423
5,0.01,Comm3,14,Comm1,0.6320864190026109,0.025951514544258182,467
5,0.01,Comm3,15,Comm1,0.6332706193849451,0.3689797977567157,926
5,0.01,Comm3,16,Comm1,0.6377930342656624,3.6075784712703394,278
5,0.01,Comm3,17,Comm1,0.6344635495719047,0.40419862133375256,83
5,0.01,Comm3,18,Comm1,0.6301247508903446,0.000304598256618848,694
5,0.01,Comm3,19,Comm1,0.629158088778213,2.3211477634003934e-05,633
5,0.01,Comm3,20,Comm1,0.635111223524376,0.06837854861392047,274
5,0.01,Comm3,21,Comm1,0.634832817103265,0.0421977056733144,745
5,0.01,Comm3,22,Comm1,0.6331896958073724,0.014254082119635287,267
5,0.01,Comm3,23,Comm1,0.6303870861275817,0.0007217501109336011,688
5,0.01,Comm3,24,Comm1,0.6341298089017272,0.00510354478002285,525
5,0.01,Comm3,25,Comm1,0.6307456592852877,0.0015402422684006939,905
5,0.01,Comm3,26,Comm1,0.6399731396974521,13.513807692558695,554
5,0.01,Comm3,27,Comm1,0.6253594668412388,2.6522498846046297e-08,375
5,0.01,Comm3,28,Comm1,0.6321250011689156,0.05056821896787137,750
5,0.01,Comm3,29,Comm1,0.6311288715884069,0.0007536393919339448,861
5,0.01,Comm3,30,Comm1,0.6393202162005782,50.87796062993692,681
5,0.01,Comm3,31,Comm1,0.6322411028001846,0.01809350206363658,51
5,0.01,Comm3,32,Comm1,0.6388614862965116,26.635844760339296,976
5,0.01,Comm3,33,Comm1,0.6260701610105477,3.1286693774085485e-06,860
5,0.01,Comm3,34,Comm1,0.6328673206209491,0.02251458339663976,287
5,0.01,Comm3,35,Comm1,0.6281742255077365,2.414780336006225e-06,489
5,0.01,Comm3,36,Comm1,0.634086287286421,0.1946591496970625,920
5,0.01,Comm3,37,Comm1,0.631761367796342,0.0007196093970853779,777
5,0.01,Comm3,38,Comm1,0.6373530682479714,15.796915056630949,921
5,0.01,Comm3,39,Comm1,0.6360915937611402,1.2559772940287448,692
5,0.01,Comm3,40,Comm1,0.62551621906134,9.555399553326194e-07,401
5,0.01,Comm3,41,Comm1,0.6262446898081889,2.1907530054365113e-07,90
5,0.01,Comm3,42,Comm1,0.6395608237621723,62.10742467172882,594
5,0.01,Comm3,43,Comm1,0.636952355624712,3.583857093408245,103
5,0.01,Comm3,44,Comm1,0.6326322265167225,0.00225396497592461,588
5,0.01,Comm3,45,Comm1,0.636456275839312,1.551879811098152,127
5,0.01,Comm3,46,Comm1,0.6395693720963265,42.930054181066296,751
5,0.01,Comm3,47,Comm1,0.6385513829271943,34.86161036639042,712
5,0.01,Comm3,48,Comm1,0.6268030284729837,3.584292446522048e-06,64
5,0.01,Comm3,49,Comm1,0.6341824032511342,0.013048537234883759,128
5,0.01,Comm3,50,Comm1,0.6348611374579769,0.009786010092719242,556
5,0.01,Comm3,51,Comm1,0.6280130454462332,0.0001080931815443534,223
5,0.01,Comm3,52,Comm1,0.6334178621475299,0.033927145370002396,99
5,0.01,Comm3,53,Comm1,0.6374451050668428,21.880835086664643,209
5,0.01,Comm3,54,Comm1,0.629979988332318,1.4479002876875135e-05,614
5,0.01,Comm3,55,Comm1,0.6267025947561825,1.1954233570388157e-06,386
5,0.01,Comm3,56,Comm1,0.6297632771819062,0.00019400042623804448,38
5,0.01,Comm3,57,Comm1,0.6259210075007796,6.40329498098396e-08,14
5,0.01,Comm3,58,Comm1,0.6370948245169837,4.830342975813099,673
5,0.01,Comm3,59,Comm1,0.6257936096485924,5.136062022340984e-08,271
5,0.01,Comm3,60,Comm1,0.6294091213826328,8.662442585081173e-05,880
5,0.01,Comm3,61,Comm1,0.6247426115000606,4.85838221145323e-06,843
5,0.01,Comm3,62,Comm1,0.6273758381671002,1.3114812672845663e-05,165
5,0.01,Comm3,63,Comm1,0.6324814154960069,0.09614621766559682,748
5,0.01,Comm3,64,Comm1,0.6357563160539713,0.6871729371649589,179
5,0.01,Comm3,65,Comm1,0.6306653033882105,0.0009682498562467673,639
5,0.01,Comm3,66,Comm1,0.6347589768369802,0.11670870567905378,24
5,0.01,Comm3,67,Comm1,0.6394236240789054,51.73411020990991,460
5,0.01,Comm3,68,Comm1,0.6329390524336649,0.060406190640727345,12
5,0.01,Comm3,69,Comm1,0.628022787031123,2.3766269179270864e-06,169
5,0.01,Comm3,70,Comm1,0.6305909517856862,0.0010313742507382173,902
5,0.01,Comm3,71,Comm1,0.6336168831375546,0.03816086349511538,47
5,0.01,Comm3,72,Comm1,0.6304001093321969,0.0002443810451243923,236
5,0.01,Comm3,73,Comm1,0.6275618880859439,4.1227832814951364e-05,195
5,0.01,Comm3,74,Comm1,0.6391296346799229,24.234072143718556,719
5,0.01,Comm3,75,Comm1,0.6317263492159025,0.0029110147913807972,708
5,0.01,Comm3,76,Comm1,0.6356733104616205,4.152958583897452,632
5,0.01,Comm3,77,Comm1,0.6304011328540002,0.0005166533049077095,20
5,0.01,Comm3,78,Comm1,0.6376318075296343,10.443855249458723,664
5,0.01,Comm3,79,Comm1,0.6342749188241861,0.26209931470096404,469
5,0.01,Comm3,80,Comm1,0.6362772599385333,1.9977418635614193,815
5,0.01,Comm3,81,Comm1,0.6331142685197794,0.014227205540492881,593
5,0.01,Comm3,82,Comm1,0.6337210793979876,0.23922108831666328,865
5,0.01,Comm3,83,Comm1,0.6306734269452253,5.2459385734500555e-05,234
5,0.01,Comm3,84,Comm1,0.6342463548250563,1.8558972079464757,595
5,0.01,Comm3,85,Comm1,0.6251730781560979,3.2316913158191197e-06,62
5,0.01,Comm3,86,Comm1,0.630907382386357,9.903805570041175e-05,543
5,0.01,Comm3,87,Comm1,0.6263741441596903,2.939560977456327e-07,695
5,0.01,Comm3,88,Comm1,0.6332551100641638,0.10780953809938573,376
5,0.01,Comm3,89,Comm1,0.6253022254729933,1.8623409504763213e-07,3
5,0.01,Comm3,90,Comm1,0.6267299222300252,5.474808637744061e-06,656
5,0.01,Comm3,91,Comm1,0.635869017852075,7.707924908080296,265
5,0.01,Comm3,92,Comm1,0.6330657937441982,0.050633136937103106,299
5,0.01,Comm3,93,Comm1,0.6397897586956265,23.015751976373238,441
5,0.01,Comm3,94,Comm1,0.638077955519661,21.43160347311375,794
5,0.01,Comm3,95,Comm1,0.6357388232027728,0.7080755322978326,451
5,0.01,Comm3,96,Comm1,0.6365919382122663,1.7259532699449798,513
5,0.01,Comm3,97,Comm1,0.6321854209792827,0.007219663859460137,4
5,0.01,Comm3,98,Comm1,0.6287999934746811,1.0467897627287645e-06,601
5,0.01,Comm3,99,Comm1,0.6398020894143944,23.660555799708355,89
5,0.01,Comm3,100,Comm1,0.6278685504864076,4.18250247092158e-06,384
5,0.01,Comm3,101,Comm2,0.6395342149812366,3.1431035239628784,52
5,0.01,Comm3,102,Comm2,0.6255460122523769,1.6632330384839977e-09,501
5,0.01,Comm3,103,Comm2,0.6382801674627984,0.445247682288821,151
5,0.01,Comm3,104,Comm2,0.6318758163734148,0.00013809793657555995,703
5,0.01,Comm3,105,Comm2,0.6367732861424712,0.13664310532456836,858
5,0.01,Comm3,106,Comm2,0.6335032262312191,0.00034137861301879874,877
5,0.01,Comm3,107,Comm2,0.6298605363633492,1.5987000201737682e-07,254
5,0.01,Comm3,108,Comm2,0.6392452831527254,1.8347366734946975,995
5,0.01,Comm3,109,Comm2,0.6271326215983382,3.134318244683466e-08,396
5,0.01,Comm3,110,Comm2,0.6341444642811357,0.0004323895928869328,564
5,0.01,Comm3,111,Comm2,0.6240920919512278,7.481672477527418e-10,911
5,0.01,Comm3,112,Comm2,0.6281931611414038,4.637948144847289e-07,546
5,0.01,Comm3,113,Comm2,0.6281159881357194,1.8359312512537212e-07,241
5,0.01,Comm3,114,Comm2,0.6240237477237945,-2.8318893392473483e-12,311
5,0.01,Comm3,115,Comm2,0.6257122512903155,1.1103138482095993e-08,116
5,0.01,Comm3,116,Comm2,0.6241039358730773,1.8982157362975324e-08,171
5,0.01,Comm3,117,Comm2,0.6245574792477706,2.5980947522002512e-08,117
5,0.01,Comm3,118,Comm2,0.6317641925279891,6.414561242990989e-05,94
5,0.01,Comm3,119,Comm2,0.6341772367032675,0.0007915286810472536,630
5,0.01,Comm3,120,Comm2,0.635216274216662,0.004200158869996986,368
5,0.01,Comm3,121,Comm2,0.6374185792351139,0.04811181621996523,856
5,0.01,Comm3,122,Comm2,0.6318386227745146,3.119715273446736e-05,948
5,0.01,Comm3,123,Comm2,0.6399442508927613,3.010406057107554,713
5,0.01,Comm3,124,Comm2,0.630761876550412,4.933967415156428e-06,534
5,0.01,Comm3,125,Comm2,0.6301469833677042,1.3925499339953789e-06,191
5,0.01,Comm3,126,Comm2,0.6246206217572141,4.917896303654507e-10,164
5,0.01,Comm3,127,Comm2,0.6332054867229462,0.0005864732045616005,440
5,0.01,Comm3,128,Comm2,0.62445222371008,-1.5845801074221108e-12,399
5,0.01,Comm3,129,Comm2,0.6350523076564244,0.0013160987949285097,197
5,0.01,Comm3,130,Comm2,0.629983894466793,4.234446027426613e-05,585
5,0.01,Comm3,131,Comm2,0.6365282355092469,0.30379832107905264,811
5,0.01,Comm3,132,Comm2,0.6387493454644709,1.7546700647289735,485
5,0.01,Comm3,133,Comm2,0.6359800782129514,0.03771173424866547,55
5,0.01,Comm3,134,Comm2,0.6393471086584092,0.18237591630962408,914
5,0.01,Comm3,135,Comm2,0.6378099354828661,0.9523141958988643,327
5,0.01,Comm3,136,Comm2,0.6277949006448663,4.281196646699511e-07,553
5,0.01,Comm3,137,Comm2,0.6327160703584791,0.00017510639611206347,727
5,0.01,Comm3,138,Comm2,0.6323393304093693,4.24210760350822e-05,847
5,0.01,Comm3,139,Comm2,0.6276810771697389,5.802300772427333e-07,118
5,0.01,Comm3,140,Comm2,0.632210967582313,4.802815832679563e-05,567
5,0.01,Comm3,141,Comm2,0.6377241857624274,0.043429426611047005,928
5,0.01,Comm3,142,Comm2,0.6374766568358078,0.10276088547933113,526
5,0.01,Comm3,143,Comm2,0.6316163259789908,1.0044389519943787e-05,687
5,0.01,Comm3,144,Comm2,0.6272794389631661,1.5143683196144423e-08,893
5,0.01,Comm3,145,Comm2,0.6321345551442598,0.00016921740009266927,549
5,0.01,Comm3,146,Comm2,0.6352627210762617,0.00990795333044428,17
5,0.01,Comm3,147,Comm2,0.6270939253575414,5.46805052178379e-08,342
5,0.01,Comm3,148,Comm2,0.6276747301901185,1.4227239364356892e-07,218
5,0.01,Comm3,149,Comm2,0.6351920660836251,0.003576163608440536,242
5,0.01,Comm3,150,Comm2,0.6281849552608164,1.2383302134364885e-07,11
5,0.01,Comm3,151,Comm2,0.6265615868525352,1.430468437815707e-07,463
5,0.01,Comm3,152,Comm2,0.6390555667579813,0.8289667432630685,978
5,0.01,Comm3,153,Comm2,0.6302943537923646,4.00640472885908e-06,442
5,0.01,Comm3,154,Comm2,0.6356408616768789,0.0143517017754375,875
5,0.01,Comm3,155,Comm2,0.6318483984910813,6.100467138688731e-05,214
5,0.01,Comm3,156,Comm2,0.6327612984669282,0.00022385752818648085,104
5,0.01,Comm3,157,Comm2,0.6386761828947203,0.2930539607590601,113
5,0.01,Comm3,158,Comm2,0.6277284298779046,1.8131299865763815e-08,333
5,0.01,Comm3,159,Comm2,0.6281438224663083,8.131368121422999e-08,931
5,0.01,Comm3,160,Comm2,0.6298736004232587,3.062798820685027e-07,733
5,0.01,Comm3,161,Comm2,0.6324355380142399,1.4138642635379202e-05,273
5,0.01,Comm3,162,Comm2,0.6388971906674729,0.4295761141045869,629
5,0.01,Comm3,163,Comm2,0.6344187588444307,0.0003802796514157686,305
5,0.01,Comm3,164,Comm2,0.6306701979385025,9.202678199908597e-06,304
5,0.01,Comm3,165,Comm2,0.6270205442794688,4.266480598691597e-08,286
5,0.01,Comm3,166,Comm2,0.6363090776990513,0.03192763610162109,927
5,0.01,Comm3,167,Comm2,0.6354389410126148,0.0019211118579275472,747
5,0.01,Comm3,168,Comm2,0.631983126019202,1.9874909532251987e-05,402
5,0.01,Comm3,169,Comm2,0.6290641644785063,3.7837652431063097e-06,611
5,0.01,Comm3,170,Comm2,0.6352823916430594,0.019598530616956572,371
5,0.01,Comm3,171,Comm2,0.635264041157436,0.004901854647225861,319
5,0.01,Comm3,172,Comm2,0.6324231715097692,0.0004638371117734357,569
5,0.01,Comm3,173,Comm2,0.6365288958357226,0.13594686569557282,566
5,0.01,Comm3,174,Comm2,0.6265927859487646,5.546337469562216e-08,737
5,0.01,Comm3,175,Comm2,0.6389171726767733,2.1316981934614194,949
5,0.01,Comm3,176,Comm2,0.6315341542464601,9.661274283326884e-06,504
5,0.01,Comm3,177,Comm2,0.6298657315778785,3.021557124204674e-06,897
5,0.01,Comm3,178,Comm2,0.6369696367738557,0.16746482732493354,462
5,0.01,Comm3,179,Comm2,0.6318971871077493,1.729699278866321e-05,910
5,0.01,Comm3,180,Comm2,0.6378501803543624,0.19777883709502284,180
5,0.01,Comm3,181,Comm2,0.6256704070377457,5.429325996141215e-12,374
5,0.01,Comm3,182,Comm2,0.6342972089312868,0.0028409172341865483,473
5,0.01,Comm3,183,Comm2,0.6341691946302065,0.0002399569348228753,819
5,0.01,Comm3,184,Comm2,0.6276566732922776,4.6787305042192243e-07,572
5,0.01,Comm3,185,Comm2,0.6266674924125214,2.0292874905476286e-08,385
5,0.01,Comm3,186,Comm2,0.6380214140397356,0.10649413700031306,482
5,0.01,Comm3,187,Comm2,0.6328661011214156,0.0014879923859442068,425
5,0.01,Comm3,188,Comm2,0.6337911361989286,0.00020397207348226575,947
5,0.01,Comm3,189,Comm2,0.6252975669246562,3.0139349264650685e-10,653
5,0.01,Comm3,190,Comm2,0.6355363572468106,0.017709762215471676,290
5,0.01,Comm3,191,Comm2,0.6297813327688561,3.884980425143109e-06,477
5,0.01,Comm3,192,Comm2,0.6246062666213222,-2.4683978650501885e-11,963
5,0.01,Comm3,193,Comm2,0.6253885193229468,5.572510466958023e-10,298
5,0.01,Comm3,194,Comm2,0.6334867366956566,0.0031455515140619713,229
5,0.01,Comm3,195,Comm2,0.6242965001983038,1.3443717541266536e-08,46
5,0.01,Comm3,196,Comm2,0.636874485991001,0.009361676812504539,139
5,0.01,Comm3,197,Comm2,0.6295499442529389,2.366114067048821e-06,741
5,0.01,Comm3,198,Comm2,0.6251014934915743,3.147005977249544e-09,724
5,0.01,Comm3,199,Comm2,0.6281719882417176,9.205176864367824e-07,233
5,0.01,Comm3,200,Comm2,0.6275277666311116,1.1371138868020278e-07,33
5,0.05,Comm1,1,Comm1,0.6252564709446531,0.0002204775172608118,108
5,0.05,Comm1,2,Comm1,0.63998123266171,68.27747393163854,790
5,0.05,Comm1,3,Comm1,0.6376666841216231,13.705215527461055,826
5,0.05,Comm1,4,Comm1,0.6317181245333683,0.24857795095913596,697
5,0.05,Comm1,5,Comm1,0.6301648809990668,0.05177807386352656,623
5,0.05,Comm1,6,Comm1,0.6280304645154788,0.0056511285732017335,862
5,0.05,Comm1,7,Comm1,0.6373497307737873,7.1203602262393595,202
5,0.05,Comm1,8,Comm1,0.6289143048213454,0.02773010060566679,575
5,0.05,Comm1,9,Comm1,0.6308611423744682,0.2284962336836971,268
5,0.05,Comm1,10,Comm1,0.6344676630354724,1.17528682470459,662
5,0.05,Comm1,11,Comm1,0.6374670421165979,16.83422760648555,13
5,0.05,Comm1,12,Comm1,0.6296479554170294,0.06877374022389575,953
5,0.05,Comm1,13,Comm1,0.6369535461876441,15.9055656036311,423
5,0.05,Comm1,14,Comm1,0.6320864190026109,0.8268709704938286,467
5,0.05,Comm1,15,Comm1,0.6332706193849451,1.5482704822024889,926
5,0.05,Comm1,16,Comm1,0.6377930342656624,9.039734523545862,278
5,0.05,Comm1,17,Comm1,0.6344635495719047,2.543421803088479,83
5,0.05,Comm1,18,Comm1,0.6301247508903446,0.06109100966423596,694
5,0.05,Comm1,19,Comm1,0.629158088778213,0.01935062413453179,633
5,0.05,Comm1,20,Comm1,0.635111223524376,0.6033718420241861,274
5,0.05,Comm1,21,Comm1,0.634832817103265,0.8385090834691,745
5,0.05,Comm1,22,Comm1,0.6331896958073724,0.5552668788310463,267
5,0.05,Comm1,23,Comm1,0.6303870861275817,0.09254705525006783,688
5,0.05,Comm1,24,Comm1,0.6341298089017272,0.3021388301696531,525
5,0.05,Comm1,25,Comm1,0.6307456592852877,0.1790912294720024,905
5,0.05,Comm1,26,Comm1,0.6399731396974521,23.022074774552102,554
5,0.05,Comm1,27,Comm1,0.6253594668412388,0.0010510402814785224,375
5,0.05,Comm1,28,Comm1,0.6321250011689156,0.47240202302469286,750
5,0.05,Comm1,29,Comm1,0.6311288715884069,0.09582210211895692,861
5,0.05,Comm1,30,Comm1,0.6393202162005782,44.881233828909984,681
5,0.05,Comm1,31,Comm1,0.6322411028001846,0.42488084858491765,51
5,0.05,Comm1,32,Comm1,0.6388614862965116,18.069742631562608,976
5,0.05,Comm1,33,Comm1,0.6260701610105477,0.008780865687788821,860
5,0.05,Comm1,34,Comm1,0.6328673206209491,0.8984291298847367,287
5,0.05,Comm1,35,Comm1,0.6281742255077365,0.005440804853410711,489
5,0.05,Comm1,36,Comm1,0.634086287286421,1.5615829318208247,920
5,0.05,Comm1,37,Comm1,0.631761367796342,0.1536923557899452,777
5,0.05,Comm1,38,Comm1,0.6373530682479714,18.06704725497982,921
5,0.05,Comm1,39,Comm1,0.6360915937611402,3.37013700042949,692
5,0.05,Comm1,40,Comm1,0.62551621906134,0.003253332119129263,401
5,0.05,Comm1,41,Comm1,0.6262446898081889,0.0022678984092662927,90
5,0.05,Comm1,42,Comm1,0.6395608237621723,46.328942815093235,594
5,0.05,Comm1,43,Comm1,0.636952355624712,9.90034753762127,103
5,0.05,Comm1,44,Comm1,0.6326322265167225,0.198522231715492,588
5,0.05,Comm1,45,Comm1,0.636456275839312,6.419108789707854,127
5,0.05,Comm1,46,Comm1,0.6395693720963265,30.461615930994096,751
5,0.05,Comm1,47,Comm1,0.6385513829271943,25.196551654048754,712
5,0.05,Comm1,48,Comm1,0.6268030284729837,0.006457966094077232,64
5,0.05,Comm1,49,Comm1,0.6341824032511342,0.3216234935273149,128
5,0.05,Comm1,50,Comm1,0.6348611374579769,0.6985175914685935,556
5,0.05,Comm1,51,Comm1,0.6280130454462332,0.03923627709984208,223
5,0.05,Comm1,52,Comm1,0.6334178621475299,0.5755494410852129,99
5,0.05,Comm1,53,Comm1,0.6374451050668428,16.127362881764768,209
5,0.05,Comm1,54,Comm1,0.629979988332318,0.029542270679369494,614
5,0.05,Comm1,55,Comm1,0.6267025947561825,0.004599737176265845,386
5,0.05,Comm1,56,Comm1,0.6297632771819062,0.0849315911447125,38
5,0.05,Comm1,57,Comm1,0.6259210075007796,0.0014493149554563878,14
5,0.05,Comm1,58,Comm1,0.6370948245169837,6.363873276243565,673
5,0.05,Comm1,59,Comm1,0.6257936096485924,0.0018170708581043834,271
5,0.05,Comm1,60,Comm1,0.6294091213826328,0.017916636299455946,880
5,0.05,Comm1,61,Comm1,0.6247426115000606,0.0054256101723928465,843
5,0.05,Comm1,62,Comm1,0.6273758381671002,0.014182173344443206,165
5,0.05,Comm1,63,Comm1,0.6324814154960069,0.8059401776908427,748
5,0.05,Comm1,64,Comm1,0.6357563160539713,3.375972791284641,179
5,0.05,Comm1,65,Comm1,0.6306653033882105,0.14991114358207278,639
5,0.05,Comm1,66,Comm1,0.6347589768369802,0.9647368827367585,24
5,0.05,Comm1,67,Comm1,0.6394236240789054,40.62025644126612,460
5,0.05,Comm1,68,Comm1,0.6329390524336649,1.275484297254444,12
5,0.05,Comm1,69,Comm1,0.628022787031123,0.007500000587382299,169
5,0.05,Comm1,70,Comm1,0.6305909517856862,0.13901333656682965,902
5,0.05,Comm1,71,Comm1,0.6336168831375546,0.9202946069112609,47
5,0.05,Comm1,72,Comm1,0.6304001093321969,0.07306607311323637,236
5,0.05,Comm1,73,Comm1,0.6275618880859439,0.019796768065146367,195
5,0.05,Comm1,74,Comm1,0.6391296346799229,29.044450335568758,719
5,0.05,Comm1,75,Comm1,0.6317263492159025,0.17444628870933987,708
5,0.05,Comm1,76,Comm1,0.6356733104616205,8.768931186014147,632
5,0.05,Comm1,77,Comm1,0.6304011328540002,0.061196601225118434,20
5,0.05,Comm1,78,Comm1,0.6376318075296343,9.91244234373643,664
5,0.05,Comm1,79,Comm1,0.6342749188241861,1.7396719985503337,469
5,0.05,Comm1,80,Comm1,0.6362772599385333,4.374937073919084,815
5,0.05,Comm1,81,Comm1,0.6331142685197794,0.2555120819163924,593
5,0.05,Comm1,82,Comm1,0.6337210793979876,1.422794080410451,865
5,0.05,Comm1,83,Comm1,0.6306734269452253,0.04659838158119359,234
5,0.05,Comm1,84,Comm1,0.6342463548250563,4.992661806139683,595
5,0.05,Comm1,85,Comm1,0.6251730781560979,0.005793812261775385,62
5,0.05,Comm1,86,Comm1,0.630907382386357,0.03809788664376092,543
5,0.05,Comm1,87,Comm1,0.6263741441596903,0.0023676936296539884,695
5,0.05,Comm1,88,Comm1,0.6332551100641638,0.8084376613937759,376
5,0.05,Comm1,89,Comm1,0.6253022254729933,0.0019340442930380706,3
5,0.05,Comm1,90,Comm1,0.6267299222300252,0.006777267981102963,656
5,0.05,Comm1,91,Comm1,0.635869017852075,8.147400860028748,265
5,0.05,Comm1,92,Comm1,0.6330657937441982,0.883605099152881,299
5,0.05,Comm1,93,Comm1,0.6397897586956265,28.806377271226733,441
5,0.05,Comm1,94,Comm1,0.638077955519661,17.778261782573587,794
5,0.05,Comm1,95,Comm1,0.6357388232027728,3.338128059026874,451
5,0.05,Comm1,96,Comm1,0.6365919382122663,8.070272647954027,513
5,0.05,Comm1,97,Comm1,0.6321854209792827,0.23426439598266158,4
5,0.05,Comm1,98,Comm1,0.6287999934746811,0.006009697476793272,601
5,0.05,Comm1,99,Comm1,0.6398020894143944,17.45892251025502,89
5,0.05,Comm1,100,Comm1,0.6278685504864076,0.010411782007171529,384
5,0.05,Comm2,1,Comm2,0.6395342149812366,50.759787507723466,52
5,0.05,Comm2,2,Comm2,0.6255460122523769,0.004077840023792856,501
5,0.05,Comm2,3,Comm2,0.6382801674627984,30.188202159170782,151
5,0.05,Comm2,4,Comm2,0.6318758163734148,0.4594062294539275,703
5,0.05,Comm2,5,Comm2,0.6367732861424712,17.027253569525357,858
5,0.05,Comm2,6,Comm2,0.6335032262312191,0.2387369083351259,877
5,0.05,Comm2,7,Comm2,0.6298605363633492,0.08504213923269636,254
5,0.05,Comm2,8,Comm2,0.6392452831527254,46.89785614696497,995
5,0.05,Comm2,9,Comm2,0.6271326215983382,0.012794300520698944,396
5,0.05,Comm2,10,Comm2,0.6341444642811357,2.1648387983970463,564
5,0.05,Comm2,11,Comm2,0.6240920919512278,0.0010661160723698256,911
5,0.05,Comm2,12,Comm2,0.6281931611414038,0.02479998141084025,546
5,0.05,Comm2,13,Comm2,0.6281159881357194,0.03646684281299422,241
5,0.05,Comm2,14,Comm2,0.6240237477237945,0.0002583659274217812,311
5,0.05,Comm2,15,Comm2,0.6257122512903155,0.00333228503273571,116
5,0.05,Comm2,16,Comm2,0.6241039358730773,0.0015510163620767689,171
5,0.05,Comm2,17,Comm2,0.6245574792477706,0.005459452997078333,117
5,0.05,Comm2,18,Comm2,0.6317641925279891,0.21725464919930812,94
5,0.05,Comm2,19,Comm2,0.6341772367032675,0.41364105670665147,630
5,0.05,Comm2,20,Comm2,0.635216274216662,1.698802761085205,368
5,0.05,Comm2,21,Comm2,0.6374185792351139,6.409922129935641,856
5,0.05,Comm2,22,Comm2,0.6318386227745146,0.1251164368252815,948
5,0.05,Comm2,23,Comm2,0.6399442508927613,48.98354728589502,713
5,0.05,Comm2,24,Comm2,0.630761876550412,0.05597652257358103,534
5,0.05,Comm2,25,Comm2,0.6301469833677042,0.05033060482732039,191
5,0.05,Comm2,26,Comm2,0.6246206217572141,0.0010829425982347702,164
5,0.05,Comm2,27,Comm2,0.6332054867229462,0.6193122398106966,440
5,0.05,Comm2,28,Comm2,0.62445222371008,0.0009119078404642157,399
5,0.05,Comm2,29,Comm2,0.6350523076564244,4.9849194349962,197
5,0.05,Comm2,30,Comm2,0.629983894466793,0.11935818062860677,585
5,0.05,Comm2,31,Comm2,0.6365282355092469,22.932437631120564,811
5,0.05,Comm2,32,Comm2,0.6387493454644709,42.822676830387856,485
5,0.05,Comm2,33,Comm2,0.6359800782129514,6.413566296016558,55
5,0.05,Comm2,34,Comm2,0.6393471086584092,31.556969660010072,914
5,0.05,Comm2,35,Comm2,0.6378099354828661,26.205253540697992,327
5,0.05,Comm2,36,Comm2,0.6277949006448663,0.03649960105586262,553
5,0.05,Comm2,37,Comm2,0.6327160703584791,1.1392728317988885,727
5,0.05,Comm2,38,Comm2,0.6323393304093693,0.2166315410014255,847
5,0.05,Comm2,39,Comm2,0.6276810771697389,0.03197633353700436,118
5,0.05,Comm2,40,Comm2,0.632210967582313,0.28446886585746306,567
5,0.05,Comm2,41,Comm2,0.6377241857624274,3.4409130281113947,928
5,0.05,Comm2,42,Comm2,0.6374766568358078,7.863166883226575,526
5,0.05,Comm2,43,Comm2,0.6316163259789908,0.16735690382838375,687
5,0.05,Comm2,44,Comm2,0.6272794389631661,0.0050093183483136,893
5,0.05,Comm2,45,Comm2,0.6321345551442598,0.43986658690870684,549
5,0.05,Comm2,46,Comm2,0.6352627210762617,6.242709559758553,17
5,0.05,Comm2,47,Comm2,0.6270939253575414,0.010078565157220491,342
5,0.05,Comm2,48,Comm2,0.6276747301901185,0.008628355523990345,218
5,0.05,Comm2,49,Comm2,0.6351920660836251,2.671612245909668,242
5,0.05,Comm2,50,Comm2,0.6281849552608164,0.02126957466404117,11
5,0.05,Comm2,51,Comm2,0.6265615868525352,0.05706500223978854,463
5,0.05,Comm2,52,Comm2,0.6390555667579813,41.93163381790947,978
5,0.05,Comm2,53,Comm2,0.6302943537923646,0.16941693527252943,442
5,0.05,Comm2,54,Comm2,0.6356408616768789,4.571756682262572,875
5,0.05,Comm2,55,Comm2,0.6318483984910813,0.12168408336569365,214
5,0.05,Comm2,56,Comm2,0.6327612984669282,1.1534532392254828,104
5,0.05,Comm2,57,Comm2,0.6386761828947203,12.881635724945786,113
5,0.05,Comm2,58,Comm2,0.6277284298779046,0.00656694469017522,333
5,0.05,Comm2,59,Comm2,0.6281438224663083,0.008198420219563605,931
5,0.05,Comm2,60,Comm2,0.6298736004232587,0.038401121976341934,733
5,0.05,Comm2,61,Comm2,0.6324355380142399,0.22107929518782765,273
5,0.05,Comm2,62,Comm2,0.6388971906674729,22.040204239656912,629
5,0.05,Comm2,63,Comm2,0.6344187588444307,3.046155007766639,305
5,0.05,Comm2,64,Comm2,0.6306701979385025,0.1360322620901082,304
5,0.05,Comm2,65,Comm2,0.6270205442794688,0.010517695109028495,286
5,0.05,Comm2,66,Comm2,0.6363090776990513,8.928095416932774,927
5,0.05,Comm2,67,Comm2,0.6354389410126148,1.6917070116985473,747
5,0.05,Comm2,68,Comm2,0.631983126019202,0.5055877432064293,402
5,0.05,Comm2,69,Comm2,0.6290641644785063,0.06913245136687753,611
5,0.05,Comm2,70,Comm2,0.6352823916430594,1.9485805823429223,371
5,0.05,Comm2,71,Comm2,0.635264041157436,2.7152401005446656,319
5,0.05,Comm2,72,Comm2,0.6324231715097692,1.158902695665068,569
5,0.05,Comm2,73,Comm2,0.6365288958357226,6.000622156605678,566
5,0.05,Comm2,74,Comm2,0.6265927859487646,0.009346529144464037,737
5,0.05,Comm2,75,Comm2,0.6389171726767733,29.12093635380795,949
5,0.05,Comm2,76,Comm2,0.6315341542464601,0.18231495172029344,504
5,0.05,Comm2,77,Comm2,0.6298657315778785,0.11261761733353626,897
5,0.05,Comm2,78,Comm2,0.6369696367738557,15.489568867130528,462
5,0.05,Comm2,79,Comm2,0.6318971871077493,0.31415681554166375,910
5,0.05,Comm2,80,Comm2,0.6378501803543624,26.22829047376774,180
5,0.05,Comm2,81,Comm2,0.6256704070377457,0.00036172179181586436,374
5,0.05,Comm2,82,Comm2,0.6342972089312868,1.46089977775967,473
5,0.05,Comm2,83,Comm2,0.6341691946302065,1.1308457446059899,819
5,0.05,Comm2,84,Comm2,0.6276566732922776,0.02645088338460313,572
5,0.05,Comm2,85,Comm2,0.6266674924125214,0.005489834334426506,385
5,0.05,Comm2,86,Comm2,0.6380214140397356,13.717981812062861,482
5,0.05,Comm2,87,Comm2,0.6328661011214156,5.051685138675111,425
5,0.05,Comm2,88,Comm2,0.6337911361989286,0.37078546257955763,947
5,0.05,Comm2,89,Comm2,0.6252975669246562,0.0007181873753986946,653
5,0.05,Comm2,90,Comm2,0.6355363572468106,8.527891338387748,290
5,0.05,Comm2,91,Comm2,0.6297813327688561,0.04212606028697491,477
5,0.05,Comm2,92,Comm2,0.6246062666213222,0.0013318891257984033,963
5,0.05,Comm2,93,Comm2,0.6253885193229468,0.0013436512503383707,298
5,0.05,Comm2,94,Comm2,0.6334867366956566,0.9182903981738719,229
5,0.05,Comm2,95,Comm2,0.6242965001983038,0.003434004913284576,46
5,0.05,Comm2,96,Comm2,0.636874485991001,5.453940453308619,139
5,0.05,Comm2,97,Comm2,0.6295499442529389,0.04902252508925239,741
5,0.05,Comm2,98,Comm2,0.6251014934915743,0.005914952197822637,724
5,0.05,Comm2,99,Comm2,0.6281719882417176,0.1255790464502818,233
5,0.05,Comm2,100,Comm2,0.6275277666311116,0.0162360758227798,33
5,0.05,Comm3,1,Comm1,0.6252564709446531,1.2394957266072814e-09,108
5,0.05,Comm3,2,Comm1,0.63998123266171,73.64153209263,790
5,0.05,Comm3,3,Comm1,0.6376666841216231,9.794853428451418,826
5,0.05,Comm3,4,Comm1,0.6317181245333683,0.002615537864983471,697
5,0.05,Comm3,5,Comm1,0.6301648809990668,0.00014572030640995482,623
5,0.05,Comm3,6,Comm1,0.6280304645154788,2.030154680820737e-06,862
5,0.05,Comm3,7,Comm1,0.6373497307737873,3.567978991330824,202
5,0.05,Comm3,8,Comm1,0.6289143048213454,2.581923194834303e-05,575
5,0.05,Comm3,9,Comm1,0.6308611423744682,0.001295474120487655,268
5,0.05,Comm3,10,Comm1,0.6344676630354724,0.13428273691919726,662
5,0.05,Comm3,11,Comm1,0.6374670421165979,10.256641297756941,13
5,0.05,Comm3,12,Comm1,0.6296479554170294,0.0013544284172596216,953
5,0.05,Comm3,13,Comm1,0.6369535461876441,12.396387801578875,423
5,0.05,Comm3,14,Comm1,0.6320864190026109,0.02260025757238899,467
5,0.05,Comm3,15,Comm1,0.6332706193849451,0.3536452505312016,926
5,0.05,Comm3,16,Comm1,0.6377930342656624,3.2132009771204584,278
5,0.05,Comm3,17,Comm1,0.6344635495719047,0.36903616056467003,83
5,0.05,Comm3,18,Comm1,0.6301247508903446,0.00024526520805666087,694
5,0.05,Comm3,19,Comm1,0.629158088778213,2.0093326584611567e-05,633
5,0.05,Comm3,20,Comm1,0.635111223524376,0.06638079304655072,274
5,0.05,Comm3,21,Comm1,0.634832817103265,0.039482563356941044,745
5,0.05,Comm3,22,Comm1,0.6331896958073724,0.011868773454670946,267
5,0.05,Comm3,23,Comm1,0.6303870861275817,0.000643743896702355,688
5,0.05,Comm3,24,Comm1,0.6341298089017272,0.005005182036233909,525
5,0.05,Comm3,25,Comm1,0.6307456592852877,0.0013066563668811997,905
5,0.05,Comm3,26,Comm1,0.6399731396974521,13.25552075011812,554
5,0.05,Comm3,27,Comm1,0.6253594668412388,3.17536506434341e-08,375
5,0.05,Comm3,28,Comm1,0.6321250011689156,0.04612269623167298,750
5,0.05,Comm3,29,Comm1,0.6311288715884069,0.0007920706951765969,861
5,0.05,Comm3,30,Comm1,0.6393202162005782,49.30653041784033,681
5,0.05,Comm3,31,Comm1,0.6322411028001846,0.014259312934018938,51
5,0.05,Comm3,32,Comm1,0.6388614862965116,24.611373979206352,976
5,0.05,Comm3,33,Comm1,0.6260701610105477,2.7544315512104183e-06,860
5,0.05,Comm3,34,Comm1,0.6328673206209491,0.019967675223760223,287
5,0.05,Comm3,35,Comm1,0.6281742255077365,2.174197052303331e-06,489
5,0.05,Comm3,36,Comm1,0.634086287286421,0.1685163227371147,920
5,0.05,Comm3,37,Comm1,0.631761367796342,0.0006261834888256272,777
5,0.05,Comm3,38,Comm1,0.6373530682479714,13.051603556810047,921
5,0.05,Comm3,39,Comm1,0.6360915937611402,1.2159613141973142,692
5,0.05,Comm3,40,Comm1,0.62551621906134,9.281984359896598e-07,401
5,0.05,Comm3,41,Comm1,0.6262446898081889,2.1955210550454835e-07,90
5,0.05,Comm3,42,Comm1,0.6395608237621723,57.76620633966374,594
5,0.05,Comm3,43,Comm1,0.636952355624712,3.179162332347355,103
5,0.05,Comm3,44,Comm1,0.6326322265167225,0.0021985642667443116,588
5,0.05,Comm3,45,Comm1,0.636456275839312,1.4931501538711485,127
5,0.05,Comm3,46,Comm1,0.6395693720963265,40.31124752559539,751
5,0.05,Comm3,47,Comm1,0.6385513829271943,32.413915277932944,712
5,0.05,Comm3,48,Comm1,0.6268030284729837,3.3937651439160745e-06,64
5,0.05,Comm3,49,Comm1,0.6341824032511342,0.01109887942281863,128
5,0.05,Comm3,50,Comm1,0.6348611374579769,0.008571838892437612,556
5,0.05,Comm3,51,Comm1,0.6280130454462332,7.706805289806345e-05,223
5,0.05,Comm3,52,Comm1,0.6334178621475299,0.02922151924972591,99
5,0.05,Comm3,53,Comm1,0.6374451050668428,19.581814559845434,209
5,0.05,Comm3,54,Comm1,0.629979988332318,1.2894484516464216e-05,614
5,0.05,Comm3,55,Comm1,0.6267025947561825,1.055396745272612e-06,386
5,0.05,Comm3,56,Comm1,0.6297632771819062,0.00018708705170739754,38
5,0.05,Comm3,57,Comm1,0.6259210075007796,6.241171034615915e-08,14
5,0.05,Comm3,58,Comm1,0.6370948245169837,4.659180350917095,673
5,0.05,Comm3,59,Comm1,0.6257936096485924,5.59129619661657e-08,271
5,0.05,Comm3,60,Comm1,0.6294091213826328,8.27032120295718e-05,880
5,0.05,Comm3,61,Comm1,0.6247426115000606,3.979854408551059e-06,843
5,0.05,Comm3,62,Comm1,0.6273758381671002,1.1026162047274177e-05,165
5,0.05,Comm3,63,Comm1,0.6324814154960069,0.07923160670056453,748
5,0.05,Comm3,64,Comm1,0.6357563160539713,0.5914835577810683,179
5,0.05,Comm3,65,Comm1,0.6306653033882105,0.0007589501819548721,639
5,0.05,Comm3,66,Comm1,0.6347589768369802,0.10298049395109399,24
5,0.05,Comm3,67,Comm1,0.6394236240789054,46.900691114395386,460
5,0.05,Comm3,68,Comm1,0.6329390524336649,0.05090110495800613,12
5,0.05,Comm3,69,Comm1,0.628022787031123,2.2270364494642228e-06,169
5,0.05,Comm3,70,Comm1,0.6305909517856862,0.000869999753663228,902
5,0.05,Comm3,71,Comm1,0.6336168831375546,0.03473268637173982,47
5,0.05,Comm3,72,Comm1,0.6304001093321969,0.00021708482816360669,236
5,0.05,Comm3,73,Comm1,0.6275618880859439,3.0396685629210997e-05,195
5,0.05,Comm3,74,Comm1,0.6391296346799229,21.13694120033487,719
5,0.05,Comm3,75,Comm1,0.6317263492159025,0.0024878235651737725,708
5,0.05,Comm3,76,Comm1,0.6356733104616205,3.459441545431574,632
5,0.05,Comm3,77,Comm1,0.6304011328540002,0.00048131848653880735,20
5,0.05,Comm3,78,Comm1,0.6376318075296343,9.70198312427409,664
5,0.05,Comm3,79,Comm1,0.6342749188241861,0.2355024377826195,469
5,0.05,Comm3,80,Comm1,0.6362772599385333,1.8661050918117958,815
5,0.05,Comm3,81,Comm1,0.6331142685197794,0.015411144871132643,593
5,0.05,Comm3,82,Comm1,0.6337210793979876,0.19730678949406477,865
5,0.05,Comm3,83,Comm1,0.6306734269452253,4.835503503901305e-05,234
5,0.05,Comm3,84,Comm1,0.6342463548250563,1.624362517308243,595
5,0.05,Comm3,85,Comm1,0.6251730781560979,2.4292487956190257e-06,62
5,0.05,Comm3,86,Comm1,0.630907382386357,8.579938375115669e-05,543
5,0.05,Comm3,87,Comm1,0.6263741441596903,2.7562553040236963e-07,695
5,0.05,Comm3,88,Comm1,0.6332551100641638,0.09543448500082827,376
5,0.05,Comm3,89,Comm1,0.6253022254729933,1.6638323104310903e-07,3
5,0.05,Comm3,90,Comm1,0.6267299222300252,4.487523996646676e-06,656
5,0.05,Comm3,91,Comm1,0.635869017852075,6.694798329694406,265
5,0.05,Comm3,92,Comm1,0.6330657937441982,0.04838050602154639,299
5,0.05,Comm3,93,Comm1,0.6397897586956265,21.294964548512738,441
5,0.05,Comm3,94,Comm1,0.638077955519661,18.03864456989854,794
5,0.05,Comm3,95,Comm1,0.6357388232027728,0.6138255276858632,451
5,0.05,Comm3,96,Comm1,0.6365919382122663,1.5050522407741558,513
5,0.05,Comm3,97,Comm1,0.6321854209792827,0.006125158197327261,4
5,0.05,Comm3,98,Comm1,0.6287999934746811,1.0720677248586416e-06,601
5,0.05,Comm3,99,Comm1,0.6398020894143944,20.14267878022114,89
5,0.05,Comm3,100,Comm1,0.6278685504864076,3.6616665073384085e-06,384
5,0.05,Comm3,101,Comm2,0.6395342149812366,11.521877589106705,52
5,0.05,Comm3,102,Comm2,0.6255460122523769,9.51350545994074e-09,501
5,0.05,Comm3,103,Comm2,0.6382801674627984,1.8065346304840213,151
5,0.05,Comm3,104,Comm2,0.6318758163734148,0.0006007508645086771,703
5,0.05,Comm3,105,Comm2,0.6367732861424712,0.522266580777254,858
5,0.05,Comm3,106,Comm2,0.6335032262312191,0.0013337701005015376,877
5,0.05,Comm3,107,Comm2,0.6298605363633492,8.075038361307405e-07,254
5,0.05,Comm3,108,Comm2,0.6392452831527254,7.195342303349533,995
5,0.05,Comm3,109,Comm2,0.6271326215983382,1.6002598141433995e-07,396
5,0.05,Comm3,110,Comm2,0.6341444642811357,0.002135828366540474,564
5,0.05,Comm3,111,Comm2,0.6240920919512278,3.6019212898514674e-09,911
5,0.05,Comm3,112,Comm2,0.6281931611414038,1.910722428476582e-06,546
5,0.05,Comm3,113,Comm2,0.6281159881357194,8.817326159612352e-07,241
5,0.05,Comm3,114,Comm2,0.6240237477237945,1.3286420144832226e-10,311
5,0.05,Comm3,115,Comm2,0.6257122512903155,5.2516214777652466e-08,116
5,0.05,Comm3,116,Comm2,0.6241039358730773,8.180836082224966e-08,171
5,0.05,Comm3,117,Comm2,0.6245574792477706,1.168543104139042e-07,117
5,0.05,Comm3,118,Comm2,0.6317641925279891,0.0002660426499859352,94
5,0.05,Comm3,119,Comm2,0.6341772367032675,0.0030205559279060227,630
5,0.05,Comm3,120,Comm2,0.635216274216662,0.017526611299983078,368
5,0.05,Comm3,121,Comm2,0.6374185792351139,0.2059906833799922,856
5,0.05,Comm3,122,Comm2,0.6318386227745146,0.00011503962599807095,948
5,0.05,Comm3,123,Comm2,0.6399442508927613,10.751149307482967,713
5,0.05,Comm3,124,Comm2,0.630761876550412,2.130752356898948e-05,534
5,0.05,Comm3,125,Comm2,0.6301469833677042,6.408534513575004e-06,191
5,0.05,Comm3,126,Comm2,0.6246206217572141,2.521232666168464e-09,164
5,0.05,Comm3,127,Comm2,0.6332054867229462,0.0022611737182842537,440
5,0.05,Comm3,128,Comm2,0.62445222371008,5.393097678707363e-10,399
5,0.05,Comm3,129,Comm2,0.6350523076564244,0.006612289143461919,197
5,0.05,Comm3,130,Comm2,0.629983894466793,0.00016821666581867933,585
5,0.05,Comm3,131,Comm2,0.6365282355092469,1.3714852411055054,811
5,0.05,Comm3,132,Comm2,0.6387493454644709,6.880275528790868,485
5,0.05,Comm3,133,Comm2,0.6359800782129514,0.16713155970386084,55
5,0.05,Comm3,134,Comm2,0.6393471086584092,0.8265946180174601,914
5,0.05,Comm3,135,Comm2,0.6378099354828661,3.812710508579332,327
5,0.05,Comm3,136,Comm2,0.6277949006448663,1.9241684399982467e-06,553
5,0.05,Comm3,137,Comm2,0.6327160703584791,0.0007724115843896482,727
5,0.05,Comm3,138,Comm2,0.6323393304093693,0.00018632716111582193,847
5,0.05,Comm3,139,Comm2,0.6276810771697389,2.6206940286796297e-06,118
5,0.05,Comm3,140,Comm2,0.632210967582313,0.00020723668541958558,567
5,0.05,Comm3,141,Comm2,0.6377241857624274,0.1681644876681384,928
5,0.05,Comm3,142,Comm2,0.6374766568358078,0.41232239048333214,526
5,0.05,Comm3,143,Comm2,0.6316163259789908,4.374339370501417e-05,687
5,0.05,Comm3,144,Comm2,0.6272794389631661,6.351787098710994e-08,893
5,0.05,Comm3,145,Comm2,0.6321345551442598,0.0007091560141781376,549
5,0.05,Comm3,146,Comm2,0.6352627210762617,0.0437639662574521,17
5,0.05,Comm3,147,Comm2,0.6270939253575414,2.5366286729265357e-07,342
5,0.05,Comm3,148,Comm2,0.6276747301901185,5.597435848009743e-07,218
5,0.05,Comm3,149,Comm2,0.6351920660836251,0.015370836254940257,242
5,0.05,Comm3,150,Comm2,0.6281849552608164,5.136244301286213e-07,11
5,0.05,Comm3,151,Comm2,0.6265615868525352,7.650840948286119e-07,463
5,0.05,Comm3,152,Comm2,0.6390555667579813,3.571380273419677,978
5,0.05,Comm3,153,Comm2,0.6302943537923646,1.7855787191862894e-05,442
5,0.05,Comm3,154,Comm2,0.6356408616768789,0.06134883976182345,875
5,0.05,Comm3,155,Comm2,0.6318483984910813,0.0002564613649546922,214
5,0.05,Comm3,156,Comm2,0.6327612984669282,0.001034665927121368,104
5,0.05,Comm3,157,Comm2,0.6386761828947203,1.1626962852197043,113
5,0.05,Comm3,158,Comm2,0.6277284298779046,8.372195975693315e-08,333
5,0.05,Comm3,159,Comm2,0.6281438224663083,3.1507110637840606e-07,931
5,0.05,Comm3,160,Comm2,0.6298736004232587,1.4987192338649802e-06,733
5,0.05,Comm3,161,Comm2,0.6324355380142399,6.533784156548324e-05,273
5,0.05,Comm3,162,Comm2,0.6388971906674729,1.9354152043188406,629
5,0.05,Comm3,163,Comm2,0.6344187588444307,0.0020000332365227003,305
5,0.05,Comm3,164,Comm2,0.6306701979385025,4.4440196915309316e-05,304
5,0.05,Comm3,165,Comm2,0.6270205442794688,1.8881571781912268e-07,286
5,0.05,Comm3,166,Comm2,0.6363090776990513,0.15325759386399446,927
5,0.05,Comm3,167,Comm2,0.6354389410126148,0.009275469329945437,747
5,0.05,Comm3,168,Comm2,0.631983126019202,9.637847474097081e-05,402
5,0.05,Comm3,169,Comm2,0.6290641644785063,1.711971015593975e-05,611
5,0.05,Comm3,170,Comm2,0.6352823916430594,0.08439880581698572,371
5,0.05,Comm3,171,Comm2,0.635264041157436,0.020003358948211925,319
5,0.05,Comm3,172,Comm2,0.6324231715097692,0.0019328655201062827,569
5,0.05,Comm3,173,Comm2,0.6365288958357226,0.5962090152601035,566
5,0.05,Comm3,174,Comm2,0.6265927859487646,2.485124780262928e-07,737
5,0.05,Comm3,175,Comm2,0.6389171726767733,7.595982019009886,949
5,0.05,Comm3,176,Comm2,0.6315341542464601,4.6913074984801906e-05,504
5,0.05,Comm3,177,Comm2,0.6298657315778785,1.3950588165606041e-05,897
5,0.05,Comm3,178,Comm2,0.6369696367738557,0.7576190268814451,462
5,0.05,Comm3,179,Comm2,0.6318971871077493,8.357489945445129e-05,910
5,0.05,Comm3,180,Comm2,0.6378501803543624,0.8775026312663546,180
5,0.05,Comm3,181,Comm2,0.6256704070377457,2.2175292683986453e-10,374
5,0.05,Comm3,182,Comm2,0.6342972089312868,0.012445250838531917,473
5,0.05,Comm3,183,Comm2,0.6341691946302065,0.0011507598400879707,819
5,0.05,Comm3,184,Comm2,0.6276566732922776,2.182200811393144e-06,572
5,0.05,Comm3,185,Comm2,0.6266674924125214,8.62256357384522e-08,385
5,0.05,Comm3,186,Comm2,0.6380214140397356,0.4377023360619977,482
5,0.05,Comm3,187,Comm2,0.6328661011214156,0.0076306953022215835,425
5,0.05,Comm3,188,Comm2,0.6337911361989286,0.0008668254966934717,947
5,0.05,Comm3,189,Comm2,0.6252975669246562,1.526406997589778e-09,653
5,0.05,Comm3,190,Comm2,0.6355363572468106,0.07924713344139206,290
5,0.05,Comm3,191,Comm2,0.6297813327688561,1.476984087166818e-05,477
5,0.05,Comm3,192,Comm2,0.6246062666213222,6.720187665038447e-10,963
5,0.05,Comm3,193,Comm2,0.6253885193229468,2.9503413381544556e-09,298
5,0.05,Comm3,194,Comm2,0.6334867366956566,0.011837739903620208,229
5,0.05,Comm3,195,Comm2,0.6242965001983038,5.42621101681629e-08,46
5,0.05,Comm3,196,Comm2,0.636874485991001,0.045175217156381384,139
5,0.05,Comm3,197,Comm2,0.6295499442529389,1.1386629364398925e-05,741
5,0.05,Comm3,198,Comm2,0.6251014934915743,1.647547780914241e-08,724
5,0.05,Comm3,199,Comm2,0.6281719882417176,4.395757990842772e-06,233
5,0.05,Comm3,200,Comm2,0.6275277666311116,5.105383648838352e-07,33
5,0.1,Comm1,1,Comm1,0.6252564709446531,0.0002204775172608118,108
5,0.1,Comm1,2,Comm1,0.63998123266171,68.27747393163854,790
5,0.1,Comm1,3,Comm1,0.6376666841216231,13.705215527461055,826
5,0.1,Comm1,4,Comm1,0.6317181245333683,0.24857795095913596,697
5,0.1,Comm1,5,Comm1,0.6301648809990668,0.05177807386352656,623
5,0.1,Comm1,6,Comm1,0.6280304645154788,0.0056511285732017335,862
5,0.1,Comm1,7,Comm1,0.6373497307737873,7.1203602262393595,202
5,0.1,Comm1,8,Comm1,0.6289143048213454,0.02773010060566679,575
5,0.1,Comm1,9,Comm1,0.6308611423744682,0.2284962336836971,268
5,0.1,Comm1,10,Comm1,0.6344676630354724,1.17528682470459,662
5,0.1,Comm1,11,Comm1,0.6374670421165979,16.83422760648555,13
5,0.1,Comm1,12,Comm1,0.6296479554170294,0.06877374022389575,953
5,0.1,Comm1,13,Comm1,0.6369535461876441,15.9055656036311,423
5,0.1,Comm1,14,Comm1,0.6320864190026109,0.8268709704938286,467
5,0.1,Comm1,15,Comm1,0.6332706193849451,1.5482704822024889,926
5,0.1,Comm1,16,Comm1,0.6377930342656624,9.039734523545862,278
5,0.1,Comm1,17,Comm1,0.6344635495719047,2.543421803088479,83
5,0.1,Comm1,18,Comm1,0.6301247508903446,0.06109100966423596,694
5,0.1,Comm1,19,Comm1,0.629158088778213,0.01935062413453179,633
5,0.1,Comm1,20,Comm1,0.635111223524376,0.6033718420241861,274
5,0.1,Comm1,21,Comm1,0.634832817103265,0.8385090834691,745
5,0.1,Comm1,22,Comm1,0.6331896958073724,0.5552668788310463,267
5,0.1,Comm1,23,Comm1,0.6303870861275817,0.09254705525006783,688
5,0.1,Comm1,24,Comm1,0.6341298089017272,0.3021388301696531,525
5,0.1,Comm1,25,Comm1,0.6307456592852877,0.1790912294720024,905
5,0.1,Comm1,26,Comm1,0.6399731396974521,23.022074774552102,554
5,0.1,Comm1,27,Comm1,0.6253594668412388,0.0010510402814785224,375
5,0.1,Comm1,28,Comm1,0.6321250011689156,0.47240202302469286,750
5,0.1,Comm1,29,Comm1,0.6311288715884069,0.09582210211895692,861
5,0.1,Comm1,30,Comm1,0.6393202162005782,44.881233828909984,681
5,0.1,Comm1,31,Comm1,0.6322411028001846,0.42488084858491765,51
5,0.1,Comm1,32,Comm1,0.6388614862965116,18.069742631562608,976
5,0.1,Comm1,33,Comm1,0.6260701610105477,0.008780865687788821,860
5,0.1,Comm1,34,Comm1,0.6328673206209491,0.8984291298847367,287
5,0.1,Comm1,35,Comm1,0.6281742255077365,0.005440804853410711,489
5,0.1,Comm1,36,Comm1,0.634086287286421,1.5615829318208247,920
5,0.1,Comm1,37,Comm1,0.631761367796342,0.1536923557899452,777
5,0.1,Comm1,38,Comm1,0.6373530682479714,18.06704725497982,921
5,0.1,Comm1,39,Comm1,0.6360915937611402,3.37013700042949,692
5,0.1,Comm1,40,Comm1,0.62551621906134,0.003253332119129263,401
5,0.1,Comm1,41,Comm1,0.6262446898081889,0.0022678984092662927,90
5,0.1,Comm1,42,Comm1,0.6395608237621723,46.328942815093235,594
5,0.1,Comm1,43,Comm1,0.636952355624712,9.90034753762127,103
5,0.1,Comm1,44,Comm1,0.6326322265167225,0.198522231715492,588
5,0.1,Comm1,45,Comm1,0.636456275839312,6.419108789707854,127
5,0.1,Comm1,46,Comm1,0.6395693720963265,30.461615930994096,751
5,0.1,Comm1,47,Comm1,0.6385513829271943,25.196551654048754,712
5,0.1,Comm1,48,Comm1,0.6268030284729837,0.006457966094077232,64
5,0.1,Comm1,49,Comm1,0.6341824032511342,0.3216234935273149,128
5,0.1,Comm1,50,Comm1,0.6348611374579769,0.6985175914685935,556
5,0.1,Comm1,51,Comm1,0.6280130454462332,0.03923627709984208,223
5,0.1,Comm1,52,Comm1,0.6334178621475299,0.5755494410852129,99
5,0.1,Comm1,53,Comm1,0.6374451050668428,16.127362881764768,209
5,0.1,Comm1,54,Comm1,0.629979988332318,0.029542270679369494,614
5,0.1,Comm1,55,Comm1,0.6267025947561825,0.004599737176265845,386
5,0.1,Comm1,56,Comm1,0.6297632771819062,0.0849315911447125,38
5,0.1,Comm1,57,Comm1,0.6259210075007796,0.0014493149554563878,14
5,0.1,Comm1,58,Comm1,0.6370948245169837,6.363873276243565,673
5,0.1,Comm1,59,Comm1,0.6257936096485924,0.0018170708581043834,271
5,0.1,Comm1,60,Comm1,0.6294091213826328,0.017916636299455946,880
5,0.1,Comm1,61,Comm1,0.6247426115000606,0.0054256101723928465,843
5,0.1,Comm1,62,Comm1,0.6273758381671002,0.014182173344443206,165
5,0.1,Comm1,63,Comm1,0.6324814154960069,0.8059401776908427,748
5,0.1,Comm1,64,Comm1,0.6357563160539713,3.375972791284641,179
5,0.1,Comm1,65,Comm1,0.6306653033882105,0.14991114358207278,639
5,0.1,Comm1,66,Comm1,0.6347589768369802,0.9647368827367585,24
5,0.1,Comm1,67,Comm1,0.6394236240789054,40.62025644126612,460
5,0.1,Comm1,68,Comm1,0.6329390524336649,1.275484297254444,12
5,0.1,Comm1,69,Comm1,0.628022787031123,0.007500000587382299,169
5,0.1,Comm1,70,Comm1,0.6305909517856862,0.13901333656682965,902
5,0.1,Comm1,71,Comm1,0.6336168831375546,0.9202946069112609,47
5,0.1,Comm1,72,Comm1,0.6304001093321969,0.07306607311323637,236
5,0.1,Comm1,73,Comm1,0.6275618880859439,0.019796768065146367,195
5,0.1,Comm1,74,Comm1,0.6391296346799229,29.044450335568758,719
5,0.1,Comm1,75,Comm1,0.6317263492159025,0.17444628870933987,708
5,0.1,Comm1,76,Comm1,0.6356733104616205,8.768931186014147,632
5,0.1,Comm1,77,Comm1,0.6304011328540002,0.061196601225118434,20
5,0.1,Comm1,78,Comm1,0.6376318075296343,9.91244234373643,664
5,0.1,Comm1,79,Comm1,0.6342749188241861,1.7396719985503337,469
5,0.1,Comm1,80,Comm1,0.6362772599385333,4.374937073919084,815
5,0.1,Comm1,81,Comm1,0.6331142685197794,0.2555120819163924,593
5,0.1,Comm1,82,Comm1,0.6337210793979876,1.422794080410451,865
5,0.1,Comm1,83,Comm1,0.6306734269452253,0.04659838158119359,234
5,0.1,Comm1,84,Comm1,0.6342463548250563,4.992661806139683,595
5,0.1,Comm1,85,Comm1,0.6251730781560979,0.005793812261775385,62
5,0.1,Comm1,86,Comm1,0.630907382386357,0.03809788664376092,543
5,0.1,Comm1,87,Comm1,0.6263741441596903,0.0023676936296539884,695
5,0.1,Comm1,88,Comm1,0.6332551100641638,0.8084376613937759,376
5,0.1,Comm1,89,Comm1,0.6253022254729933,0.0019340442930380706,3
5,0.1,Comm1,90,Comm1,0.6267299222300252,0.006777267981102963,656
5,0.1,Comm1,91,Comm1,0.635869017852075,8.147400860028748,265
5,0.1,Comm1,92,Comm1,0.6330657937441982,0.883605099152881,299
5,0.1,Comm1,93,Comm1,0.6397897586956265,28.806377271226733,441
5,0.1,Comm1,94,Comm1,0.638077955519661,17.778261782573587,794
5,0.1,Comm1,95,Comm1,0.6357388232027728,3.338128059026874,451
5,0.1,Comm1,96,Comm1,0.6365919382122663,8.070272647954027,513
5,0.1,Comm1,97,Comm1,0.6321854209792827,0.23426439598266158,4
5,0.1,Comm1,98,Comm1,0.6287999934746811,0.006009697476793272,601
5,0.1,Comm1,99,Comm1,0.6398020894143944,17.45892251025502,89
5,0.1,Comm1,100,Comm1,0.6278685504864076,0.010411782007171529,384
5,0.1,Comm2,1,Comm2,0.6395342149812366,50.759787507723466,52
5,0.1,Comm2,2,Comm2,0.6255460122523769,0.004077840023792856,501
5,0.1,Comm2,3,Comm2,0.6382801674627984,30.188202159170782,151
5,0.1,Comm2,4,Comm2,0.6318758163734148,0.4594062294539275,703
5,0.1,Comm2,5,Comm2,0.6367732861424712,17.027253569525357,858
5,0.1,Comm2,6,Comm2,0.6335032262312191,0.2387369083351259,877
5,0.1,Comm2,7,Comm2,0.6298605363633492,0.08504213923269636,254
5,0.1,Comm2,8,Comm2,0.6392452831527254,46.89785614696497,995
5,0.1,Comm2,9,Comm2,0.6271326215983382,0.012794300520698944,396
5,0.1,Comm2,10,Comm2,0.6341444642811357,2.1648387983970463,564
5,0.1,Comm2,11,Comm2,0.6240920919512278,0.0010661160723698256,911
5,0.1,Comm2,12,Comm2,0.6281931611414038,0.02479998141084025,546
5,0.1,Comm2,13,Comm2,0.6281159881357194,0.03646684281299422,241
5,0.1,Comm2,14,Comm2,0.6240237477237945,0.0002583659274217812,311
5,0.1,Comm2,15,Comm2,0.6257122512903155,0.00333228503273571,116
5,0.1,Comm2,16,Comm2,0.6241039358730773,0.0015510163620767689,171
5,0.1,Comm2,17,Comm2,0.6245574792477706,0.005459452997078333,117
5,0.1,Comm2,18,Comm2,0.6317641925279891,0.21725464919930812,94
5,0.1,Comm2,19,Comm2,0.6341772367032675,0.41364105670665147,630
5,0.1,Comm2,20,Comm2,0.635216274216662,1.698802761085205,368
5,0.1,Comm2,21,Comm2,0.6374185792351139,6.409922129935641,856
5,0.1,Comm2,22,Comm2,0.6318386227745146,0.1251164368252815,948
5,0.1,Comm2,23,Comm2,0.6399442508927613,48.98354728589502,713
5,0.1,Comm2,24,Comm2,0.630761876550412,0.05597652257358103,534
5,0.1,Comm2,25,Comm2,0.6301469833677042,0.05033060482732039,191
5,0.1,Comm2,26,Comm2,0.6246206217572141,0.0010829425982347702,164
5,0.1,Comm2,27,Comm2,0.6332054867229462,0.6193122398106966,440
5,0.1,Comm2,28,Comm2,0.62445222371008,0.0009119078404642157,399
5,0.1,Comm2,29,Comm2,0.6350523076564244,4.9849194349962,197
5,0.1,Comm2,30,Comm2,0.629983894466793,0.11935818062860677,585
5,0.1,Comm2,31,Comm2,0.6365282355092469,22.932437631120564,811
5,0.1,Comm2,32,Comm2,0.6387493454644709,42.822676830387856,485
5,0.1,Comm2,33,Comm2,0.6359800782129514,6.413566296016558,55
5,0.1,Comm2,34,Comm2,0.6393471086584092,31.556969660010072,914
5,0.1,Comm2,35,Comm2,0.6378099354828661,26.205253540697992,327
5,0.1,Comm2,36,Comm2,0.6277949006448663,0.03649960105586262,553
5,0.1,Comm2,37,Comm2,0.6327160703584791,1.1392728317988885,727
5,0.1,Comm2,38,Comm2,0.6323393304093693,0.2166315410014255,847
5,0.1,Comm2,39,Comm2,0.6276810771697389,0.03197633353700436,118
5,0.1,Comm2,40,Comm2,0.632210967582313,0.28446886585746306,567
5,0.1,Comm2,41,Comm2,0.6377241857624274,3.4409130281113947,928
5,0.1,Comm2,42,Comm2,0.6374766568358078,7.863166883226575,526
5,0.1,Comm2,43,Comm2,0.6316163259789908,0.16735690382838375,687
5,0.1,Comm2,44,Comm2,0.6272794389631661,0.0050093183483136,893
5,0.1,Comm2,45,Comm2,0.6321345551442598,0.43986658690870684,549
5,0.1,Comm2,46,Comm2,0.6352627210762617,6.242709559758553,17
5,0.1,Comm2,47,Comm2,0.6270939253575414,0.010078565157220491,342
5,0.1,Comm2,48,Comm2,0.6276747301901185,0.008628355523990345,218
5,0.1,Comm2,49,Comm2,0.6351920660836251,2.671612245909668,242
5,0.1,Comm2,50,Comm2,0.6281849552608164,0.02126957466404117,11
5,0.1,Comm2,51,Comm2,0.6265615868525352,0.05706500223978854,463
5,0.1,Comm2,52,Comm2,0.6390555667579813,41.93163381790947,978
5,0.1,Comm2,53,Comm2,0.6302943537923646,0.16941693527252943,442
5,0.1,Comm2,54,Comm2,0.6356408616768789,4.571756682262572,875
5,0.1,Comm2,55,Comm2,0.6318483984910813,0.12168408336569365,214
5,0.1,Comm2,56,Comm2,0.6327612984669282,1.1534532392254828,104
5,0.1,Comm2,57,Comm2,0.6386761828947203,12.881635724945786,113
5,0.1,Comm2,58,Comm2,0.6277284298779046,0.00656694469017522,333
5,0.1,Comm2,59,Comm2,0.6281438224663083,0.008198420219563605,931
5,0.1,Comm2,60,Comm2,0.6298736004232587,0.038401121976341934,733
5,0.1,Comm2,61,Comm2,0.6324355380142399,0.22107929518782765,273
5,0.1,Comm2,62,Comm2,0.6388971906674729,22.040204239656912,629
5,0.1,Comm2,63,Comm2,0.6344187588444307,3.046155007766639,305
5,0.1,Comm2,64,Comm2,0.6306701979385025,0.1360322620901082,304
5,0.1,Comm2,65,Comm2,0.6270205442794688,0.010517695109028495,286
5,0.1,Comm2,66,Comm2,0.6363090776990513,8.928095416932774,927
5,0.1,Comm2,67,Comm2,0.6354389410126148,1.6917070116985473,747
5,0.1,Comm2,68,Comm2,0.631983126019202,0.5055877432064293,402
5,0.1,Comm2,69,Comm2,0.6290641644785063,0.06913245136687753,611
5,0.1,Comm2,70,Comm2,0.6352823916430594,1.9485805823429223,371
5,0.1,Comm2,71,Comm2,0.635264041157436,2.7152401005446656,319
5,0.1,Comm2,72,Comm2,0.6324231715097692,1.158902695665068,569
5,0.1,Comm2,73,Comm2,0.6365288958357226,6.000622156605678,566
5,0.1,Comm2,74,Comm2,0.6265927859487646,0.009346529144464037,737
5,0.1,Comm2,75,Comm2,0.6389171726767733,29.12093635380795,949
5,0.1,Comm2,76,Comm2,0.6315341542464601,0.18231495172029344,504
5,0.1,Comm2,77,Comm2,0.6298657315778785,0.11261761733353626,897
5,0.1,Comm2,78,Comm2,0.6369696367738557,15.489568867130528,462
5,0.1,Comm2,79,Comm2,0.6318971871077493,0.31415681554166375,910
5,0.1,Comm2,80,Comm2,0.6378501803543624,26.22829047376774,180
5,0.1,Comm2,81,Comm2,0.6256704070377457,0.00036172179181586436,374
5,0.1,Comm2,82,Comm2,0.6342972089312868,1.46089977775967,473
5,0.1,Comm2,83,Comm2,0.6341691946302065,1.1308457446059899,819
5,0.1,Comm2,84,Comm2,0.6276566732922776,0.02645088338460313,572
5,0.1,Comm2,85,Comm2,0.6266674924125214,0.005489834334426506,385
5,0.1,Comm2,86,Comm2,0.6380214140397356,13.717981812062861,482
5,0.1,Comm2,87,Comm2,0.6328661011214156,5.051685138675111,425
5,0.1,Comm2,88,Comm2,0.6337911361989286,0.37078546257955763,947
5,0.1,Comm2,89,Comm2,0.6252975669246562,0.0007181873753986946,653
5,0.1,Comm2,90,Comm2,0.6355363572468106,8.527891338387748,290
5,0.1,Comm2,91,Comm2,0.6297813327688561,0.04212606028697491,477
5,0.1,Comm2,92,Comm2,0.6246062666213222,0.0013318891257984033,963
5,0.1,Comm2,93,Comm2,0.6253885193229468,0.0013436512503383707,298
5,0.1,Comm2,94,Comm2,0.6334867366956566,0.9182903981738719,229
5,0.1,Comm2,95,Comm2,0.6242965001983038,0.003434004913284576,46
5,0.1,Comm2,96,Comm2,0.636874485991001,5.453940453308619,139
5,0.1,Comm2,97,Comm2,0.6295499442529389,0.04902252508925239,741
5,0.1,Comm2,98,Comm2,0.6251014934915743,0.005914952197822637,724
5,0.1,Comm2,99,Comm2,0.6281719882417176,0.1255790464502818,233
5,0.1,Comm2,100,Comm2,0.6275277666311116,0.0162360758227798,33
5,0.1,Comm3,1,Comm1,0.6252564709446531,-1.6005810906126585e-09,108
5,0.1,Comm3,2,Comm1,0.63998123266171,70.77922637446463,790
5,0.1,Comm3,3,Comm1,0.6376666841216231,9.019526701260432,826
5,0.1,Comm3,4,Comm1,0.6317181245333683,0.002468445357768219,697
5,0.1,Comm3,5,Comm1,0.6301648809990668,0.00013941516033816881,623
5,0.1,Comm3,6,Comm1,0.6280304645154788,1.9547611074627146e-06,862
5,0.1,Comm3,7,Comm1,0.6373497307737873,3.132969536950551,202
5,0.1,Comm3,8,Comm1,0.6289143048213454,2.212668541809364e-05,575
5,0.1,Comm3,9,Comm1,0.6308611423744682,0.0011137479167797725,268
5,0.1,Comm3,10,Comm1,0.6344676630354724,0.11359837101311852,662
5,0.1,Comm3,11,Comm1,0.6374670421165979,8.974525986809764,13
5,0.1,Comm3,12,Comm1,0.6296479554170294,0.0011889888689053582,953
5,0.1,Comm3,13,Comm1,0.6369535461876441,11.422393312573714,423
5,0.1,Comm3,14,Comm1,0.6320864190026109,0.019928090674185252,467
5,0.1,Comm3,15,Comm1,0.6332706193849451,0.3365533052247494,926
5,0.1,Comm3,16,Comm1,0.6377930342656624,2.8960381838258966,278
5,0.1,Comm3,17,Comm1,0.6344635495719047,0.3390864403959501,83
5,0.1,Comm3,18,Comm1,0.6301247508903446,0.0002013187517538588,694
5,0.1,Comm3,19,Comm1,0.629158088778213,1.7520800832051303e-05,633
5,0.1,Comm3,20,Comm1,0.635111223524376,0.06459416635942146,274
5,0.1,Comm3,21,Comm1,0.634832817103265,0.03677110774453476,745
5,0.1,Comm3,22,Comm1,0.6331896958073724,0.010079128476507167,267
5,0.1,Comm3,23,Comm1,0.6303870861275817,0.0005781834426603982,688
5,0.1,Comm3,24,Comm1,0.6341298089017272,0.0049436197066395704,525
5,0.1,Comm3,25,Comm1,0.6307456592852877,0.001122072030409334,905
5,0.1,Comm3,26,Comm1,0.6399731396974521,13.068738110482055,554
5,0.1,Comm3,27,Comm1,0.6253594668412388,2.0021733002751136e-08,375
5,0.1,Comm3,28,Comm1,0.6321250011689156,0.04237511618150402,750
5,0.1,Comm3,29,Comm1,0.6311288715884069,0.0008266241667827992,861
5,0.1,Comm3,30,Comm1,0.6393202162005782,47.97072743891539,681
5,0.1,Comm3,31,Comm1,0.6322411028001846,0.011538777546592664,51
5,0.1,Comm3,32,Comm1,0.6388614862965116,22.93253427102782,976
5,0.1,Comm3,33,Comm1,0.6260701610105477,2.375856736156652e-06,860
5,0.1,Comm3,34,Comm1,0.6328673206209491,0.017823135966354535,287
5,0.1,Comm3,35,Comm1,0.6281742255077365,1.9341287216037915e-06,489
5,0.1,Comm3,36,Comm1,0.634086287286421,0.14698831393279213,920
5,0.1,Comm3,37,Comm1,0.631761367796342,0.0005533559192254277,777
5,0.1,Comm3,38,Comm1,0.6373530682479714,10.969343286807517,921
5,0.1,Comm3,39,Comm1,0.6360915937611402,1.1741782575479522,692
5,0.1,Comm3,40,Comm1,0.62551621906134,8.625856057522538e-07,401
5,0.1,Comm3,41,Comm1,0.6262446898081889,1.9147427647800367e-07,90
5,0.1,Comm3,42,Comm1,0.6395608237621723,54.2057958567186,594
5,0.1,Comm3,43,Comm1,0.636952355624712,2.8718729227565305,103
5,0.1,Comm3,44,Comm1,0.6326322265167225,0.002151248233648367,588
5,0.1,Comm3,45,Comm1,0.636456275839312,1.441609522766757,127
5,0.1,Comm3,46,Comm1,0.6395693720963265,38.179865668301645,751
5,0.1,Comm3,47,Comm1,0.6385513829271943,30.529973263904317,712
5,0.1,Comm3,48,Comm1,0.6268030284729837,3.1421492669226566e-06,64
5,0.1,Comm3,49,Comm1,0.6341824032511342,0.009630236487735934,128
5,0.1,Comm3,50,Comm1,0.6348611374579769,0.0076249585897676005,556
5,0.1,Comm3,51,Comm1,0.6280130454462332,5.596291734656388e-05,223
5,0.1,Comm3,52,Comm1,0.6334178621475299,0.025285073107871623,99
5,0.1,Comm3,53,Comm1,0.6374451050668428,17.62080968823982,209
5,0.1,Comm3,54,Comm1,0.629979988332318,1.1287463533515766e-05,614
5,0.1,Comm3,55,Comm1,0.6267025947561825,8.83773888900718e-07,386
5,0.1,Comm3,56,Comm1,0.6297632771819062,0.00018011091605329678,38
5,0.1,Comm3,57,Comm1,0.6259210075007796,4.175577893217754e-08,14
5,0.1,Comm3,58,Comm1,0.6370948245169837,4.551715306081017,673
5,0.1,Comm3,59,Comm1,0.6257936096485924,3.234246612526432e-08,271
5,0.1,Comm3,60,Comm1,0.6294091213826328,7.94676222148868e-05,880
5,0.1,Comm3,61,Comm1,0.6247426115000606,3.2505359421196944e-06,843
5,0.1,Comm3,62,Comm1,0.6273758381671002,9.30429716595341e-06,165
5,0.1,Comm3,63,Comm1,0.6324814154960069,0.06647979580955801,748
5,0.1,Comm3,64,Comm1,0.6357563160539713,0.5161549283561356,179
5,0.1,Comm3,65,Comm1,0.6306653033882105,0.0006053628780485349,639
5,0.1,Comm3,66,Comm1,0.6347589768369802,0.09224964349081786,24
5,0.1,Comm3,67,Comm1,0.6394236240789054,42.963451995625846,460
5,0.1,Comm3,68,Comm1,0.6329390524336649,0.04371484742130388,12
5,0.1,Comm3,69,Comm1,0.628022787031123,2.0277008687563312e-06,169
5,0.1,Comm3,70,Comm1,0.6305909517856862,0.0007443334275426931,902
5,0.1,Comm3,71,Comm1,0.6336168831375546,0.031863878340601066,47
5,0.1,Comm3,72,Comm1,0.6304001093321969,0.000195059130070497,236
5,0.1,Comm3,73,Comm1,0.6275618880859439,2.27209508976953e-05,195
5,0.1,Comm3,74,Comm1,0.6391296346799229,18.823460040762605,719
5,0.1,Comm3,75,Comm1,0.6317263492159025,0.0021603679052291055,708
5,0.1,Comm3,76,Comm1,0.6356733104616205,2.9304961880958844,632
5,0.1,Comm3,77,Comm1,0.6304011328540002,0.00045147550328078387,20
5,0.1,Comm3,78,Comm1,0.6376318075296343,9.077080724112653,664
5,0.1,Comm3,79,Comm1,0.6342749188241861,0.21526408879010842,469
5,0.1,Comm3,80,Comm1,0.6362772599385333,1.7639473040710905,815
5,0.1,Comm3,81,Comm1,0.6331142685197794,0.016499796228141614,593
5,0.1,Comm3,82,Comm1,0.6337210793979876,0.1657199335779375,865
5,0.1,Comm3,83,Comm1,0.6306734269452253,4.43770348492943e-05,234
5,0.1,Comm3,84,Comm1,0.6342463548250563,1.4337530512745336,595
5,0.1,Comm3,85,Comm1,0.6251730781560979,1.8241136214427746e-06,62
5,0.1,Comm3,86,Comm1,0.630907382386357,7.551268279703559e-05,543
5,0.1,Comm3,87,Comm1,0.6263741441596903,2.3432195119001202e-07,695
5,0.1,Comm3,88,Comm1,0.6332551100641638,0.08586795309995773,376
5,0.1,Comm3,89,Comm1,0.6253022254729933,1.2868206652751644e-07,3
5,0.1,Comm3,90,Comm1,0.6267299222300252,3.647891076311037e-06,656
5,0.1,Comm3,91,Comm1,0.635869017852075,5.888716838400099,265
5,0.1,Comm3,92,Comm1,0.6330657937441982,0.046110372842251814,299
5,0.1,Comm3,93,Comm1,0.6397897586956265,19.877023236346858,441
5,0.1,Comm3,94,Comm1,0.638077955519661,15.445693479028977,794
5,0.1,Comm3,95,Comm1,0.6357388232027728,0.5342287010386123,451
5,0.1,Comm3,96,Comm1,0.6365919382122663,1.3385607032563231,513
5,0.1,Comm3,97,Comm1,0.6321854209792827,0.005259029677738553,4
5,0.1,Comm3,98,Comm1,0.6287999934746811,1.0326748217813795e-06,601
5,0.1,Comm3,99,Comm1,0.6398020894143944,17.41740247642661,89
5,0.1,Comm3,100,Comm1,0.6278685504864076,3.166104745041766e-06,384
5,0.1,Comm3,101,Comm2,0.6395342149812366,17.568048315557817,52
5,0.1,Comm3,102,Comm2,0.6255460122523769,1.5308891327915852e-08,501
5,0.1,Comm3,103,Comm2,0.6382801674627984,2.9908324396157315,151
5,0.1,Comm3,104,Comm2,0.6318758163734148,0.001057342449748579,703
5,0.1,Comm3,105,Comm2,0.6367732861424712,0.8232995449134496,858
5,0.1,Comm3,106,Comm2,0.6335032262312191,0.0021298699849142066,877
5,0.1,Comm3,107,Comm2,0.6298605363633492,1.5292419883416892e-06,254
5,0.1,Comm3,108,Comm2,0.6392452831527254,11.44844345481488,995
5,0.1,Comm3,109,Comm2,0.6271326215983382,3.091265479863562e-07,396
5,0.1,Comm3,110,Comm2,0.6341444642811357,0.0042474258907986276,564
5,0.1,Comm3,111,Comm2,0.6240920919512278,5.653395802564496e-09,911
5,0.1,Comm3,112,Comm2,0.6281931611414038,3.1847302171658033e-06,546
5,0.1,Comm3,113,Comm2,0.6281159881357194,1.6609497348471554e-06,241
5,0.1,Comm3,114,Comm2,0.6240237477237945,-5.049902652744306e-11,311
5,0.1,Comm3,115,Comm2,0.6257122512903155,9.621967396766059e-08,116
5,0.1,Comm3,116,Comm2,0.6241039358730773,1.4152437886224474e-07,171
5,0.1,Comm3,117,Comm2,0.6245574792477706,2.0840642543238226e-07,117
5,0.1,Comm3,118,Comm2,0.6317641925279891,0.0004496237300754738,94
5,0.1,Comm3,119,Comm2,0.6341772367032675,0.004752186572935912,630
5,0.1,Comm3,120,Comm2,0.635216274216662,0.029692980151311527,368
5,0.1,Comm3,121,Comm2,0.6374185792351139,0.3573706906074351,856
5,0.1,Comm3,122,Comm2,0.6318386227745146,0.00017527986325536782,948
5,0.1,Comm3,123,Comm2,0.6399442508927613,16.010568229430607,713
5,0.1,Comm3,124,Comm2,0.630761876550412,3.726871889017542e-05,534
5,0.1,Comm3,125,Comm2,0.6301469833677042,1.1833761680508328e-05,191
5,0.1,Comm3,126,Comm2,0.6246206217572141,3.57133957398756e-09,164
5,0.1,Comm3,127,Comm2,0.6332054867229462,0.0035825064098174895,440
5,0.1,Comm3,128,Comm2,0.62445222371008,1.2753913117098025e-11,399
5,0.1,Comm3,129,Comm2,0.6350523076564244,0.01331856584737162,197
5,0.1,Comm3,130,Comm2,0.629983894466793,0.0002709877001430372,585
5,0.1,Comm3,131,Comm2,0.6365282355092469,2.4883671604687367,811
5,0.1,Comm3,132,Comm2,0.6387493454644709,11.04252398847086,485
5,0.1,Comm3,133,Comm2,0.6359800782129514,0.2971843307418105,55
5,0.1,Comm3,134,Comm2,0.6393471086584092,1.5048327688210488,914
5,0.1,Comm3,135,Comm2,0.6378099354828661,6.1678908692914645,327
5,0.1,Comm3,136,Comm2,0.6277949006448663,3.472348969394392e-06,553
5,0.1,Comm3,137,Comm2,0.6327160703584791,0.0013874315884948429,727
5,0.1,Comm3,138,Comm2,0.6323393304093693,0.00032884275892394634,847
5,0.1,Comm3,139,Comm2,0.6276810771697389,4.753215313385915e-06,118
5,0.1,Comm3,140,Comm2,0.632210967582313,0.00036242058414412783,567
5,0.1,Comm3,141,Comm2,0.6377241857624274,0.26774658366325427,928
5,0.1,Comm3,142,Comm2,0.6374766568358078,0.675729185397224,526
5,0.1,Comm3,143,Comm2,0.6316163259789908,7.744494762189179e-05,687
5,0.1,Comm3,144,Comm2,0.6272794389631661,1.0386717050283368e-07,893
5,0.1,Comm3,145,Comm2,0.6321345551442598,0.0012069061373237754,549
5,0.1,Comm3,146,Comm2,0.6352627210762617,0.07824883412982701,17
5,0.1,Comm3,147,Comm2,0.6270939253575414,4.642485074346425e-07,342
5,0.1,Comm3,148,Comm2,0.6276747301901185,8.883604480833074e-07,218
5,0.1,Comm3,149,Comm2,0.6351920660836251,0.027011488982756335,242
5,0.1,Comm3,150,Comm2,0.6281849552608164,8.482153487516233e-07,11
5,0.1,Comm3,151,Comm2,0.6265615868525352,1.5695558928205363e-06,463
5,0.1,Comm3,152,Comm2,0.6390555667579813,6.155624741808293,978
5,0.1,Comm3,153,Comm2,0.6302943537923646,3.2095079589236186e-05,442
5,0.1,Comm3,154,Comm2,0.6356408616768789,0.1065168454097494,875
5,0.1,Comm3,155,Comm2,0.6318483984910813,0.0004387203836600099,214
5,0.1,Comm3,156,Comm2,0.6327612984669282,0.0019213948573974227,104
5,0.1,Comm3,157,Comm2,0.6386761828947203,1.8966422315229867,113
5,0.1,Comm3,158,Comm2,0.6277284298779046,1.4815236191186535e-07,333
5,0.1,Comm3,159,Comm2,0.6281438224663083,4.93115085405917e-07,931
5,0.1,Comm3,160,Comm2,0.6298736004232587,2.902982253015488e-06,733
5,0.1,Comm3,161,Comm2,0.6324355380142399,0.00012157129258501084,273
5,0.1,Comm3,162,Comm2,0.6388971906674729,3.4890884011757266,629
5,0.1,Comm3,163,Comm2,0.6344187588444307,0.004185235770522353,305
5,0.1,Comm3,164,Comm2,0.6306701979385025,8.55736569455003e-05,304
5,0.1,Comm3,165,Comm2,0.6270205442794688,3.2719806300700494e-07,286
5,0.1,Comm3,166,Comm2,0.6363090776990513,0.29536639703195716,927
5,0.1,Comm3,167,Comm2,0.6354389410126148,0.017898431105812337,747
5,0.1,Comm3,168,Comm2,0.631983126019202,0.00018815322732755396,402
5,0.1,Comm3,169,Comm2,0.6290641644785063,3.113549263693147e-05,611
5,0.1,Comm3,170,Comm2,0.6352823916430594,0.1473689507806179,371
5,0.1,Comm3,171,Comm2,0.635264041157436,0.03313582804481264,319
5,0.1,Comm3,172,Comm2,0.6324231715097692,0.003296464853779939,569
5,0.1,Comm3,173,Comm2,0.6365288958357226,1.0482373337499167,566
5,0.1,Comm3,174,Comm2,0.6265927859487646,4.424730928917804e-07,737
5,0.1,Comm3,175,Comm2,0.6389171726767733,11.246996441033193,949
5,0.1,Comm3,176,Comm2,0.6315341542464601,9.116000964915462e-05,504
5,0.1,Comm3,177,Comm2,0.6298657315778785,2.6156359010817607e-05,897
5,0.1,Comm3,178,Comm2,0.6369696367738557,1.3790451021599617,462
5,0.1,Comm3,179,Comm2,0.6318971871077493,0.0001632879621707056,910
5,0.1,Comm3,180,Comm2,0.6378501803543624,1.5663899277692945,180
5,0.1,Comm3,181,Comm2,0.6256704070377457,3.5154751046955876e-12,374
5,0.1,Comm3,182,Comm2,0.6342972089312868,0.022134653284784433,473
5,0.1,Comm3,183,Comm2,0.6341691946302065,0.002211754390508376,819
5,0.1,Comm3,184,Comm2,0.6276566732922776,4.052243583169588e-06,572
5,0.1,Comm3,185,Comm2,0.6266674924125214,1.4354295007446087e-07,385
5,0.1,Comm3,186,Comm2,0.6380214140397356,0.7328350437419482,482
5,0.1,Comm3,187,Comm2,0.6328661011214156,0.015603513305232568,425
5,0.1,Comm3,188,Comm2,0.6337911361989286,0.0014959114401394775,947
5,0.1,Comm3,189,Comm2,0.6252975669246562,2.053404044216238e-09,653
5,0.1,Comm3,190,Comm2,0.6355363572468106,0.1432286315270105,290
5,0.1,Comm3,191,Comm2,0.6297813327688561,2.2880686785042917e-05,477
5,0.1,Comm3,192,Comm2,0.6246062666213222,-3.0788600160071094e-10,963
5,0.1,Comm3,193,Comm2,0.6253885193229468,4.229846321903005e-09,298
5,0.1,Comm3,194,Comm2,0.6334867366956566,0.018282891171715984,229
5,0.1,Comm3,195,Comm2,0.6242965001983038,8.58955326756891e-08,46
5,0.1,Comm3,196,Comm2,0.636874485991001,0.08698840542220071,139
5,0.1,Comm3,197,Comm2,0.6295499442529389,2.189448666030493e-05,741
5,0.1,Comm3,198,Comm2,0.6251014934915743,2.597194922948587e-08,724
5,0.1,Comm3,199,Comm2,0.6281719882417176,8.311175631926168e-06,233
5,0.1,Comm3,200,Comm2,0.6275277666311116,9.110323054607202e-07,33
6,0.01,Comm1,1,Comm1,0.6332454807895268,0.5259854469020837,824
6,0.01,Comm1,2,Comm1,0.6350633793923531,2.719403496597669,580
6,0.01,Comm1,3,Comm1,0.6324098519655746,0.37010056009968695,952
6,0.01,Comm1,4,Comm1,0.6338815279903534,1.3515074184036147,899
6,0.01,Comm1,5,Comm1,0.6349643784568672,5.038273445878965,271
6,0.01,Comm1,6,Comm1,0.6320471665551778,0.4015930534284861,314
6,0.01,Comm1,7,Comm1,0.6343195069637347,1.4237267027759986,658
6,0.01,Comm1,8,Comm1,0.6243609672639729,0.0017380043985011774,731
6,0.01,Comm1,9,Comm1,0.6347540036614124,1.3449479293159534,772
6,0.01,Comm1,10,Comm1,0.6245015546239627,0.0007408459866233789,885
6,0.01,Comm1,11,Comm1,0.6242930977802001,0.0015404846731085007,147
6,0.01,Comm1,12,Comm1,0.6288621504438096,0.010678700853550497,463
6,0.01,Comm1,13,Comm1,0.6246604383949443,0.001025238211214846,82
6,0.01,Comm1,14,Comm1,0.6319645618792561,0.7777690833928382,178
6,0.01,Comm1,15,Comm1,0.6392279718677334,31.331464266475468,596
6,0.01,Comm1,16,Comm1,0.6359418544404578,2.5549737216254513,38
6,0.01,Comm1,17,Comm1,0.6302108586374069,0.18062117020498175,231
6,0.01,Comm1,18,Comm1,0.6337157246813164,0.8970222573630203,730
6,0.01,Comm1,19,Comm1,0.6295035548141679,0.120856788458503,169
6,0.01,Comm1,20,Comm1,0.625822930623976,0.005344281377322129,371
6,0.01,Comm1,21,Comm1,0.6325501732728673,1.1807444475932944,652
6,0.01,Comm1,22,Comm1,0.6280558285250403,0.010844997402543124,40
6,0.01,Comm1,23,Comm1,0.6380106290687912,17.96402358392022,128
6,0.01,Comm1,24,Comm1,0.6382091895570361,23.14424700902255,745
6,0.01,Comm1,25,Comm1,0.6279217370470812,0.011243778654184973,255
6,0.01,Comm1,26,Comm1,0.6257612435887306,0.004174710963698139,467
6,0.01,Comm1,27,Comm1,0.6282744862907671,0.013102851611849358,998
6,0.01,Comm1,28,Comm1,0.6359202288977086,2.631381989943244,138
6,0.01,Comm1,29,Comm1,0.6399994505280046,38.07301711489022,775
6,0.01,Comm1,30,Comm1,0.6360814292878291,10.768531875809002,607
6,0.01,Comm1,31,Comm1,0.6323822580276266,0.7800985753529797,65
6,0.01,Comm1,32,Comm1,0.6250531013586749,0.0031752058754698186,157
6,0.01,Comm1,33,Comm1,0.6364614514010746,13.207248946979748,450
6,0.01,Comm1,34,Comm1,0.6335880244123469,1.3999939427288879,135
6,0.01,Comm1,35,Comm1,0.6314798664523563,0.46084554726697,814
6,0.01,Comm1,36,Comm1,0.6267093613254201,0.01124344376395986,624
6,0.01,Comm1,37,Comm1,0.627488037933455,0.012379667612559625,575
6,0.01,Comm1,38,Comm1,0.6336367598533089,2.521363646448352,668
6,0.01,Comm1,39,Comm1,0.6306806281561306,0.019238901719691424,315
6,0.01,Comm1,40,Comm1,0.6297661230683682,0.090758803299615,407
6,0.01,Comm1,41,Comm1,0.6301066139478523,0.06373029945587594,318
6,0.01,Comm1,42,Comm1,0.6281851166952881,0.01822897817224818,758
6,0.01,Comm1,43,Comm1,0.6263539965886081,0.004741667713465113,961
6,0.01,Comm1,44,Comm1,0.6358139192415962,11.371005347900649,295
6,0.01,Comm1,45,Comm1,0.6332410731113541,0.7168957070352192,628
6,0.01,Comm1,46,Comm1,0.6366717592834262,6.516892706233812,363
6,0.01,Comm1,47,Comm1,0.6371552194856401,4.001448880158513,332
6,0.01,Comm1,48,Comm1,0.6363864694557111,3.046130069529128,887
6,0.01,Comm1,49,Comm1,0.6274475485652524,0.025773733537872472,201
6,0.01,Comm1,50,Comm1,0.6374240026670291,7.0689922155677625,822
6,0.01,Comm1,51,Comm1,0.6252467471001508,0.0018413859509792123,793
6,0.01,Comm1,52,Comm1,0.6360070532953628,7.881525315064366,152
6,0.01,Comm1,53,Comm1,0.6359379910877421,5.692088609290365,427
6,0.01,Comm1,54,Comm1,0.6379742003690136,11.680526402797662,898
6,0.01,Comm1,55,Comm1,0.6325717244263906,0.8704539009116306,225
6,0.01,Comm1,56,Comm1,0.6301947137687663,0.23113013354231568,151
6,0.01,Comm1,57,Comm1,0.6298323521302527,0.10886697331626005,237
6,0.01,Comm1,58,Comm1,0.6265363751753295,0.00285201359947613,207
6,0.01,Comm1,59,Comm1,0.6277362973811894,0.008427799475818626,156
6,0.01,Comm1,60,Comm1,0.636517508712694,13.38931015941834,884
6,0.01,Comm1,61,Comm1,0.6375177456412682,7.492221294269688,173
6,0.01,Comm1,62,Comm1,0.6347034023075687,5.180806022843055,834
6,0.01,Comm1,63,Comm1,0.6320136509766993,0.5392873001864726,778
6,0.01,Comm1,64,Comm1,0.635777594481559,2.746932745623374,572
6,0.01,Comm1,65,Comm1,0.6393320179815432,37.382462145844826,109
6,0.01,Comm1,66,Comm1,0.6307933196650163,0.04385605915732646,319
6,0.01,Comm1,67,Comm1,0.6256617596738463,0.0010537751102441379,368
6,0.01,Comm1,68,Comm1,0.6293204242136163,0.02591043633273963,565
6,0.01,Comm1,69,Comm1,0.636231322306454,2.1774941484134405,278
6,0.01,Comm1,70,Comm1,0.6248276823087179,0.001951756709809094,247
6,0.01,Comm1,71,Comm1,0.6381917603128687,30.683654275089694,589
6,0.01,Comm1,72,Comm1,0.6331407153742863,1.3053930210774254,966
6,0.01,Comm1,73,Comm1,0.6293245156660369,0.11978238165396092,721
6,0.01,Comm1,74,Comm1,0.6333800666558456,4.095111302754554,648
6,0.01,Comm1,75,Comm1,0.639120360139421,66.46942881774608,383
6,0.01,Comm1,76,Comm1,0.6375458132071715,9.775520289629311,768
6,0.01,Comm1,77,Comm1,0.6378380794286052,10.7045336870383,999
6,0.01,Comm1,78,Comm1,0.629114741472031,0.02591916318219616,770
6,0.01,Comm1,79,Comm1,0.6309826227297007,0.06937236834354701,817
6,0.01,Comm1,80,Comm1,0.6333725615903708,0.5260630575898121,682
6,0.01,Comm1,81,Comm1,0.6291536696121426,0.052568058517923934,843
6,0.01,Comm1,82,Comm1,0.635461677224,10.038433301088265,713
6,0.01,Comm1,83,Comm1,0.6351106039364449,4.114700180382919,239
6,0.01,Comm1,84,Comm1,0.625165253899104,0.0022463154128539217,987
6,0.01,Comm1,85,Comm1,0.6243797646412214,0.0007002006985951099,725
6,0.01,Comm1,86,Comm1,0.6322682782957241,0.3060398649203291,409
6,0.01,Comm1,87,Comm1,0.6377227565855982,7.126463824615609,161
6,0.01,Comm1,88,Comm1,0.6390353023133514,28.394881554254678,402
6,0.01,Comm1,89,Comm1,0.6302720588666513,0.0813776356869696,108
6,0.01,Comm1,90,Comm1,0.6389283525906967,36.151726756327896,133
6,0.01,Comm1,91,Comm1,0.632263942750555,0.20464897958462971,140
6,0.01,Comm1,92,Comm1,0.6257385341546297,0.0032250686173259492,849
6,0.01,Comm1,93,Comm1,0.6253595910204512,0.003378984333137045,418
6,0.01,Comm1,94,Comm1,0.6246869336790439,0.0005076381492045582,722
6,0.01,Comm1,95,Comm1,0.6312526747795761,0.30799185533900963,98
6,0.01,Comm1,96,Comm1,0.6380683696062988,24.367526263594833,917
6,0.01,Comm1,97,Comm1,0.6381157444211929,34.8727062292657,818
6,0.01,Comm1,98,Comm1,0.6394888076823952,36.91116317029439,975
6,0.01,Comm1,99,Comm1,0.6296507306345405,0.10166233003502298,203
6,0.01,Comm1,100,Comm1,0.6302987139243532,0.21301259818075152,710
6,0.01,Comm2,1,Comm2,0.6265641394653497,0.007144156372667714,957
6,0.01,Comm2,2,Comm2,0.6359635609592875,18.186109042970955,176
6,0.01,Comm2,3,Comm2,0.6243363685207787,0.0005586856393795256,872
6,0.01,Comm2,4,Comm2,0.632232235747349,0.817037464385618,124
6,0.01,Comm2,5,Comm2,0.6287183370284577,0.02304898540812518,149
6,0.01,Comm2,6,Comm2,0.6346796709767714,2.0200714355568747,488
6,0.01,Comm2,7,Comm2,0.6357114653472371,8.101655124828516,709
6,0.01,Comm2,8,Comm2,0.6397130761631734,34.01391431013569,612
6,0.01,Comm2,9,Comm2,0.632357570928226,0.6673049278476322,253
6,0.01,Comm2,10,Comm2,0.6315229222049148,0.30546544570190987,6
6,0.01,Comm2,11,Comm2,0.6342460047290169,2.270632128456492,858
6,0.01,Comm2,12,Comm2,0.6242068253456082,0.0005343798886829175,674
6,0.01,Comm2,13,Comm2,0.6357421307380711,7.314402971576003,497
6,0.01,Comm2,14,Comm2,0.6347023348140626,5.64660957981527,57
6,0.01,Comm2,15,Comm2,0.6273292817975001,0.0060673971439763694,880
6,0.01,Comm2,16,Comm2,0.6353917025850393,2.9630641127626656,223
6,0.01,Comm2,17,Comm2,0.6381641109316241,4.572265381530997,697
6,0.01,Comm2,18,Comm2,0.625203299760717,0.000905018919980003,74
6,0.01,Comm2,19,Comm2,0.6340190650543944,2.867755814910177,45
6,0.01,Comm2,20,Comm2,0.6297363741770039,0.06436115916912838,661
6,0.01,Comm2,21,Comm2,0.6399580199691502,34.26831124349074,441
6,0.01,Comm2,22,Comm2,0.6384360202642347,36.59763523518377,863
6,0.01,Comm2,23,Comm2,0.6386357180501271,14.017913922369239,209
6,0.01,Comm2,24,Comm2,0.627448302497964,0.018688086282828562,764
6,0.01,Comm2,25,Comm2,0.6395970453320848,18.793045018713336,331
6,0.01,Comm2,26,Comm2,0.6342393703674497,2.730987706975,795
6,0.01,Comm2,27,Comm2,0.6389732186765783,27.250165406347232,798
6,0.01,Comm2,28,Comm2,0.6324703243736328,0.2474109913218636,781
6,0.01,Comm2,29,Comm2,0.6380712283677192,22.536818092366666,189
6,0.01,Comm2,30,Comm2,0.6367985039181725,9.496794141405807,155
6,0.01,Comm2,31,Comm2,0.6244978627193647,0.0002550314919127992,338
6,0.01,Comm2,32,Comm2,0.6393328539883958,15.951743650272862,3
6,0.01,Comm2,33,Comm2,0.626839104565054,0.014461763011147218,808
6,0.01,Comm2,34,Comm2,0.6357021127403027,3.7003676804295034,707
6,0.01,Comm2,35,Comm2,0.6351710080560987,2.1244546957900807,901
6,0.01,Comm2,36,Comm2,0.631228010259151,0.0381633945907812,484
6,0.01,Comm2,37,Comm2,0.6391238461227821,51.788260038740695,558
6,0.01,Comm2,38,Comm2,0.6346334744116267,1.5414230912717144,8
6,0.01,Comm2,39,Comm2,0.6268822688492506,0.0137680649443081,16
6,0.01,Comm2,40,Comm2,0.6268032941612202,0.0036125406452648117,313
6,0.01,Comm2,41,Comm2,0.6246648002416556,0.00041944233178637416,848
6,0.01,Comm2,42,Comm2,0.6307909055974912,0.17138983594483068,738
6,0.01,Comm2,43,Comm2,0.632901128949665,0.6696941266109059,285
6,0.01,Comm2,44,Comm2,0.6329829507450457,1.1703483093246416,465
6,0.01,Comm2,45,Comm2,0.6248270595509583,0.00096476700782395,437
6,0.01,Comm2,46,Comm2,0.6384591747828187,22.19924830821494,995
6,0.01,Comm2,47,Comm2,0.6290473340804309,0.024497301822062167,574
6,0.01,Comm2,48,Comm2,0.6332630082910573,0.47155742925081534,360
6,0.01,Comm2,49,Comm2,0.6272350493748646,0.016365913371414315,870
6,0.01,Comm2,50,Comm2,0.6381581672093675,27.469029006507515,840
6,0.01,Comm2,51,Comm2,0.6283894267473686,0.029424549882837065,399
6,0.01,Comm2,52,Comm2,0.6266734700714504,0.0029392997028342147,950
6,0.01,Comm2,53,Comm2,0.6330653828868379,0.1394638675838153,940
6,0.01,Comm2,54,Comm2,0.6259407034123837,0.0009571053017196691,905
6,0.01,Comm2,55,Comm2,0.6257336938464403,0.0116712173730698,739
6,0.01,Comm2,56,Comm2,0.6257878727561416,0.0013170625935475272,702
6,0.01,Comm2,57,Comm2,0.6325652148566424,0.3351092998731659,417
6,0.01,Comm2,58,Comm2,0.6255158619053778,0.003464367299742379,180
6,0.01,Comm2,59,Comm2,0.6295221709730788,0.02911063241974138,900
6,0.01,Comm2,60,Comm2,0.6245690717422879,0.0030584581855042014,168
6,0.01,Comm2,61,Comm2,0.6326007054207335,0.6404476928141888,211
6,0.01,Comm2,62,Comm2,0.6253186414181675,0.0012130212687352332,297
6,0.01,Comm2,63,Comm2,0.6323659887838329,0.16554425527268388,355
6,0.01,Comm2,64,Comm2,0.6254386590767399,0.0009362295218511426,397
6,0.01,Comm2,65,Comm2,0.6301977750550172,0.039080361140475285,990
6,0.01,Comm2,66,Comm2,0.6308220650893952,0.07645498519402483,248
6,0.01,Comm2,67,Comm2,0.6296853995577277,0.03858226384480996,198
6,0.01,Comm2,68,Comm2,0.626121387389903,0.00832377041697385,320
6,0.01,Comm2,69,Comm2,0.6277767109133875,0.0041660332654199364,336
6,0.01,Comm2,70,Comm2,0.6393521234863272,26.26897673722608,213
6,0.01,Comm2,71,Comm2,0.6241086839524872,0.0009058957229388905,487
6,0.01,Comm2,72,Comm2,0.6387000543571058,13.992276015911314,302
6,0.01,Comm2,73,Comm2,0.6307495445691782,0.21383669422799534,200
6,0.01,Comm2,74,Comm2,0.6254633656158328,0.0010044089132994415,750
6,0.01,Comm2,75,Comm2,0.6250207527328826,0.0023975384291866774,548
6,0.01,Comm2,76,Comm2,0.6379294074093903,18.39593400350816,993
6,0.01,Comm2,77,Comm2,0.6321541153078852,0.464625408760921,93
6,0.01,Comm2,78,Comm2,0.6359101751103866,5.42026893596987,32
6,0.01,Comm2,79,Comm2,0.6302089155451868,0.33095989058162656,700
6,0.01,Comm2,80,Comm2,0.6377538807606902,6.21095932005183,978
6,0.01,Comm2,81,Comm2,0.635722575914017,3.060515273428998,104
6,0.01,Comm2,82,Comm2,0.6294512570734924,0.047847209451632365,810
6,0.01,Comm2,83,Comm2,0.639565124388987,12.133636222109656,889
6,0.01,Comm2,84,Comm2,0.629309796242769,0.031533513514378136,111
6,0.01,Comm2,85,Comm2,0.624501342714953,0.003319916101979231,148
6,0.01,Comm2,86,Comm2,0.6349676268204217,1.8365652800331518,788
6,0.01,Comm2,87,Comm2,0.628639143476369,0.01087456059504165,815
6,0.01,Comm2,88,Comm2,0.6340927432847177,1.3104079295299058,692
6,0.01,Comm2,89,Comm2,0.629823228470198,0.07866959426232674,958
6,0.01,Comm2,90,Comm2,0.6254413006018414,0.012487467513783568,507
6,0.01,Comm2,91,Comm2,0.6375284716103513,11.6105627251287,543
6,0.01,Comm2,92,Comm2,0.6260982522056976,0.003497816826139316,306
6,0.01,Comm2,93,Comm2,0.638977069758598,58.58344406699546,908
6,0.01,Comm2,94,Comm2,0.636838671463387,9.65177426778599,429
6,0.01,Comm2,95,Comm2,0.6255507659945228,0.004267609831584572,587
6,0.01,Comm2,96,Comm2,0.6340371826703266,1.6751409156744657,670
6,0.01,Comm2,97,Comm2,0.6379361501788763,17.804438021023262,602
6,0.01,Comm2,98,Comm2,0.6355183481858975,3.4023738009377453,547
6,0.01,Comm2,99,Comm2,0.6381190127224514,23.61814736680018,633
6,0.01,Comm2,100,Comm2,0.6274299619557667,0.005872184237356413,228
6,0.01,Comm3,1,Comm1,0.6332454807895268,0.019022895057739745,824
6,0.01,Comm3,2,Comm1,0.6350633793923531,0.27086614170285794,580
6,0.01,Comm3,3,Comm1,0.6324098519655746,0.010169611082466602,952
6,0.01,Comm3,4,Comm1,0.6338815279903534,0.24509560647384626,899
6,0.01,Comm3,5,Comm1,0.6349643784568672,1.05096155400741,271
6,0.01,Comm3,6,Comm1,0.6320471665551778,0.006330388131161865,314
6,0.01,Comm3,7,Comm1,0.6343195069637347,0.0743710679102571,658
6,0.01,Comm3,8,Comm1,0.6243609672639729,3.8594253937454296e-08,731
6,0.01,Comm3,9,Comm1,0.6347540036614124,0.058045033898815455,772
6,0.01,Comm3,10,Comm1,0.6245015546239627,6.487189454988659e-09,885
6,0.01,Comm3,11,Comm1,0.6242930977802001,2.9131124628210877e-08,147
6,0.01,Comm3,12,Comm1,0.6288621504438096,5.154748414234232e-06,463
6,0.01,Comm3,13,Comm1,0.6246604383949443,4.8913088829170363e-08,82
6,0.01,Comm3,14,Comm1,0.6319645618792561,0.010833782278177712,178
6,0.01,Comm3,15,Comm1,0.6392279718677334,23.365697112150745,596
6,0.01,Comm3,16,Comm1,0.6359418544404578,0.24429668792369869,38
6,0.01,Comm3,17,Comm1,0.6302108586374069,0.0008248704569151292,231
6,0.01,Comm3,18,Comm1,0.6337157246813164,0.02320832919250103,730
6,0.01,Comm3,19,Comm1,0.6295035548141679,0.0007687852685471087,169
6,0.01,Comm3,20,Comm1,0.625822930623976,1.5935027715982533e-06,371
6,0.01,Comm3,21,Comm1,0.6325501732728673,0.06770105927791545,652
6,0.01,Comm3,22,Comm1,0.6280558285250403,2.9596814967467083e-06,40
6,0.01,Comm3,23,Comm1,0.6380106290687912,11.569165075491126,128
6,0.01,Comm3,24,Comm1,0.6382091895570361,26.098560553074588,745
6,0.01,Comm3,25,Comm1,0.6279217370470812,3.936837436988643e-06,255
6,0.01,Comm3,26,Comm1,0.6257612435887306,3.937593053069969e-06,467
6,0.01,Comm3,27,Comm1,0.6282744862907671,4.251644723837105e-06,998
6,0.01,Comm3,28,Comm1,0.6359202288977086,0.4660460716637941,138
6,0.01,Comm3,29,Comm1,0.6399994505280046,50.090801906895535,775
6,0.01,Comm3,30,Comm1,0.6360814292878291,5.162565591911832,607
6,0.01,Comm3,31,Comm1,0.6323822580276266,0.0715503117770035,65
6,0.01,Comm3,32,Comm1,0.6250531013586749,2.5866993433327506e-07,157
6,0.01,Comm3,33,Comm1,0.6364614514010746,17.303812001221445,450
6,0.01,Comm3,34,Comm1,0.6335880244123469,0.39487171719964487,135
6,0.01,Comm3,35,Comm1,0.6314798664523563,0.006417827342507268,814
6,0.01,Comm3,36,Comm1,0.6267093613254201,6.026767913754804e-06,624
6,0.01,Comm3,37,Comm1,0.627488037933455,1.0890208082575424e-05,575
6,0.01,Comm3,38,Comm1,0.6336367598533089,0.49940386430915196,668
6,0.01,Comm3,39,Comm1,0.6306806281561306,5.861575871957204e-05,315
6,0.01,Comm3,40,Comm1,0.6297661230683682,0.0011590849783767844,407
6,0.01,Comm3,41,Comm1,0.6301066139478523,0.0004059058830051455,318
6,0.01,Comm3,42,Comm1,0.6281851166952881,2.192461588656894e-06,758
6,0.01,Comm3,43,Comm1,0.6263539965886081,9.96393906859996e-07,961
6,0.01,Comm3,44,Comm1,0.6358139192415962,6.366646720624619,295
6,0.01,Comm3,45,Comm1,0.6332410731113541,0.02297532050444991,628
6,0.01,Comm3,46,Comm1,0.6366717592834262,3.9129961538613607,363
6,0.01,Comm3,47,Comm1,0.6371552194856401,1.5487952019754954,332
6,0.01,Comm3,48,Comm1,0.6363864694557111,1.057301148404073,887
6,0.01,Comm3,49,Comm1,0.6274475485652524,1.3256181878287689e-05,201
6,0.01,Comm3,50,Comm1,0.6374240026670291,4.5290948046543225,822
6,0.01,Comm3,51,Comm1,0.6252467471001508,4.3888672398172437e-07,793
6,0.01,Comm3,52,Comm1,0.6360070532953628,2.4379331615448794,152
6,0.01,Comm3,53,Comm1,0.6359379910877421,2.6827569567106737,427
6,0.01,Comm3,54,Comm1,0.6379742003690136,16.76212383454632,898
6,0.01,Comm3,55,Comm1,0.6325717244263906,0.027603463962489305,225
6,0.01,Comm3,56,Comm1,0.6301947137687663,0.004439407238397808,151
6,0.01,Comm3,57,Comm1,0.6298323521302527,0.0002908486171584908,237
6,0.01,Comm3,58,Comm1,0.6265363751753295,7.597732104723798e-07,207
6,0.01,Comm3,59,Comm1,0.6277362973811894,6.291431533354731e-06,156
6,0.01,Comm3,60,Comm1,0.636517508712694,6.200341879647553,884
6,0.01,Comm3,61,Comm1,0.6375177456412682,13.942257921552493,173
6,0.01,Comm3,62,Comm1,0.6347034023075687,1.7829938032866721,834
6,0.01,Comm3,63,Comm1,0.6320136509766993,0.03419348800829452,778
6,0.01,Comm3,64,Comm1,0.635777594481559,0.5245783922257574,572
6,0.01,Comm3,65,Comm1,0.6393320179815432,38.264903820870856,109
6,0.01,Comm3,66,Comm1,0.6307933196650163,0.000349073546733403,319
6,0.01,Comm3,67,Comm1,0.6256617596738463,7.39092786048693e-08,368
6,0.01,Comm3,68,Comm1,0.6293204242136163,2.3609646116009257e-05,565
6,0.01,Comm3,69,Comm1,0.636231322306454,0.6458530442700349,278
6,0.01,Comm3,70,Comm1,0.6248276823087179,8.388547858286878e-08,247
6,0.01,Comm3,71,Comm1,0.6381917603128687,26.392543112311895,589
6,0.01,Comm3,72,Comm1,0.6331407153742863,0.10674136857321503,966
6,0.01,Comm3,73,Comm1,0.6293245156660369,0.001996601773195954,721
6,0.01,Comm3,74,Comm1,0.6333800666558456,0.23844328979414292,648
6,0.01,Comm3,75,Comm1,0.639120360139421,78.14592293664003,383
6,0.01,Comm3,76,Comm1,0.6375458132071715,5.435762049190984,768
6,0.01,Comm3,77,Comm1,0.6378380794286052,5.77029301973364,999
6,0.01,Comm3,78,Comm1,0.629114741472031,6.594158833145384e-05,770
6,0.01,Comm3,79,Comm1,0.6309826227297007,0.0008506234726854553,817
6,0.01,Comm3,80,Comm1,0.6333725615903708,0.008732599382572297,682
6,0.01,Comm3,81,Comm1,0.6291536696121426,7.366329670012479e-05,843
6,0.01,Comm3,82,Comm1,0.635461677224,7.940243276505916,713
6,0.01,Comm3,83,Comm1,0.6351106039364449,1.2518697094238198,239
6,0.01,Comm3,84,Comm1,0.625165253899104,1.9437204820963401e-07,987
6,0.01,Comm3,85,Comm1,0.6243797646412214,4.037185271500527e-09,725
6,0.01,Comm3,86,Comm1,0.6322682782957241,0.004071041932294671,409
6,0.01,Comm3,87,Comm1,0.6377227565855982,2.8808336801434,161
6,0.01,Comm3,88,Comm1,0.6390353023133514,40.82037720774243,402
6,0.01,Comm3,89,Comm1,0.6302720588666513,0.0003677711739299926,108
6,0.01,Comm3,90,Comm1,0.6389283525906967,50.45193585204094,133
6,0.01,Comm3,91,Comm1,0.632263942750555,0.004093572090264276,140
6,0.01,Comm3,92,Comm1,0.6257385341546297,2.5168835618387277e-07,849
6,0.01,Comm3,93,Comm1,0.6253595910204512,1.2308806108640673e-06,418
6,0.01,Comm3,94,Comm1,0.6246869336790439,1.6135937083723505e-08,722
6,0.01,Comm3,95,Comm1,0.6312526747795761,0.007396248028570099,98
6,0.01,Comm3,96,Comm1,0.6380683696062988,17.427769544833424,917
6,0.01,Comm3,97,Comm1,0.6381157444211929,57.76090140934958,818
6,0.01,Comm3,98,Comm1,0.6394888076823952,48.71201393405401,975
6,0.01,Comm3,99,Comm1,0.6296507306345405,0.0003848528844613573,203
6,0.01,Comm3,100,Comm1,0.6302987139243532,0.0014320647370987209,710
6,0.01,Comm3,101,Comm2,0.6265641394653497,4.4483544859219015e-08,957
6,0.01,Comm3,102,Comm2,0.6359635609592875,0.04346240538194027,176
6,0.01,Comm3,103,Comm2,0.6243363685207787,1.9840056343491156e-11,872
6,0.01,Comm3,104,Comm2,0.632232235747349,0.00020660552087330372,124
6,0.01,Comm3,105,Comm2,0.6287183370284577,3.690271779943468e-07,149
6,0.01,Comm3,106,Comm2,0.6346796709767714,0.004357235350454057,488
6,0.01,Comm3,107,Comm2,0.6357114653472371,0.010849023694677664,709
6,0.01,Comm3,108,Comm2,0.6397130761631734,3.5906326262828707,612
6,0.01,Comm3,109,Comm2,0.632357570928226,0.0001398263263725702,253
6,0.01,Comm3,110,Comm2,0.6315229222049148,6.124889117257193e-05,6
6,0.01,Comm3,111,Comm2,0.6342460047290169,0.0038228748564782334,858
6,0.01,Comm3,112,Comm2,0.6242068253456082,5.363725170710302e-11,674
6,0.01,Comm3,113,Comm2,0.6357421307380711,0.12384960829819516,497
6,0.01,Comm3,114,Comm2,0.6347023348140626,0.009324371478807854,57
6,0.01,Comm3,115,Comm2,0.6273292817975001,8.348747507468378e-08,880
6,0.01,Comm3,116,Comm2,0.6353917025850393,0.0013620787947312696,223
6,0.01,Comm3,117,Comm2,0.6381641109316241,0.1528474635182581,697
6,0.01,Comm3,118,Comm2,0.625203299760717,1.849085132747829e-09,74
6,0.01,Comm3,119,Comm2,0.6340190650543944,0.0022700291660786758,45
6,0.01,Comm3,120,Comm2,0.6297363741770039,1.0852923735993088e-05,661
6,0.01,Comm3,121,Comm2,0.6399580199691502,2.84164664613236,441
6,0.01,Comm3,122,Comm2,0.6384360202642347,0.39955325047116363,863
6,0.01,Comm3,123,Comm2,0.6386357180501271,0.3136323796578556,209
6,0.01,Comm3,124,Comm2,0.627448302497964,1.205800632066694e-07,764
6,0.01,Comm3,125,Comm2,0.6395970453320848,0.5196327479072986,331
6,0.01,Comm3,126,Comm2,0.6342393703674497,0.0021801589435702785,795
6,0.01,Comm3,127,Comm2,0.6389732186765783,0.36844789947326884,798
6,0.01,Comm3,128,Comm2,0.6324703243736328,0.00010201852125791087,781
6,0.01,Comm3,129,Comm2,0.6380712283677192,0.19256639043608487,189
6,0.01,Comm3,130,Comm2,0.6367985039181725,0.17085126150055763,155
6,0.01,Comm3,131,Comm2,0.6244978627193647,2.2327506309589324e-11,338
6,0.01,Comm3,132,Comm2,0.6393328539883958,0.30638615580090567,3
6,0.01,Comm3,133,Comm2,0.626839104565054,4.013678749923106e-08,808
6,0.01,Comm3,134,Comm2,0.6357021127403027,0.020733565694962024,707
6,0.01,Comm3,135,Comm2,0.6351710080560987,0.004248087182081285,901
6,0.01,Comm3,136,Comm2,0.631228010259151,2.6324297386461723e-06,484
6,0.01,Comm3,137,Comm2,0.6391238461227821,1.8505883020777734,558
6,0.01,Comm3,138,Comm2,0.6346334744116267,0.0027369569355351845,8
6,0.01,Comm3,139,Comm2,0.6268822688492506,5.044276394418411e-08,16
6,0.01,Comm3,140,Comm2,0.6268032941612202,2.0661979158893822e-08,313
6,0.01,Comm3,141,Comm2,0.6246648002416556,-2.192767670962328e-11,848
6,0.01,Comm3,142,Comm2,0.6307909055974912,7.551220337277323e-06,738
6,0.01,Comm3,143,Comm2,0.632901128949665,6.239423063768156e-05,285
6,0.01,Comm3,144,Comm2,0.6329829507450457,0.0004587595653059124,465
6,0.01,Comm3,145,Comm2,0.6248270595509583,3.466930695984108e-10,437
6,0.01,Comm3,146,Comm2,0.6384591747828187,1.5325993169206302,995
6,0.01,Comm3,147,Comm2,0.6290473340804309,2.9001933916701016e-07,574
6,0.01,Comm3,148,Comm2,0.6332630082910573,0.00016397185765709444,360
6,0.01,Comm3,149,Comm2,0.6272350493748646,2.85178836114521e-09,870
6,0.01,Comm3,150,Comm2,0.6381581672093675,0.2165329177651967,840
6,0.01,Comm3,151,Comm2,0.6283894267473686,2.5726851596146296e-07,399
6,0.01,Comm3,152,Comm2,0.6266734700714504,4.219657788389623e-09,950
6,0.01,Comm3,153,Comm2,0.6330653828868379,5.760149016145993e-05,940
6,0.01,Comm3,154,Comm2,0.6259407034123837,1.3125861233670376e-09,905
6,0.01,Comm3,155,Comm2,0.6257336938464403,6.045958118133681e-09,739
6,0.01,Comm3,156,Comm2,0.6257878727561416,3.115650899855516e-09,702
6,0.01,Comm3,157,Comm2,0.6325652148566424,9.567287064691199e-05,417
6,0.01,Comm3,158,Comm2,0.6255158619053778,1.3838096154682206e-08,180
6,0.01,Comm3,159,Comm2,0.6295221709730788,5.60977054614479e-07,900
6,0.01,Comm3,160,Comm2,0.6245690717422879,2.3796446539673366e-09,168
6,0.01,Comm3,161,Comm2,0.6326007054207335,0.0005794665287063445,211
6,0.01,Comm3,162,Comm2,0.6253186414181675,3.5560413478355497e-10,297
6,0.01,Comm3,163,Comm2,0.6323659887838329,2.1068730398477135e-05,355
6,0.01,Comm3,164,Comm2,0.6254386590767399,1.7153598802910884e-11,397
6,0.01,Comm3,165,Comm2,0.6301977750550172,5.860685533203838e-07,990
6,0.01,Comm3,166,Comm2,0.6308220650893952,7.2033720489932e-06,248
6,0.01,Comm3,167,Comm2,0.6296853995577277,5.999590952128081e-07,198
6,0.01,Comm3,168,Comm2,0.626121387389903,4.82895289258981e-09,320
6,0.01,Comm3,169,Comm2,0.6277767109133875,7.734462262397803e-08,336
6,0.01,Comm3,170,Comm2,0.6393521234863272,0.8964022555952308,213
6,0.01,Comm3,171,Comm2,0.6241086839524872,2.6262719774990473e-10,487
6,0.01,Comm3,172,Comm2,0.6387000543571058,0.6623510548407137,302
6,0.01,Comm3,173,Comm2,0.6307495445691782,8.089425425706505e-06,200
6,0.01,Comm3,174,Comm2,0.6254633656158328,3.4404930147259545e-09,750
6,0.01,Comm3,175,Comm2,0.6250207527328826,3.151969794029771e-09,548
6,0.01,Comm3,176,Comm2,0.6379294074093903,0.15445112334603306,993
6,0.01,Comm3,177,Comm2,0.6321541153078852,0.00011461974989301649,93
6,0.01,Comm3,178,Comm2,0.6359101751103866,0.021189841205110287,32
6,0.01,Comm3,179,Comm2,0.6302089155451868,2.3281458252169327e-06,700
6,0.01,Comm3,180,Comm2,0.6377538807606902,0.016848674843202897,978
6,0.01,Comm3,181,Comm2,0.635722575914017,0.0034790416467415583,104
6,0.01,Comm3,182,Comm2,0.6294512570734924,1.5397054606096344e-07,810
6,0.01,Comm3,183,Comm2,0.639565124388987,1.0002910396577485,889
6,0.01,Comm3,184,Comm2,0.629309796242769,2.0694575002370077e-07,111
6,0.01,Comm3,185,Comm2,0.624501342714953,1.765814132940058e-08,148
6,0.01,Comm3,186,Comm2,0.6349676268204217,0.0015460163925751155,788
6,0.01,Comm3,187,Comm2,0.628639143476369,2.728787965290999e-08,815
6,0.01,Comm3,188,Comm2,0.6340927432847177,0.00102707600538269,692
6,0.01,Comm3,189,Comm2,0.629823228470198,4.514367007309148e-06,958
6,0.01,Comm3,190,Comm2,0.6254413006018414,6.907605872857751e-09,507
6,0.01,Comm3,191,Comm2,0.6375284716103513,0.03913658383796568,543
6,0.01,Comm3,192,Comm2,0.6260982522056976,4.46729508349656e-09,306
6,0.01,Comm3,193,Comm2,0.638977069758598,9.583559160032648,908
6,0.01,Comm3,194,Comm2,0.636838671463387,0.13832924459267767,429
6,0.01,Comm3,195,Comm2,0.6255507659945228,1.7124560626954728e-08,587
6,0.01,Comm3,196,Comm2,0.6340371826703266,0.0006847019001669067,670
6,0.01,Comm3,197,Comm2,0.6379361501788763,0.1760213868618861,602
6,0.01,Comm3,198,Comm2,0.6355183481858975,0.013541289103282584,547
6,0.01,Comm3,199,Comm2,0.6381190127224514,0.19810248139312198,633
6,0.01,Comm3,200,Comm2,0.6274299619557667,8.505636326051741e-08,228
6,0.05,Comm1,1,Comm1,0.6332454807895268,0.5259854469020837,824
6,0.05,Comm1,2,Comm1,0.6350633793923531,2.719403496597669,580
6,0.05,Comm1,3,Comm1,0.6324098519655746,0.37010056009968695,952
6,0.05,Comm1,4,Comm1,0.6338815279903534,1.3515074184036147,899
6,0.05,Comm1,5,Comm1,0.6349643784568672,5.038273445878965,271
6,0.05,Comm1,6,Comm1,0.6320471665551778,0.4015930534284861,314
6,0.05,Comm1,7,Comm1,0.6343195069637347,1.4237267027759986,658
6,0.05,Comm1,8,Comm1,0.6243609672639729,0.0017380043985011774,731
6,0.05,Comm1,9,Comm1,0.6347540036614124,1.3449479293159534,772
6,0.05,Comm1,10,Comm1,0.6245015546239627,0.0007408459866233789,885
6,0.05,Comm1,11,Comm1,0.6242930977802001,0.0015404846731085007,147
6,0.05,Comm1,12,Comm1,0.6288621504438096,0.010678700853550497,463
6,0.05,Comm1,13,Comm1,0.6246604383949443,0.001025238211214846,82
6,0.05,Comm1,14,Comm1,0.6319645618792561,0.7777690833928382,178
6,0.05,Comm1,15,Comm1,0.6392279718677334,31.331464266475468,596
6,0.05,Comm1,16,Comm1,0.6359418544404578,2.5549737216254513,38
6,0.05,Comm1,17,Comm1,0.6302108586374069,0.18062117020498175,231
6,0.05,Comm1,18,Comm1,0.6337157246813164,0.8970222573630203,730
6,0.05,Comm1,19,Comm1,0.6295035548141679,0.120856788458503,169
6,0.05,Comm1,20,Comm1,0.625822930623976,0.005344281377322129,371
6,0.05,Comm1,21,Comm1,0.6325501732728673,1.1807444475932944,652
6,0.05,Comm1,22,Comm1,0.6280558285250403,0.010844997402543124,40
6,0.05,Comm1,23,Comm1,0.6380106290687912,17.96402358392022,128
6,0.05,Comm1,24,Comm1,0.6382091895570361,23.14424700902255,745
6,0.05,Comm1,25,Comm1,0.6279217370470812,0.011243778654184973,255
6,0.05,Comm1,26,Comm1,0.6257612435887306,0.004174710963698139,467
6,0.05,Comm1,27,Comm1,0.6282744862907671,0.013102851611849358,998
6,0.05,Comm1,28,Comm1,0.6359202288977086,2.631381989943244,138
6,0.05,Comm1,29,Comm1,0.6399994505280046,38.07301711489022,775
6,0.05,Comm1,30,Comm1,0.6360814292878291,10.768531875809002,607
6,0.05,Comm1,31,Comm1,0.6323822580276266,0.7800985753529797,65
6,0.05,Comm1,32,Comm1,0.6250531013586749,0.0031752058754698186,157
6,0.05,Comm1,33,Comm1,0.6364614514010746,13.207248946979748,450
6,0.05,Comm1,34,Comm1,0.6335880244123469,1.3999939427288879,135
6,0.05,Comm1,35,Comm1,0.6314798664523563,0.46084554726697,814
6,0.05,Comm1,36,Comm1,0.6267093613254201,0.01124344376395986,624
6,0.05,Comm1,37,Comm1,0.627488037933455,0.012379667612559625,575
6,0.05,Comm1,38,Comm1,0.6336367598533089,2.521363646448352,668
6,0.05,Comm1,39,Comm1,0.6306806281561306,0.019238901719691424,315
6,0.05,Comm1,40,Comm1,0.6297661230683682,0.090758803299615,407
6,0.05,Comm1,41,Comm1,0.6301066139478523,0.06373029945587594,318
6,0.05,Comm1,42,Comm1,0.6281851166952881,0.01822897817224818,758
6,0.05,Comm1,43,Comm1,0.6263539965886081,0.004741667713465113,961
6,0.05,Comm1,44,Comm1,0.6358139192415962,11.371005347900649,295
6,0.05,Comm1,45,Comm1,0.6332410731113541,0.7168957070352192,628
6,0.05,Comm1,46,Comm1,0.6366717592834262,6.516892706233812,363
6,0.05,Comm1,47,Comm1,0.6371552194856401,4.001448880158513,332
6,0.05,Comm1,48,Comm1,0.6363864694557111,3.046130069529128,887
6,0.05,Comm1,49,Comm1,0.6274475485652524,0.025773733537872472,201
6,0.05,Comm1,50,Comm1,0.6374240026670291,7.0689922155677625,822
6,0.05,Comm1,51,Comm1,0.6252467471001508,0.0018413859509792123,793
6,0.05,Comm1,52,Comm1,0.6360070532953628,7.881525315064366,152
6,0.05,Comm1,53,Comm1,0.6359379910877421,5.692088609290365,427
6,0.05,Comm1,54,Comm1,0.6379742003690136,11.680526402797662,898
6,0.05,Comm1,55,Comm1,0.6325717244263906,0.8704539009116306,225
6,0.05,Comm1,56,Comm1,0.6301947137687663,0.23113013354231568,151
6,0.05,Comm1,57,Comm1,0.6298323521302527,0.10886697331626005,237
6,0.05,Comm1,58,Comm1,0.6265363751753295,0.00285201359947613,207
6,0.05,Comm1,59,Comm1,0.6277362973811894,0.008427799475818626,156
6,0.05,Comm1,60,Comm1,0.636517508712694,13.38931015941834,884
6,0.05,Comm1,61,Comm1,0.6375177456412682,7.492221294269688,173
6,0.05,Comm1,62,Comm1,0.6347034023075687,5.180806022843055,834
6,0.05,Comm1,63,Comm1,0.6320136509766993,0.5392873001864726,778
6,0.05,Comm1,64,Comm1,0.635777594481559,2.746932745623374,572
6,0.05,Comm1,65,Comm1,0.6393320179815432,37.382462145844826,109
6,0.05,Comm1,66,Comm1,0.6307933196650163,0.04385605915732646,319
6,0.05,Comm1,67,Comm1,0.6256617596738463,0.0010537751102441379,368
6,0.05,Comm1,68,Comm1,0.6293204242136163,0.02591043633273963,565
6,0.05,Comm1,69,Comm1,0.636231322306454,2.1774941484134405,278
6,0.05,Comm1,70,Comm1,0.6248276823087179,0.001951756709809094,247
6,0.05,Comm1,71,Comm1,0.6381917603128687,30.683654275089694,589
6,0.05,Comm1,72,Comm1,0.6331407153742863,1.3053930210774254,966
6,0.05,Comm1,73,Comm1,0.6293245156660369,0.11978238165396092,721
6,0.05,Comm1,74,Comm1,0.6333800666558456,4.095111302754554,648
6,0.05,Comm1,75,Comm1,0.639120360139421,66.46942881774608,383
6,0.05,Comm1,76,Comm1,0.6375458132071715,9.775520289629311,768
6,0.05,Comm1,77,Comm1,0.6378380794286052,10.7045336870383,999
6,0.05,Comm1,78,Comm1,0.629114741472031,0.02591916318219616,770
6,0.05,Comm1,79,Comm1,0.6309826227297007,0.06937236834354701,817
6,0.05,Comm1,80,Comm1,0.6333725615903708,0.5260630575898121,682
6,0.05,Comm1,81,Comm1,0.6291536696121426,0.052568058517923934,843
6,0.05,Comm1,82,Comm1,0.635461677224,10.038433301088265,713
6,0.05,Comm1,83,Comm1,0.6351106039364449,4.114700180382919,239
6,0.05,Comm1,84,Comm1,0.625165253899104,0.0022463154128539217,987
6,0.05,Comm1,85,Comm1,0.6243797646412214,0.0007002006985951099,725
6,0.05,Comm1,86,Comm1,0.6322682782957241,0.3060398649203291,409
6,0.05,Comm1,87,Comm1,0.6377227565855982,7.126463824615609,161
6,0.05,Comm1,88,Comm1,0.6390353023133514,28.394881554254678,402
6,0.05,Comm1,89,Comm1,0.6302720588666513,0.0813776356869696,108
6,0.05,Comm1,90,Comm1,0.6389283525906967,36.151726756327896,133
6,0.05,Comm1,91,Comm1,0.632263942750555,0.20464897958462971,140
6,0.05,Comm1,92,Comm1,0.6257385341546297,0.0032250686173259492,849
6,0.05,Comm1,93,Comm1,0.6253595910204512,0.003378984333137045,418
6,0.05,Comm1,94,Comm1,0.6246869336790439,0.0005076381492045582,722
6,0.05,Comm1,95,Comm1,0.6312526747795761,0.30799185533900963,98
6,0.05,Comm1,96,Comm1,0.6380683696062988,24.367526263594833,917
6,0.05,Comm1,97,Comm1,0.6381157444211929,34.8727062292657,818
6,0.05,Comm1,98,Comm1,0.6394888076823952,36.91116317029439,975
6,0.05,Comm1,99,Comm1,0.6296507306345405,0.10166233003502298,203
6,0.05,Comm1,100,Comm1,0.6302987139243532,0.21301259818075152,710
6,0.05,Comm2,1,Comm2,0.6265641394653497,0.007144156372667714,957
6,0.05,Comm2,2,Comm2,0.6359635609592875,18.186109042970955,176
6,0.05,Comm2,3,Comm2,0.6243363685207787,0.0005586856393795256,872
6,0.05,Comm2,4,Comm2,0.632232235747349,0.817037464385618,124
6,0.05,Comm2,5,Comm2,0.6287183370284577,0.02304898540812518,149
6,0.05,Comm2,6,Comm2,0.6346796709767714,2.0200714355568747,488
6,0.05,Comm2,7,Comm2,0.6357114653472371,8.101655124828516,709
6,0.05,Comm2,8,Comm2,0.6397130761631734,34.01391431013569,612
6,0.05,Comm2,9,Comm2,0.632357570928226,0.6673049278476322,253
6,0.05,Comm2,10,Comm2,0.6315229222049148,0.30546544570190987,6
6,0.05,Comm2,11,Comm2,0.6342460047290169,2.270632128456492,858
6,0.05,Comm2,12,Comm2,0.6242068253456082,0.0005343798886829175,674
6,0.05,Comm2,13,Comm2,0.6357421307380711,7.314402971576003,497
6,0.05,Comm2,14,Comm2,0.6347023348140626,5.64660957981527,57
6,0.05,Comm2,15,Comm2,0.6273292817975001,0.0060673971439763694,880
6,0.05,Comm2,16,Comm2,0.6353917025850393,2.9630641127626656,223
6,0.05,Comm2,17,Comm2,0.6381641109316241,4.572265381530997,697
6,0.05,Comm2,18,Comm2,0.625203299760717,0.000905018919980003,74
6,0.05,Comm2,19,Comm2,0.6340190650543944,2.867755814910177,45
6,0.05,Comm2,20,Comm2,0.6297363741770039,0.06436115916912838,661
6,0.05,Comm2,21,Comm2,0.6399580199691502,34.26831124349074,441
6,0.05,Comm2,22,Comm2,0.6384360202642347,36.59763523518377,863
6,0.05,Comm2,23,Comm2,0.6386357180501271,14.017913922369239,209
6,0.05,Comm2,24,Comm2,0.627448302497964,0.018688086282828562,764
6,0.05,Comm2,25,Comm2,0.6395970453320848,18.793045018713336,331
6,0.05,Comm2,26,Comm2,0.6342393703674497,2.730987706975,795
6,0.05,Comm2,27,Comm2,0.6389732186765783,27.250165406347232,798
6,0.05,Comm2,28,Comm2,0.6324703243736328,0.2474109913218636,781
6,0.05,Comm2,29,Comm2,0.6380712283677192,22.536818092366666,189
6,0.05,Comm2,30,Comm2,0.6367985039181725,9.496794141405807,155
6,0.05,Comm2,31,Comm2,0.6244978627193647,0.0002550314919127992,338
6,0.05,Comm2,32,Comm2,0.6393328539883958,15.951743650272862,3
6,0.05,Comm2,33,Comm2,0.626839104565054,0.014461763011147218,808
6,0.05,Comm2,34,Comm2,0.6357021127403027,3.7003676804295034,707
6,0.05,Comm2,35,Comm2,0.6351710080560987,2.1244546957900807,901
6,0.05,Comm2,36,Comm2,0.631228010259151,0.0381633945907812,484
6,0.05,Comm2,37,Comm2,0.6391238461227821,51.788260038740695,558
6,0.05,Comm2,38,Comm2,0.6346334744116267,1.5414230912717144,8
6,0.05,Comm2,39,Comm2,0.6268822688492506,0.0137680649443081,16
6,0.05,Comm2,40,Comm2,0.6268032941612202,0.0036125406452648117,313
6,0.05,Comm2,41,Comm2,0.6246648002416556,0.00041944233178637416,848
6,0.05,Comm2,42,Comm2,0.6307909055974912,0.17138983594483068,738
6,0.05,Comm2,43,Comm2,0.632901128949665,0.6696941266109059,285
6,0.05,Comm2,44,Comm2,0.6329829507450457,1.1703483093246416,465
6,0.05,Comm2,45,Comm2,0.6248270595509583,0.00096476700782395,437
6,0.05,Comm2,46,Comm2,0.6384591747828187,22.19924830821494,995
6,0.05,Comm2,47,Comm2,0.6290473340804309,0.024497301822062167,574
6,0.05,Comm2,48,Comm2,0.6332630082910573,0.47155742925081534,360
6,0.05,Comm2,49,Comm2,0.6272350493748646,0.016365913371414315,870
6,0.05,Comm2,50,Comm2,0.6381581672093675,27.469029006507515,840
6,0.05,Comm2,51,Comm2,0.6283894267473686,0.029424549882837065,399
6,0.05,Comm2,52,Comm2,0.6266734700714504,0.0029392997028342147,950
6,0.05,Comm2,53,Comm2,0.6330653828868379,0.1394638675838153,940
6,0.05,Comm2,54,Comm2,0.6259407034123837,0.0009571053017196691,905
6,0.05,Comm2,55,Comm2,0.6257336938464403,0.0116712173730698,739
6,0.05,Comm2,56,Comm2,0.6257878727561416,0.0013170625935475272,702
6,0.05,Comm2,57,Comm2,0.6325652148566424,0.3351092998731659,417
6,0.05,Comm2,58,Comm2,0.6255158619053778,0.003464367299742379,180
6,0.05,Comm2,59,Comm2,0.6295221709730788,0.02911063241974138,900
6,0.05,Comm2,60,Comm2,0.6245690717422879,0.0030584581855042014,168
6,0.05,Comm2,61,Comm2,0.6326007054207335,0.6404476928141888,211
6,0.05,Comm2,62,Comm2,0.6253186414181675,0.0012130212687352332,297
6,0.05,Comm2,63,Comm2,0.6323659887838329,0.16554425527268388,355
6,0.05,Comm2,64,Comm2,0.6254386590767399,0.0009362295218511426,397
6,0.05,Comm2,65,Comm2,0.6301977750550172,0.039080361140475285,990
6,0.05,Comm2,66,Comm2,0.6308220650893952,0.07645498519402483,248
6,0.05,Comm2,67,Comm2,0.6296853995577277,0.03858226384480996,198
6,0.05,Comm2,68,Comm2,0.626121387389903,0.00832377041697385,320
6,0.05,Comm2,69,Comm2,0.6277767109133875,0.0041660332654199364,336
6,0.05,Comm2,70,Comm2,0.6393521234863272,26.26897673722608,213
6,0.05,Comm2,71,Comm2,0.6241086839524872,0.0009058957229388905,487
6,0.05,Comm2,72,Comm2,0.6387000543571058,13.992276015911314,302
6,0.05,Comm2,73,Comm2,0.6307495445691782,0.21383669422799534,200
6,0.05,Comm2,74,Comm2,0.6254633656158328,0.0010044089132994415,750
6,0.05,Comm2,75,Comm2,0.6250207527328826,0.0023975384291866774,548
6,0.05,Comm2,76,Comm2,0.6379294074093903,18.39593400350816,993
6,0.05,Comm2,77,Comm2,0.6321541153078852,0.464625408760921,93
6,0.05,Comm2,78,Comm2,0.6359101751103866,5.42026893596987,32
6,0.05,Comm2,79,Comm2,0.6302089155451868,0.33095989058162656,700
6,0.05,Comm2,80,Comm2,0.6377538807606902,6.21095932005183,978
6,0.05,Comm2,81,Comm2,0.635722575914017,3.060515273428998,104
6,0.05,Comm2,82,Comm2,0.6294512570734924,0.047847209451632365,810
6,0.05,Comm2,83,Comm2,0.639565124388987,12.133636222109656,889
6,0.05,Comm2,84,Comm2,0.629309796242769,0.031533513514378136,111
6,0.05,Comm2,85,Comm2,0.624501342714953,0.003319916101979231,148
6,0.05,Comm2,86,Comm2,0.6349676268204217,1.8365652800331518,788
6,0.05,Comm2,87,Comm2,0.628639143476369,0.01087456059504165,815
6,0.05,Comm2,88,Comm2,0.6340927432847177,1.3104079295299058,692
6,0.05,Comm2,89,Comm2,0.629823228470198,0.07866959426232674,958
6,0.05,Comm2,90,Comm2,0.6254413006018414,0.012487467513783568,507
6,0.05,Comm2,91,Comm2,0.6375284716103513,11.6105627251287,543
6,0.05,Comm2,92,Comm2,0.6260982522056976,0.003497816826139316,306
6,0.05,Comm2,93,Comm2,0.638977069758598,58.58344406699546,908
6,0.05,Comm2,94,Comm2,0.636838671463387,9.65177426778599,429
6,0.05,Comm2,95,Comm2,0.6255507659945228,0.004267609831584572,587
6,0.05,Comm2,96,Comm2,0.6340371826703266,1.6751409156744657,670
6,0.05,Comm2,97,Comm2,0.6379361501788763,17.804438021023262,602
6,0.05,Comm2,98,Comm2,0.6355183481858975,3.4023738009377453,547
6,0.05,Comm2,99,Comm2,0.6381190127224514,23.61814736680018,633
6,0.05,Comm2,100,Comm2,0.6274299619557667,0.005872184237356413,228
6,0.05,Comm3,1,Comm1,0.6332454807895268,0.015564430799000032,824
6,0.05,Comm3,2,Comm1,0.6350633793923531,0.22791453580310575,580
6,0.05,Comm3,3,Comm1,0.6324098519655746,0.00875763134439487,952
6,0.05,Comm3,4,Comm1,0.6338815279903534,0.18624993697043868,899
6,0.05,Comm3,5,Comm1,0.6349643784568672,0.7972863029530748,271
6,0.05,Comm3,6,Comm1,0.6320471665551778,0.006007269279849337,314
6,0.05,Comm3,7,Comm1,0.6343195069637347,0.06622390684312773,658
6,0.05,Comm3,8,Comm1,0.6243609672639729,5.638809982038574e-08,731
6,0.05,Comm3,9,Comm1,0.6347540036614124,0.04761151500873272,772
6,0.05,Comm3,10,Comm1,0.6245015546239627,1.518417723219454e-08,885
6,0.05,Comm3,11,Comm1,0.6242930977802001,4.385961698208897e-08,147
6,0.05,Comm3,12,Comm1,0.6288621504438096,5.033978381403906e-06,463
6,0.05,Comm3,13,Comm1,0.6246604383949443,6.327838604886197e-08,82
6,0.05,Comm3,14,Comm1,0.6319645618792561,0.01054329089668215,178
6,0.05,Comm3,15,Comm1,0.6392279718677334,23.377118417348278,596
6,0.05,Comm3,16,Comm1,0.6359418544404578,0.25304044749317406,38
6,0.05,Comm3,17,Comm1,0.6302108586374069,0.0005221684203369382,231
6,0.05,Comm3,18,Comm1,0.6337157246813164,0.019737277594155056,730
6,0.05,Comm3,19,Comm1,0.6295035548141679,0.0006693778842029459,169
6,0.05,Comm3,20,Comm1,0.625822930623976,1.3666371709563414e-06,371
6,0.05,Comm3,21,Comm1,0.6325501732728673,0.058314229101334686,652
6,0.05,Comm3,22,Comm1,0.6280558285250403,2.8671726499761128e-06,40
6,0.05,Comm3,23,Comm1,0.6380106290687912,10.638868885381262,128
6,0.05,Comm3,24,Comm1,0.6382091895570361,22.02197218170481,745
6,0.05,Comm3,25,Comm1,0.6279217370470812,3.344388631344897e-06,255
6,0.05,Comm3,26,Comm1,0.6257612435887306,3.18833426463481e-06,467
6,0.05,Comm3,27,Comm1,0.6282744862907671,4.117578826882947e-06,998
6,0.05,Comm3,28,Comm1,0.6359202288977086,0.37301688295099183,138
6,0.05,Comm3,29,Comm1,0.6399994505280046,48.22866890686663,775
6,0.05,Comm3,30,Comm1,0.6360814292878291,4.511044252236368,607
6,0.05,Comm3,31,Comm1,0.6323822580276266,0.05281943486156566,65
6,0.05,Comm3,32,Comm1,0.6250531013586749,2.5957096219947937e-07,157
6,0.05,Comm3,33,Comm1,0.6364614514010746,14.267588326349792,450
6,0.05,Comm3,34,Comm1,0.6335880244123469,0.2815463115091275,135
6,0.05,Comm3,35,Comm1,0.6314798664523563,0.00536791517902,814
6,0.05,Comm3,36,Comm1,0.6267093613254201,5.0379154829000866e-06,624
6,0.05,Comm3,37,Comm1,0.627488037933455,9.289548728802561e-06,575
6,0.05,Comm3,38,Comm1,0.6336367598533089,0.3823218818998716,668
6,0.05,Comm3,39,Comm1,0.6306806281561306,5.604467527416961e-05,315
6,0.05,Comm3,40,Comm1,0.6297661230683682,0.0008297833642522382,407
6,0.05,Comm3,41,Comm1,0.6301066139478523,0.0003332720902836369,318
6,0.05,Comm3,42,Comm1,0.6281851166952881,2.430333724861186e-06,758
6,0.05,Comm3,43,Comm1,0.6263539965886081,8.907163644761946e-07,961
6,0.05,Comm3,44,Comm1,0.6358139192415962,4.45152227172591,295
6,0.05,Comm3,45,Comm1,0.6332410731113541,0.0197715434811318,628
6,0.05,Comm3,46,Comm1,0.6366717592834262,3.0025945926561626,363
6,0.05,Comm3,47,Comm1,0.6371552194856401,1.4246337897683825,332
6,0.05,Comm3,48,Comm1,0.6363864694557111,0.8806111263059289,887
6,0.05,Comm3,49,Comm1,0.6274475485652524,9.973955381244025e-06,201
6,0.05,Comm3,50,Comm1,0.6374240026670291,4.244645723480518,822
6,0.05,Comm3,51,Comm1,0.6252467471001508,4.4652477850151145e-07,793
6,0.05,Comm3,52,Comm1,0.6360070532953628,1.891493714657824,152
6,0.05,Comm3,53,Comm1,0.6359379910877421,1.9007459299501575,427
6,0.05,Comm3,54,Comm1,0.6379742003690136,13.633625188568345,898
6,0.05,Comm3,55,Comm1,0.6325717244263906,0.019693310044585192,225
6,0.05,Comm3,56,Comm1,0.6301947137687663,0.003403314898145043,151
6,0.05,Comm3,57,Comm1,0.6298323521302527,0.0002582556852579371,237
6,0.05,Comm3,58,Comm1,0.6265363751753295,7.093950519333957e-07,207
6,0.05,Comm3,59,Comm1,0.6277362973811894,4.880274404859636e-06,156
6,0.05,Comm3,60,Comm1,0.636517508712694,4.919390003798945,884
6,0.05,Comm3,61,Comm1,0.6375177456412682,11.374950885095643,173
6,0.05,Comm3,62,Comm1,0.6347034023075687,1.520188494216321,834
6,0.05,Comm3,63,Comm1,0.6320136509766993,0.024812437390107096,778
6,0.05,Comm3,64,Comm1,0.635777594481559,0.45776570288082263,572
6,0.05,Comm3,65,Comm1,0.6393320179815432,32.887408515070945,109
6,0.05,Comm3,66,Comm1,0.6307933196650163,0.00034358667229698886,319
6,0.05,Comm3,67,Comm1,0.6256617596738463,7.914712501919022e-08,368
6,0.05,Comm3,68,Comm1,0.6293204242136163,1.9620501315905534e-05,565
6,0.05,Comm3,69,Comm1,0.636231322306454,0.542845343377282,278
6,0.05,Comm3,70,Comm1,0.6248276823087179,9.502423699224102e-08,247
6,0.05,Comm3,71,Comm1,0.6381917603128687,22.94512086645319,589
6,0.05,Comm3,72,Comm1,0.6331407153742863,0.08379604694413033,966
6,0.05,Comm3,73,Comm1,0.6293245156660369,0.0012773108125166957,721
6,0.05,Comm3,74,Comm1,0.6333800666558456,0.19751992638904015,648
6,0.05,Comm3,75,Comm1,0.639120360139421,72.98853744294821,383
6,0.05,Comm3,76,Comm1,0.6375458132071715,4.194123068208842,768
6,0.05,Comm3,77,Comm1,0.6378380794286052,5.416899536329159,999
6,0.05,Comm3,78,Comm1,0.629114741472031,5.692479037753503e-05,770
6,0.05,Comm3,79,Comm1,0.6309826227297007,0.0007201027642320002,817
6,0.05,Comm3,80,Comm1,0.6333725615903708,0.007788151640488134,682
6,0.05,Comm3,81,Comm1,0.6291536696121426,6.675334090020169e-05,843
6,0.05,Comm3,82,Comm1,0.635461677224,6.306140902253976,713
6,0.05,Comm3,83,Comm1,0.6351106039364449,1.0007220232450653,239
6,0.05,Comm3,84,Comm1,0.625165253899104,1.9161174190539147e-07,987
6,0.05,Comm3,85,Comm1,0.6243797646412214,1.2603198810981032e-08,725
6,0.05,Comm3,86,Comm1,0.6322682782957241,0.003129414960927659,409
6,0.05,Comm3,87,Comm1,0.6377227565855982,2.972490082646575,161
6,0.05,Comm3,88,Comm1,0.6390353023133514,35.08003016362101,402
6,0.05,Comm3,89,Comm1,0.6302720588666513,0.00035379813352669356,108
6,0.05,Comm3,90,Comm1,0.6389283525906967,46.30661169691265,133
6,0.05,Comm3,91,Comm1,0.632263942750555,0.0035065704644537997,140
6,0.05,Comm3,92,Comm1,0.6257385341546297,2.841007890679105e-07,849
6,0.05,Comm3,93,Comm1,0.6253595910204512,9.975215277435857e-07,418
6,0.05,Comm3,94,Comm1,0.6246869336790439,1.9455956776032804e-08,722
6,0.05,Comm3,95,Comm1,0.6312526747795761,0.005735797843733368,98
6,0.05,Comm3,96,Comm1,0.6380683696062988,15.088615855520889,917
6,0.05,Comm3,97,Comm1,0.6381157444211929,52.05777479245565,818
6,0.05,Comm3,98,Comm1,0.6394888076823952,47.07080968847701,975
6,0.05,Comm3,99,Comm1,0.6296507306345405,0.000278952949188249,203
6,0.05,Comm3,100,Comm1,0.6302987139243532,0.001210494606366541,710
6,0.05,Comm3,101,Comm2,0.6265641394653497,1.9124843352777053e-07,957
6,0.05,Comm3,102,Comm2,0.6359635609592875,0.21059501458101912,176
6,0.05,Comm3,103,Comm2,0.6243363685207787,4.814267257391059e-10,872
6,0.05,Comm3,104,Comm2,0.632232235747349,0.0008790780143231045,124
6,0.05,Comm3,105,Comm2,0.6287183370284577,1.4257061047364129e-06,149
6,0.05,Comm3,106,Comm2,0.6346796709767714,0.01884629068205226,488
6,0.05,Comm3,107,Comm2,0.6357114653472371,0.05258438775326298,709
6,0.05,Comm3,108,Comm2,0.6397130761631734,12.306415179932523,612
6,0.05,Comm3,109,Comm2,0.632357570928226,0.0005470819575378639,253
6,0.05,Comm3,110,Comm2,0.6315229222049148,0.00024557573374729826,6
6,0.05,Comm3,111,Comm2,0.6342460047290169,0.017117697160024283,858
6,0.05,Comm3,112,Comm2,0.6242068253456082,5.593349732091743e-10,674
6,0.05,Comm3,113,Comm2,0.6357421307380711,0.42711086546105503,497
6,0.05,Comm3,114,Comm2,0.6347023348140626,0.03903212172241352,57
6,0.05,Comm3,115,Comm2,0.6273292817975001,3.4927382444719e-07,880
6,0.05,Comm3,116,Comm2,0.6353917025850393,0.00637172838266253,223
6,0.05,Comm3,117,Comm2,0.6381641109316241,0.6204842962012762,697
6,0.05,Comm3,118,Comm2,0.625203299760717,6.595032111333188e-09,74
6,0.05,Comm3,119,Comm2,0.6340190650543944,0.009082341829631559,45
6,0.05,Comm3,120,Comm2,0.6297363741770039,3.7661961151251935e-05,661
6,0.05,Comm3,121,Comm2,0.6399580199691502,9.971114682788045,441
6,0.05,Comm3,122,Comm2,0.6384360202642347,1.8291575847288408,863
6,0.05,Comm3,123,Comm2,0.6386357180501271,1.146473889587566,209
6,0.05,Comm3,124,Comm2,0.627448302497964,5.205566466260483e-07,764
6,0.05,Comm3,125,Comm2,0.6395970453320848,2.233377703804051,331
6,0.05,Comm3,126,Comm2,0.6342393703674497,0.009404166268123322,795
6,0.05,Comm3,127,Comm2,0.6389732186765783,1.669864656517141,798
6,0.05,Comm3,128,Comm2,0.6324703243736328,0.00036979945738360807,781
6,0.05,Comm3,129,Comm2,0.6380712283677192,0.7874649009304346,189
6,0.05,Comm3,130,Comm2,0.6367985039181725,0.6621365878374343,155
6,0.05,Comm3,131,Comm2,0.6244978627193647,2.2535709918660145e-10,338
6,0.05,Comm3,132,Comm2,0.6393328539883958,1.1467397529712984,3
6,0.05,Comm3,133,Comm2,0.626839104565054,1.7223290856191071e-07,808
6,0.05,Comm3,134,Comm2,0.6357021127403027,0.09502724471810423,707
6,0.05,Comm3,135,Comm2,0.6351710080560987,0.017447030158223437,901
6,0.05,Comm3,136,Comm2,0.631228010259151,1.122643516108419e-05,484
6,0.05,Comm3,137,Comm2,0.6391238461227821,8.011512316402056,558
6,0.05,Comm3,138,Comm2,0.6346334744116267,0.011282720377707087,8
6,0.05,Comm3,139,Comm2,0.6268822688492506,2.3447399711512364e-07,16
6,0.05,Comm3,140,Comm2,0.6268032941612202,7.964719837102842e-08,313
6,0.05,Comm3,141,Comm2,0.6246648002416556,1.7737213941862608e-10,848
6,0.05,Comm3,142,Comm2,0.6307909055974912,2.9898339323267368e-05,738
6,0.05,Comm3,143,Comm2,0.632901128949665,0.0002871814792674509,285
6,0.05,Comm3,144,Comm2,0.6329829507450457,0.002042609257195394,465
6,0.05,Comm3,145,Comm2,0.6248270595509583,1.917017590216382e-09,437
6,0.05,Comm3,146,Comm2,0.6384591747828187,5.27546849097674,995
6,0.05,Comm3,147,Comm2,0.6290473340804309,1.2767590334345647e-06,574
6,0.05,Comm3,148,Comm2,0.6332630082910573,0.000727611576790829,360
6,0.05,Comm3,149,Comm2,0.6272350493748646,2.820880856241277e-08,870
6,0.05,Comm3,150,Comm2,0.6381581672093675,1.029609389404538,840
6,0.05,Comm3,151,Comm2,0.6283894267473686,1.1865183945465e-06,399
6,0.05,Comm3,152,Comm2,0.6266734700714504,1.7002268627453898e-08,950
6,0.05,Comm3,153,Comm2,0.6330653828868379,0.00023144473958748848,940
6,0.05,Comm3,154,Comm2,0.6259407034123837,5.7970363158208075e-09,905
6,0.05,Comm3,155,Comm2,0.6257336938464403,3.9096271986559436e-08,739
6,0.05,Comm3,156,Comm2,0.6257878727561416,1.2895481338831847e-08,702
6,0.05,Comm3,157,Comm2,0.6325652148566424,0.00037746790472390916,417
6,0.05,Comm3,158,Comm2,0.6255158619053778,5.9205879847804255e-08,180
6,0.05,Comm3,159,Comm2,0.6295221709730788,2.3373665819751213e-06,900
6,0.05,Comm3,160,Comm2,0.6245690717422879,1.379310713723872e-08,168
6,0.05,Comm3,161,Comm2,0.6326007054207335,0.002037291840030266,211
6,0.05,Comm3,162,Comm2,0.6253186414181675,2.3069138105896715e-09,297
6,0.05,Comm3,163,Comm2,0.6323659887838329,0.0001000731906840904,355
6,0.05,Comm3,164,Comm2,0.6254386590767399,7.213824531153332e-10,397
6,0.05,Comm3,165,Comm2,0.6301977750550172,2.566618609719047e-06,990
6,0.05,Comm3,166,Comm2,0.6308220650893952,3.303836695728635e-05,248
6,0.05,Comm3,167,Comm2,0.6296853995577277,2.2968375274204257e-06,198
6,0.05,Comm3,168,Comm2,0.626121387389903,2.795270600734504e-08,320
6,0.05,Comm3,169,Comm2,0.6277767109133875,3.008387617071889e-07,336
6,0.05,Comm3,170,Comm2,0.6393521234863272,3.4641546065045623,213
6,0.05,Comm3,171,Comm2,0.6241086839524872,1.499161343245517e-09,487
6,0.05,Comm3,172,Comm2,0.6387000543571058,2.3476007818940707,302
6,0.05,Comm3,173,Comm2,0.6307495445691782,3.673464944956313e-05,200
6,0.05,Comm3,174,Comm2,0.6254633656158328,1.3450319507169362e-08,750
6,0.05,Comm3,175,Comm2,0.6250207527328826,1.4472303897991107e-08,548
6,0.05,Comm3,176,Comm2,0.6379294074093903,0.6335765420041133,993
6,0.05,Comm3,177,Comm2,0.6321541153078852,0.00048582571598284653,93
6,0.05,Comm3,178,Comm2,0.6359101751103866,0.07922081651215913,32
6,0.05,Comm3,179,Comm2,0.6302089155451868,1.3230054882347e-05,700
6,0.05,Comm3,180,Comm2,0.6377538807606902,0.07663200571833965,978
6,0.05,Comm3,181,Comm2,0.635722575914017,0.016066435342038908,104
6,0.05,Comm3,182,Comm2,0.6294512570734924,7.64193131318114e-07,810
6,0.05,Comm3,183,Comm2,0.639565124388987,3.6092935891556044,889
6,0.05,Comm3,184,Comm2,0.629309796242769,1.0018522752472907e-06,111
6,0.05,Comm3,185,Comm2,0.624501342714953,8.213086735222965e-08,148
6,0.05,Comm3,186,Comm2,0.6349676268204217,0.006945295819124779,788
6,0.05,Comm3,187,Comm2,0.628639143476369,1.003192938686399e-07,815
6,0.05,Comm3,188,Comm2,0.6340927432847177,0.004144299891271165,692
6,0.05,Comm3,189,Comm2,0.629823228470198,1.8973196148476882e-05,958
6,0.05,Comm3,190,Comm2,0.6254413006018414,4.322893505018466e-08,507
6,0.05,Comm3,191,Comm2,0.6375284716103513,0.18784370142340315,543
6,0.05,Comm3,192,Comm2,0.6260982522056976,2.101637805644782e-08,306
6,0.05,Comm3,193,Comm2,0.638977069758598,25.699177438597697,908
6,0.05,Comm3,194,Comm2,0.636838671463387,0.6360590912255464,429
6,0.05,Comm3,195,Comm2,0.6255507659945228,7.688596122162136e-08,587
6,0.05,Comm3,196,Comm2,0.6340371826703266,0.002839200509892255,670
6,0.05,Comm3,197,Comm2,0.6379361501788763,0.7223467974757914,602
6,0.05,Comm3,198,Comm2,0.6355183481858975,0.04976414902631499,547
6,0.05,Comm3,199,Comm2,0.6381190127224514,0.8543104590267658,633
6,0.05,Comm3,200,Comm2,0.6274299619557667,2.93177887681254e-07,228
6,0.1,Comm1,1,Comm1,0.6332454807895268,0.5259854469020837,824
6,0.1,Comm1,2,Comm1,0.6350633793923531,2.719403496597669,580
6,0.1,Comm1,3,Comm1,0.6324098519655746,0.37010056009968695,952
6,0.1,Comm1,4,Comm1,0.6338815279903534,1.3515074184036147,899
6,0.1,Comm1,5,Comm1,0.6349643784568672,5.038273445878965,271
6,0.1,Comm1,6,Comm1,0.6320471665551778,0.4015930534284861,314
6,0.1,Comm1,7,Comm1,0.6343195069637347,1.4237267027759986,658
6,0.1,Comm1,8,Comm1,0.6243609672639729,0.0017380043985011774,731
6,0.1,Comm1,9,Comm1,0.6347540036614124,1.3449479293159534,772
6,0.1,Comm1,10,Comm1,0.6245015546239627,0.0007408459866233789,885
6,0.1,Comm1,11,Comm1,0.6242930977802001,0.0015404846731085007,147
6,0.1,Comm1,12,Comm1,0.6288621504438096,0.010678700853550497,463
6,0.1,Comm1,13,Comm1,0.6246604383949443,0.001025238211214846,82
6,0.1,Comm1,14,Comm1,0.6319645618792561,0.7777690833928382,178
6,0.1,Comm1,15,Comm1,0.6392279718677334,31.331464266475468,596
6,0.1,Comm1,16,Comm1,0.6359418544404578,2.5549737216254513,38
6,0.1,Comm1,17,Comm1,0.6302108586374069,0.18062117020498175,231
6,0.1,Comm1,18,Comm1,0.6337157246813164,0.8970222573630203,730
6,0.1,Comm1,19,Comm1,0.6295035548141679,0.120856788458503,169
6,0.1,Comm1,20,Comm1,0.625822930623976,0.005344281377322129,371
6,0.1,Comm1,21,Comm1,0.6325501732728673,1.1807444475932944,652
6,0.1,Comm1,22,Comm1,0.6280558285250403,0.010844997402543124,40
6,0.1,Comm1,23,Comm1,0.6380106290687912,17.96402358392022,128
6,0.1,Comm1,24,Comm1,0.6382091895570361,23.14424700902255,745
6,0.1,Comm1,25,Comm1,0.6279217370470812,0.011243778654184973,255
6,0.1,Comm1,26,Comm1,0.6257612435887306,0.004174710963698139,467
6,0.1,Comm1,27,Comm1,0.6282744862907671,0.013102851611849358,998
6,0.1,Comm1,28,Comm1,0.6359202288977086,2.631381989943244,138
6,0.1,Comm1,29,Comm1,0.6399994505280046,38.07301711489022,775
6,0.1,Comm1,30,Comm1,0.6360814292878291,10.768531875809002,607
6,0.1,Comm1,31,Comm1,0.6323822580276266,0.7800985753529797,65
6,0.1,Comm1,32,Comm1,0.6250531013586749,0.0031752058754698186,157
6,0.1,Comm1,33,Comm1,0.6364614514010746,13.207248946979748,450
6,0.1,Comm1,34,Comm1,0.6335880244123469,1.3999939427288879,135
6,0.1,Comm1,35,Comm1,0.6314798664523563,0.46084554726697,814
6,0.1,Comm1,36,Comm1,0.6267093613254201,0.01124344376395986,624
6,0.1,Comm1,37,Comm1,0.627488037933455,0.012379667612559625,575
6,0.1,Comm1,38,Comm1,0.6336367598533089,2.521363646448352,668
6,0.1,Comm1,39,Comm1,0.6306806281561306,0.019238901719691424,315
6,0.1,Comm1,40,Comm1,0.6297661230683682,0.090758803299615,407
6,0.1,Comm1,41,Comm1,0.6301066139478523,0.06373029945587594,318
6,0.1,Comm1,42,Comm1,0.6281851166952881,0.01822897817224818,758
6,0.1,Comm1,43,Comm1,0.6263539965886081,0.004741667713465113,961
6,0.1,Comm1,44,Comm1,0.6358139192415962,11.371005347900649,295
6,0.1,Comm1,45,Comm1,0.6332410731113541,0.7168957070352192,628
6,0.1,Comm1,46,Comm1,0.6366717592834262,6.516892706233812,363
6,0.1,Comm1,47,Comm1,0.6371552194856401,4.001448880158513,332
6,0.1,Comm1,48,Comm1,0.6363864694557111,3.046130069529128,887
6,0.1,Comm1,49,Comm1,0.6274475485652524,0.025773733537872472,201
6,0.1,Comm1,50,Comm1,0.6374240026670291,7.0689922155677625,822
6,0.1,Comm1,51,Comm1,0.6252467471001508,0.0018413859509792123,793
6,0.1,Comm1,52,Comm1,0.6360070532953628,7.881525315064366,152
6,0.1,Comm1,53,Comm1,0.6359379910877421,5.692088609290365,427
6,0.1,Comm1,54,Comm1,0.6379742003690136,11.680526402797662,898
6,0.1,Comm1,55,Comm1,0.6325717244263906,0.8704539009116306,225
6,0.1,Comm1,56,Comm1,0.6301947137687663,0.23113013354231568,151
6,0.1,Comm1,57,Comm1,0.6298323521302527,0.10886697331626005,237
6,0.1,Comm1,58,Comm1,0.6265363751753295,0.00285201359947613,207
6,0.1,Comm1,59,Comm1,0.6277362973811894,0.008427799475818626,156
6,0.1,Comm1,60,Comm1,0.636517508712694,13.38931015941834,884
6,0.1,Comm1,61,Comm1,0.6375177456412682,7.492221294269688,173
6,0.1,Comm1,62,Comm1,0.6347034023075687,5.180806022843055,834
6,0.1,Comm1,63,Comm1,0.6320136509766993,0.5392873001864726,778
6,0.1,Comm1,64,Comm1,0.635777594481559,2.746932745623374,572
6,0.1,Comm1,65,Comm1,0.6393320179815432,37.382462145844826,109
6,0.1,Comm1,66,Comm1,0.6307933196650163,0.04385605915732646,319
6,0.1,Comm1,67,Comm1,0.6256617596738463,0.0010537751102441379,368
6,0.1,Comm1,68,Comm1,0.6293204242136163,0.02591043633273963,565
6,0.1,Comm1,69,Comm1,0.636231322306454,2.1774941484134405,278
6,0.1,Comm1,70,Comm1,0.6248276823087179,0.001951756709809094,247
6,0.1,Comm1,71,Comm1,0.6381917603128687,30.683654275089694,589
6,0.1,Comm1,72,Comm1,0.6331407153742863,1.3053930210774254,966
6,0.1,Comm1,73,Comm1,0.6293245156660369,0.11978238165396092,721
6,0.1,Comm1,74,Comm1,0.6333800666558456,4.095111302754554,648
6,0.1,Comm1,75,Comm1,0.639120360139421,66.46942881774608,383
6,0.1,Comm1,76,Comm1,0.6375458132071715,9.775520289629311,768
6,0.1,Comm1,77,Comm1,0.6378380794286052,10.7045336870383,999
6,0.1,Comm1,78,Comm1,0.629114741472031,0.02591916318219616,770
6,0.1,Comm1,79,Comm1,0.6309826227297007,0.06937236834354701,817
6,0.1,Comm1,80,Comm1,0.6333725615903708,0.5260630575898121,682
6,0.1,Comm1,81,Comm1,0.6291536696121426,0.052568058517923934,843
6,0.1,Comm1,82,Comm1,0.635461677224,10.038433301088265,713
6,0.1,Comm1,83,Comm1,0.6351106039364449,4.114700180382919,239
6,0.1,Comm1,84,Comm1,0.625165253899104,0.0022463154128539217,987
6,0.1,Comm1,85,Comm1,0.6243797646412214,0.0007002006985951099,725
6,0.1,Comm1,86,Comm1,0.6322682782957241,0.3060398649203291,409
6,0.1,Comm1,87,Comm1,0.6377227565855982,7.126463824615609,161
6,0.1,Comm1,88,Comm1,0.6390353023133514,28.394881554254678,402
6,0.1,Comm1,89,Comm1,0.6302720588666513,0.0813776356869696,108
6,0.1,Comm1,90,Comm1,0.6389283525906967,36.151726756327896,133
6,0.1,Comm1,91,Comm1,0.632263942750555,0.20464897958462971,140
6,0.1,Comm1,92,Comm1,0.6257385341546297,0.0032250686173259492,849
6,0.1,Comm1,93,Comm1,0.6253595910204512,0.003378984333137045,418
6,0.1,Comm1,94,Comm1,0.6246869336790439,0.0005076381492045582,722
6,0.1,Comm1,95,Comm1,0.6312526747795761,0.30799185533900963,98
6,0.1,Comm1,96,Comm1,0.6380683696062988,24.367526263594833,917
6,0.1,Comm1,97,Comm1,0.6381157444211929,34.8727062292657,818
6,0.1,Comm1,98,Comm1,0.6394888076823952,36.91116317029439,975
6,0.1,Comm1,99,Comm1,0.6296507306345405,0.10166233003502298,203
6,0.1,Comm1,100,Comm1,0.6302987139243532,0.21301259818075152,710
6,0.1,Comm2,1,Comm2,0.6265641394653497,0.007144156372667714,957
6,0.1,Comm2,2,Comm2,0.6359635609592875,18.186109042970955,176
6,0.1,Comm2,3,Comm2,0.6243363685207787,0.0005586856393795256,872
6,0.1,Comm2,4,Comm2,0.632232235747349,0.817037464385618,124
6,0.1,Comm2,5,Comm2,0.6287183370284577,0.02304898540812518,149
6,0.1,Comm2,6,Comm2,0.6346796709767714,2.0200714355568747,488
6,0.1,Comm2,7,Comm2,0.6357114653472371,8.101655124828516,709
6,0.1,Comm2,8,Comm2,0.6397130761631734,34.01391431013569,612
6,0.1,Comm2,9,Comm2,0.632357570928226,0.6673049278476322,253
6,0.1,Comm2,10,Comm2,0.6315229222049148,0.30546544570190987,6
6,0.1,Comm2,11,Comm2,0.6342460047290169,2.270632128456492,858
6,0.1,Comm2,12,Comm2,0.6242068253456082,0.0005343798886829175,674
6,0.1,Comm2,13,Comm2,0.6357421307380711,7.314402971576003,497
6,0.1,Comm2,14,Comm2,0.6347023348140626,5.64660957981527,57
6,0.1,Comm2,15,Comm2,0.6273292817975001,0.0060673971439763694,880
6,0.1,Comm2,16,Comm2,0.6353917025850393,2.9630641127626656,223
6,0.1,Comm2,17,Comm2,0.6381641109316241,4.572265381530997,697
6,0.1,Comm2,18,Comm2,0.625203299760717,0.000905018919980003,74
6,0.1,Comm2,19,Comm2,0.6340190650543944,2.867755814910177,45
6,0.1,Comm2,20,Comm2,0.6297363741770039,0.06436115916912838,661
6,0.1,Comm2,21,Comm2,0.6399580199691502,34.26831124349074,441
6,0.1,Comm2,22,Comm2,0.6384360202642347,36.59763523518377,863
6,0.1,Comm2,23,Comm2,0.6386357180501271,14.017913922369239,209
6,0.1,Comm2,24,Comm2,0.627448302497964,0.018688086282828562,764
6,0.1,Comm2,25,Comm2,0.6395970453320848,18.793045018713336,331
6,0.1,Comm2,26,Comm2,0.6342393703674497,2.730987706975,795
6,0.1,Comm2,27,Comm2,0.6389732186765783,27.250165406347232,798
6,0.1,Comm2,28,Comm2,0.6324703243736328,0.2474109913218636,781
6,0.1,Comm2,29,Comm2,0.6380712283677192,22.536818092366666,189
6,0.1,Comm2,30,Comm2,0.6367985039181725,9.496794141405807,155
6,0.1,Comm2,31,Comm2,0.6244978627193647,0.0002550314919127992,338
6,0.1,Comm2,32,Comm2,0.6393328539883958,15.951743650272862,3
6,0.1,Comm2,33,Comm2,0.626839104565054,0.014461763011147218,808
6,0.1,Comm2,34,Comm2,0.6357021127403027,3.7003676804295034,707
6,0.1,Comm2,35,Comm2,0.6351710080560987,2.1244546957900807,901
6,0.1,Comm2,36,Comm2,0.631228010259151,0.0381633945907812,484
6,0.1,Comm2,37,Comm2,0.6391238461227821,51.788260038740695,558
6,0.1,Comm2,38,Comm2,0.6346334744116267,1.5414230912717144,8
6,0.1,Comm2,39,Comm2,0.6268822688492506,0.0137680649443081,16
6,0.1,Comm2,40,Comm2,0.6268032941612202,0.0036125406452648117,313
6,0.1,Comm2,41,Comm2,0.6246648002416556,0.00041944233178637416,848
6,0.1,Comm2,42,Comm2,0.6307909055974912,0.17138983594483068,738
6,0.1,Comm2,43,Comm2,0.632901128949665,0.6696941266109059,285
6,0.1,Comm2,44,Comm2,0.6329829507450457,1.1703483093246416,465
6,0.1,Comm2,45,Comm2,0.6248270595509583,0.00096476700782395,437
6,0.1,Comm2,46,Comm2,0.6384591747828187,22.19924830821494,995
6,0.1,Comm2,47,Comm2,0.6290473340804309,0.024497301822062167,574
6,0.1,Comm2,48,Comm2,0.6332630082910573,0.47155742925081534,360
6,0.1,Comm2,49,Comm2,0.6272350493748646,0.016365913371414315,870
6,0.1,Comm2,50,Comm2,0.6381581672093675,27.469029006507515,840
6,0.1,Comm2,51,Comm2,0.6283894267473686,0.029424549882837065,399
6,0.1,Comm2,52,Comm2,0.6266734700714504,0.0029392997028342147,950
6,0.1,Comm2,53,Comm2,0.6330653828868379,0.1394638675838153,940
6,0.1,Comm2,54,Comm2,0.6259407034123837,0.0009571053017196691,905
6,0.1,Comm2,55,Comm2,0.6257336938464403,0.0116712173730698,739
6,0.1,Comm2,56,Comm2,0.6257878727561416,0.0013170625935475272,702
6,0.1,Comm2,57,Comm2,0.6325652148566424,0.3351092998731659,417
6,0.1,Comm2,58,Comm2,0.6255158619053778,0.003464367299742379,180
6,0.1,Comm2,59,Comm2,0.6295221709730788,0.02911063241974138,900
6,0.1,Comm2,60,Comm2,0.6245690717422879,0.0030584581855042014,168
6,0.1,Comm2,61,Comm2,0.6326007054207335,0.6404476928141888,211
6,0.1,Comm2,62,Comm2,0.6253186414181675,0.0012130212687352332,297
6,0.1,Comm2,63,Comm2,0.6323659887838329,0.16554425527268388,355
6,0.1,Comm2,64,Comm2,0.6254386590767399,0.0009362295218511426,397
6,0.1,Comm2,65,Comm2,0.6301977750550172,0.039080361140475285,990
6,0.1,Comm2,66,Comm2,0.6308220650893952,0.07645498519402483,248
6,0.1,Comm2,67,Comm2,0.6296853995577277,0.03858226384480996,198
6,0.1,Comm2,68,Comm2,0.626121387389903,0.00832377041697385,320
6,0.1,Comm2,69,Comm2,0.6277767109133875,0.0041660332654199364,336
6,0.1,Comm2,70,Comm2,0.6393521234863272,26.26897673722608,213
6,0.1,Comm2,71,Comm2,0.6241086839524872,0.0009058957229388905,487
6,0.1,Comm2,72,Comm2,0.6387000543571058,13.992276015911314,302
6,0.1,Comm2,73,Comm2,0.6307495445691782,0.21383669422799534,200
6,0.1,Comm2,74,Comm2,0.6254633656158328,0.0010044089132994415,750
6,0.1,Comm2,75,Comm2,0.6250207527328826,0.0023975384291866774,548
6,0.1,Comm2,76,Comm2,0.6379294074093903,18.39593400350816,993
6,0.1,Comm2,77,Comm2,0.6321541153078852,0.464625408760921,93
6,0.1,Comm2,78,Comm2,0.6359101751103866,5.42026893596987,32
6,0.1,Comm2,79,Comm2,0.6302089155451868,0.33095989058162656,700
6,0.1,Comm2,80,Comm2,0.6377538807606902,6.21095932005183,978
6,0.1,Comm2,81,Comm2,0.635722575914017,3.060515273428998,104
6,0.1,Comm2,82,Comm2,0.6294512570734924,0.047847209451632365,810
6,0.1,Comm2,83,Comm2,0.639565124388987,12.133636222109656,889
6,0.1,Comm2,84,Comm2,0.629309796242769,0.031533513514378136,111
6,0.1,Comm2,85,Comm2,0.624501342714953,0.003319916101979231,148
6,0.1,Comm2,86,Comm2,0.6349676268204217,1.8365652800331518,788
6,0.1,Comm2,87,Comm2,0.628639143476369,0.01087456059504165,815
6,0.1,Comm2,88,Comm2,0.6340927432847177,1.3104079295299058,692
6,0.1,Comm2,89,Comm2,0.629823228470198,0.07866959426232674,958
6,0.1,Comm2,90,Comm2,0.6254413006018414,0.012487467513783568,507
6,0.1,Comm2,91,Comm2,0.6375284716103513,11.6105627251287,543
6,0.1,Comm2,92,Comm2,0.6260982522056976,0.003497816826139316,306
6,0.1,Comm2,93,Comm2,0.638977069758598,58.58344406699546,908
6,0.1,Comm2,94,Comm2,0.636838671463387,9.65177426778599,429
6,0.1,Comm2,95,Comm2,0.6255507659945228,0.004267609831584572,587
6,0.1,Comm2,96,Comm2,0.6340371826703266,1.6751409156744657,670
6,0.1,Comm2,97,Comm2,0.6379361501788763,17.804438021023262,602
6,0.1,Comm2,98,Comm2,0.6355183481858975,3.4023738009377453,547
6,0.1,Comm2,99,Comm2,0.6381190127224514,23.61814736680018,633
6,0.1,Comm2,100,Comm2,0.6274299619557667,0.005872184237356413,228
6,0.1,Comm3,1,Comm1,0.6332454807895268,0.013217106276750292,824
6,0.1,Comm3,2,Comm1,0.6350633793923531,0.20217473569390196,580
6,0.1,Comm3,3,Comm1,0.6324098519655746,0.007905665861931298,952
6,0.1,Comm3,4,Comm1,0.6338815279903534,0.14654439294912802,899
6,0.1,Comm3,5,Comm1,0.6349643784568672,0.6366271504882649,271
6,0.1,Comm3,6,Comm1,0.6320471665551778,0.005697656602900071,314
6,0.1,Comm3,7,Comm1,0.6343195069637347,0.06004214183323695,658
6,0.1,Comm3,8,Comm1,0.6243609672639729,3.594750150551403e-08,731
6,0.1,Comm3,9,Comm1,0.6347540036614124,0.03979431816162627,772
6,0.1,Comm3,10,Comm1,0.6245015546239627,6.782079499434786e-09,885
6,0.1,Comm3,11,Comm1,0.6242930977802001,2.5058197475469284e-08,147
6,0.1,Comm3,12,Comm1,0.6288621504438096,4.838670885079041e-06,463
6,0.1,Comm3,13,Comm1,0.6246604383949443,5.591023356248203e-08,82
6,0.1,Comm3,14,Comm1,0.6319645618792561,0.010377491989428481,178
6,0.1,Comm3,15,Comm1,0.6392279718677334,23.275642010815872,596
6,0.1,Comm3,16,Comm1,0.6359418544404578,0.25676921688084314,38
6,0.1,Comm3,17,Comm1,0.6302108586374069,0.0003638154304019947,231
6,0.1,Comm3,18,Comm1,0.6337157246813164,0.01737603552551974,730
6,0.1,Comm3,19,Comm1,0.6295035548141679,0.00059753166667502,169
6,0.1,Comm3,20,Comm1,0.625822930623976,1.1296263732792591e-06,371
6,0.1,Comm3,21,Comm1,0.6325501732728673,0.052645199361454544,652
6,0.1,Comm3,22,Comm1,0.6280558285250403,2.6756587801685626e-06,40
6,0.1,Comm3,23,Comm1,0.6380106290687912,9.967239900265707,128
6,0.1,Comm3,24,Comm1,0.6382091895570361,19.137374649426395,745
6,0.1,Comm3,25,Comm1,0.6279217370470812,2.755248103993082e-06,255
6,0.1,Comm3,26,Comm1,0.6257612435887306,2.7062835046578343e-06,467
6,0.1,Comm3,27,Comm1,0.6282744862907671,3.864911543997779e-06,998
6,0.1,Comm3,28,Comm1,0.6359202288977086,0.31072741185208286,138
6,0.1,Comm3,29,Comm1,0.6399994505280046,47.121976965640904,775
6,0.1,Comm3,30,Comm1,0.6360814292878291,4.040690340682726,607
6,0.1,Comm3,31,Comm1,0.6323822580276266,0.04108711012625422,65
6,0.1,Comm3,32,Comm1,0.6250531013586749,2.0638087768970246e-07,157
6,0.1,Comm3,33,Comm1,0.6364614514010746,12.26947122740252,450
6,0.1,Comm3,34,Comm1,0.6335880244123469,0.21344266895554725,135
6,0.1,Comm3,35,Comm1,0.6314798664523563,0.004618747049678193,814
6,0.1,Comm3,36,Comm1,0.6267093613254201,4.137788282117355e-06,624
6,0.1,Comm3,37,Comm1,0.627488037933455,7.972596226806099e-06,575
6,0.1,Comm3,38,Comm1,0.6336367598533089,0.3036649031559089,668
6,0.1,Comm3,39,Comm1,0.6306806281561306,5.408723311340006e-05,315
6,0.1,Comm3,40,Comm1,0.6297661230683682,0.0006208225204051674,407
6,0.1,Comm3,41,Comm1,0.6301066139478523,0.0002863155221525599,318
6,0.1,Comm3,42,Comm1,0.6281851166952881,2.338297602297757e-06,758
6,0.1,Comm3,43,Comm1,0.6263539965886081,7.591142393584435e-07,961
6,0.1,Comm3,44,Comm1,0.6358139192415962,3.2694564162999913,295
6,0.1,Comm3,45,Comm1,0.6332410731113541,0.018000859273727233,628
6,0.1,Comm3,46,Comm1,0.6366717592834262,2.45282865246106,363
6,0.1,Comm3,47,Comm1,0.6371552194856401,1.3137303416441355,332
6,0.1,Comm3,48,Comm1,0.6363864694557111,0.7687961999015829,887
6,0.1,Comm3,49,Comm1,0.6274475485652524,7.584842925136747e-06,201
6,0.1,Comm3,50,Comm1,0.6374240026670291,4.018142100630209,822
6,0.1,Comm3,51,Comm1,0.6252467471001508,4.246602013156121e-07,793
6,0.1,Comm3,52,Comm1,0.6360070532953628,1.5518054719458008,152
6,0.1,Comm3,53,Comm1,0.6359379910877421,1.4325124765945338,427
6,0.1,Comm3,54,Comm1,0.6379742003690136,11.812145070921101,898
6,0.1,Comm3,55,Comm1,0.6325717244263906,0.015067371326620291,225
6,0.1,Comm3,56,Comm1,0.6301947137687663,0.002796723927169893,151
6,0.1,Comm3,57,Comm1,0.6298323521302527,0.00023526700946020768,237
6,0.1,Comm3,58,Comm1,0.6265363751753295,6.233736166115374e-07,207
6,0.1,Comm3,59,Comm1,0.6277362973811894,3.8124256651628564e-06,156
6,0.1,Comm3,60,Comm1,0.636517508712694,4.201609536386833,884
6,0.1,Comm3,61,Comm1,0.6375177456412682,9.82063138261977,173
6,0.1,Comm3,62,Comm1,0.6347034023075687,1.3111857465827121,834
6,0.1,Comm3,63,Comm1,0.6320136509766993,0.018881019960492983,778
6,0.1,Comm3,64,Comm1,0.635777594481559,0.4143438877703166,572
6,0.1,Comm3,65,Comm1,0.6393320179815432,29.041714591559934,109
6,0.1,Comm3,66,Comm1,0.6307933196650163,0.0003409155414974363,319
6,0.1,Comm3,67,Comm1,0.6256617596738463,6.493757455285847e-08,368
6,0.1,Comm3,68,Comm1,0.6293204242136163,1.677416255962155e-05,565
6,0.1,Comm3,69,Comm1,0.636231322306454,0.4687808225458846,278
6,0.1,Comm3,70,Comm1,0.6248276823087179,6.894963421616632e-08,247
6,0.1,Comm3,71,Comm1,0.6381917603128687,20.640780576971764,589
6,0.1,Comm3,72,Comm1,0.6331407153742863,0.06826031112305796,966
6,0.1,Comm3,73,Comm1,0.6293245156660369,0.0008956511660686542,721
6,0.1,Comm3,74,Comm1,0.6333800666558456,0.16753997889230698,648
6,0.1,Comm3,75,Comm1,0.639120360139421,69.38440855640741,383
6,0.1,Comm3,76,Comm1,0.6375458132071715,3.4413075032353255,768
6,0.1,Comm3,77,Comm1,0.6378380794286052,5.169281241257194,999
6,0.1,Comm3,78,Comm1,0.629114741472031,5.1274807984772036e-05,770
6,0.1,Comm3,79,Comm1,0.6309826227297007,0.0006335253405926095,817
6,0.1,Comm3,80,Comm1,0.6333725615903708,0.00702424937101815,682
6,0.1,Comm3,81,Comm1,0.6291536696121426,6.031238460056631e-05,843
6,0.1,Comm3,82,Comm1,0.635461677224,5.281741452669531,713
6,0.1,Comm3,83,Comm1,0.6351106039364449,0.8459438826944925,239
6,0.1,Comm3,84,Comm1,0.625165253899104,1.5188574383471506e-07,987
6,0.1,Comm3,85,Comm1,0.6243797646412214,4.394399177407636e-09,725
6,0.1,Comm3,86,Comm1,0.6322682782957241,0.0025295213213030777,409
6,0.1,Comm3,87,Comm1,0.6377227565855982,3.0770191367194393,161
6,0.1,Comm3,88,Comm1,0.6390353023133514,30.787633519394664,402
6,0.1,Comm3,89,Comm1,0.6302720588666513,0.00034758572522836773,108
6,0.1,Comm3,90,Comm1,0.6389283525906967,42.931138785602535,133
6,0.1,Comm3,91,Comm1,0.632263942750555,0.0030852193854690856,140
6,0.1,Comm3,92,Comm1,0.6257385341546297,2.562149890800803e-07,849
6,0.1,Comm3,93,Comm1,0.6253595910204512,7.860323248710439e-07,418
6,0.1,Comm3,94,Comm1,0.6246869336790439,1.2330516040293105e-08,722
6,0.1,Comm3,95,Comm1,0.6312526747795761,0.004685674992447605,98
6,0.1,Comm3,96,Comm1,0.6380683696062988,13.473215607251172,917
6,0.1,Comm3,97,Comm1,0.6381157444211929,47.641377711191495,818
6,0.1,Comm3,98,Comm1,0.6394888076823952,45.634338020212255,975
6,0.1,Comm3,99,Comm1,0.6296507306345405,0.0002134029699664705,203
6,0.1,Comm3,100,Comm1,0.6302987139243532,0.0010711980940172412,710
6,0.1,Comm3,101,Comm2,0.6265641394653497,3.264694029175421e-07,957
6,0.1,Comm3,102,Comm2,0.6359635609592875,0.41323688601614905,176
6,0.1,Comm3,103,Comm2,0.6243363685207787,3.34788219972842e-10,872
6,0.1,Comm3,104,Comm2,0.632232235747349,0.0015743468291980083,124
6,0.1,Comm3,105,Comm2,0.6287183370284577,2.3115342851419792e-06,149
6,0.1,Comm3,106,Comm2,0.6346796709767714,0.03283829005805045,488
6,0.1,Comm3,107,Comm2,0.6357114653472371,0.10217701421058796,709
6,0.1,Comm3,108,Comm2,0.6397130761631734,18.080115348194507,612
6,0.1,Comm3,109,Comm2,0.632357570928226,0.0009185546502589248,253
6,0.1,Comm3,110,Comm2,0.6315229222049148,0.00040491306083868903,6
6,0.1,Comm3,111,Comm2,0.6342460047290169,0.030835379136256613,858
6,0.1,Comm3,112,Comm2,0.6242068253456082,5.075985344521809e-10,674
6,0.1,Comm3,113,Comm2,0.6357421307380711,0.6269499242401747,497
6,0.1,Comm3,114,Comm2,0.6347023348140626,0.06771146551057748,57
6,0.1,Comm3,115,Comm2,0.6273292817975001,5.967190422886806e-07,880
6,0.1,Comm3,116,Comm2,0.6353917025850393,0.0118872302648902,223
6,0.1,Comm3,117,Comm2,0.6381641109316241,1.045119576903304,697
6,0.1,Comm3,118,Comm2,0.625203299760717,8.927264175474815e-09,74
6,0.1,Comm3,119,Comm2,0.6340190650543944,0.015336414799618052,45
6,0.1,Comm3,120,Comm2,0.6297363741770039,5.685896385378493e-05,661
6,0.1,Comm3,121,Comm2,0.6399580199691502,14.879006395020596,441
6,0.1,Comm3,122,Comm2,0.6384360202642347,3.3485635851571764,863
6,0.1,Comm3,123,Comm2,0.6386357180501271,1.7696974086525523,209
6,0.1,Comm3,124,Comm2,0.627448302497964,8.885697597001391e-07,764
6,0.1,Comm3,125,Comm2,0.6395970453320848,3.8304715175739754,331
6,0.1,Comm3,126,Comm2,0.6342393703674497,0.017186054296470108,795
6,0.1,Comm3,127,Comm2,0.6389732186765783,3.0093718317146014,798
6,0.1,Comm3,128,Comm2,0.6324703243736328,0.0005728192629539438,781
6,0.1,Comm3,129,Comm2,0.6380712283677192,1.3606471461826886,189
6,0.1,Comm3,130,Comm2,0.6367985039181725,1.0645906680612924,155
6,0.1,Comm3,131,Comm2,0.6244978627193647,9.96199338901634e-11,338
6,0.1,Comm3,132,Comm2,0.6393328539883958,1.8069733729500994,3
6,0.1,Comm3,133,Comm2,0.626839104565054,2.880240405873311e-07,808
6,0.1,Comm3,134,Comm2,0.6357021127403027,0.17469289553210637,707
6,0.1,Comm3,135,Comm2,0.6351710080560987,0.029546537446844923,901
6,0.1,Comm3,136,Comm2,0.631228010259151,1.9142793470755894e-05,484
6,0.1,Comm3,137,Comm2,0.6391238461227821,13.599714545741021,558
6,0.1,Comm3,138,Comm2,0.6346334744116267,0.019326448617782724,8
6,0.1,Comm3,139,Comm2,0.6268822688492506,4.1720316982560414e-07,16
6,0.1,Comm3,140,Comm2,0.6268032941612202,1.246994793697747e-07,313
6,0.1,Comm3,141,Comm2,0.6246648002416556,-1.9497466577556653e-10,848
6,0.1,Comm3,142,Comm2,0.6307909055974912,4.844631075575159e-05,738
6,0.1,Comm3,143,Comm2,0.632901128949665,0.000536156688867525,285
6,0.1,Comm3,144,Comm2,0.6329829507450457,0.0037147802276818577,465
6,0.1,Comm3,145,Comm2,0.6248270595509583,2.3599608077558324e-09,437
6,0.1,Comm3,146,Comm2,0.6384591747828187,7.758637330466411,995
6,0.1,Comm3,147,Comm2,0.6290473340804309,2.2534263475330644e-06,574
6,0.1,Comm3,148,Comm2,0.6332630082910573,0.001292923718078105,360
6,0.1,Comm3,149,Comm2,0.6272350493748646,4.684323763252676e-08,870
6,0.1,Comm3,150,Comm2,0.6381581672093675,1.9699141865837033,840
6,0.1,Comm3,151,Comm2,0.6283894267473686,2.1641065704937665e-06,399
6,0.1,Comm3,152,Comm2,0.6266734700714504,2.4824405471797402e-08,950
6,0.1,Comm3,153,Comm2,0.6330653828868379,0.0003810852785718314,940
6,0.1,Comm3,154,Comm2,0.6259407034123837,9.168734301972763e-09,905
6,0.1,Comm3,155,Comm2,0.6257336938464403,7.266599832306072e-08,739
6,0.1,Comm3,156,Comm2,0.6257878727561416,2.0235254300872023e-08,702
6,0.1,Comm3,157,Comm2,0.6325652148566424,0.0006245309260734884,417
6,0.1,Comm3,158,Comm2,0.6255158619053778,1.0112025373930384e-07,180
6,0.1,Comm3,159,Comm2,0.6295221709730788,4.006994448414673e-06,900
6,0.1,Comm3,160,Comm2,0.6245690717422879,2.5231524773696e-08,168
6,0.1,Comm3,161,Comm2,0.6326007054207335,0.0030652814430157764,211
6,0.1,Comm3,162,Comm2,0.6253186414181675,3.0932805395067884e-09,297
6,0.1,Comm3,163,Comm2,0.6323659887838329,0.00019104972896290864,355
6,0.1,Comm3,164,Comm2,0.6254386590767399,3.9040690779690007e-10,397
6,0.1,Comm3,165,Comm2,0.6301977750550172,4.58293440974768e-06,990
6,0.1,Comm3,166,Comm2,0.6308220650893952,6.125218351699601e-05,248
6,0.1,Comm3,167,Comm2,0.6296853995577277,3.646837195330612e-06,198
6,0.1,Comm3,168,Comm2,0.626121387389903,4.7850891522864814e-08,320
6,0.1,Comm3,169,Comm2,0.6277767109133875,4.811419073901558e-07,336
6,0.1,Comm3,170,Comm2,0.6393521234863272,5.4650555883673,213
6,0.1,Comm3,171,Comm2,0.6241086839524872,1.6715900123926473e-09,487
6,0.1,Comm3,172,Comm2,0.6387000543571058,3.5016108557776944,302
6,0.1,Comm3,173,Comm2,0.6307495445691782,6.720754445687041e-05,200
6,0.1,Comm3,174,Comm2,0.6254633656158328,2.076842376164076e-08,750
6,0.1,Comm3,175,Comm2,0.6250207527328826,2.3828442352509747e-08,548
6,0.1,Comm3,176,Comm2,0.6379294074093903,1.0792585011814568,993
6,0.1,Comm3,177,Comm2,0.6321541153078852,0.0008324776595894157,93
6,0.1,Comm3,178,Comm2,0.6359101751103866,0.12804212330601378,32
6,0.1,Comm3,179,Comm2,0.6302089155451868,2.9039207131719604e-05,700
6,0.1,Comm3,180,Comm2,0.6377538807606902,0.14341446945692257,978
6,0.1,Comm3,181,Comm2,0.635722575914017,0.02986794354458692,104
6,0.1,Comm3,182,Comm2,0.6294512570734924,1.4251828455179963e-06,810
6,0.1,Comm3,183,Comm2,0.639565124388987,5.516879488563106,889
6,0.1,Comm3,184,Comm2,0.629309796242769,1.9281970737071305e-06,111
6,0.1,Comm3,185,Comm2,0.624501342714953,1.4807726113783823e-07,148
6,0.1,Comm3,186,Comm2,0.6349676268204217,0.012916690169029806,788
6,0.1,Comm3,187,Comm2,0.628639143476369,1.456273057479006e-07,815
6,0.1,Comm3,188,Comm2,0.6340927432847177,0.007069619938788313,692
6,0.1,Comm3,189,Comm2,0.629823228470198,3.332855908396237e-05,958
6,0.1,Comm3,190,Comm2,0.6254413006018414,7.923448077658903e-08,507
6,0.1,Comm3,191,Comm2,0.6375284716103513,0.3572977313247128,543
6,0.1,Comm3,192,Comm2,0.6260982522056976,3.461836947954975e-08,306
6,0.1,Comm3,193,Comm2,0.638977069758598,33.034873637291795,908
6,0.1,Comm3,194,Comm2,0.636838671463387,1.2031186518397572,429
6,0.1,Comm3,195,Comm2,0.6255507659945228,1.3483299354428638e-07,587
6,0.1,Comm3,196,Comm2,0.6340371826703266,0.004903101914876862,670
6,0.1,Comm3,197,Comm2,0.6379361501788763,1.211774004526529,602
6,0.1,Comm3,198,Comm2,0.6355183481858975,0.07961334534058898,547
6,0.1,Comm3,199,Comm2,0.6381190127224514,1.5097588652229417,633
6,0.1,Comm3,200,Comm2,0.6274299619557667,4.302771105866284e-07,228
7,0.01,Comm1,1,Comm1,0.6290645268579115,0.11586228753588577,611
7,0.01,Comm1,2,Comm1,0.6393495070490132,6.72109372828482,92
7,0.01,Comm1,3,Comm1,0.6363327207774365,4.589350590603966,534
7,0.01,Comm1,4,Comm1,0.6316843309203405,0.18666176293416292,458
7,0.01,Comm1,5,Comm1,0.6241190764932377,0.0019376426380629543,158
7,0.01,Comm1,6,Comm1,0.6310418087142259,0.28568559502981555,689
7,0.01,Comm1,7,Comm1,0.639268823718354,22.944845473312643,793
7,0.01,Comm1,8,Comm1,0.6335743881242746,1.4420296791407066,930
7,0.01,Comm1,9,Comm1,0.6250064837284746,0.0006813945335571623,919
7,0.01,Comm1,10,Comm1,0.6321477457745428,0.2174824430478607,31
7,0.01,Comm1,11,Comm1,0.6317992479449379,0.8685006973993312,352
7,0.01,Comm1,12,Comm1,0.6270791984210271,0.0047165136404644665,617
7,0.01,Comm1,13,Comm1,0.6367741772266071,9.480658847045623,734
7,0.01,Comm1,14,Comm1,0.6394315391227143,36.54511788815903,142
7,0.01,Comm1,15,Comm1,0.6383153005233178,16.693295634756957,881
7,0.01,Comm1,16,Comm1,0.631984235670497,0.09013967023780203,390
7,0.01,Comm1,17,Comm1,0.6341223102645767,1.3826684094540616,460
7,0.01,Comm1,18,Comm1,0.6311604031450097,0.24186631887643809,911
7,0.01,Comm1,19,Comm1,0.6306739491767261,0.20903692562365386,530
7,0.01,Comm1,20,Comm1,0.6247928735145898,0.0016907601447728475,412
7,0.01,Comm1,21,Comm1,0.6381019228740227,18.421730605181395,297
7,0.01,Comm1,22,Comm1,0.6260978374563736,0.00380207357417548,505
7,0.01,Comm1,23,Comm1,0.6358491541404422,6.5715136438756065,746
7,0.01,Comm1,24,Comm1,0.6299774809656907,0.06242067402825701,876
7,0.01,Comm1,25,Comm1,0.6392872540871206,4.43069755744972,752
7,0.01,Comm1,26,Comm1,0.6377875129315645,26.723368575165523,894
7,0.01,Comm1,27,Comm1,0.6365858343427214,8.699255916641519,16
7,0.01,Comm1,28,Comm1,0.6264302226433159,0.0028060045543738007,961
7,0.01,Comm1,29,Comm1,0.6382411523754047,22.372719304990945,344
7,0.01,Comm1,30,Comm1,0.6285241242835964,0.03804059656772338,97
7,0.01,Comm1,31,Comm1,0.6373754686882658,16.928481262635028,605
7,0.01,Comm1,32,Comm1,0.6358342885631005,10.867123693590365,831
7,0.01,Comm1,33,Comm1,0.6385238024664521,36.224330203560505,56
7,0.01,Comm1,34,Comm1,0.6316253987092199,0.5001150998823944,26
7,0.01,Comm1,35,Comm1,0.6269720280864997,0.013660720010703897,903
7,0.01,Comm1,36,Comm1,0.6368511195081352,7.991016453789877,789
7,0.01,Comm1,37,Comm1,0.6254972276933707,0.003246296477541802,47
7,0.01,Comm1,38,Comm1,0.6357613181406452,4.20604542056609,649
7,0.01,Comm1,39,Comm1,0.63219639755732,0.43294422503334207,416
7,0.01,Comm1,40,Comm1,0.6262782580251729,0.0030254736185207627,407
7,0.01,Comm1,41,Comm1,0.6363151539356646,1.5636317759663583,22
7,0.01,Comm1,42,Comm1,0.6246376849340625,0.0010586697485209704,480
7,0.01,Comm1,43,Comm1,0.6326299152613876,1.5545177262203143,86
7,0.01,Comm1,44,Comm1,0.6366660025639529,26.440583010706362,569
7,0.01,Comm1,45,Comm1,0.6377296391186384,14.355327164603661,865
7,0.01,Comm1,46,Comm1,0.6272654339646714,0.01837895973943437,739
7,0.01,Comm1,47,Comm1,0.6304632140779977,0.12406019006721855,222
7,0.01,Comm1,48,Comm1,0.6256936746087007,0.0075539252663720255,257
7,0.01,Comm1,49,Comm1,0.6242040461915143,0.0011404266968976329,797
7,0.01,Comm1,50,Comm1,0.6301351976750267,0.13183081483532583,988
7,0.01,Comm1,51,Comm1,0.6360448904274886,8.07495169772211,660
7,0.01,Comm1,52,Comm1,0.6358625680225178,7.044882726594386,239
7,0.01,Comm1,53,Comm1,0.6356460204448103,5.072886661442242,802
7,0.01,Comm1,54,Comm1,0.6339217213329208,0.32676422351434237,563
7,0.01,Comm1,55,Comm1,0.6342289422765284,6.385912240227481,387
7,0.01,Comm1,56,Comm1,0.6275922791483782,0.02865759827540583,323
7,0.01,Comm1,57,Comm1,0.6291770258083198,0.11927123894231959,629
7,0.01,Comm1,58,Comm1,0.6253923426105101,0.0010346204015744317,697
7,0.01,Comm1,59,Comm1,0.6346074515291159,4.58945820238018,259
7,0.01,Comm1,60,Comm1,0.6367357738344264,7.412186449319554,973
7,0.01,Comm1,61,Comm1,0.6389918296356142,30.09968007030797,641
7,0.01,Comm1,62,Comm1,0.6352317880127863,2.988557410630567,276
7,0.01,Comm1,63,Comm1,0.6349432462318749,2.1312921038448653,329
7,0.01,Comm1,64,Comm1,0.6310121495028981,0.08626241457777852,256
7,0.01,Comm1,65,Comm1,0.6382045954378929,14.432885574018067,405
7,0.01,Comm1,66,Comm1,0.634693602267844,5.128157070628015,884
7,0.01,Comm1,67,Comm1,0.6351117473720695,2.940591360886867,678
7,0.01,Comm1,68,Comm1,0.6292390235276462,0.13634942107454204,174
7,0.01,Comm1,69,Comm1,0.6336088188418287,4.581500363644985,369
7,0.01,Comm1,70,Comm1,0.6370037278378828,3.0707099930475557,667
7,0.01,Comm1,71,Comm1,0.6336223633443862,0.7323285711865637,310
7,0.01,Comm1,72,Comm1,0.6284908140398553,0.01198720007971093,45
7,0.01,Comm1,73,Comm1,0.6389450184495055,21.604743916523464,13
7,0.01,Comm1,74,Comm1,0.6351988503488495,4.840652658531428,715
7,0.01,Comm1,75,Comm1,0.6348138268196553,5.643916190679406,628
7,0.01,Comm1,76,Comm1,0.6378099820992409,15.348885440781975,76
7,0.01,Comm1,77,Comm1,0.6269114004110495,0.005358786028847075,819
7,0.01,Comm1,78,Comm1,0.6251753806552954,0.003953168676624009,528
7,0.01,Comm1,79,Comm1,0.6313840660734331,0.2020841303053349,5
7,0.01,Comm1,80,Comm1,0.6299860921523578,0.22531908675293705,389
7,0.01,Comm1,81,Comm1,0.6389820434288231,22.1182466139807,148
7,0.01,Comm1,82,Comm1,0.6272762670630216,0.011454894530446928,926
7,0.01,Comm1,83,Comm1,0.6272518246890896,0.017163602667947826,96
7,0.01,Comm1,84,Comm1,0.6389561842608775,39.14021643344983,801
7,0.01,Comm1,85,Comm1,0.6281336355008638,0.06913191902019739,945
7,0.01,Comm1,86,Comm1,0.6356605950737265,1.5925339959618747,428
7,0.01,Comm1,87,Comm1,0.6376082191468122,12.010271193201376,149
7,0.01,Comm1,88,Comm1,0.6249310517089369,0.0069259774839435205,115
7,0.01,Comm1,89,Comm1,0.6367816103860967,13.249983127490323,950
7,0.01,Comm1,90,Comm1,0.6330324516988485,1.359062582122664,599
7,0.01,Comm1,91,Comm1,0.634809181285241,3.279989590108055,78
7,0.01,Comm1,92,Comm1,0.6337560842394446,2.441424799651203,680
7,0.01,Comm1,93,Comm1,0.631971089742105,0.2841642318268497,195
7,0.01,Comm1,94,Comm1,0.6321580780513447,0.5481725797915159,879
7,0.01,Comm1,95,Comm1,0.6355211490000902,2.8925805495682466,989
7,0.01,Comm1,96,Comm1,0.6380184147617025,35.85907555553089,556
7,0.01,Comm1,97,Comm1,0.6267567953175721,0.009217632997602223,464
7,0.01,Comm1,98,Comm1,0.6258910399341202,0.00325152303578937,786
7,0.01,Comm1,99,Comm1,0.6267097547840991,0.0061584761104476315,161
7,0.01,Comm1,100,Comm1,0.6260583052858947,0.004014352892077841,587
7,0.01,Comm2,1,Comm2,0.6271653076464715,0.010027346525980805,912
7,0.01,Comm2,2,Comm2,0.6266325030216394,0.006548957443903158,243
7,0.01,Comm2,3,Comm2,0.6372308207295797,20.09669960940116,747
7,0.01,Comm2,4,Comm2,0.6349903830706113,3.347185747907082,854
7,0.01,Comm2,5,Comm2,0.6318528737850675,0.5489631769350316,704
7,0.01,Comm2,6,Comm2,0.6326035849259085,1.3072297382503124,225
7,0.01,Comm2,7,Comm2,0.6347534224112532,6.547695062708329,253
7,0.01,Comm2,8,Comm2,0.6325898205113898,0.8947452503927811,110
7,0.01,Comm2,9,Comm2,0.638657005637119,23.82403844582533,612
7,0.01,Comm2,10,Comm2,0.6246275547602778,0.002301527452807149,425
7,0.01,Comm2,11,Comm2,0.6264773632567875,0.005343820178936308,821
7,0.01,Comm2,12,Comm2,0.6320459386902008,0.5747077137034892,359
7,0.01,Comm2,13,Comm2,0.6318198676698735,0.6168248784379962,922
7,0.01,Comm2,14,Comm2,0.6264744774597766,0.006696905202578426,136
7,0.01,Comm2,15,Comm2,0.6290415354070382,0.03770968136475924,228
7,0.01,Comm2,16,Comm2,0.6295968855255153,0.04266675656235599,755
7,0.01,Comm2,17,Comm2,0.6245661228919603,0.001851357675790143,500
7,0.01,Comm2,18,Comm2,0.6320794229376677,0.15880362146456917,497
7,0.01,Comm2,19,Comm2,0.6282595573605784,0.02429513988795454,633
7,0.01,Comm2,20,Comm2,0.6356031618666463,1.3466148211086886,394
7,0.01,Comm2,21,Comm2,0.6361957280299488,8.948431060071032,850
7,0.01,Comm2,22,Comm2,0.6254465035564862,0.0043835325719362725,15
7,0.01,Comm2,23,Comm2,0.6364919657400715,4.188366495174213,768
7,0.01,Comm2,24,Comm2,0.6361229764449406,11.881667663917973,687
7,0.01,Comm2,25,Comm2,0.626037965069693,0.00419885055137001,167
7,0.01,Comm2,26,Comm2,0.6378421658976496,20.865284145196796,280
7,0.01,Comm2,27,Comm2,0.6267635787363264,0.008887923085500087,234
7,0.01,Comm2,28,Comm2,0.6332599406624116,0.9195108204708693,241
7,0.01,Comm2,29,Comm2,0.6256067875382187,0.005307241759320649,277
7,0.01,Comm2,30,Comm2,0.624397765101486,0.001422754945805964,128
7,0.01,Comm2,31,Comm2,0.6375325185936935,14.380988704785713,702
7,0.01,Comm2,32,Comm2,0.6322267963406578,0.15418761640959439,75
7,0.01,Comm2,33,Comm2,0.6247125068319533,0.0020614679067384846,60
7,0.01,Comm2,34,Comm2,0.6333615716388279,0.44345788187870777,81
7,0.01,Comm2,35,Comm2,0.6314776831209014,0.14279591726505103,126
7,0.01,Comm2,36,Comm2,0.6354639180290039,2.5478707658280233,349
7,0.01,Comm2,37,Comm2,0.6266740253961999,0.010448020277628015,319
7,0.01,Comm2,38,Comm2,0.6398979707503795,29.063162949604656,558
7,0.01,Comm2,39,Comm2,0.6298138747436972,0.036836800974615044,749
7,0.01,Comm2,40,Comm2,0.6341295849535671,7.57556111421038,467
7,0.01,Comm2,41,Comm2,0.635654476475847,5.588326918266304,169
7,0.01,Comm2,42,Comm2,0.6259727851170939,0.004038819654538808,131
7,0.01,Comm2,43,Comm2,0.6278317580803155,0.01777824100884553,107
7,0.01,Comm2,44,Comm2,0.6374743559070638,10.772858982872092,756
7,0.01,Comm2,45,Comm2,0.6387051138798717,40.23284439373732,722
7,0.01,Comm2,46,Comm2,0.6308021985985736,0.06623018429774008,121
7,0.01,Comm2,47,Comm2,0.6274843175788195,0.07515443154290775,123
7,0.01,Comm2,48,Comm2,0.6376443185310144,18.784924194176423,367
7,0.01,Comm2,49,Comm2,0.6340128016406146,6.9528322897635455,322
7,0.01,Comm2,50,Comm2,0.6351277072768661,12.85657543119857,583
7,0.01,Comm2,51,Comm2,0.636563394380661,3.840676779780707,298
7,0.01,Comm2,52,Comm2,0.6350775265585142,3.4095760724799007,220
7,0.01,Comm2,53,Comm2,0.6287973485546502,0.03835831944222724,740
7,0.01,Comm2,54,Comm2,0.6270733927657728,0.034151810808848174,362
7,0.01,Comm2,55,Comm2,0.6306007403932495,0.6678307320690007,751
7,0.01,Comm2,56,Comm2,0.6316111506002301,0.1159253575435434,331
7,0.01,Comm2,57,Comm2,0.6271923352160246,0.012953242058745153,90
7,0.01,Comm2,58,Comm2,0.6274836705360427,0.008754446745466429,688
7,0.01,Comm2,59,Comm2,0.6353700350147452,7.11957292409309,236
7,0.01,Comm2,60,Comm2,0.6287981818998655,0.04435944780545936,936
7,0.01,Comm2,61,Comm2,0.6286027724345027,0.05637665122642969,393
7,0.01,Comm2,62,Comm2,0.6281789065804748,0.028992119219976766,900
7,0.01,Comm2,63,Comm2,0.6358700530732709,9.41318174037118,888
7,0.01,Comm2,64,Comm2,0.6398366287088386,50.775451216059,690
7,0.01,Comm2,65,Comm2,0.6296596478519089,0.058867067486940795,631
7,0.01,Comm2,66,Comm2,0.6378362311461033,16.534782547431448,550
7,0.01,Comm2,67,Comm2,0.6316104704517568,1.4698838191227597,58
7,0.01,Comm2,68,Comm2,0.6257123679345602,0.010550037274536808,330
7,0.01,Comm2,69,Comm2,0.6355644866768912,2.581846405843884,170
7,0.01,Comm2,70,Comm2,0.6379348255873959,13.171584564257584,506
7,0.01,Comm2,71,Comm2,0.6376491149489034,37.449836734909816,209
7,0.01,Comm2,72,Comm2,0.6259919981646895,0.007214688903790852,766
7,0.01,Comm2,73,Comm2,0.6386709280275167,43.7865180714531,790
7,0.01,Comm2,74,Comm2,0.6370975313750822,5.9770684570725745,178
7,0.01,Comm2,75,Comm2,0.6313285945930598,0.313920933199228,396
7,0.01,Comm2,76,Comm2,0.6334276055607687,1.2419700767340487,730
7,0.01,Comm2,77,Comm2,0.6275212993241581,0.018488184965745377,1
7,0.01,Comm2,78,Comm2,0.6306627635201696,0.7042567031968054,489
7,0.01,Comm2,79,Comm2,0.629366547911218,0.05879538819304724,321
7,0.01,Comm2,80,Comm2,0.6263584081520213,0.005432417536988645,784
7,0.01,Comm2,81,Comm2,0.6325637590173897,0.29762858081153676,883
7,0.01,Comm2,82,Comm2,0.638138394614343,23.358752624408925,671
7,0.01,Comm2,83,Comm2,0.6377993964762243,14.777853177448392,437
7,0.01,Comm2,84,Comm2,0.63070871407021,0.11688922186226498,235
7,0.01,Comm2,85,Comm2,0.6364337369443528,3.202552233231995,974
7,0.01,Comm2,86,Comm2,0.6240042717733231,0.0006565187807651468,731
7,0.01,Comm2,87,Comm2,0.6254285847313882,0.0051428988412923525,172
7,0.01,Comm2,88,Comm2,0.6399726739513241,59.333654629744494,805
7,0.01,Comm2,89,Comm2,0.6276015939869758,0.029048092744514187,83
7,0.01,Comm2,90,Comm2,0.6266888961034441,0.009036964389254668,626
7,0.01,Comm2,91,Comm2,0.6318811314367493,0.760167992955136,775
7,0.01,Comm2,92,Comm2,0.6376570139450746,12.351846039407931,887
7,0.01,Comm2,93,Comm2,0.6281482384598163,0.02389403331484272,343
7,0.01,Comm2,94,Comm2,0.6361946116207534,9.449434456607841,320
7,0.01,Comm2,95,Comm2,0.6375805045569737,7.86458279794169,681
7,0.01,Comm2,96,Comm2,0.6249898428635465,0.00106171366398055,300
7,0.01,Comm2,97,Comm2,0.6325198611515315,0.5839940210940658,529
7,0.01,Comm2,98,Comm2,0.6250800074044511,0.0020741860708064085,643
7,0.01,Comm2,99,Comm2,0.6373645334595359,15.589983861366443,141
7,0.01,Comm2,100,Comm2,0.6296583036903176,0.03539213990355271,420
7,0.01,Comm3,1,Comm1,0.6290645268579115,0.0005428529882925069,611
7,0.01,Comm3,2,Comm1,0.6393495070490132,4.168756497652587,92
7,0.01,Comm3,3,Comm1,0.6363327207774365,1.7132751552319843,534
7,0.01,Comm3,4,Comm1,0.6316843309203405,0.002648331786545084,458
7,0.01,Comm3,5,Comm1,0.6241190764932377,7.274106687228798e-08,158
7,0.01,Comm3,6,Comm1,0.6310418087142259,0.0009602401922546542,689
7,0.01,Comm3,7,Comm1,0.639268823718354,37.21766683309566,793
7,0.01,Comm3,8,Comm1,0.6335743881242746,0.05483922703923204,930
7,0.01,Comm3,9,Comm1,0.6250064837284746,1.3597791853588309e-08,919
7,0.01,Comm3,10,Comm1,0.6321477457745428,0.006442614143842172,31
7,0.01,Comm3,11,Comm1,0.6317992479449379,0.007858216257362403,352
7,0.01,Comm3,12,Comm1,0.6270791984210271,1.969448500340405e-06,617
7,0.01,Comm3,13,Comm1,0.6367741772266071,5.318722169660769,734
7,0.01,Comm3,14,Comm1,0.6394315391227143,49.45949839942332,142
7,0.01,Comm3,15,Comm1,0.6383153005233178,14.149643214625188,881
7,0.01,Comm3,16,Comm1,0.631984235670497,0.0004637870355128144,390
7,0.01,Comm3,17,Comm1,0.6341223102645767,0.31788266483478334,460
7,0.01,Comm3,18,Comm1,0.6311604031450097,0.001425320696956641,911
7,0.01,Comm3,19,Comm1,0.6306739491767261,0.0020833520023065782,530
7,0.01,Comm3,20,Comm1,0.6247928735145898,2.044633164972952e-07,412
7,0.01,Comm3,21,Comm1,0.6381019228740227,18.926316157997537,297
7,0.01,Comm3,22,Comm1,0.6260978374563736,2.657913778172294e-06,505
7,0.01,Comm3,23,Comm1,0.6358491541404422,2.520606359517308,746
7,0.01,Comm3,24,Comm1,0.6299774809656907,0.00040056942149764194,876
7,0.01,Comm3,25,Comm1,0.6392872540871206,5.138774614008872,752
7,0.01,Comm3,26,Comm1,0.6377875129315645,17.492054935733147,894
7,0.01,Comm3,27,Comm1,0.6365858343427214,4.2398795249402985,16
7,0.01,Comm3,28,Comm1,0.6264302226433159,8.280525721767303e-07,961
7,0.01,Comm3,29,Comm1,0.6382411523754047,11.393445079362538,344
7,0.01,Comm3,30,Comm1,0.6285241242835964,5.5134013928643325e-05,97
7,0.01,Comm3,31,Comm1,0.6373754686882658,22.765806773157284,605
7,0.01,Comm3,32,Comm1,0.6358342885631005,12.28306856859063,831
7,0.01,Comm3,33,Comm1,0.6385238024664521,39.41360667803786,56
7,0.01,Comm3,34,Comm1,0.6316253987092199,0.019794397559077283,26
7,0.01,Comm3,35,Comm1,0.6269720280864997,1.956616170537591e-05,903
7,0.01,Comm3,36,Comm1,0.6368511195081352,13.719569608756728,789
7,0.01,Comm3,37,Comm1,0.6254972276933707,4.1012164929976445e-07,47
7,0.01,Comm3,38,Comm1,0.6357613181406452,3.293054705555711,649
7,0.01,Comm3,39,Comm1,0.63219639755732,0.016595266285972465,416
7,0.01,Comm3,40,Comm1,0.6262782580251729,4.778279175990463e-07,407
7,0.01,Comm3,41,Comm1,0.6363151539356646,0.4979121769583286,22
7,0.01,Comm3,42,Comm1,0.6246376849340625,1.778520567524232e-07,480
7,0.01,Comm3,43,Comm1,0.6326299152613876,0.3116127271244533,86
7,0.01,Comm3,44,Comm1,0.6366660025639529,26.16923079677677,569
7,0.01,Comm3,45,Comm1,0.6377296391186384,20.986487104995074,865
7,0.01,Comm3,46,Comm1,0.6272654339646714,2.063802410103073e-05,739
7,0.01,Comm3,47,Comm1,0.6304632140779977,0.0011617854499643826,222
7,0.01,Comm3,48,Comm1,0.6256936746087007,5.12161238175782e-06,257
7,0.01,Comm3,49,Comm1,0.6242040461915143,3.467836004004904e-08,797
7,0.01,Comm3,50,Comm1,0.6301351976750267,0.0007941226020875714,988
7,0.01,Comm3,51,Comm1,0.6360448904274886,4.2220009090739445,660
7,0.01,Comm3,52,Comm1,0.6358625680225178,5.53229973247536,239
7,0.01,Comm3,53,Comm1,0.6356460204448103,1.4063266528700717,802
7,0.01,Comm3,54,Comm1,0.6339217213329208,0.010781185972518268,563
7,0.01,Comm3,55,Comm1,0.6342289422765284,3.6687798068310715,387
7,0.01,Comm3,56,Comm1,0.6275922791483782,0.0001614780784489231,323
7,0.01,Comm3,57,Comm1,0.6291770258083198,0.002055056901881425,629
7,0.01,Comm3,58,Comm1,0.6253923426105101,5.679501517390942e-08,697
7,0.01,Comm3,59,Comm1,0.6346074515291159,1.0525215124140086,259
7,0.01,Comm3,60,Comm1,0.6367357738344264,8.678210713123752,973
7,0.01,Comm3,61,Comm1,0.6389918296356142,51.28434460656452,641
7,0.01,Comm3,62,Comm1,0.6352317880127863,0.6569507318105365,276
7,0.01,Comm3,63,Comm1,0.6349432462318749,0.23021739602315888,329
7,0.01,Comm3,64,Comm1,0.6310121495028981,0.00027024784421234255,256
7,0.01,Comm3,65,Comm1,0.6382045954378929,8.028127885901702,405
7,0.01,Comm3,66,Comm1,0.634693602267844,2.0580104159014003,884
7,0.01,Comm3,67,Comm1,0.6351117473720695,1.1270587810652102,678
7,0.01,Comm3,68,Comm1,0.6292390235276462,0.0018565328184668604,174
7,0.01,Comm3,69,Comm1,0.6336088188418287,1.1354349134923247,369
7,0.01,Comm3,70,Comm1,0.6370037278378828,1.703636841109798,667
7,0.01,Comm3,71,Comm1,0.6336223633443862,0.07015831560755496,310
7,0.01,Comm3,72,Comm1,0.6284908140398553,1.4031209180009595e-05,45
7,0.01,Comm3,73,Comm1,0.6389450184495055,27.282190836016653,13
7,0.01,Comm3,74,Comm1,0.6351988503488495,1.3238970445281928,715
7,0.01,Comm3,75,Comm1,0.6348138268196553,4.675161375571616,628
7,0.01,Comm3,76,Comm1,0.6378099820992409,16.18480747487239,76
7,0.01,Comm3,77,Comm1,0.6269114004110495,1.8036824090252372e-06,819
7,0.01,Comm3,78,Comm1,0.6251753806552954,9.246086752193757e-07,528
7,0.01,Comm3,79,Comm1,0.6313840660734331,0.0030444313713866447,5
7,0.01,Comm3,80,Comm1,0.6299860921523578,0.0013612607336769538,389
7,0.01,Comm3,81,Comm1,0.6389820434288231,27.36764170017345,148
7,0.01,Comm3,82,Comm1,0.6272762670630216,1.1449971228439273e-05,926
7,0.01,Comm3,83,Comm1,0.6272518246890896,4.833144377993638e-05,96
7,0.01,Comm3,84,Comm1,0.6389561842608775,47.85314057841118,801
7,0.01,Comm3,85,Comm1,0.6281336355008638,0.0004024235645323568,945
7,0.01,Comm3,86,Comm1,0.6356605950737265,0.4025094791066239,428
7,0.01,Comm3,87,Comm1,0.6376082191468122,11.949296649495663,149
7,0.01,Comm3,88,Comm1,0.6249310517089369,2.4755920585293535e-06,115
7,0.01,Comm3,89,Comm1,0.6367816103860967,6.5450219968067165,950
7,0.01,Comm3,90,Comm1,0.6330324516988485,0.07115808884989942,599
7,0.01,Comm3,91,Comm1,0.634809181285241,2.781768787276203,78
7,0.01,Comm3,92,Comm1,0.6337560842394446,0.32740791599514585,680
7,0.01,Comm3,93,Comm1,0.631971089742105,0.016391638001397597,195
7,0.01,Comm3,94,Comm1,0.6321580780513447,0.032659039585429206,879
7,0.01,Comm3,95,Comm1,0.6355211490000902,0.6369765649564938,989
7,0.01,Comm3,96,Comm1,0.6380184147617025,30.32490253478239,556
7,0.01,Comm3,97,Comm1,0.6267567953175721,1.2402347257345026e-06,464
7,0.01,Comm3,98,Comm1,0.6258910399341202,7.744158344728078e-07,786
7,0.01,Comm3,99,Comm1,0.6267097547840991,8.821282558346986e-06,161
7,0.01,Comm3,100,Comm1,0.6260583052858947,9.223145687343611e-07,587
7,0.01,Comm3,101,Comm2,0.6271653076464715,3.49126244787849e-08,912
7,0.01,Comm3,102,Comm2,0.6266325030216394,6.169288821081168e-08,243
7,0.01,Comm3,103,Comm2,0.6372308207295797,0.20292245490766447,747
7,0.01,Comm3,104,Comm2,0.6349903830706113,0.006054124539648888,854
7,0.01,Comm3,105,Comm2,0.6318528737850675,6.193480815716465e-05,704
7,0.01,Comm3,106,Comm2,0.6326035849259085,0.0008712018396943759,225
7,0.01,Comm3,107,Comm2,0.6347534224112532,0.007155117498880506,253
7,0.01,Comm3,108,Comm2,0.6325898205113898,0.0002464456826440497,110
7,0.01,Comm3,109,Comm2,0.638657005637119,2.0667293324320903,612
7,0.01,Comm3,110,Comm2,0.6246275547602778,3.6635487622976952e-09,425
7,0.01,Comm3,111,Comm2,0.6264773632567875,4.931705266683298e-08,821
7,0.01,Comm3,112,Comm2,0.6320459386902008,5.087680429180677e-05,359
7,0.01,Comm3,113,Comm2,0.6318198676698735,1.9955766357638137e-05,922
7,0.01,Comm3,114,Comm2,0.6264744774597766,7.260403936009987e-08,136
7,0.01,Comm3,115,Comm2,0.6290415354070382,1.8094589577020021e-06,228
7,0.01,Comm3,116,Comm2,0.6295968855255153,3.477211749648856e-07,755
7,0.01,Comm3,117,Comm2,0.6245661228919603,4.294399838279163e-09,500
7,0.01,Comm3,118,Comm2,0.6320794229376677,2.0359792891740613e-05,497
7,0.01,Comm3,119,Comm2,0.6282595573605784,3.3472873757185467e-06,633
7,0.01,Comm3,120,Comm2,0.6356031618666463,0.004224804690966387,394
7,0.01,Comm3,121,Comm2,0.6361957280299488,0.010318640511780993,850
7,0.01,Comm3,122,Comm2,0.6254465035564862,2.1661898145961174e-08,15
7,0.01,Comm3,123,Comm2,0.6364919657400715,0.020054989295102455,768
7,0.01,Comm3,124,Comm2,0.6361229764449406,0.02855253712255211,687
7,0.01,Comm3,125,Comm2,0.626037965069693,9.763850405667378e-09,167
7,0.01,Comm3,126,Comm2,0.6378421658976496,0.43579405373169056,280
7,0.01,Comm3,127,Comm2,0.6267635787363264,3.9403973950113675e-08,234
7,0.01,Comm3,128,Comm2,0.6332599406624116,0.0029470086192936685,241
7,0.01,Comm3,129,Comm2,0.6256067875382187,4.803104778560631e-09,277
7,0.01,Comm3,130,Comm2,0.624397765101486,6.964489377944208e-10,128
7,0.01,Comm3,131,Comm2,0.6375325185936935,0.37396343197807785,702
7,0.01,Comm3,132,Comm2,0.6322267963406578,1.528350901623481e-05,75
7,0.01,Comm3,133,Comm2,0.6247125068319533,5.763150907004298e-09,60
7,0.01,Comm3,134,Comm2,0.6333615716388279,0.0006493583788656004,81
7,0.01,Comm3,135,Comm2,0.6314776831209014,2.213502961228187e-05,126
7,0.01,Comm3,136,Comm2,0.6354639180290039,0.00734249205243285,349
7,0.01,Comm3,137,Comm2,0.6266740253961999,4.107555735335197e-08,319
7,0.01,Comm3,138,Comm2,0.6398979707503795,2.0191389491492755,558
7,0.01,Comm3,139,Comm2,0.6298138747436972,3.088887656271192e-06,749
7,0.01,Comm3,140,Comm2,0.6341295849535671,0.020492866892408992,467
7,0.01,Comm3,141,Comm2,0.635654476475847,0.025844641109109615,169
7,0.01,Comm3,142,Comm2,0.6259727851170939,9.38932911576945e-09,131
7,0.01,Comm3,143,Comm2,0.6278317580803155,4.6428297294051966e-07,107
7,0.01,Comm3,144,Comm2,0.6374743559070638,0.3791244525183834,756
7,0.01,Comm3,145,Comm2,0.6387051138798717,4.664682288107663,722
7,0.01,Comm3,146,Comm2,0.6308021985985736,2.156433202241973e-06,121
7,0.01,Comm3,147,Comm2,0.6274843175788195,9.2318532150694e-07,123
7,0.01,Comm3,148,Comm2,0.6376443185310144,0.9357663240296947,367
7,0.01,Comm3,149,Comm2,0.6340128016406146,0.00690874252223191,322
7,0.01,Comm3,150,Comm2,0.6351277072768661,0.027999383271281493,583
7,0.01,Comm3,151,Comm2,0.636563394380661,0.021340345095080315,298
7,0.01,Comm3,152,Comm2,0.6350775265585142,0.013481224156093749,220
7,0.01,Comm3,153,Comm2,0.6287973485546502,4.092461922669832e-06,740
7,0.01,Comm3,154,Comm2,0.6270733927657728,1.6967693724134004e-07,362
7,0.01,Comm3,155,Comm2,0.6306007403932495,0.00011584547242146707,751
7,0.01,Comm3,156,Comm2,0.6316111506002301,4.8268971764735635e-05,331
7,0.01,Comm3,157,Comm2,0.6271923352160246,1.1181915414094637e-07,90
7,0.01,Comm3,158,Comm2,0.6274836705360427,1.974070176329591e-08,688
7,0.01,Comm3,159,Comm2,0.6353700350147452,0.004284318007017573,236
7,0.01,Comm3,160,Comm2,0.6287981818998655,1.459328584385638e-06,936
7,0.01,Comm3,161,Comm2,0.6286027724345027,8.216273508337846e-07,393
7,0.01,Comm3,162,Comm2,0.6281789065804748,1.0216004247074236e-06,900
7,0.01,Comm3,163,Comm2,0.6358700530732709,0.009073923162129956,888
7,0.01,Comm3,164,Comm2,0.6398366287088386,2.5428216776538126,690
7,0.01,Comm3,165,Comm2,0.6296596478519089,7.383998036196623e-06,631
7,0.01,Comm3,166,Comm2,0.6378362311461033,0.44423861346874527,550
7,0.01,Comm3,167,Comm2,0.6316104704517568,0.0002389144012267173,58
7,0.01,Comm3,168,Comm2,0.6257123679345602,3.483477856097463e-08,330
7,0.01,Comm3,169,Comm2,0.6355644866768912,0.0063170528877058065,170
7,0.01,Comm3,170,Comm2,0.6379348255873959,0.247873547512409,506
7,0.01,Comm3,171,Comm2,0.6376491149489034,0.9542647385116844,209
7,0.01,Comm3,172,Comm2,0.6259919981646895,2.097156571804077e-07,766
7,0.01,Comm3,173,Comm2,0.6386709280275167,10.579331318313294,790
7,0.01,Comm3,174,Comm2,0.6370975313750822,0.0532431439346592,178
7,0.01,Comm3,175,Comm2,0.6313285945930598,1.95332417436432e-05,396
7,0.01,Comm3,176,Comm2,0.6334276055607687,0.0021984154547070056,730
7,0.01,Comm3,177,Comm2,0.6275212993241581,1.7070652583802601e-07,1
7,0.01,Comm3,178,Comm2,0.6306627635201696,4.255902449318039e-05,489
7,0.01,Comm3,179,Comm2,0.629366547911218,2.450585917040926e-06,321
7,0.01,Comm3,180,Comm2,0.6263584081520213,2.6433084962518388e-08,784
7,0.01,Comm3,181,Comm2,0.6325637590173897,0.00038542957594888354,883
7,0.01,Comm3,182,Comm2,0.638138394614343,0.42366728058360925,671
7,0.01,Comm3,183,Comm2,0.6377993964762243,0.3439150831444523,437
7,0.01,Comm3,184,Comm2,0.63070871407021,5.359021456310157e-06,235
7,0.01,Comm3,185,Comm2,0.6364337369443528,0.0941515287395628,974
7,0.01,Comm3,186,Comm2,0.6240042717733231,2.733025050135824e-10,731
7,0.01,Comm3,187,Comm2,0.6254285847313882,1.3917238210195215e-09,172
7,0.01,Comm3,188,Comm2,0.6399726739513241,3.2206326233467495,805
7,0.01,Comm3,189,Comm2,0.6276015939869758,6.931332714213512e-08,83
7,0.01,Comm3,190,Comm2,0.6266888961034441,6.870970988793761e-08,626
7,0.01,Comm3,191,Comm2,0.6318811314367493,0.00011859248387778862,775
7,0.01,Comm3,192,Comm2,0.6376570139450746,0.35936000412138436,887
7,0.01,Comm3,193,Comm2,0.6281482384598163,1.8922077785219803e-07,343
7,0.01,Comm3,194,Comm2,0.6361946116207534,0.03221179102531615,320
7,0.01,Comm3,195,Comm2,0.6375805045569737,0.3086935028417281,681
7,0.01,Comm3,196,Comm2,0.6249898428635465,4.1199204910847836e-10,300
7,0.01,Comm3,197,Comm2,0.6325198611515315,0.0007793504388714335,529
7,0.01,Comm3,198,Comm2,0.6250800074044511,4.872687055712881e-09,643
7,0.01,Comm3,199,Comm2,0.6373645334595359,0.10531948992605385,141
7,0.01,Comm3,200,Comm2,0.6296583036903176,6.434044760183834e-07,420
7,0.05,Comm1,1,Comm1,0.6290645268579115,0.11586228753588577,611
7,0.05,Comm1,2,Comm1,0.6393495070490132,6.72109372828482,92
7,0.05,Comm1,3,Comm1,0.6363327207774365,4.589350590603966,534
7,0.05,Comm1,4,Comm1,0.6316843309203405,0.18666176293416292,458
7,0.05,Comm1,5,Comm1,0.6241190764932377,0.0019376426380629543,158
7,0.05,Comm1,6,Comm1,0.6310418087142259,0.28568559502981555,689
7,0.05,Comm1,7,Comm1,0.639268823718354,22.944845473312643,793
7,0.05,Comm1,8,Comm1,0.6335743881242746,1.4420296791407066,930
7,0.05,Comm1,9,Comm1,0.6250064837284746,0.0006813945335571623,919
7,0.05,Comm1,10,Comm1,0.6321477457745428,0.2174824430478607,31
7,0.05,Comm1,11,Comm1,0.6317992479449379,0.8685006973993312,352
7,0.05,Comm1,12,Comm1,0.6270791984210271,0.0047165136404644665,617
7,0.05,Comm1,13,Comm1,0.6367741772266071,9.480658847045623,734
7,0.05,Comm1,14,Comm1,0.6394315391227143,36.54511788815903,142
7,0.05,Comm1,15,Comm1,0.6383153005233178,16.693295634756957,881
7,0.05,Comm1,16,Comm1,0.631984235670497,0.09013967023780203,390
7,0.05,Comm1,17,Comm1,0.6341223102645767,1.3826684094540616,460
7,0.05,Comm1,18,Comm1,0.6311604031450097,0.24186631887643809,911
7,0.05,Comm1,19,Comm1,0.6306739491767261,0.20903692562365386,530
7,0.05,Comm1,20,Comm1,0.6247928735145898,0.0016907601447728475,412
7,0.05,Comm1,21,Comm1,0.6381019228740227,18.421730605181395,297
7,0.05,Comm1,22,Comm1,0.6260978374563736,0.00380207357417548,505
7,0.05,Comm1,23,Comm1,0.6358491541404422,6.5715136438756065,746
7,0.05,Comm1,24,Comm1,0.6299774809656907,0.06242067402825701,876
7,0.05,Comm1,25,Comm1,0.6392872540871206,4.43069755744972,752
7,0.05,Comm1,26,Comm1,0.6377875129315645,26.723368575165523,894
7,0.05,Comm1,27,Comm1,0.6365858343427214,8.699255916641519,16
7,0.05,Comm1,28,Comm1,0.6264302226433159,0.0028060045543738007,961
7,0.05,Comm1,29,Comm1,0.6382411523754047,22.372719304990945,344
7,0.05,Comm1,30,Comm1,0.6285241242835964,0.03804059656772338,97
7,0.05,Comm1,31,Comm1,0.6373754686882658,16.928481262635028,605
7,0.05,Comm1,32,Comm1,0.6358342885631005,10.867123693590365,831
7,0.05,Comm1,33,Comm1,0.6385238024664521,36.224330203560505,56
7,0.05,Comm1,34,Comm1,0.6316253987092199,0.5001150998823944,26
7,0.05,Comm1,35,Comm1,0.6269720280864997,0.013660720010703897,903
7,0.05,Comm1,36,Comm1,0.6368511195081352,7.991016453789877,789
7,0.05,Comm1,37,Comm1,0.6254972276933707,0.003246296477541802,47
7,0.05,Comm1,38,Comm1,0.6357613181406452,4.20604542056609,649
7,0.05,Comm1,39,Comm1,0.63219639755732,0.43294422503334207,416
7,0.05,Comm1,40,Comm1,0.6262782580251729,0.0030254736185207627,407
7,0.05,Comm1,41,Comm1,0.6363151539356646,1.5636317759663583,22
7,0.05,Comm1,42,Comm1,0.6246376849340625,0.0010586697485209704,480
7,0.05,Comm1,43,Comm1,0.6326299152613876,1.5545177262203143,86
7,0.05,Comm1,44,Comm1,0.6366660025639529,26.440583010706362,569
7,0.05,Comm1,45,Comm1,0.6377296391186384,14.355327164603661,865
7,0.05,Comm1,46,Comm1,0.6272654339646714,0.01837895973943437,739
7,0.05,Comm1,47,Comm1,0.6304632140779977,0.12406019006721855,222
7,0.05,Comm1,48,Comm1,0.6256936746087007,0.0075539252663720255,257
7,0.05,Comm1,49,Comm1,0.6242040461915143,0.0011404266968976329,797
7,0.05,Comm1,50,Comm1,0.6301351976750267,0.13183081483532583,988
7,0.05,Comm1,51,Comm1,0.6360448904274886,8.07495169772211,660
7,0.05,Comm1,52,Comm1,0.6358625680225178,7.044882726594386,239
7,0.05,Comm1,53,Comm1,0.6356460204448103,5.072886661442242,802
7,0.05,Comm1,54,Comm1,0.6339217213329208,0.32676422351434237,563
7,0.05,Comm1,55,Comm1,0.6342289422765284,6.385912240227481,387
7,0.05,Comm1,56,Comm1,0.6275922791483782,0.02865759827540583,323
7,0.05,Comm1,57,Comm1,0.6291770258083198,0.11927123894231959,629
7,0.05,Comm1,58,Comm1,0.6253923426105101,0.0010346204015744317,697
7,0.05,Comm1,59,Comm1,0.6346074515291159,4.58945820238018,259
7,0.05,Comm1,60,Comm1,0.6367357738344264,7.412186449319554,973
7,0.05,Comm1,61,Comm1,0.6389918296356142,30.09968007030797,641
7,0.05,Comm1,62,Comm1,0.6352317880127863,2.988557410630567,276
7,0.05,Comm1,63,Comm1,0.6349432462318749,2.1312921038448653,329
7,0.05,Comm1,64,Comm1,0.6310121495028981,0.08626241457777852,256
7,0.05,Comm1,65,Comm1,0.6382045954378929,14.432885574018067,405
7,0.05,Comm1,66,Comm1,0.634693602267844,5.128157070628015,884
7,0.05,Comm1,67,Comm1,0.6351117473720695,2.940591360886867,678
7,0.05,Comm1,68,Comm1,0.6292390235276462,0.13634942107454204,174
7,0.05,Comm1,69,Comm1,0.6336088188418287,4.581500363644985,369
7,0.05,Comm1,70,Comm1,0.6370037278378828,3.0707099930475557,667
7,0.05,Comm1,71,Comm1,0.6336223633443862,0.7323285711865637,310
7,0.05,Comm1,72,Comm1,0.6284908140398553,0.01198720007971093,45
7,0.05,Comm1,73,Comm1,0.6389450184495055,21.604743916523464,13
7,0.05,Comm1,74,Comm1,0.6351988503488495,4.840652658531428,715
7,0.05,Comm1,75,Comm1,0.6348138268196553,5.643916190679406,628
7,0.05,Comm1,76,Comm1,0.6378099820992409,15.348885440781975,76
7,0.05,Comm1,77,Comm1,0.6269114004110495,0.005358786028847075,819
7,0.05,Comm1,78,Comm1,0.6251753806552954,0.003953168676624009,528
7,0.05,Comm1,79,Comm1,0.6313840660734331,0.2020841303053349,5
7,0.05,Comm1,80,Comm1,0.6299860921523578,0.22531908675293705,389
7,0.05,Comm1,81,Comm1,0.6389820434288231,22.1182466139807,148
7,0.05,Comm1,82,Comm1,0.6272762670630216,0.011454894530446928,926
7,0.05,Comm1,83,Comm1,0.6272518246890896,0.017163602667947826,96
7,0.05,Comm1,84,Comm1,0.6389561842608775,39.14021643344983,801
7,0.05,Comm1,85,Comm1,0.6281336355008638,0.06913191902019739,945
7,0.05,Comm1,86,Comm1,0.6356605950737265,1.5925339959618747,428
7,0.05,Comm1,87,Comm1,0.6376082191468122,12.010271193201376,149
7,0.05,Comm1,88,Comm1,0.6249310517089369,0.0069259774839435205,115
7,0.05,Comm1,89,Comm1,0.6367816103860967,13.249983127490323,950
7,0.05,Comm1,90,Comm1,0.6330324516988485,1.359062582122664,599
7,0.05,Comm1,91,Comm1,0.634809181285241,3.279989590108055,78
7,0.05,Comm1,92,Comm1,0.6337560842394446,2.441424799651203,680
7,0.05,Comm1,93,Comm1,0.631971089742105,0.2841642318268497,195
7,0.05,Comm1,94,Comm1,0.6321580780513447,0.5481725797915159,879
7,0.05,Comm1,95,Comm1,0.6355211490000902,2.8925805495682466,989
7,0.05,Comm1,96,Comm1,0.6380184147617025,35.85907555553089,556
7,0.05,Comm1,97,Comm1,0.6267567953175721,0.009217632997602223,464
7,0.05,Comm1,98,Comm1,0.6258910399341202,0.00325152303578937,786
7,0.05,Comm1,99,Comm1,0.6267097547840991,0.0061584761104476315,161
7,0.05,Comm1,100,Comm1,0.6260583052858947,0.004014352892077841,587
7,0.05,Comm2,1,Comm2,0.6271653076464715,0.010027346525980805,912
7,0.05,Comm2,2,Comm2,0.6266325030216394,0.006548957443903158,243
7,0.05,Comm2,3,Comm2,0.6372308207295797,20.09669960940116,747
7,0.05,Comm2,4,Comm2,0.6349903830706113,3.347185747907082,854
7,0.05,Comm2,5,Comm2,0.6318528737850675,0.5489631769350316,704
7,0.05,Comm2,6,Comm2,0.6326035849259085,1.3072297382503124,225
7,0.05,Comm2,7,Comm2,0.6347534224112532,6.547695062708329,253
7,0.05,Comm2,8,Comm2,0.6325898205113898,0.8947452503927811,110
7,0.05,Comm2,9,Comm2,0.638657005637119,23.82403844582533,612
7,0.05,Comm2,10,Comm2,0.6246275547602778,0.002301527452807149,425
7,0.05,Comm2,11,Comm2,0.6264773632567875,0.005343820178936308,821
7,0.05,Comm2,12,Comm2,0.6320459386902008,0.5747077137034892,359
7,0.05,Comm2,13,Comm2,0.6318198676698735,0.6168248784379962,922
7,0.05,Comm2,14,Comm2,0.6264744774597766,0.006696905202578426,136
7,0.05,Comm2,15,Comm2,0.6290415354070382,0.03770968136475924,228
7,0.05,Comm2,16,Comm2,0.6295968855255153,0.04266675656235599,755
7,0.05,Comm2,17,Comm2,0.6245661228919603,0.001851357675790143,500
7,0.05,Comm2,18,Comm2,0.6320794229376677,0.15880362146456917,497
7,0.05,Comm2,19,Comm2,0.6282595573605784,0.02429513988795454,633
7,0.05,Comm2,20,Comm2,0.6356031618666463,1.3466148211086886,394
7,0.05,Comm2,21,Comm2,0.6361957280299488,8.948431060071032,850
7,0.05,Comm2,22,Comm2,0.6254465035564862,0.0043835325719362725,15
7,0.05,Comm2,23,Comm2,0.6364919657400715,4.188366495174213,768
7,0.05,Comm2,24,Comm2,0.6361229764449406,11.881667663917973,687
7,0.05,Comm2,25,Comm2,0.626037965069693,0.00419885055137001,167
7,0.05,Comm2,26,Comm2,0.6378421658976496,20.865284145196796,280
7,0.05,Comm2,27,Comm2,0.6267635787363264,0.008887923085500087,234
7,0.05,Comm2,28,Comm2,0.6332599406624116,0.9195108204708693,241
7,0.05,Comm2,29,Comm2,0.6256067875382187,0.005307241759320649,277
7,0.05,Comm2,30,Comm2,0.624397765101486,0.001422754945805964,128
7,0.05,Comm2,31,Comm2,0.6375325185936935,14.380988704785713,702
7,0.05,Comm2,32,Comm2,0.6322267963406578,0.15418761640959439,75
7,0.05,Comm2,33,Comm2,0.6247125068319533,0.0020614679067384846,60
7,0.05,Comm2,34,Comm2,0.6333615716388279,0.44345788187870777,81
7,0.05,Comm2,35,Comm2,0.6314776831209014,0.14279591726505103,126
7,0.05,Comm2,36,Comm2,0.6354639180290039,2.5478707658280233,349
7,0.05,Comm2,37,Comm2,0.6266740253961999,0.010448020277628015,319
7,0.05,Comm2,38,Comm2,0.6398979707503795,29.063162949604656,558
7,0.05,Comm2,39,Comm2,0.6298138747436972,0.036836800974615044,749
7,0.05,Comm2,40,Comm2,0.6341295849535671,7.57556111421038,467
7,0.05,Comm2,41,Comm2,0.635654476475847,5.588326918266304,169
7,0.05,Comm2,42,Comm2,0.6259727851170939,0.004038819654538808,131
7,0.05,Comm2,43,Comm2,0.6278317580803155,0.01777824100884553,107
7,0.05,Comm2,44,Comm2,0.6374743559070638,10.772858982872092,756
7,0.05,Comm2,45,Comm2,0.6387051138798717,40.23284439373732,722
7,0.05,Comm2,46,Comm2,0.6308021985985736,0.06623018429774008,121
7,0.05,Comm2,47,Comm2,0.6274843175788195,0.07515443154290775,123
7,0.05,Comm2,48,Comm2,0.6376443185310144,18.784924194176423,367
7,0.05,Comm2,49,Comm2,0.6340128016406146,6.9528322897635455,322
7,0.05,Comm2,50,Comm2,0.6351277072768661,12.85657543119857,583
7,0.05,Comm2,51,Comm2,0.636563394380661,3.840676779780707,298
7,0.05,Comm2,52,Comm2,0.6350775265585142,3.4095760724799007,220
7,0.05,Comm2,53,Comm2,0.6287973485546502,0.03835831944222724,740
7,0.05,Comm2,54,Comm2,0.6270733927657728,0.034151810808848174,362
7,0.05,Comm2,55,Comm2,0.6306007403932495,0.6678307320690007,751
7,0.05,Comm2,56,Comm2,0.6316111506002301,0.1159253575435434,331
7,0.05,Comm2,57,Comm2,0.6271923352160246,0.012953242058745153,90
7,0.05,Comm2,58,Comm2,0.6274836705360427,0.008754446745466429,688
7,0.05,Comm2,59,Comm2,0.6353700350147452,7.11957292409309,236
7,0.05,Comm2,60,Comm2,0.6287981818998655,0.04435944780545936,936
7,0.05,Comm2,61,Comm2,0.6286027724345027,0.05637665122642969,393
7,0.05,Comm2,62,Comm2,0.6281789065804748,0.028992119219976766,900
7,0.05,Comm2,63,Comm2,0.6358700530732709,9.41318174037118,888
7,0.05,Comm2,64,Comm2,0.6398366287088386,50.775451216059,690
7,0.05,Comm2,65,Comm2,0.6296596478519089,0.058867067486940795,631
7,0.05,Comm2,66,Comm2,0.6378362311461033,16.534782547431448,550
7,0.05,Comm2,67,Comm2,0.6316104704517568,1.4698838191227597,58
7,0.05,Comm2,68,Comm2,0.6257123679345602,0.010550037274536808,330
7,0.05,Comm2,69,Comm2,0.6355644866768912,2.581846405843884,170
7,0.05,Comm2,70,Comm2,0.6379348255873959,13.171584564257584,506
7,0.05,Comm2,71,Comm2,0.6376491149489034,37.449836734909816,209
7,0.05,Comm2,72,Comm2,0.6259919981646895,0.007214688903790852,766
7,0.05,Comm2,73,Comm2,0.6386709280275167,43.7865180714531,790
7,0.05,Comm2,74,Comm2,0.6370975313750822,5.9770684570725745,178
7,0.05,Comm2,75,Comm2,0.6313285945930598,0.313920933199228,396
7,0.05,Comm2,76,Comm2,0.6334276055607687,1.2419700767340487,730
7,0.05,Comm2,77,Comm2,0.6275212993241581,0.018488184965745377,1
7,0.05,Comm2,78,Comm2,0.6306627635201696,0.7042567031968054,489
7,0.05,Comm2,79,Comm2,0.629366547911218,0.05879538819304724,321
7,0.05,Comm2,80,Comm2,0.6263584081520213,0.005432417536988645,784
7,0.05,Comm2,81,Comm2,0.6325637590173897,0.29762858081153676,883
7,0.05,Comm2,82,Comm2,0.638138394614343,23.358752624408925,671
7,0.05,Comm2,83,Comm2,0.6377993964762243,14.777853177448392,437
7,0.05,Comm2,84,Comm2,0.63070871407021,0.11688922186226498,235
7,0.05,Comm2,85,Comm2,0.6364337369443528,3.202552233231995,974
7,0.05,Comm2,86,Comm2,0.6240042717733231,0.0006565187807651468,731
7,0.05,Comm2,87,Comm2,0.6254285847313882,0.0051428988412923525,172
7,0.05,Comm2,88,Comm2,0.6399726739513241,59.333654629744494,805
7,0.05,Comm2,89,Comm2,0.6276015939869758,0.029048092744514187,83
7,0.05,Comm2,90,Comm2,0.6266888961034441,0.009036964389254668,626
7,0.05,Comm2,91,Comm2,0.6318811314367493,0.760167992955136,775
7,0.05,Comm2,92,Comm2,0.6376570139450746,12.351846039407931,887
7,0.05,Comm2,93,Comm2,0.6281482384598163,0.02389403331484272,343
7,0.05,Comm2,94,Comm2,0.6361946116207534,9.449434456607841,320
7,0.05,Comm2,95,Comm2,0.6375805045569737,7.86458279794169,681
7,0.05,Comm2,96,Comm2,0.6249898428635465,0.00106171366398055,300
7,0.05,Comm2,97,Comm2,0.6325198611515315,0.5839940210940658,529
7,0.05,Comm2,98,Comm2,0.6250800074044511,0.0020741860708064085,643
7,0.05,Comm2,99,Comm2,0.6373645334595359,15.589983861366443,141
7,0.05,Comm2,100,Comm2,0.6296583036903176,0.03539213990355271,420
7,0.05,Comm3,1,Comm1,0.6290645268579115,0.00039412204849187247,611
7,0.05,Comm3,2,Comm1,0.6393495070490132,4.217946147509771,92
7,0.05,Comm3,3,Comm1,0.6363327207774365,1.3818460096125273,534
7,0.05,Comm3,4,Comm1,0.6316843309203405,0.002072465342239895,458
7,0.05,Comm3,5,Comm1,0.6241190764932377,6.868780286765523e-08,158
7,0.05,Comm3,6,Comm1,0.6310418087142259,0.0007452337880138576,689
7,0.05,Comm3,7,Comm1,0.639268823718354,34.20130448730316,793
7,0.05,Comm3,8,Comm1,0.6335743881242746,0.0523542394996573,930
7,0.05,Comm3,9,Comm1,0.6250064837284746,1.5708112766561694e-08,919
7,0.05,Comm3,10,Comm1,0.6321477457745428,0.004724433945939479,31
7,0.05,Comm3,11,Comm1,0.6317992479449379,0.007009705136805173,352
7,0.05,Comm3,12,Comm1,0.6270791984210271,1.5008362824846811e-06,617
7,0.05,Comm3,13,Comm1,0.6367741772266071,4.464549000959295,734
7,0.05,Comm3,14,Comm1,0.6394315391227143,48.27903017730047,142
7,0.05,Comm3,15,Comm1,0.6383153005233178,12.38552317250313,881
7,0.05,Comm3,16,Comm1,0.631984235670497,0.0004003273496879766,390
7,0.05,Comm3,17,Comm1,0.6341223102645767,0.26110454994418336,460
7,0.05,Comm3,18,Comm1,0.6311604031450097,0.0013231491270744042,911
7,0.05,Comm3,19,Comm1,0.6306739491767261,0.0015507123062963421,530
7,0.05,Comm3,20,Comm1,0.6247928735145898,1.9099992426707753e-07,412
7,0.05,Comm3,21,Comm1,0.6381019228740227,18.122465487332214,297
7,0.05,Comm3,22,Comm1,0.6260978374563736,2.081158978230162e-06,505
7,0.05,Comm3,23,Comm1,0.6358491541404422,2.1242327520779503,746
7,0.05,Comm3,24,Comm1,0.6299774809656907,0.0003321257686080205,876
7,0.05,Comm3,25,Comm1,0.6392872540871206,4.686672959105325,752
7,0.05,Comm3,26,Comm1,0.6377875129315645,14.785075293162352,894
7,0.05,Comm3,27,Comm1,0.6365858343427214,4.190349053621064,16
7,0.05,Comm3,28,Comm1,0.6264302226433159,7.320792285910176e-07,961
7,0.05,Comm3,29,Comm1,0.6382411523754047,10.586560320897364,344
7,0.05,Comm3,30,Comm1,0.6285241242835964,4.561235028425338e-05,97
7,0.05,Comm3,31,Comm1,0.6373754686882658,18.712391767780854,605
7,0.05,Comm3,32,Comm1,0.6358342885631005,9.301326987568647,831
7,0.05,Comm3,33,Comm1,0.6385238024664521,35.23166326844786,56
7,0.05,Comm3,34,Comm1,0.6316253987092199,0.015567971183544303,26
7,0.05,Comm3,35,Comm1,0.6269720280864997,1.5398533662607988e-05,903
7,0.05,Comm3,36,Comm1,0.6368511195081352,11.0474838410678,789
7,0.05,Comm3,37,Comm1,0.6254972276933707,3.633558892426778e-07,47
7,0.05,Comm3,38,Comm1,0.6357613181406452,2.5403603643870665,649
7,0.05,Comm3,39,Comm1,0.63219639755732,0.012990604330100417,416
7,0.05,Comm3,40,Comm1,0.6262782580251729,4.5213567603290914e-07,407
7,0.05,Comm3,41,Comm1,0.6363151539356646,0.4230977620476313,22
7,0.05,Comm3,42,Comm1,0.6246376849340625,1.6334996833247267e-07,480
7,0.05,Comm3,43,Comm1,0.6326299152613876,0.21973422947202215,86
7,0.05,Comm3,44,Comm1,0.6366660025639529,20.646264334711095,569
7,0.05,Comm3,45,Comm1,0.6377296391186384,18.40602381609219,865
7,0.05,Comm3,46,Comm1,0.6272654339646714,1.5558972877771795e-05,739
7,0.05,Comm3,47,Comm1,0.6304632140779977,0.0008973583487581644,222
7,0.05,Comm3,48,Comm1,0.6256936746087007,3.803681390559635e-06,257
7,0.05,Comm3,49,Comm1,0.6242040461915143,3.199812936715695e-08,797
7,0.05,Comm3,50,Comm1,0.6301351976750267,0.000557219875679735,988
7,0.05,Comm3,51,Comm1,0.6360448904274886,3.341074853764216,660
7,0.05,Comm3,52,Comm1,0.6358625680225178,4.121801778780541,239
7,0.05,Comm3,53,Comm1,0.6356460204448103,1.0997541572611247,802
7,0.05,Comm3,54,Comm1,0.6339217213329208,0.00955801490767037,563
7,0.05,Comm3,55,Comm1,0.6342289422765284,2.4567467642789462,387
7,0.05,Comm3,56,Comm1,0.6275922791483782,0.0001184811958577998,323
7,0.05,Comm3,57,Comm1,0.6291770258083198,0.001708767915696422,629
7,0.05,Comm3,58,Comm1,0.6253923426105101,6.094520193731845e-08,697
7,0.05,Comm3,59,Comm1,0.6346074515291159,0.836697730829051,259
7,0.05,Comm3,60,Comm1,0.6367357738344264,8.096027665559207,973
7,0.05,Comm3,61,Comm1,0.6389918296356142,47.424640976128615,641
7,0.05,Comm3,62,Comm1,0.6352317880127863,0.6406721906413808,276
7,0.05,Comm3,63,Comm1,0.6349432462318749,0.19856085282061856,329
7,0.05,Comm3,64,Comm1,0.6310121495028981,0.0002822986322460295,256
7,0.05,Comm3,65,Comm1,0.6382045954378929,7.04619814537859,405
7,0.05,Comm3,66,Comm1,0.634693602267844,1.5947056581397872,884
7,0.05,Comm3,67,Comm1,0.6351117473720695,0.860438451791262,678
7,0.05,Comm3,68,Comm1,0.6292390235276462,0.001419614172948759,174
7,0.05,Comm3,69,Comm1,0.6336088188418287,0.8655378937524775,369
7,0.05,Comm3,70,Comm1,0.6370037278378828,1.4035618476901521,667
7,0.05,Comm3,71,Comm1,0.6336223633443862,0.06447442571580765,310
7,0.05,Comm3,72,Comm1,0.6284908140398553,1.2731409939819177e-05,45
7,0.05,Comm3,73,Comm1,0.6389450184495055,23.29747132864941,13
7,0.05,Comm3,74,Comm1,0.6351988503488495,1.028555000501764,715
7,0.05,Comm3,75,Comm1,0.6348138268196553,3.4644325892916767,628
7,0.05,Comm3,76,Comm1,0.6378099820992409,13.078747931085255,76
7,0.05,Comm3,77,Comm1,0.6269114004110495,1.5780802438201631e-06,819
7,0.05,Comm3,78,Comm1,0.6251753806552954,7.991271726967064e-07,528
7,0.05,Comm3,79,Comm1,0.6313840660734331,0.0027654093162098126,5
7,0.05,Comm3,80,Comm1,0.6299860921523578,0.001095460203413595,389
7,0.05,Comm3,81,Comm1,0.6389820434288231,26.339429876302148,148
7,0.05,Comm3,82,Comm1,0.6272762670630216,8.784199714922542e-06,926
7,0.05,Comm3,83,Comm1,0.6272518246890896,3.414681555926545e-05,96
7,0.05,Comm3,84,Comm1,0.6389561842608775,43.056738490780496,801
7,0.05,Comm3,85,Comm1,0.6281336355008638,0.0003118090249012079,945
7,0.05,Comm3,86,Comm1,0.6356605950737265,0.3744624727961086,428
7,0.05,Comm3,87,Comm1,0.6376082191468122,10.295798475374728,149
7,0.05,Comm3,88,Comm1,0.6249310517089369,1.9671087608942082e-06,115
7,0.05,Comm3,89,Comm1,0.6367816103860967,5.1615536247720275,950
7,0.05,Comm3,90,Comm1,0.6330324516988485,0.05377148694695208,599
7,0.05,Comm3,91,Comm1,0.634809181285241,2.191891496919561,78
7,0.05,Comm3,92,Comm1,0.6337560842394446,0.25253875767681633,680
7,0.05,Comm3,93,Comm1,0.631971089742105,0.01300444626508309,195
7,0.05,Comm3,94,Comm1,0.6321580780513447,0.020604780992931206,879
7,0.05,Comm3,95,Comm1,0.6355211490000902,0.6428306028834987,989
7,0.05,Comm3,96,Comm1,0.6380184147617025,24.786261567022816,556
7,0.05,Comm3,97,Comm1,0.6267567953175721,1.1231169693107285e-06,464
7,0.05,Comm3,98,Comm1,0.6258910399341202,6.167125461113491e-07,786
7,0.05,Comm3,99,Comm1,0.6267097547840991,6.781655226468184e-06,161
7,0.05,Comm3,100,Comm1,0.6260583052858947,7.4781063328002e-07,587
7,0.05,Comm3,101,Comm2,0.6271653076464715,1.6033998824735758e-07,912
7,0.05,Comm3,102,Comm2,0.6266325030216394,2.7461967678624446e-07,243
7,0.05,Comm3,103,Comm2,0.6372308207295797,0.9505711002231882,747
7,0.05,Comm3,104,Comm2,0.6349903830706113,0.029434079523937555,854
7,0.05,Comm3,105,Comm2,0.6318528737850675,0.0002935316140393845,704
7,0.05,Comm3,106,Comm2,0.6326035849259085,0.0038350680782869235,225
7,0.05,Comm3,107,Comm2,0.6347534224112532,0.03057108411237752,253
7,0.05,Comm3,108,Comm2,0.6325898205113898,0.0008896510735119705,110
7,0.05,Comm3,109,Comm2,0.638657005637119,7.072042977400506,612
7,0.05,Comm3,110,Comm2,0.6246275547602778,1.6205660736099137e-08,425
7,0.05,Comm3,111,Comm2,0.6264773632567875,2.1985714599230355e-07,821
7,0.05,Comm3,112,Comm2,0.6320459386902008,0.00024589968750480206,359
7,0.05,Comm3,113,Comm2,0.6318198676698735,0.00010806193029632069,922
7,0.05,Comm3,114,Comm2,0.6264744774597766,3.182877077316159e-07,136
7,0.05,Comm3,115,Comm2,0.6290415354070382,6.9873717596370475e-06,228
7,0.05,Comm3,116,Comm2,0.6295968855255153,1.402216514724946e-06,755
7,0.05,Comm3,117,Comm2,0.6245661228919603,1.747686713965265e-08,500
7,0.05,Comm3,118,Comm2,0.6320794229376677,8.111837660692505e-05,497
7,0.05,Comm3,119,Comm2,0.6282595573605784,1.0038242481743912e-05,633
7,0.05,Comm3,120,Comm2,0.6356031618666463,0.01712510826735413,394
7,0.05,Comm3,121,Comm2,0.6361957280299488,0.043755354368667176,850
7,0.05,Comm3,122,Comm2,0.6254465035564862,7.057498165336518e-08,15
7,0.05,Comm3,123,Comm2,0.6364919657400715,0.08079558637683187,768
7,0.05,Comm3,124,Comm2,0.6361229764449406,0.13780817890107921,687
7,0.05,Comm3,125,Comm2,0.626037965069693,4.776888926381896e-08,167
7,0.05,Comm3,126,Comm2,0.6378421658976496,1.7277545898795408,280
7,0.05,Comm3,127,Comm2,0.6267635787363264,1.7140690960157554e-07,234
7,0.05,Comm3,128,Comm2,0.6332599406624116,0.009614902167952142,241
7,0.05,Comm3,129,Comm2,0.6256067875382187,2.2995872288192894e-08,277
7,0.05,Comm3,130,Comm2,0.624397765101486,3.4471080392015098e-09,128
7,0.05,Comm3,131,Comm2,0.6375325185936935,1.4521816325841423,702
7,0.05,Comm3,132,Comm2,0.6322267963406578,7.04212523810358e-05,75
7,0.05,Comm3,133,Comm2,0.6247125068319533,2.180844416691357e-08,60
7,0.05,Comm3,134,Comm2,0.6333615716388279,0.002370647416254122,81
7,0.05,Comm3,135,Comm2,0.6314776831209014,8.852638400583611e-05,126
7,0.05,Comm3,136,Comm2,0.6354639180290039,0.03030390293166892,349
7,0.05,Comm3,137,Comm2,0.6266740253961999,1.870829070364779e-07,319
7,0.05,Comm3,138,Comm2,0.6398979707503795,7.881643959520216,558
7,0.05,Comm3,139,Comm2,0.6298138747436972,1.2003971202446037e-05,749
7,0.05,Comm3,140,Comm2,0.6341295849535671,0.09012084627044453,467
7,0.05,Comm3,141,Comm2,0.635654476475847,0.10191792233755412,169
7,0.05,Comm3,142,Comm2,0.6259727851170939,3.6756926005450636e-08,131
7,0.05,Comm3,143,Comm2,0.6278317580803155,1.6121370188894016e-06,107
7,0.05,Comm3,144,Comm2,0.6374743559070638,1.4611408135723478,756
7,0.05,Comm3,145,Comm2,0.6387051138798717,14.08652606456157,722
7,0.05,Comm3,146,Comm2,0.6308021985985736,9.095182038158163e-06,121
7,0.05,Comm3,147,Comm2,0.6274843175788195,4.014912723883838e-06,123
7,0.05,Comm3,148,Comm2,0.6376443185310144,3.4123876952459544,367
7,0.05,Comm3,149,Comm2,0.6340128016406146,0.028573902636707227,322
7,0.05,Comm3,150,Comm2,0.6351277072768661,0.1354238677559946,583
7,0.05,Comm3,151,Comm2,0.636563394380661,0.08577630987518522,298
7,0.05,Comm3,152,Comm2,0.6350775265585142,0.048432302737399104,220
7,0.05,Comm3,153,Comm2,0.6287973485546502,1.6466553789184592e-05,740
7,0.05,Comm3,154,Comm2,0.6270733927657728,6.713332569175864e-07,362
7,0.05,Comm3,155,Comm2,0.6306007403932495,0.00039421514445877215,751
7,0.05,Comm3,156,Comm2,0.6316111506002301,0.00017348959350058416,331
7,0.05,Comm3,157,Comm2,0.6271923352160246,4.6187106449481165e-07,90
7,0.05,Comm3,158,Comm2,0.6274836705360427,8.90634094189e-08,688
7,0.05,Comm3,159,Comm2,0.6353700350147452,0.019831881154411788,236
7,0.05,Comm3,160,Comm2,0.6287981818998655,5.919918007495671e-06,936
7,0.05,Comm3,161,Comm2,0.6286027724345027,3.6860339617209087e-06,393
7,0.05,Comm3,162,Comm2,0.6281789065804748,3.666826310954316e-06,900
7,0.05,Comm3,163,Comm2,0.6358700530732709,0.040392794497558455,888
7,0.05,Comm3,164,Comm2,0.6398366287088386,9.360437766356519,690
7,0.05,Comm3,165,Comm2,0.6296596478519089,2.9920743814701887e-05,631
7,0.05,Comm3,166,Comm2,0.6378362311461033,2.004205293825226,550
7,0.05,Comm3,167,Comm2,0.6316104704517568,0.001074598229022862,58
7,0.05,Comm3,168,Comm2,0.6257123679345602,1.509765328164694e-07,330
7,0.05,Comm3,169,Comm2,0.6355644866768912,0.026822850507806365,170
7,0.05,Comm3,170,Comm2,0.6379348255873959,1.0800109505398439,506
7,0.05,Comm3,171,Comm2,0.6376491149489034,3.6442395918965635,209
7,0.05,Comm3,172,Comm2,0.6259919981646895,8.482621465027105e-07,766
7,0.05,Comm3,173,Comm2,0.6386709280275167,28.76642736040633,790
7,0.05,Comm3,174,Comm2,0.6370975313750822,0.22611786853582913,178
7,0.05,Comm3,175,Comm2,0.6313285945930598,8.61865185891457e-05,396
7,0.05,Comm3,176,Comm2,0.6334276055607687,0.008625739231895704,730
7,0.05,Comm3,177,Comm2,0.6275212993241581,6.257316141242084e-07,1
7,0.05,Comm3,178,Comm2,0.6306627635201696,0.00018911419628978458,489
7,0.05,Comm3,179,Comm2,0.629366547911218,1.0812145512813957e-05,321
7,0.05,Comm3,180,Comm2,0.6263584081520213,1.091335124546811e-07,784
7,0.05,Comm3,181,Comm2,0.6325637590173897,0.0015620703145735309,883
7,0.05,Comm3,182,Comm2,0.638138394614343,1.6046150692637822,671
7,0.05,Comm3,183,Comm2,0.6377993964762243,1.2440024193637842,437
7,0.05,Comm3,184,Comm2,0.63070871407021,2.463972061013742e-05,235
7,0.05,Comm3,185,Comm2,0.6364337369443528,0.33404460537944186,974
7,0.05,Comm3,186,Comm2,0.6240042717733231,1.3736394954575239e-09,731
7,0.05,Comm3,187,Comm2,0.6254285847313882,7.996002858082517e-09,172
7,0.05,Comm3,188,Comm2,0.6399726739513241,11.911514514126889,805
7,0.05,Comm3,189,Comm2,0.6276015939869758,2.96947748546554e-07,83
7,0.05,Comm3,190,Comm2,0.6266888961034441,2.9819546244598795e-07,626
7,0.05,Comm3,191,Comm2,0.6318811314367493,0.0004771440829427308,775
7,0.05,Comm3,192,Comm2,0.6376570139450746,1.2012810144870036,887
7,0.05,Comm3,193,Comm2,0.6281482384598163,7.995255148046028e-07,343
7,0.05,Comm3,194,Comm2,0.6361946116207534,0.14286338602255585,320
7,0.05,Comm3,195,Comm2,0.6375805045569737,1.0456577332770778,681
7,0.05,Comm3,196,Comm2,0.6249898428635465,2.13965261232758e-09,300
7,0.05,Comm3,197,Comm2,0.6325198611515315,0.002846900899894568,529
7,0.05,Comm3,198,Comm2,0.6250800074044511,2.25259454345015e-08,643
7,0.05,Comm3,199,Comm2,0.6373645334595359,0.436419155097055,141
7,0.05,Comm3,200,Comm2,0.6296583036903176,2.768346248606796e-06,420
7,0.1,Comm1,1,Comm1,0.6290645268579115,0.11586228753588577,611
7,0.1,Comm1,2,Comm1,0.6393495070490132,6.72109372828482,92
7,0.1,Comm1,3,Comm1,0.6363327207774365,4.589350590603966,534
7,0.1,Comm1,4,Comm1,0.6316843309203405,0.18666176293416292,458
7,0.1,Comm1,5,Comm1,0.6241190764932377,0.0019376426380629543,158
7,0.1,Comm1,6,Comm1,0.6310418087142259,0.28568559502981555,689
7,0.1,Comm1,7,Comm1,0.639268823718354,22.944845473312643,793
7,0.1,Comm1,8,Comm1,0.6335743881242746,1.4420296791407066,930
7,0.1,Comm1,9,Comm1,0.6250064837284746,0.0006813945335571623,919
7,0.1,Comm1,10,Comm1,0.6321477457745428,0.2174824430478607,31
7,0.1,Comm1,11,Comm1,0.6317992479449379,0.8685006973993312,352
7,0.1,Comm1,12,Comm1,0.6270791984210271,0.0047165136404644665,617
7,0.1,Comm1,13,Comm1,0.6367741772266071,9.480658847045623,734
7,0.1,Comm1,14,Comm1,0.6394315391227143,36.54511788815903,142
7,0.1,Comm1,15,Comm1,0.6383153005233178,16.693295634756957,881
7,0.1,Comm1,16,Comm1,0.631984235670497,0.09013967023780203,390
7,0.1,Comm1,17,Comm1,0.6341223102645767,1.3826684094540616,460
7,0.1,Comm1,18,Comm1,0.6311604031450097,0.24186631887643809,911
7,0.1,Comm1,19,Comm1,0.6306739491767261,0.20903692562365386,530
7,0.1,Comm1,20,Comm1,0.6247928735145898,0.0016907601447728475,412
7,0.1,Comm1,21,Comm1,0.6381019228740227,18.421730605181395,297
7,0.1,Comm1,22,Comm1,0.6260978374563736,0.00380207357417548,505
7,0.1,Comm1,23,Comm1,0.6358491541404422,6.5715136438756065,746
7,0.1,Comm1,24,Comm1,0.6299774809656907,0.06242067402825701,876
7,0.1,Comm1,25,Comm1,0.6392872540871206,4.43069755744972,752
7,0.1,Comm1,26,Comm1,0.6377875129315645,26.723368575165523,894
7,0.1,Comm1,27,Comm1,0.6365858343427214,8.699255916641519,16
7,0.1,Comm1,28,Comm1,0.6264302226433159,0.0028060045543738007,961
7,0.1,Comm1,29,Comm1,0.6382411523754047,22.372719304990945,344
7,0.1,Comm1,30,Comm1,0.6285241242835964,0.03804059656772338,97
7,0.1,Comm1,31,Comm1,0.6373754686882658,16.928481262635028,605
7,0.1,Comm1,32,Comm1,0.6358342885631005,10.867123693590365,831
7,0.1,Comm1,33,Comm1,0.6385238024664521,36.224330203560505,56
7,0.1,Comm1,34,Comm1,0.6316253987092199,0.5001150998823944,26
7,0.1,Comm1,35,Comm1,0.6269720280864997,0.013660720010703897,903
7,0.1,Comm1,36,Comm1,0.6368511195081352,7.991016453789877,789
7,0.1,Comm1,37,Comm1,0.6254972276933707,0.003246296477541802,47
7,0.1,Comm1,38,Comm1,0.6357613181406452,4.20604542056609,649
7,0.1,Comm1,39,Comm1,0.63219639755732,0.43294422503334207,416
7,0.1,Comm1,40,Comm1,0.6262782580251729,0.0030254736185207627,407
7,0.1,Comm1,41,Comm1,0.6363151539356646,1.5636317759663583,22
7,0.1,Comm1,42,Comm1,0.6246376849340625,0.0010586697485209704,480
7,0.1,Comm1,43,Comm1,0.6326299152613876,1.5545177262203143,86
7,0.1,Comm1,44,Comm1,0.6366660025639529,26.440583010706362,569
7,0.1,Comm1,45,Comm1,0.6377296391186384,14.355327164603661,865
7,0.1,Comm1,46,Comm1,0.6272654339646714,0.01837895973943437,739
7,0.1,Comm1,47,Comm1,0.6304632140779977,0.12406019006721855,222
7,0.1,Comm1,48,Comm1,0.6256936746087007,0.0075539252663720255,257
7,0.1,Comm1,49,Comm1,0.6242040461915143,0.0011404266968976329,797
7,0.1,Comm1,50,Comm1,0.6301351976750267,0.13183081483532583,988
7,0.1,Comm1,51,Comm1,0.6360448904274886,8.07495169772211,660
7,0.1,Comm1,52,Comm1,0.6358625680225178,7.044882726594386,239
7,0.1,Comm1,53,Comm1,0.6356460204448103,5.072886661442242,802
7,0.1,Comm1,54,Comm1,0.6339217213329208,0.32676422351434237,563
7,0.1,Comm1,55,Comm1,0.6342289422765284,6.385912240227481,387
7,0.1,Comm1,56,Comm1,0.6275922791483782,0.02865759827540583,323
7,0.1,Comm1,57,Comm1,0.6291770258083198,0.11927123894231959,629
7,0.1,Comm1,58,Comm1,0.6253923426105101,0.0010346204015744317,697
7,0.1,Comm1,59,Comm1,0.6346074515291159,4.58945820238018,259
7,0.1,Comm1,60,Comm1,0.6367357738344264,7.412186449319554,973
7,0.1,Comm1,61,Comm1,0.6389918296356142,30.09968007030797,641
7,0.1,Comm1,62,Comm1,0.6352317880127863,2.988557410630567,276
7,0.1,Comm1,63,Comm1,0.6349432462318749,2.1312921038448653,329
7,0.1,Comm1,64,Comm1,0.6310121495028981,0.08626241457777852,256
7,0.1,Comm1,65,Comm1,0.6382045954378929,14.432885574018067,405
7,0.1,Comm1,66,Comm1,0.634693602267844,5.128157070628015,884
7,0.1,Comm1,67,Comm1,0.6351117473720695,2.940591360886867,678
7,0.1,Comm1,68,Comm1,0.6292390235276462,0.13634942107454204,174
7,0.1,Comm1,69,Comm1,0.6336088188418287,4.581500363644985,369
7,0.1,Comm1,70,Comm1,0.6370037278378828,3.0707099930475557,667
7,0.1,Comm1,71,Comm1,0.6336223633443862,0.7323285711865637,310
7,0.1,Comm1,72,Comm1,0.6284908140398553,0.01198720007971093,45
7,0.1,Comm1,73,Comm1,0.6389450184495055,21.604743916523464,13
7,0.1,Comm1,74,Comm1,0.6351988503488495,4.840652658531428,715
7,0.1,Comm1,75,Comm1,0.6348138268196553,5.643916190679406,628
7,0.1,Comm1,76,Comm1,0.6378099820992409,15.348885440781975,76
7,0.1,Comm1,77,Comm1,0.6269114004110495,0.005358786028847075,819
7,0.1,Comm1,78,Comm1,0.6251753806552954,0.003953168676624009,528
7,0.1,Comm1,79,Comm1,0.6313840660734331,0.2020841303053349,5
7,0.1,Comm1,80,Comm1,0.6299860921523578,0.22531908675293705,389
7,0.1,Comm1,81,Comm1,0.6389820434288231,22.1182466139807,148
7,0.1,Comm1,82,Comm1,0.6272762670630216,0.011454894530446928,926
7,0.1,Comm1,83,Comm1,0.6272518246890896,0.017163602667947826,96
7,0.1,Comm1,84,Comm1,0.6389561842608775,39.14021643344983,801
7,0.1,Comm1,85,Comm1,0.6281336355008638,0.06913191902019739,945
7,0.1,Comm1,86,Comm1,0.6356605950737265,1.5925339959618747,428
7,0.1,Comm1,87,Comm1,0.6376082191468122,12.010271193201376,149
7,0.1,Comm1,88,Comm1,0.6249310517089369,0.0069259774839435205,115
7,0.1,Comm1,89,Comm1,0.6367816103860967,13.249983127490323,950
7,0.1,Comm1,90,Comm1,0.6330324516988485,1.359062582122664,599
7,0.1,Comm1,91,Comm1,0.634809181285241,3.279989590108055,78
7,0.1,Comm1,92,Comm1,0.6337560842394446,2.441424799651203,680
7,0.1,Comm1,93,Comm1,0.631971089742105,0.2841642318268497,195
7,0.1,Comm1,94,Comm1,0.6321580780513447,0.5481725797915159,879
7,0.1,Comm1,95,Comm1,0.6355211490000902,2.8925805495682466,989
7,0.1,Comm1,96,Comm1,0.6380184147617025,35.85907555553089,556
7,0.1,Comm1,97,Comm1,0.6267567953175721,0.009217632997602223,464
7,0.1,Comm1,98,Comm1,0.6258910399341202,0.00325152303578937,786
7,0.1,Comm1,99,Comm1,0.6267097547840991,0.0061584761104476315,161
7,0.1,Comm1,100,Comm1,0.6260583052858947,0.004014352892077841,587
7,0.1,Comm2,1,Comm2,0.6271653076464715,0.010027346525980805,912
7,0.1,Comm2,2,Comm2,0.6266325030216394,0.006548957443903158,243
7,0.1,Comm2,3,Comm2,0.6372308207295797,20.09669960940116,747
7,0.1,Comm2,4,Comm2,0.6349903830706113,3.347185747907082,854
7,0.1,Comm2,5,Comm2,0.6318528737850675,0.5489631769350316,704
7,0.1,Comm2,6,Comm2,0.6326035849259085,1.3072297382503124,225
7,0.1,Comm2,7,Comm2,0.6347534224112532,6.547695062708329,253
7,0.1,Comm2,8,Comm2,0.6325898205113898,0.8947452503927811,110
7,0.1,Comm2,9,Comm2,0.638657005637119,23.82403844582533,612
7,0.1,Comm2,10,Comm2,0.6246275547602778,0.002301527452807149,425
7,0.1,Comm2,11,Comm2,0.6264773632567875,0.005343820178936308,821
7,0.1,Comm2,12,Comm2,0.6320459386902008,0.5747077137034892,359
7,0.1,Comm2,13,Comm2,0.6318198676698735,0.6168248784379962,922
7,0.1,Comm2,14,Comm2,0.6264744774597766,0.006696905202578426,136
7,0.1,Comm2,15,Comm2,0.6290415354070382,0.03770968136475924,228
7,0.1,Comm2,16,Comm2,0.6295968855255153,0.04266675656235599,755
7,0.1,Comm2,17,Comm2,0.6245661228919603,0.001851357675790143,500
7,0.1,Comm2,18,Comm2,0.6320794229376677,0.15880362146456917,497
7,0.1,Comm2,19,Comm2,0.6282595573605784,0.02429513988795454,633
7,0.1,Comm2,20,Comm2,0.6356031618666463,1.3466148211086886,394
7,0.1,Comm2,21,Comm2,0.6361957280299488,8.948431060071032,850
7,0.1,Comm2,22,Comm2,0.6254465035564862,0.0043835325719362725,15
7,0.1,Comm2,23,Comm2,0.6364919657400715,4.188366495174213,768
7,0.1,Comm2,24,Comm2,0.6361229764449406,11.881667663917973,687
7,0.1,Comm2,25,Comm2,0.626037965069693,0.00419885055137001,167
7,0.1,Comm2,26,Comm2,0.6378421658976496,20.865284145196796,280
7,0.1,Comm2,27,Comm2,0.6267635787363264,0.008887923085500087,234
7,0.1,Comm2,28,Comm2,0.6332599406624116,0.9195108204708693,241
7,0.1,Comm2,29,Comm2,0.6256067875382187,0.005307241759320649,277
7,0.1,Comm2,30,Comm2,0.624397765101486,0.001422754945805964,128
7,0.1,Comm2,31,Comm2,0.6375325185936935,14.380988704785713,702
7,0.1,Comm2,32,Comm2,0.6322267963406578,0.15418761640959439,75
7,0.1,Comm2,33,Comm2,0.6247125068319533,0.0020614679067384846,60
7,0.1,Comm2,34,Comm2,0.6333615716388279,0.44345788187870777,81
7,0.1,Comm2,35,Comm2,0.6314776831209014,0.14279591726505103,126
7,0.1,Comm2,36,Comm2,0.6354639180290039,2.5478707658280233,349
7,0.1,Comm2,37,Comm2,0.6266740253961999,0.010448020277628015,319
7,0.1,Comm2,38,Comm2,0.6398979707503795,29.063162949604656,558
7,0.1,Comm2,39,Comm2,0.6298138747436972,0.036836800974615044,749
7,0.1,Comm2,40,Comm2,0.6341295849535671,7.57556111421038,467
7,0.1,Comm2,41,Comm2,0.635654476475847,5.588326918266304,169
7,0.1,Comm2,42,Comm2,0.6259727851170939,0.004038819654538808,131
7,0.1,Comm2,43,Comm2,0.6278317580803155,0.01777824100884553,107
7,0.1,Comm2,44,Comm2,0.6374743559070638,10.772858982872092,756
7,0.1,Comm2,45,Comm2,0.6387051138798717,40.23284439373732,722
7,0.1,Comm2,46,Comm2,0.6308021985985736,0.06623018429774008,121
7,0.1,Comm2,47,Comm2,0.6274843175788195,0.07515443154290775,123
7,0.1,Comm2,48,Comm2,0.6376443185310144,18.784924194176423,367
7,0.1,Comm2,49,Comm2,0.6340128016406146,6.9528322897635455,322
7,0.1,Comm2,50,Comm2,0.6351277072768661,12.85657543119857,583
7,0.1,Comm2,51,Comm2,0.636563394380661,3.840676779780707,298
7,0.1,Comm2,52,Comm2,0.6350775265585142,3.4095760724799007,220
7,0.1,Comm2,53,Comm2,0.6287973485546502,0.03835831944222724,740
7,0.1,Comm2,54,Comm2,0.6270733927657728,0.034151810808848174,362
7,0.1,Comm2,55,Comm2,0.6306007403932495,0.6678307320690007,751
7,0.1,Comm2,56,Comm2,0.6316111506002301,0.1159253575435434,331
7,0.1,Comm2,57,Comm2,0.6271923352160246,0.012953242058745153,90
7,0.1,Comm2,58,Comm2,0.6274836705360427,0.008754446745466429,688
7,0.1,Comm2,59,Comm2,0.6353700350147452,7.11957292409309,236
7,0.1,Comm2,60,Comm2,0.6287981818998655,0.04435944780545936,936
7,0.1,Comm2,61,Comm2,0.6286027724345027,0.05637665122642969,393
7,0.1,Comm2,62,Comm2,0.6281789065804748,0.028992119219976766,900
7,0.1,Comm2,63,Comm2,0.6358700530732709,9.41318174037118,888
7,0.1,Comm2,64,Comm2,0.6398366287088386,50.775451216059,690
7,0.1,Comm2,65,Comm2,0.6296596478519089,0.058867067486940795,631
7,0.1,Comm2,66,Comm2,0.6378362311461033,16.534782547431448,550
7,0.1,Comm2,67,Comm2,0.6316104704517568,1.4698838191227597,58
7,0.1,Comm2,68,Comm2,0.6257123679345602,0.010550037274536808,330
7,0.1,Comm2,69,Comm2,0.6355644866768912,2.581846405843884,170
7,0.1,Comm2,70,Comm2,0.6379348255873959,13.171584564257584,506
7,0.1,Comm2,71,Comm2,0.6376491149489034,37.449836734909816,209
7,0.1,Comm2,72,Comm2,0.6259919981646895,0.007214688903790852,766
7,0.1,Comm2,73,Comm2,0.6386709280275167,43.7865180714531,790
7,0.1,Comm2,74,Comm2,0.6370975313750822,5.9770684570725745,178
7,0.1,Comm2,75,Comm2,0.6313285945930598,0.313920933199228,396
7,0.1,Comm2,76,Comm2,0.6334276055607687,1.2419700767340487,730
7,0.1,Comm2,77,Comm2,0.6275212993241581,0.018488184965745377,1
7,0.1,Comm2,78,Comm2,0.6306627635201696,0.7042567031968054,489
7,0.1,Comm2,79,Comm2,0.629366547911218,0.05879538819304724,321
7,0.1,Comm2,80,Comm2,0.6263584081520213,0.005432417536988645,784
7,0.1,Comm2,81,Comm2,0.6325637590173897,0.29762858081153676,883
7,0.1,Comm2,82,Comm2,0.638138394614343,23.358752624408925,671
7,0.1,Comm2,83,Comm2,0.6377993964762243,14.777853177448392,437
7,0.1,Comm2,84,Comm2,0.63070871407021,0.11688922186226498,235
7,0.1,Comm2,85,Comm2,0.6364337369443528,3.202552233231995,974
7,0.1,Comm2,86,Comm2,0.6240042717733231,0.0006565187807651468,731
7,0.1,Comm2,87,Comm2,0.6254285847313882,0.0051428988412923525,172
7,0.1,Comm2,88,Comm2,0.6399726739513241,59.333654629744494,805
7,0.1,Comm2,89,Comm2,0.6276015939869758,0.029048092744514187,83
7,0.1,Comm2,90,Comm2,0.6266888961034441,0.009036964389254668,626
7,0.1,Comm2,91,Comm2,0.6318811314367493,0.760167992955136,775
7,0.1,Comm2,92,Comm2,0.6376570139450746,12.351846039407931,887
7,0.1,Comm2,93,Comm2,0.6281482384598163,0.02389403331484272,343
7,0.1,Comm2,94,Comm2,0.6361946116207534,9.449434456607841,320
7,0.1,Comm2,95,Comm2,0.6375805045569737,7.86458279794169,681
7,0.1,Comm2,96,Comm2,0.6249898428635465,0.00106171366398055,300
7,0.1,Comm2,97,Comm2,0.6325198611515315,0.5839940210940658,529
7,0.1,Comm2,98,Comm2,0.6250800074044511,0.0020741860708064085,643
7,0.1,Comm2,99,Comm2,0.6373645334595359,15.589983861366443,141
7,0.1,Comm2,100,Comm2,0.6296583036903176,0.03539213990355271,420
7,0.1,Comm3,1,Comm1,0.6290645268579115,0.00030564042605354377,611
7,0.1,Comm3,2,Comm1,0.6393495070490132,4.286204025118316,92
7,0.1,Comm3,3,Comm1,0.6363327207774365,1.1694349771322776,534
7,0.1,Comm3,4,Comm1,0.6316843309203405,0.001684883594199881,458
7,0.1,Comm3,5,Comm1,0.6241190764932377,3.1627073044388155e-08,158
7,0.1,Comm3,6,Comm1,0.6310418087142259,0.0006065707899068271,689
7,0.1,Comm3,7,Comm1,0.639268823718354,31.732115637919343,793
7,0.1,Comm3,8,Comm1,0.6335743881242746,0.04981401714052324,930
7,0.1,Comm3,9,Comm1,0.6250064837284746,4.472903766116741e-09,919
7,0.1,Comm3,10,Comm1,0.6321477457745428,0.00366906937786171,31
7,0.1,Comm3,11,Comm1,0.6317992479449379,0.006467805039494927,352
7,0.1,Comm3,12,Comm1,0.6270791984210271,1.125835652409561e-06,617
7,0.1,Comm3,13,Comm1,0.6367741772266071,3.848480998525308,734
7,0.1,Comm3,14,Comm1,0.6394315391227143,47.81921868574295,142
7,0.1,Comm3,15,Comm1,0.6383153005233178,11.417731705498909,881
7,0.1,Comm3,16,Comm1,0.631984235670497,0.00035710049022629137,390
7,0.1,Comm3,17,Comm1,0.6341223102645767,0.2274794802830344,460
7,0.1,Comm3,18,Comm1,0.6311604031450097,0.0012487942462646156,911
7,0.1,Comm3,19,Comm1,0.6306739491767261,0.0012358849895886918,530
7,0.1,Comm3,20,Comm1,0.6247928735145898,1.5801515506509986e-07,412
7,0.1,Comm3,21,Comm1,0.6381019228740227,17.62785825141815,297
7,0.1,Comm3,22,Comm1,0.6260978374563736,1.6424399467052007e-06,505
7,0.1,Comm3,23,Comm1,0.6358491541404422,1.829741333089739,746
7,0.1,Comm3,24,Comm1,0.6299774809656907,0.00028212275351698014,876
7,0.1,Comm3,25,Comm1,0.6392872540871206,4.351702757041605,752
7,0.1,Comm3,26,Comm1,0.6377875129315645,12.900586367919459,894
7,0.1,Comm3,27,Comm1,0.6365858343427214,4.169001868981331,16
7,0.1,Comm3,28,Comm1,0.6264302226433159,6.296048251853018e-07,961
7,0.1,Comm3,29,Comm1,0.6382411523754047,10.098674583195926,344
7,0.1,Comm3,30,Comm1,0.6285241242835964,3.906800843662007e-05,97
7,0.1,Comm3,31,Comm1,0.6373754686882658,16.08368185353533,605
7,0.1,Comm3,32,Comm1,0.6358342885631005,7.399801539288386,831
7,0.1,Comm3,33,Comm1,0.6385238024664521,32.49732542832789,56
7,0.1,Comm3,34,Comm1,0.6316253987092199,0.012737040986527066,26
7,0.1,Comm3,35,Comm1,0.6269720280864997,1.2694511583539737e-05,903
7,0.1,Comm3,36,Comm1,0.6368511195081352,9.29311987418793,789
7,0.1,Comm3,37,Comm1,0.6254972276933707,2.8270239988075865e-07,47
7,0.1,Comm3,38,Comm1,0.6357613181406452,2.0605772093543586,649
7,0.1,Comm3,39,Comm1,0.63219639755732,0.010651943284680766,416
7,0.1,Comm3,40,Comm1,0.6262782580251729,3.925927002436596e-07,407
7,0.1,Comm3,41,Comm1,0.6363151539356646,0.3766046840602726,22
7,0.1,Comm3,42,Comm1,0.6246376849340625,1.397030616156413e-07,480
7,0.1,Comm3,43,Comm1,0.6326299152613876,0.16842547928750046,86
7,0.1,Comm3,44,Comm1,0.6366660025639529,16.868727535240634,569
7,0.1,Comm3,45,Comm1,0.6377296391186384,16.46789795823259,865
7,0.1,Comm3,46,Comm1,0.6272654339646714,1.2297316388382518e-05,739
7,0.1,Comm3,47,Comm1,0.6304632140779977,0.0007301288291471874,222
7,0.1,Comm3,48,Comm1,0.6256936746087007,2.9155101858942833e-06,257
7,0.1,Comm3,49,Comm1,0.6242040461915143,1.0156862770119967e-08,797
7,0.1,Comm3,50,Comm1,0.6301351976750267,0.0004188634762256675,988
7,0.1,Comm3,51,Comm1,0.6360448904274886,2.760959646870816,660
7,0.1,Comm3,52,Comm1,0.6358625680225178,3.2648428930475784,239
7,0.1,Comm3,53,Comm1,0.6356460204448103,0.8878644248817893,802
7,0.1,Comm3,54,Comm1,0.6339217213329208,0.008687192572927183,563
7,0.1,Comm3,55,Comm1,0.6342289422765284,1.800891902108317,387
7,0.1,Comm3,56,Comm1,0.6275922791483782,9.351114188888562e-05,323
7,0.1,Comm3,57,Comm1,0.6291770258083198,0.0014859221793861207,629
7,0.1,Comm3,58,Comm1,0.6253923426105101,4.624673868413265e-08,697
7,0.1,Comm3,59,Comm1,0.6346074515291159,0.6814766359212739,259
7,0.1,Comm3,60,Comm1,0.6367357738344264,7.6013384126456165,973
7,0.1,Comm3,61,Comm1,0.6389918296356142,45.18103966121527,641
7,0.1,Comm3,62,Comm1,0.6352317880127863,0.6425105035726578,276
7,0.1,Comm3,63,Comm1,0.6349432462318749,0.17780163293434625,329
7,0.1,Comm3,64,Comm1,0.6310121495028981,0.0002916198578268615,256
7,0.1,Comm3,65,Comm1,0.6382045954378929,6.4435837953087765,405
7,0.1,Comm3,66,Comm1,0.634693602267844,1.330323800554613,884
7,0.1,Comm3,67,Comm1,0.6351117473720695,0.6890411558034218,678
7,0.1,Comm3,68,Comm1,0.6292390235276462,0.001149176769293897,174
7,0.1,Comm3,69,Comm1,0.6336088188418287,0.691927289623699,369
7,0.1,Comm3,70,Comm1,0.6370037278378828,1.2052411075548695,667
7,0.1,Comm3,71,Comm1,0.6336223633443862,0.061232528703729736,310
7,0.1,Comm3,72,Comm1,0.6284908140398553,1.1659191532534609e-05,45
7,0.1,Comm3,73,Comm1,0.6389450184495055,20.75240571436273,13
7,0.1,Comm3,74,Comm1,0.6351988503488495,0.848039587583881,715
7,0.1,Comm3,75,Comm1,0.6348138268196553,2.749832728024015,628
7,0.1,Comm3,76,Comm1,0.6378099820992409,10.867597635634619,76
7,0.1,Comm3,77,Comm1,0.6269114004110495,1.3519450677814976e-06,819
7,0.1,Comm3,78,Comm1,0.6251753806552954,6.650800186092564e-07,528
7,0.1,Comm3,79,Comm1,0.6313840660734331,0.002579726921032675,5
7,0.1,Comm3,80,Comm1,0.6299860921523578,0.000920607148537962,389
7,0.1,Comm3,81,Comm1,0.6389820434288231,25.472654199374627,148
7,0.1,Comm3,82,Comm1,0.6272762670630216,7.043198571531555e-06,926
7,0.1,Comm3,83,Comm1,0.6272518246890896,2.5854081772462442e-05,96
7,0.1,Comm3,84,Comm1,0.6389561842608775,39.66425802840657,801
7,0.1,Comm3,85,Comm1,0.6281336355008638,0.00025629692286487115,945
7,0.1,Comm3,86,Comm1,0.6356605950737265,0.34956278727777096,428
7,0.1,Comm3,87,Comm1,0.6376082191468122,9.107910708698864,149
7,0.1,Comm3,88,Comm1,0.6249310517089369,1.5768277539521862e-06,115
7,0.1,Comm3,89,Comm1,0.6367816103860967,4.285050447511966,950
7,0.1,Comm3,90,Comm1,0.6330324516988485,0.04294919232435215,599
7,0.1,Comm3,91,Comm1,0.634809181285241,1.79818377890443,78
7,0.1,Comm3,92,Comm1,0.6337560842394446,0.20273664133703345,680
7,0.1,Comm3,93,Comm1,0.631971089742105,0.010885382370044425,195
7,0.1,Comm3,94,Comm1,0.6321580780513447,0.014122472373974194,879
7,0.1,Comm3,95,Comm1,0.6355211490000902,0.6552877911813126,989
7,0.1,Comm3,96,Comm1,0.6380184147617025,21.271094899105705,556
7,0.1,Comm3,97,Comm1,0.6267567953175721,9.149880996246556e-07,464
7,0.1,Comm3,98,Comm1,0.6258910399341202,4.7548144507022466e-07,786
7,0.1,Comm3,99,Comm1,0.6267097547840991,5.386944589098217e-06,161
7,0.1,Comm3,100,Comm1,0.6260583052858947,5.978822042793422e-07,587
7,0.1,Comm3,101,Comm2,0.6271653076464715,2.88099356420715e-07,912
7,0.1,Comm3,102,Comm2,0.6266325030216394,4.889643397183538e-07,243
7,0.1,Comm3,103,Comm2,0.6372308207295797,1.7848674714892376,747
7,0.1,Comm3,104,Comm2,0.6349903830706113,0.057953453292228355,854
7,0.1,Comm3,105,Comm2,0.6318528737850675,0.0005571037274049658,704
7,0.1,Comm3,106,Comm2,0.6326035849259085,0.006981352504016697,225
7,0.1,Comm3,107,Comm2,0.6347534224112532,0.05382315605975235,253
7,0.1,Comm3,108,Comm2,0.6325898205113898,0.0013950814343313938,110
7,0.1,Comm3,109,Comm2,0.638657005637119,10.301568569422782,612
7,0.1,Comm3,110,Comm2,0.6246275547602778,2.684748252195516e-08,425
7,0.1,Comm3,111,Comm2,0.6264773632567875,3.9176275838718687e-07,821
7,0.1,Comm3,112,Comm2,0.6320459386902008,0.0004644455265055526,359
7,0.1,Comm3,113,Comm2,0.6318198676698735,0.0002275177771046912,922
7,0.1,Comm3,114,Comm2,0.6264744774597766,5.650334864099064e-07,136
7,0.1,Comm3,115,Comm2,0.6290415354070382,1.133548438377596e-05,228
7,0.1,Comm3,116,Comm2,0.6295968855255153,2.3164622986903996e-06,755
7,0.1,Comm3,117,Comm2,0.6245661228919603,2.7780897065954183e-08,500
7,0.1,Comm3,118,Comm2,0.6320794229376677,0.00013350718840330218,497
7,0.1,Comm3,119,Comm2,0.6282595573605784,1.3374344703331445e-05,633
7,0.1,Comm3,120,Comm2,0.6356031618666463,0.0291386854626714,394
7,0.1,Comm3,121,Comm2,0.6361957280299488,0.07735335832985386,850
7,0.1,Comm3,122,Comm2,0.6254465035564862,9.785461576432517e-08,15
7,0.1,Comm3,123,Comm2,0.6364919657400715,0.13634624179752855,768
7,0.1,Comm3,124,Comm2,0.6361229764449406,0.27122520747262935,687
7,0.1,Comm3,125,Comm2,0.626037965069693,8.881771904600871e-08,167
7,0.1,Comm3,126,Comm2,0.6378421658976496,2.8122068420356925,280
7,0.1,Comm3,127,Comm2,0.6267635787363264,3.0180334222232266e-07,234
7,0.1,Comm3,128,Comm2,0.6332599406624116,0.013426825542973357,241
7,0.1,Comm3,129,Comm2,0.6256067875382187,3.693869364194542e-08,277
7,0.1,Comm3,130,Comm2,0.624397765101486,4.482418902038656e-09,128
7,0.1,Comm3,131,Comm2,0.6375325185936935,2.3502760973805192,702
7,0.1,Comm3,132,Comm2,0.6322267963406578,0.00012880134032590618,75
7,0.1,Comm3,133,Comm2,0.6247125068319533,3.269861031186656e-08,60
7,0.1,Comm3,134,Comm2,0.6333615716388279,0.003707276168081508,81
7,0.1,Comm3,135,Comm2,0.6314776831209014,0.00014486045853111533,126
7,0.1,Comm3,136,Comm2,0.6354639180290039,0.05221403074899999,349
7,0.1,Comm3,137,Comm2,0.6266740253961999,3.349730166179326e-07,319
7,0.1,Comm3,138,Comm2,0.6398979707503795,12.558221326537579,558
7,0.1,Comm3,139,Comm2,0.6298138747436972,1.9515935905921964e-05,749
7,0.1,Comm3,140,Comm2,0.6341295849535671,0.16426066673928208,467
7,0.1,Comm3,141,Comm2,0.635654476475847,0.16982949842111697,169
7,0.1,Comm3,142,Comm2,0.6259727851170939,5.5936566231776524e-08,131
7,0.1,Comm3,143,Comm2,0.6278317580803155,2.3612056088091604e-06,107
7,0.1,Comm3,144,Comm2,0.6374743559070638,2.329167662148472,756
7,0.1,Comm3,145,Comm2,0.6387051138798717,18.981102718432723,722
7,0.1,Comm3,146,Comm2,0.6308021985985736,1.5933859403743873e-05,121
7,0.1,Comm3,147,Comm2,0.6274843175788195,7.075879749053315e-06,123
7,0.1,Comm3,148,Comm2,0.6376443185310144,5.29346799386323,367
7,0.1,Comm3,149,Comm2,0.6340128016406146,0.05006311250620511,322
7,0.1,Comm3,150,Comm2,0.6351277072768661,0.265978246260223,583
7,0.1,Comm3,151,Comm2,0.636563394380661,0.14347552409835312,298
7,0.1,Comm3,152,Comm2,0.6350775265585142,0.07463728725325398,220
7,0.1,Comm3,153,Comm2,0.6287973485546502,2.7553150724377415e-05,740
7,0.1,Comm3,154,Comm2,0.6270733927657728,1.1076880468510166e-06,362
7,0.1,Comm3,155,Comm2,0.6306007403932495,0.0005916308407722196,751
7,0.1,Comm3,156,Comm2,0.6316111506002301,0.0002647058800116911,331
7,0.1,Comm3,157,Comm2,0.6271923352160246,7.842559745331606e-07,90
7,0.1,Comm3,158,Comm2,0.6274836705360427,1.5228452638906396e-07,688
7,0.1,Comm3,159,Comm2,0.6353700350147452,0.03791567775444128,236
7,0.1,Comm3,160,Comm2,0.6287981818998655,9.95935406666365e-06,936
7,0.1,Comm3,161,Comm2,0.6286027724345027,6.804668505168399e-06,393
7,0.1,Comm3,162,Comm2,0.6281789065804748,5.5468783100250125e-06,900
7,0.1,Comm3,163,Comm2,0.6358700530732709,0.07440177194303653,888
7,0.1,Comm3,164,Comm2,0.6398366287088386,14.450252099384715,690
7,0.1,Comm3,165,Comm2,0.6296596478519089,5.053603882179714e-05,631
7,0.1,Comm3,166,Comm2,0.6378362311461033,3.638420834533063,550
7,0.1,Comm3,167,Comm2,0.6316104704517568,0.0020052422131853925,58
7,0.1,Comm3,168,Comm2,0.6257123679345602,2.573859034248684e-07,330
7,0.1,Comm3,169,Comm2,0.6355644866768912,0.047310242787420256,170
7,0.1,Comm3,170,Comm2,0.6379348255873959,1.9192346018041897,506
7,0.1,Comm3,171,Comm2,0.6376491149489034,5.8440609247963,209
7,0.1,Comm3,172,Comm2,0.6259919981646895,1.4335630051331026e-06,766
7,0.1,Comm3,173,Comm2,0.6386709280275167,36.92971781322228,790
7,0.1,Comm3,174,Comm2,0.6370975313750822,0.3907091539623526,178
7,0.1,Comm3,175,Comm2,0.6313285945930598,0.00015428424578564843,396
7,0.1,Comm3,176,Comm2,0.6334276055607687,0.014300770870680404,730
7,0.1,Comm3,177,Comm2,0.6275212993241581,9.697133225836293e-07,1
7,0.1,Comm3,178,Comm2,0.6306627635201696,0.00034371693975968407,489
7,0.1,Comm3,179,Comm2,0.629366547911218,1.9561209430659353e-05,321
7,0.1,Comm3,180,Comm2,0.6263584081520213,1.8080197255675058e-07,784
7,0.1,Comm3,181,Comm2,0.6325637590173897,0.002637997109897176,883
7,0.1,Comm3,182,Comm2,0.638138394614343,2.5434964241921,671
7,0.1,Comm3,183,Comm2,0.6377993964762243,1.9218424552852655,437
7,0.1,Comm3,184,Comm2,0.63070871407021,4.5721991009214006e-05,235
7,0.1,Comm3,185,Comm2,0.6364337369443528,0.500282726875564,974
7,0.1,Comm3,186,Comm2,0.6240042717733231,1.5496379081423976e-09,731
7,0.1,Comm3,187,Comm2,0.6254285847313882,7.749579139176592e-09,172
7,0.1,Comm3,188,Comm2,0.6399726739513241,18.346673733967346,805
7,0.1,Comm3,189,Comm2,0.6276015939869758,4.882542945712137e-07,83
7,0.1,Comm3,190,Comm2,0.6266888961034441,5.16765478032958e-07,626
7,0.1,Comm3,191,Comm2,0.6318811314367493,0.0008040315884580969,775
7,0.1,Comm3,192,Comm2,0.6376570139450746,1.7531268461403051,887
7,0.1,Comm3,193,Comm2,0.6281482384598163,1.3876959645131044e-06,343
7,0.1,Comm3,194,Comm2,0.6361946116207534,0.26143916380504967,320
7,0.1,Comm3,195,Comm2,0.6375805045569737,1.5434115806203403,681
7,0.1,Comm3,196,Comm2,0.6249898428635465,2.5367567535042684e-09,300
7,0.1,Comm3,197,Comm2,0.6325198611515315,0.004438853248588721,529
7,0.1,Comm3,198,Comm2,0.6250800074044511,4.011935463048535e-08,643
7,0.1,Comm3,199,Comm2,0.6373645334595359,0.7471919781974877,141
7,0.1,Comm3,200,Comm2,0.6296583036903176,4.820575785872605e-06,420
8,0.01,Comm1,1,Comm1,0.6241851969179713,0.0004961171115936009,779
8,0.01,Comm1,2,Comm1,0.6240978481065318,0.0011062250048067509,847
8,0.01,Comm1,3,Comm1,0.6303467198963942,0.04051346053378378,654
8,0.01,Comm1,4,Comm1,0.6266080654245058,0.0023006065178455774,827
8,0.01,Comm1,5,Comm1,0.635505746399414,1.4312870141090508,153
8,0.01,Comm1,6,Comm1,0.6290352349761986,0.3063656180168838,991
8,0.01,Comm1,7,Comm1,0.638539597897028,11.038343560698605,548
8,0.01,Comm1,8,Comm1,0.6314068781288651,0.04319071070414074,154
8,0.01,Comm1,9,Comm1,0.6314459829190294,0.19520819712019566,795
8,0.01,Comm1,10,Comm1,0.6242773406115228,0.0009445341403324165,267
8,0.01,Comm1,11,Comm1,0.6259480366650813,0.002601757770972709,623
8,0.01,Comm1,12,Comm1,0.6330220419094829,0.3421936861197882,593
8,0.01,Comm1,13,Comm1,0.6329270826445026,0.3249370351298989,669
8,0.01,Comm1,14,Comm1,0.6258900187303732,0.005876441466963639,475
8,0.01,Comm1,15,Comm1,0.6361495959702549,17.415950939908814,135
8,0.01,Comm1,16,Comm1,0.6370258610316839,22.12326886779996,68
8,0.01,Comm1,17,Comm1,0.6268312585520143,0.015195378073493408,924
8,0.01,Comm1,18,Comm1,0.6368814492623568,9.137336247754211,285
8,0.01,Comm1,19,Comm1,0.6276681710683548,0.06668479548183373,970
8,0.01,Comm1,20,Comm1,0.6369279659972529,11.129283605244508,644
8,0.01,Comm1,21,Comm1,0.6247677744894778,0.003820393880348363,193
8,0.01,Comm1,22,Comm1,0.6312531404492646,0.7164364385690111,491
8,0.01,Comm1,23,Comm1,0.6254033299037062,0.0011599382866479997,870
8,0.01,Comm1,24,Comm1,0.6260610550568673,0.005380142859845515,586
8,0.01,Comm1,25,Comm1,0.6344258184135647,1.7558231821955903,529
8,0.01,Comm1,26,Comm1,0.6313058237193196,0.19405690988207117,11
8,0.01,Comm1,27,Comm1,0.6256535797286691,0.007484922563010751,557
8,0.01,Comm1,28,Comm1,0.6379928992119337,19.28973090767092,899
8,0.01,Comm1,29,Comm1,0.6388632970020642,28.852145528142245,782
8,0.01,Comm1,30,Comm1,0.6331147750665259,1.8024807242038179,919
8,0.01,Comm1,31,Comm1,0.624732901938436,0.0011337588699234485,624
8,0.01,Comm1,32,Comm1,0.6253143982687815,0.0022526094921235017,604
8,0.01,Comm1,33,Comm1,0.6362065430472632,11.1343911571495,150
8,0.01,Comm1,34,Comm1,0.6346596152718292,4.345206625958681,18
8,0.01,Comm1,35,Comm1,0.6240544650113071,0.0016087889572094691,891
8,0.01,Comm1,36,Comm1,0.6367990255813917,7.703121089571416,801
8,0.01,Comm1,37,Comm1,0.6279822825764876,0.02229744268982972,469
8,0.01,Comm1,38,Comm1,0.6240535941501619,0.0009010128205807828,510
8,0.01,Comm1,39,Comm1,0.6368795481620639,7.569405807152645,554
8,0.01,Comm1,40,Comm1,0.6301820269354853,0.32682828405379816,959
8,0.01,Comm1,41,Comm1,0.6335623782394021,0.3960396481126891,7
8,0.01,Comm1,42,Comm1,0.6350771567241923,3.0605671106930306,944
8,0.01,Comm1,43,Comm1,0.6261331328866857,0.006375673602178033,233
8,0.01,Comm1,44,Comm1,0.6271831058187778,0.005055415734338875,38
8,0.01,Comm1,45,Comm1,0.6299051321257895,0.0445782673457698,168
8,0.01,Comm1,46,Comm1,0.6310616774678606,0.11551449514603418,926
8,0.01,Comm1,47,Comm1,0.6281601572773573,0.02404981763309046,587
8,0.01,Comm1,48,Comm1,0.6380218911491274,16.665154628312322,227
8,0.01,Comm1,49,Comm1,0.6373927648214175,5.808303095733532,328
8,0.01,Comm1,50,Comm1,0.6257169766295406,0.005761812895116904,589
8,0.01,Comm1,51,Comm1,0.6297979640912589,0.043231149465611504,816
8,0.01,Comm1,52,Comm1,0.63763504700656,30.529717274875676,734
8,0.01,Comm1,53,Comm1,0.6257896915840655,0.0024214861101810987,525
8,0.01,Comm1,54,Comm1,0.6397299516854055,23.18595922352514,651
8,0.01,Comm1,55,Comm1,0.6264505360457755,0.012891706854832468,766
8,0.01,Comm1,56,Comm1,0.6392553473019228,34.711930608994294,796
8,0.01,Comm1,57,Comm1,0.6354813312473101,3.7890287385585992,397
8,0.01,Comm1,58,Comm1,0.6390253805192456,20.681539130396576,761
8,0.01,Comm1,59,Comm1,0.6338749998931684,2.5247401839437593,318
8,0.01,Comm1,60,Comm1,0.6305783122630245,0.17802282532876582,685
8,0.01,Comm1,61,Comm1,0.6371973315326536,5.106394966972077,137
8,0.01,Comm1,62,Comm1,0.6310732320443141,0.3563479360611095,608
8,0.01,Comm1,63,Comm1,0.6317056199661246,0.38776255055575926,552
8,0.01,Comm1,64,Comm1,0.6377814544574424,9.539566452765355,341
8,0.01,Comm1,65,Comm1,0.6371501628403675,12.617972360983247,367
8,0.01,Comm1,66,Comm1,0.6390527711231365,23.688307165283952,185
8,0.01,Comm1,67,Comm1,0.6255015524066272,0.00246582589186039,817
8,0.01,Comm1,68,Comm1,0.6303956829564675,0.16910232636061184,849
8,0.01,Comm1,69,Comm1,0.6312424587530749,0.1266776011145628,824
8,0.01,Comm1,70,Comm1,0.6367454436455681,1.5034414046913585,81
8,0.01,Comm1,71,Comm1,0.6354134883570889,5.4880330661358,888
8,0.01,Comm1,72,Comm1,0.6378022333956619,32.128752756354324,879
8,0.01,Comm1,73,Comm1,0.6394181446398053,22.235908265286906,258
8,0.01,Comm1,74,Comm1,0.6359467798723614,6.367931503752107,984
8,0.01,Comm1,75,Comm1,0.6325894228112362,0.38016549896769,560
8,0.01,Comm1,76,Comm1,0.6245660386890568,0.006782214377524138,306
8,0.01,Comm1,77,Comm1,0.6310915930773384,0.2005261976214252,138
8,0.01,Comm1,78,Comm1,0.633576700804507,1.1845470097613573,389
8,0.01,Comm1,79,Comm1,0.6362224789341694,9.616569985274701,205
8,0.01,Comm1,80,Comm1,0.6388193269918104,61.21270127537601,965
8,0.01,Comm1,81,Comm1,0.6288571799527175,0.025243999248175494,371
8,0.01,Comm1,82,Comm1,0.6275464878276976,0.03878333677709439,213
8,0.01,Comm1,83,Comm1,0.6244183161407929,0.001183811622512578,17
8,0.01,Comm1,84,Comm1,0.6266034660264177,0.005121319226809966,917
8,0.01,Comm1,85,Comm1,0.631953965654632,0.4268847873518038,570
8,0.01,Comm1,86,Comm1,0.624337955260529,0.0005566733370754482,428
8,0.01,Comm1,87,Comm1,0.6337296710104072,1.6068636938818357,151
8,0.01,Comm1,88,Comm1,0.6274927986069946,0.010157183019761415,556
8,0.01,Comm1,89,Comm1,0.6364036809765113,8.632241834140105,25
8,0.01,Comm1,90,Comm1,0.6383938112924072,7.332538589163313,55
8,0.01,Comm1,91,Comm1,0.636989239755307,7.882209960436041,50
8,0.01,Comm1,92,Comm1,0.6293957197258304,0.04717566713202461,228
8,0.01,Comm1,93,Comm1,0.6364991830268827,13.285818718894028,19
8,0.01,Comm1,94,Comm1,0.6306059143802353,0.057316416090184286,75
8,0.01,Comm1,95,Comm1,0.6266615529857203,0.007694921534981056,948
8,0.01,Comm1,96,Comm1,0.6301623702682355,0.06125451173669664,668
8,0.01,Comm1,97,Comm1,0.6394374722511688,46.891561593852906,335
8,0.01,Comm1,98,Comm1,0.6303139599789981,0.21217749432730187,117
8,0.01,Comm1,99,Comm1,0.6302141689395508,0.07864273765425325,845
8,0.01,Comm1,100,Comm1,0.6340680669471925,0.9288774726725156,637
8,0.01,Comm2,1,Comm2,0.6294814997406079,0.1033380892758321,807
8,0.01,Comm2,2,Comm2,0.6362535660161651,15.486362212346597,855
8,0.01,Comm2,3,Comm2,0.6357597245803642,3.8379662831118635,638
8,0.01,Comm2,4,Comm2,0.6370039930525241,16.523725829484015,163
8,0.01,Comm2,5,Comm2,0.634822679326375,2.604329933563021,591
8,0.01,Comm2,6,Comm2,0.6294153562700042,0.032448656917992535,551
8,0.01,Comm2,7,Comm2,0.6289839078524806,0.01215064903499197,308
8,0.01,Comm2,8,Comm2,0.6310118211505649,0.39069580755649197,812
8,0.01,Comm2,9,Comm2,0.625420919749367,0.003572513373729945,966
8,0.01,Comm2,10,Comm2,0.6343798688259257,1.0308557905491593,520
8,0.01,Comm2,11,Comm2,0.6395402872165872,39.18668285987808,30
8,0.01,Comm2,12,Comm2,0.6341913248177236,10.355276056365192,437
8,0.01,Comm2,13,Comm2,0.6350716266214548,8.89323986328102,656
8,0.01,Comm2,14,Comm2,0.63315164957651,0.5476456297542598,131
8,0.01,Comm2,15,Comm2,0.6364372250310267,5.318888961588228,287
8,0.01,Comm2,16,Comm2,0.6278957989322262,0.027227672597325295,342
8,0.01,Comm2,17,Comm2,0.6245634753567884,0.002850806340032397,922
8,0.01,Comm2,18,Comm2,0.6329590183455986,0.7154089898525985,195
8,0.01,Comm2,19,Comm2,0.635467621030652,10.22584855956057,619
8,0.01,Comm2,20,Comm2,0.6263875393661362,0.0011718455595314465,360
8,0.01,Comm2,21,Comm2,0.6289629615652347,0.017080906411402978,471
8,0.01,Comm2,22,Comm2,0.6306075309684025,0.07823917295407357,898
8,0.01,Comm2,23,Comm2,0.6393478437294885,42.01607470694355,319
8,0.01,Comm2,24,Comm2,0.6340974105779973,4.057515750530678,981
8,0.01,Comm2,25,Comm2,0.6296317595681309,0.025224595769535344,405
8,0.01,Comm2,26,Comm2,0.6320350943350861,0.20790489060036085,404
8,0.01,Comm2,27,Comm2,0.6358271423860614,5.264509038850486,544
8,0.01,Comm2,28,Comm2,0.625733734533018,0.000577037809025288,838
8,0.01,Comm2,29,Comm2,0.6334133434792578,1.0691759569139518,263
8,0.01,Comm2,30,Comm2,0.6338357430593878,1.0063136784596898,433
8,0.01,Comm2,31,Comm2,0.6390779377413923,32.80071624310095,516
8,0.01,Comm2,32,Comm2,0.6341254082431456,2.352194820460629,594
8,0.01,Comm2,33,Comm2,0.6359997317024692,7.554100492169175,225
8,0.01,Comm2,34,Comm2,0.6294082766036087,0.0681159069530063,61
8,0.01,Comm2,35,Comm2,0.6380059602162802,10.950297488320793,852
8,0.01,Comm2,36,Comm2,0.630085086462345,0.2276219897688493,14
8,0.01,Comm2,37,Comm2,0.6371834312243836,14.887309367011797,802
8,0.01,Comm2,38,Comm2,0.6320756466334744,0.4556743107113165,694
8,0.01,Comm2,39,Comm2,0.6306877521738398,0.21980177233406925,907
8,0.01,Comm2,40,Comm2,0.6378732948126711,17.937352878111042,299
8,0.01,Comm2,41,Comm2,0.6284386272219824,0.025697642060402745,456
8,0.01,Comm2,42,Comm2,0.6244111250947674,0.0005073844513067983,940
8,0.01,Comm2,43,Comm2,0.6265467651321396,0.005740147521861921,703
8,0.01,Comm2,44,Comm2,0.6257543001009428,0.0026646386499106847,872
8,0.01,Comm2,45,Comm2,0.6274420506807543,0.015806943595979644,603
8,0.01,Comm2,46,Comm2,0.6303046152168068,0.07360907599550964,445
8,0.01,Comm2,47,Comm2,0.6352151560221324,2.151441435772249,141
8,0.01,Comm2,48,Comm2,0.6330803850753535,0.3525182180420155,36
8,0.01,Comm2,49,Comm2,0.6331124989073204,2.2527777688081554,6
8,0.01,Comm2,50,Comm2,0.6331432200213725,0.6169429807992978,602
8,0.01,Comm2,51,Comm2,0.6308975928633548,0.10281769243952944,322
8,0.01,Comm2,52,Comm2,0.6345830802342128,0.9704150053548767,534
8,0.01,Comm2,53,Comm2,0.6344726142080341,2.3288076749499758,28
8,0.01,Comm2,54,Comm2,0.6264111029496378,0.0033350363423476966,884
8,0.01,Comm2,55,Comm2,0.6243652639752278,0.00021868245207072397,108
8,0.01,Comm2,56,Comm2,0.6397088523421208,39.264702668706995,467
8,0.01,Comm2,57,Comm2,0.6352234423794619,1.5396037282285264,82
8,0.01,Comm2,58,Comm2,0.6373551885680535,7.308137974405062,754
8,0.01,Comm2,59,Comm2,0.6280797728945431,0.017647990134307928,858
8,0.01,Comm2,60,Comm2,0.6296896264908423,0.06397374887794938,462
8,0.01,Comm2,61,Comm2,0.6284652085329987,0.03135833241021493,71
8,0.01,Comm2,62,Comm2,0.6240875451597747,0.0015758717321296147,294
8,0.01,Comm2,63,Comm2,0.6334175833747617,0.860420095540418,232
8,0.01,Comm2,64,Comm2,0.6354851144609023,3.135148718271956,739
8,0.01,Comm2,65,Comm2,0.6258708253212845,0.0028992874510457376,316
8,0.01,Comm2,66,Comm2,0.6315651940781613,0.14512866152592901,810
8,0.01,Comm2,67,Comm2,0.6322947808371742,1.0111341731725607,344
8,0.01,Comm2,68,Comm2,0.6321792018987908,0.11130075952071378,682
8,0.01,Comm2,69,Comm2,0.634284613664156,3.9035526801212077,244
8,0.01,Comm2,70,Comm2,0.6318997903025103,0.4230787868486465,444
8,0.01,Comm2,71,Comm2,0.6282835063958,0.06077583938874415,250
8,0.01,Comm2,72,Comm2,0.6361757106840341,6.990391786141636,756
8,0.01,Comm2,73,Comm2,0.6259580809411985,0.0017499366021695112,115
8,0.01,Comm2,74,Comm2,0.6394906802386309,35.98550279575103,474
8,0.01,Comm2,75,Comm2,0.6341859847198663,1.7869180061918246,863
8,0.01,Comm2,76,Comm2,0.6270689393270122,0.008508538588881641,363
8,0.01,Comm2,77,Comm2,0.6361545813303542,13.162598170804097,742
8,0.01,Comm2,78,Comm2,0.627996263006969,0.008642586346998516,634
8,0.01,Comm2,79,Comm2,0.6372903410103394,25.8230064992226,831
8,0.01,Comm2,80,Comm2,0.635432878962939,9.263095382010924,577
8,0.01,Comm2,81,Comm2,0.6306565673039846,0.19069626884305999,47
8,0.01,Comm2,82,Comm2,0.6290154805241142,0.04814674927273617,347
8,0.01,Comm2,83,Comm2,0.6345156359706308,1.5291179516887627,292
8,0.01,Comm2,84,Comm2,0.627352129552113,0.0026691826796832116,190
8,0.01,Comm2,85,Comm2,0.639228291565382,10.571457457757056,136
8,0.01,Comm2,86,Comm2,0.6393774032377227,24.913493674443316,48
8,0.01,Comm2,87,Comm2,0.6302752859264267,0.04387378513859848,722
8,0.01,Comm2,88,Comm2,0.6300843933344654,0.11269548539097461,91
8,0.01,Comm2,89,Comm2,0.6349353190750955,3.865166210462176,700
8,0.01,Comm2,90,Comm2,0.6261398130738935,0.010356550927661565,80
8,0.01,Comm2,91,Comm2,0.6372842943205868,24.022033898329113,174
8,0.01,Comm2,92,Comm2,0.6399116350221097,39.83052880258113,735
8,0.01,Comm2,93,Comm2,0.638234804590653,9.733128106405703,728
8,0.01,Comm2,94,Comm2,0.6275642010685577,0.021832372920809376,582
8,0.01,Comm2,95,Comm2,0.6328572334797135,0.8433578885009185,49
8,0.01,Comm2,96,Comm2,0.6264264693859326,0.004374974217341673,521
8,0.01,Comm2,97,Comm2,0.6370552917595368,10.77592104551184,194
8,0.01,Comm2,98,Comm2,0.638677829873325,38.46132579441857,808
8,0.01,Comm2,99,Comm2,0.6319364634890764,0.11766447689957342,189
8,0.01,Comm2,100,Comm2,0.6249380758318706,0.006374527252315113,425
8,0.01,Comm3,1,Comm1,0.6241851969179713,-4.0633888195552904e-11,779
8,0.01,Comm3,2,Comm1,0.6240978481065318,5.443249761801869e-08,847
8,0.01,Comm3,3,Comm1,0.6303467198963942,0.0002532598626372211,654
8,0.01,Comm3,4,Comm1,0.6266080654245058,1.1113079055890759e-06,827
8,0.01,Comm3,5,Comm1,0.635505746399414,0.11086808961115968,153
8,0.01,Comm3,6,Comm1,0.6290352349761986,0.008272458946579447,991
8,0.01,Comm3,7,Comm1,0.638539597897028,11.53481778571705,548
8,0.01,Comm3,8,Comm1,0.6314068781288651,9.166140553674446e-05,154
8,0.01,Comm3,9,Comm1,0.6314459829190294,0.0022068912701083618,795
8,0.01,Comm3,10,Comm1,0.6242773406115228,3.855667104920419e-08,267
8,0.01,Comm3,11,Comm1,0.6259480366650813,9.409791263769401e-07,623
8,0.01,Comm3,12,Comm1,0.6330220419094829,0.028139792223378566,593
8,0.01,Comm3,13,Comm1,0.6329270826445026,0.0047051703780288225,669
8,0.01,Comm3,14,Comm1,0.6258900187303732,2.0408331980866578e-06,475
8,0.01,Comm3,15,Comm1,0.6361495959702549,11.879976548224967,135
8,0.01,Comm3,16,Comm1,0.6370258610316839,22.691199691476132,68
8,0.01,Comm3,17,Comm1,0.6268312585520143,2.178023501394159e-05,924
8,0.01,Comm3,18,Comm1,0.6368814492623568,5.401099279790359,285
8,0.01,Comm3,19,Comm1,0.6276681710683548,0.0010019668087045237,970
8,0.01,Comm3,20,Comm1,0.6369279659972529,9.711650170476156,644
8,0.01,Comm3,21,Comm1,0.6247677744894778,1.9683828232704146e-06,193
8,0.01,Comm3,22,Comm1,0.6312531404492646,0.031623986103371804,491
8,0.01,Comm3,23,Comm1,0.6254033299037062,-2.757004560538e-09,870
8,0.01,Comm3,24,Comm1,0.6260610550568673,1.8741222187994203e-06,586
8,0.01,Comm3,25,Comm1,0.6344258184135647,0.262407287409194,529
8,0.01,Comm3,26,Comm1,0.6313058237193196,0.007657922902461598,11
8,0.01,Comm3,27,Comm1,0.6256535797286691,6.7804170405951706e-06,557
8,0.01,Comm3,28,Comm1,0.6379928992119337,19.613671920515163,899
8,0.01,Comm3,29,Comm1,0.6388632970020642,29.87525761921097,782
8,0.01,Comm3,30,Comm1,0.6331147750665259,0.11318097611116232,919
8,0.01,Comm3,31,Comm1,0.624732901938436,2.0005678209626424e-07,624
8,0.01,Comm3,32,Comm1,0.6253143982687815,4.973264430187014e-07,604
8,0.01,Comm3,33,Comm1,0.6362065430472632,10.302071467453812,150
8,0.01,Comm3,34,Comm1,0.6346596152718292,1.5317301411082616,18
8,0.01,Comm3,35,Comm1,0.6240544650113071,5.027557944522133e-07,891
8,0.01,Comm3,36,Comm1,0.6367990255813917,5.94498012732938,801
8,0.01,Comm3,37,Comm1,0.6279822825764876,6.52183695084231e-05,469
8,0.01,Comm3,38,Comm1,0.6240535941501619,3.376502542430248e-08,510
8,0.01,Comm3,39,Comm1,0.6368795481620639,8.532745721990443,554
8,0.01,Comm3,40,Comm1,0.6301820269354853,0.0044065506532636,959
8,0.01,Comm3,41,Comm1,0.6335623782394021,0.025395516841512245,7
8,0.01,Comm3,42,Comm1,0.6350771567241923,1.04082043888459,944
8,0.01,Comm3,43,Comm1,0.6261331328866857,5.450367623643854e-06,233
8,0.01,Comm3,44,Comm1,0.6271831058187778,1.4964969835043522e-06,38
8,0.01,Comm3,45,Comm1,0.6299051321257895,0.0003459691636387391,168
8,0.01,Comm3,46,Comm1,0.6310616774678606,0.0012300702651857611,926
8,0.01,Comm3,47,Comm1,0.6281601572773573,0.00010332798451647004,587
8,0.01,Comm3,48,Comm1,0.6380218911491274,15.228596629481634,227
8,0.01,Comm3,49,Comm1,0.6373927648214175,1.4105745434080348,328
8,0.01,Comm3,50,Comm1,0.6257169766295406,5.904762145142142e-06,589
8,0.01,Comm3,51,Comm1,0.6297979640912589,0.00016899747841576392,816
8,0.01,Comm3,52,Comm1,0.63763504700656,23.251494516106515,734
8,0.01,Comm3,53,Comm1,0.6257896915840655,7.830081416015134e-07,525
8,0.01,Comm3,54,Comm1,0.6397299516854055,32.62062291907277,651
8,0.01,Comm3,55,Comm1,0.6264505360457755,2.0877980806788963e-05,766
8,0.01,Comm3,56,Comm1,0.6392553473019228,36.32261668699705,796
8,0.01,Comm3,57,Comm1,0.6354813312473101,2.736265013622145,397
8,0.01,Comm3,58,Comm1,0.6390253805192456,14.964360090831493,761
8,0.01,Comm3,59,Comm1,0.6338749998931684,0.24194266246435536,318
8,0.01,Comm3,60,Comm1,0.6305783122630245,0.0043518976855382455,685
8,0.01,Comm3,61,Comm1,0.6371973315326536,3.1940708924445027,137
8,0.01,Comm3,62,Comm1,0.6310732320443141,0.021239053764367327,608
8,0.01,Comm3,63,Comm1,0.6317056199661246,0.012646262742293564,552
8,0.01,Comm3,64,Comm1,0.6377814544574424,13.99428862123316,341
8,0.01,Comm3,65,Comm1,0.6371501628403675,10.566037993922487,367
8,0.01,Comm3,66,Comm1,0.6390527711231365,25.755435906034634,185
8,0.01,Comm3,67,Comm1,0.6255015524066272,3.7894801412722486e-07,817
8,0.01,Comm3,68,Comm1,0.6303956829564675,0.001932786067872754,849
8,0.01,Comm3,69,Comm1,0.6312424587530749,0.0009812314472807944,824
8,0.01,Comm3,70,Comm1,0.6367454436455681,0.2449065561790056,81
8,0.01,Comm3,71,Comm1,0.6354134883570889,3.209908938742998,888
8,0.01,Comm3,72,Comm1,0.6378022333956619,39.80853937497544,879
8,0.01,Comm3,73,Comm1,0.6394181446398053,25.913590292289275,258
8,0.01,Comm3,74,Comm1,0.6359467798723614,8.218805230154466,984
8,0.01,Comm3,75,Comm1,0.6325894228112362,0.017738906806172315,560
8,0.01,Comm3,76,Comm1,0.6245660386890568,1.2167059390163645e-05,306
8,0.01,Comm3,77,Comm1,0.6310915930773384,0.0037931599644674065,138
8,0.01,Comm3,78,Comm1,0.633576700804507,0.1055854253212244,389
8,0.01,Comm3,79,Comm1,0.6362224789341694,6.045209794356239,205
8,0.01,Comm3,80,Comm1,0.6388193269918104,59.99906187254912,965
8,0.01,Comm3,81,Comm1,0.6288571799527175,4.8528213012704006e-05,371
8,0.01,Comm3,82,Comm1,0.6275464878276976,0.00016180890819235248,213
8,0.01,Comm3,83,Comm1,0.6244183161407929,2.3082307975841754e-08,17
8,0.01,Comm3,84,Comm1,0.6266034660264177,9.744683756783231e-07,917
8,0.01,Comm3,85,Comm1,0.631953965654632,0.019455642810406872,570
8,0.01,Comm3,86,Comm1,0.624337955260529,5.558503674743022e-09,428
8,0.01,Comm3,87,Comm1,0.6337296710104072,0.2722272237556149,151
8,0.01,Comm3,88,Comm1,0.6274927986069946,7.6046409599119945e-06,556
8,0.01,Comm3,89,Comm1,0.6364036809765113,11.364321998084929,25
8,0.01,Comm3,90,Comm1,0.6383938112924072,5.854855313094112,55
8,0.01,Comm3,91,Comm1,0.636989239755307,3.2808600438478095,50
8,0.01,Comm3,92,Comm1,0.6293957197258304,4.937549223740156e-05,228
8,0.01,Comm3,93,Comm1,0.6364991830268827,8.055785066083983,19
8,0.01,Comm3,94,Comm1,0.6306059143802353,0.00025435959973656944,75
8,0.01,Comm3,95,Comm1,0.6266615529857203,1.191985918046138e-06,948
8,0.01,Comm3,96,Comm1,0.6301623702682355,6.361744176431865e-05,668
8,0.01,Comm3,97,Comm1,0.6394374722511688,52.31999249161469,335
8,0.01,Comm3,98,Comm1,0.6303139599789981,0.006315443682458151,117
8,0.01,Comm3,99,Comm1,0.6302141689395508,0.00030691919397702607,845
8,0.01,Comm3,100,Comm1,0.6340680669471925,0.09826215049735111,637
8,0.01,Comm3,101,Comm2,0.6294814997406079,3.465456964845436e-06,807
8,0.01,Comm3,102,Comm2,0.6362535660161651,0.02289988691500305,855
8,0.01,Comm3,103,Comm2,0.6357597245803642,0.006623912769035296,638
8,0.01,Comm3,104,Comm2,0.6370039930525241,0.29180237764094064,163
8,0.01,Comm3,105,Comm2,0.634822679326375,0.00937453885948163,591
8,0.01,Comm3,106,Comm2,0.6294153562700042,1.0581208333238636e-06,551
8,0.01,Comm3,107,Comm2,0.6289839078524806,3.1250697446777973e-07,308
8,0.01,Comm3,108,Comm2,0.6310118211505649,1.1685990329976524e-05,812
8,0.01,Comm3,109,Comm2,0.625420919749367,6.088595083130282e-09,966
8,0.01,Comm3,110,Comm2,0.6343798688259257,0.0021960891650169533,520
8,0.01,Comm3,111,Comm2,0.6395402872165872,2.8194570835473254,30
8,0.01,Comm3,112,Comm2,0.6341913248177236,0.006732838747260975,437
8,0.01,Comm3,113,Comm2,0.6350716266214548,0.05586096149509742,656
8,0.01,Comm3,114,Comm2,0.63315164957651,0.0001154679542190336,131
8,0.01,Comm3,115,Comm2,0.6364372250310267,0.03751240678120227,287
8,0.01,Comm3,116,Comm2,0.6278957989322262,9.732966128512237e-08,342
8,0.01,Comm3,117,Comm2,0.6245634753567884,1.4998194779223442e-08,922
8,0.01,Comm3,118,Comm2,0.6329590183455986,0.00016769914323730585,195
8,0.01,Comm3,119,Comm2,0.635467621030652,0.008595850430467261,619
8,0.01,Comm3,120,Comm2,0.6263875393661362,5.686177867442586e-10,360
8,0.01,Comm3,121,Comm2,0.6289629615652347,5.29346941913299e-07,471
8,0.01,Comm3,122,Comm2,0.6306075309684025,6.2291597623119325e-06,898
8,0.01,Comm3,123,Comm2,0.6393478437294885,0.7689111081751423,319
8,0.01,Comm3,124,Comm2,0.6340974105779973,0.007924566603793646,981
8,0.01,Comm3,125,Comm2,0.6296317595681309,1.9628628306621993e-06,405
8,0.01,Comm3,126,Comm2,0.6320350943350861,1.2716712879679944e-05,404
8,0.01,Comm3,127,Comm2,0.6358271423860614,0.00809079212966263,544
8,0.01,Comm3,128,Comm2,0.625733734533018,1.1701018125855321e-08,838
8,0.01,Comm3,129,Comm2,0.6334133434792578,0.0003964388960629719,263
8,0.01,Comm3,130,Comm2,0.6338357430593878,0.00041590725076932347,433
8,0.01,Comm3,131,Comm2,0.6390779377413923,2.748813370507239,516
8,0.01,Comm3,132,Comm2,0.6341254082431456,0.0038051469661970197,594
8,0.01,Comm3,133,Comm2,0.6359997317024692,0.05142693017153351,225
8,0.01,Comm3,134,Comm2,0.6294082766036087,5.235971487816143e-06,61
8,0.01,Comm3,135,Comm2,0.6380059602162802,0.6674216502090601,852
8,0.01,Comm3,136,Comm2,0.630085086462345,2.0772847628462892e-05,14
8,0.01,Comm3,137,Comm2,0.6371834312243836,0.10175404314778425,802
8,0.01,Comm3,138,Comm2,0.6320756466334744,0.00024395654881001515,694
8,0.01,Comm3,139,Comm2,0.6306877521738398,1.099617307225774e-05,907
8,0.01,Comm3,140,Comm2,0.6378732948126711,1.1290759454827204,299
8,0.01,Comm3,141,Comm2,0.6284386272219824,4.2255615202866456e-07,456
8,0.01,Comm3,142,Comm2,0.6244111250947674,1.1530443546797041e-09,940
8,0.01,Comm3,143,Comm2,0.6265467651321396,2.0819865555372065e-08,703
8,0.01,Comm3,144,Comm2,0.6257543001009428,3.2215746852315938e-09,872
8,0.01,Comm3,145,Comm2,0.6274420506807543,3.594174993126403e-07,603
8,0.01,Comm3,146,Comm2,0.6303046152168068,2.7629687533183917e-06,445
8,0.01,Comm3,147,Comm2,0.6352151560221324,0.0037175579433719724,141
8,0.01,Comm3,148,Comm2,0.6330803850753535,0.0002491847859294832,36
8,0.01,Comm3,149,Comm2,0.6331124989073204,0.0013013242870022741,6
8,0.01,Comm3,150,Comm2,0.6331432200213725,0.0008341664213425665,602
8,0.01,Comm3,151,Comm2,0.6308975928633548,4.390871654660489e-05,322
8,0.01,Comm3,152,Comm2,0.6345830802342128,0.0012028448924975438,534
8,0.01,Comm3,153,Comm2,0.6344726142080341,0.003873101132247439,28
8,0.01,Comm3,154,Comm2,0.6264111029496378,2.2505942844497127e-08,884
8,0.01,Comm3,155,Comm2,0.6243652639752278,1.8537539594674553e-10,108
8,0.01,Comm3,156,Comm2,0.6397088523421208,14.984520030087966,467
8,0.01,Comm3,157,Comm2,0.6352234423794619,0.0019353405710311469,82
8,0.01,Comm3,158,Comm2,0.6373551885680535,0.04378424450382584,754
8,0.01,Comm3,159,Comm2,0.6280797728945431,1.2970468495103975e-07,858
8,0.01,Comm3,160,Comm2,0.6296896264908423,6.188778644440859e-07,462
8,0.01,Comm3,161,Comm2,0.6284652085329987,4.427342678483534e-07,71
8,0.01,Comm3,162,Comm2,0.6240875451597747,4.616914241169346e-09,294
8,0.01,Comm3,163,Comm2,0.6334175833747617,0.0002088355161425554,232
8,0.01,Comm3,164,Comm2,0.6354851144609023,0.01263473473332275,739
8,0.01,Comm3,165,Comm2,0.6258708253212845,3.4052980154202923e-09,316
8,0.01,Comm3,166,Comm2,0.6315651940781613,1.7351408973683746e-05,810
8,0.01,Comm3,167,Comm2,0.6322947808371742,0.00018850623961025618,344
8,0.01,Comm3,168,Comm2,0.6321792018987908,0.00017142572168632271,682
8,0.01,Comm3,169,Comm2,0.634284613664156,0.009535223597750829,244
8,0.01,Comm3,170,Comm2,0.6318997903025103,0.00020546922764124156,444
8,0.01,Comm3,171,Comm2,0.6282835063958,2.5303285230645864e-07,250
8,0.01,Comm3,172,Comm2,0.6361757106840341,0.026317996883804443,756
8,0.01,Comm3,173,Comm2,0.6259580809411985,4.515282232014671e-09,115
8,0.01,Comm3,174,Comm2,0.6394906802386309,1.940687035363691,474
8,0.01,Comm3,175,Comm2,0.6341859847198663,0.003131247447682028,863
8,0.01,Comm3,176,Comm2,0.6270689393270122,5.604075454942029e-08,363
8,0.01,Comm3,177,Comm2,0.6361545813303542,0.1955259641059273,742
8,0.01,Comm3,178,Comm2,0.627996263006969,1.710366263591145e-07,634
8,0.01,Comm3,179,Comm2,0.6372903410103394,0.9435715780488723,831
8,0.01,Comm3,180,Comm2,0.635432878962939,0.05085485099261269,577
8,0.01,Comm3,181,Comm2,0.6306565673039846,5.3985561220037415e-06,47
8,0.01,Comm3,182,Comm2,0.6290154805241142,8.9037548728179e-06,347
8,0.01,Comm3,183,Comm2,0.6345156359706308,0.009438689463826293,292
8,0.01,Comm3,184,Comm2,0.627352129552113,2.6734697062891098e-08,190
8,0.01,Comm3,185,Comm2,0.639228291565382,0.24999176728975286,136
8,0.01,Comm3,186,Comm2,0.6393774032377227,3.0558131141536435,48
8,0.01,Comm3,187,Comm2,0.6302752859264267,2.111766983396786e-06,722
8,0.01,Comm3,188,Comm2,0.6300843933344654,2.412292940742103e-05,91
8,0.01,Comm3,189,Comm2,0.6349353190750955,0.004023330102873241,700
8,0.01,Comm3,190,Comm2,0.6261398130738935,9.933051638074873e-08,80
8,0.01,Comm3,191,Comm2,0.6372842943205868,0.4862304852917023,174
8,0.01,Comm3,192,Comm2,0.6399116350221097,2.8377646977388644,735
8,0.01,Comm3,193,Comm2,0.638234804590653,0.2149700866898538,728
8,0.01,Comm3,194,Comm2,0.6275642010685577,7.796973434783662e-07,582
8,0.01,Comm3,195,Comm2,0.6328572334797135,0.00010387646677996751,49
8,0.01,Comm3,196,Comm2,0.6264264693859326,9.48210815695355e-09,521
8,0.01,Comm3,197,Comm2,0.6370552917595368,0.1104035294305692,194
8,0.01,Comm3,198,Comm2,0.638677829873325,5.446615431560875,808
8,0.01,Comm3,199,Comm2,0.6319364634890764,0.0002402836349896049,189
8,0.01,Comm3,200,Comm2,0.6249380758318706,7.591112453566042e-08,425
8,0.05,Comm1,1,Comm1,0.6241851969179713,0.0004961171115936009,779
8,0.05,Comm1,2,Comm1,0.6240978481065318,0.0011062250048067509,847
8,0.05,Comm1,3,Comm1,0.6303467198963942,0.04051346053378378,654
8,0.05,Comm1,4,Comm1,0.6266080654245058,0.0023006065178455774,827
8,0.05,Comm1,5,Comm1,0.635505746399414,1.4312870141090508,153
8,0.05,Comm1,6,Comm1,0.6290352349761986,0.3063656180168838,991
8,0.05,Comm1,7,Comm1,0.638539597897028,11.038343560698605,548
8,0.05,Comm1,8,Comm1,0.6314068781288651,0.04319071070414074,154
8,0.05,Comm1,9,Comm1,0.6314459829190294,0.19520819712019566,795
8,0.05,Comm1,10,Comm1,0.6242773406115228,0.0009445341403324165,267
8,0.05,Comm1,11,Comm1,0.6259480366650813,0.002601757770972709,623
8,0.05,Comm1,12,Comm1,0.6330220419094829,0.3421936861197882,593
8,0.05,Comm1,13,Comm1,0.6329270826445026,0.3249370351298989,669
8,0.05,Comm1,14,Comm1,0.6258900187303732,0.005876441466963639,475
8,0.05,Comm1,15,Comm1,0.6361495959702549,17.415950939908814,135
8,0.05,Comm1,16,Comm1,0.6370258610316839,22.12326886779996,68
8,0.05,Comm1,17,Comm1,0.6268312585520143,0.015195378073493408,924
8,0.05,Comm1,18,Comm1,0.6368814492623568,9.137336247754211,285
8,0.05,Comm1,19,Comm1,0.6276681710683548,0.06668479548183373,970
8,0.05,Comm1,20,Comm1,0.6369279659972529,11.129283605244508,644
8,0.05,Comm1,21,Comm1,0.6247677744894778,0.003820393880348363,193
8,0.05,Comm1,22,Comm1,0.6312531404492646,0.7164364385690111,491
8,0.05,Comm1,23,Comm1,0.6254033299037062,0.0011599382866479997,870
8,0.05,Comm1,24,Comm1,0.6260610550568673,0.005380142859845515,586
8,0.05,Comm1,25,Comm1,0.6344258184135647,1.7558231821955903,529
8,0.05,Comm1,26,Comm1,0.6313058237193196,0.19405690988207117,11
8,0.05,Comm1,27,Comm1,0.6256535797286691,0.007484922563010751,557
8,0.05,Comm1,28,Comm1,0.6379928992119337,19.28973090767092,899
8,0.05,Comm1,29,Comm1,0.6388632970020642,28.852145528142245,782
8,0.05,Comm1,30,Comm1,0.6331147750665259,1.8024807242038179,919
8,0.05,Comm1,31,Comm1,0.624732901938436,0.0011337588699234485,624
8,0.05,Comm1,32,Comm1,0.6253143982687815,0.0022526094921235017,604
8,0.05,Comm1,33,Comm1,0.6362065430472632,11.1343911571495,150
8,0.05,Comm1,34,Comm1,0.6346596152718292,4.345206625958681,18
8,0.05,Comm1,35,Comm1,0.6240544650113071,0.0016087889572094691,891
8,0.05,Comm1,36,Comm1,0.6367990255813917,7.703121089571416,801
8,0.05,Comm1,37,Comm1,0.6279822825764876,0.02229744268982972,469
8,0.05,Comm1,38,Comm1,0.6240535941501619,0.0009010128205807828,510
8,0.05,Comm1,39,Comm1,0.6368795481620639,7.569405807152645,554
8,0.05,Comm1,40,Comm1,0.6301820269354853,0.32682828405379816,959
8,0.05,Comm1,41,Comm1,0.6335623782394021,0.3960396481126891,7
8,0.05,Comm1,42,Comm1,0.6350771567241923,3.0605671106930306,944
8,0.05,Comm1,43,Comm1,0.6261331328866857,0.006375673602178033,233
8,0.05,Comm1,44,Comm1,0.6271831058187778,0.005055415734338875,38
8,0.05,Comm1,45,Comm1,0.6299051321257895,0.0445782673457698,168
8,0.05,Comm1,46,Comm1,0.6310616774678606,0.11551449514603418,926
8,0.05,Comm1,47,Comm1,0.6281601572773573,0.02404981763309046,587
8,0.05,Comm1,48,Comm1,0.6380218911491274,16.665154628312322,227
8,0.05,Comm1,49,Comm1,0.6373927648214175,5.808303095733532,328
8,0.05,Comm1,50,Comm1,0.6257169766295406,0.005761812895116904,589
8,0.05,Comm1,51,Comm1,0.6297979640912589,0.043231149465611504,816
8,0.05,Comm1,52,Comm1,0.63763504700656,30.529717274875676,734
8,0.05,Comm1,53,Comm1,0.6257896915840655,0.0024214861101810987,525
8,0.05,Comm1,54,Comm1,0.6397299516854055,23.18595922352514,651
8,0.05,Comm1,55,Comm1,0.6264505360457755,0.012891706854832468,766
8,0.05,Comm1,56,Comm1,0.6392553473019228,34.711930608994294,796
8,0.05,Comm1,57,Comm1,0.6354813312473101,3.7890287385585992,397
8,0.05,Comm1,58,Comm1,0.6390253805192456,20.681539130396576,761
8,0.05,Comm1,59,Comm1,0.6338749998931684,2.5247401839437593,318
8,0.05,Comm1,60,Comm1,0.6305783122630245,0.17802282532876582,685
8,0.05,Comm1,61,Comm1,0.6371973315326536,5.106394966972077,137
8,0.05,Comm1,62,Comm1,0.6310732320443141,0.3563479360611095,608
8,0.05,Comm1,63,Comm1,0.6317056199661246,0.38776255055575926,552
8,0.05,Comm1,64,Comm1,0.6377814544574424,9.539566452765355,341
8,0.05,Comm1,65,Comm1,0.6371501628403675,12.617972360983247,367
8,0.05,Comm1,66,Comm1,0.6390527711231365,23.688307165283952,185
8,0.05,Comm1,67,Comm1,0.6255015524066272,0.00246582589186039,817
8,0.05,Comm1,68,Comm1,0.6303956829564675,0.16910232636061184,849
8,0.05,Comm1,69,Comm1,0.6312424587530749,0.1266776011145628,824
8,0.05,Comm1,70,Comm1,0.6367454436455681,1.5034414046913585,81
8,0.05,Comm1,71,Comm1,0.6354134883570889,5.4880330661358,888
8,0.05,Comm1,72,Comm1,0.6378022333956619,32.128752756354324,879
8,0.05,Comm1,73,Comm1,0.6394181446398053,22.235908265286906,258
8,0.05,Comm1,74,Comm1,0.6359467798723614,6.367931503752107,984
8,0.05,Comm1,75,Comm1,0.6325894228112362,0.38016549896769,560
8,0.05,Comm1,76,Comm1,0.6245660386890568,0.006782214377524138,306
8,0.05,Comm1,77,Comm1,0.6310915930773384,0.2005261976214252,138
8,0.05,Comm1,78,Comm1,0.633576700804507,1.1845470097613573,389
8,0.05,Comm1,79,Comm1,0.6362224789341694,9.616569985274701,205
8,0.05,Comm1,80,Comm1,0.6388193269918104,61.21270127537601,965
8,0.05,Comm1,81,Comm1,0.6288571799527175,0.025243999248175494,371
8,0.05,Comm1,82,Comm1,0.6275464878276976,0.03878333677709439,213
8,0.05,Comm1,83,Comm1,0.6244183161407929,0.001183811622512578,17
8,0.05,Comm1,84,Comm1,0.6266034660264177,0.005121319226809966,917
8,0.05,Comm1,85,Comm1,0.631953965654632,0.4268847873518038,570
8,0.05,Comm1,86,Comm1,0.624337955260529,0.0005566733370754482,428
8,0.05,Comm1,87,Comm1,0.6337296710104072,1.6068636938818357,151
8,0.05,Comm1,88,Comm1,0.6274927986069946,0.010157183019761415,556
8,0.05,Comm1,89,Comm1,0.6364036809765113,8.632241834140105,25
8,0.05,Comm1,90,Comm1,0.6383938112924072,7.332538589163313,55
8,0.05,Comm1,91,Comm1,0.636989239755307,7.882209960436041,50
8,0.05,Comm1,92,Comm1,0.6293957197258304,0.04717566713202461,228
8,0.05,Comm1,93,Comm1,0.6364991830268827,13.285818718894028,19
8,0.05,Comm1,94,Comm1,0.6306059143802353,0.057316416090184286,75
8,0.05,Comm1,95,Comm1,0.6266615529857203,0.007694921534981056,948
8,0.05,Comm1,96,Comm1,0.6301623702682355,0.06125451173669664,668
8,0.05,Comm1,97,Comm1,0.6394374722511688,46.891561593852906,335
8,0.05,Comm1,98,Comm1,0.6303139599789981,0.21217749432730187,117
8,0.05,Comm1,99,Comm1,0.6302141689395508,0.07864273765425325,845
8,0.05,Comm1,100,Comm1,0.6340680669471925,0.9288774726725156,637
8,0.05,Comm2,1,Comm2,0.6294814997406079,0.1033380892758321,807
8,0.05,Comm2,2,Comm2,0.6362535660161651,15.486362212346597,855
8,0.05,Comm2,3,Comm2,0.6357597245803642,3.8379662831118635,638
8,0.05,Comm2,4,Comm2,0.6370039930525241,16.523725829484015,163
8,0.05,Comm2,5,Comm2,0.634822679326375,2.604329933563021,591
8,0.05,Comm2,6,Comm2,0.6294153562700042,0.032448656917992535,551
8,0.05,Comm2,7,Comm2,0.6289839078524806,0.01215064903499197,308
8,0.05,Comm2,8,Comm2,0.6310118211505649,0.39069580755649197,812
8,0.05,Comm2,9,Comm2,0.625420919749367,0.003572513373729945,966
8,0.05,Comm2,10,Comm2,0.6343798688259257,1.0308557905491593,520
8,0.05,Comm2,11,Comm2,0.6395402872165872,39.18668285987808,30
8,0.05,Comm2,12,Comm2,0.6341913248177236,10.355276056365192,437
8,0.05,Comm2,13,Comm2,0.6350716266214548,8.89323986328102,656
8,0.05,Comm2,14,Comm2,0.63315164957651,0.5476456297542598,131
8,0.05,Comm2,15,Comm2,0.6364372250310267,5.318888961588228,287
8,0.05,Comm2,16,Comm2,0.6278957989322262,0.027227672597325295,342
8,0.05,Comm2,17,Comm2,0.6245634753567884,0.002850806340032397,922
8,0.05,Comm2,18,Comm2,0.6329590183455986,0.7154089898525985,195
8,0.05,Comm2,19,Comm2,0.635467621030652,10.22584855956057,619
8,0.05,Comm2,20,Comm2,0.6263875393661362,0.0011718455595314465,360
8,0.05,Comm2,21,Comm2,0.6289629615652347,0.017080906411402978,471
8,0.05,Comm2,22,Comm2,0.6306075309684025,0.07823917295407357,898
8,0.05,Comm2,23,Comm2,0.6393478437294885,42.01607470694355,319
8,0.05,Comm2,24,Comm2,0.6340974105779973,4.057515750530678,981
8,0.05,Comm2,25,Comm2,0.6296317595681309,0.025224595769535344,405
8,0.05,Comm2,26,Comm2,0.6320350943350861,0.20790489060036085,404
8,0.05,Comm2,27,Comm2,0.6358271423860614,5.264509038850486,544
8,0.05,Comm2,28,Comm2,0.625733734533018,0.000577037809025288,838
8,0.05,Comm2,29,Comm2,0.6334133434792578,1.0691759569139518,263
8,0.05,Comm2,30,Comm2,0.6338357430593878,1.0063136784596898,433
8,0.05,Comm2,31,Comm2,0.6390779377413923,32.80071624310095,516
8,0.05,Comm2,32,Comm2,0.6341254082431456,2.352194820460629,594
8,0.05,Comm2,33,Comm2,0.6359997317024692,7.554100492169175,225
8,0.05,Comm2,34,Comm2,0.6294082766036087,0.0681159069530063,61
8,0.05,Comm2,35,Comm2,0.6380059602162802,10.950297488320793,852
8,0.05,Comm2,36,Comm2,0.630085086462345,0.2276219897688493,14
8,0.05,Comm2,37,Comm2,0.6371834312243836,14.887309367011797,802
8,0.05,Comm2,38,Comm2,0.6320756466334744,0.4556743107113165,694
8,0.05,Comm2,39,Comm2,0.6306877521738398,0.21980177233406925,907
8,0.05,Comm2,40,Comm2,0.6378732948126711,17.937352878111042,299
8,0.05,Comm2,41,Comm2,0.6284386272219824,0.025697642060402745,456
8,0.05,Comm2,42,Comm2,0.6244111250947674,0.0005073844513067983,940
8,0.05,Comm2,43,Comm2,0.6265467651321396,0.005740147521861921,703
8,0.05,Comm2,44,Comm2,0.6257543001009428,0.0026646386499106847,872
8,0.05,Comm2,45,Comm2,0.6274420506807543,0.015806943595979644,603
8,0.05,Comm2,46,Comm2,0.6303046152168068,0.07360907599550964,445
8,0.05,Comm2,47,Comm2,0.6352151560221324,2.151441435772249,141
8,0.05,Comm2,48,Comm2,0.6330803850753535,0.3525182180420155,36
8,0.05,Comm2,49,Comm2,0.6331124989073204,2.2527777688081554,6
8,0.05,Comm2,50,Comm2,0.6331432200213725,0.6169429807992978,602
8,0.05,Comm2,51,Comm2,0.6308975928633548,0.10281769243952944,322
8,0.05,Comm2,52,Comm2,0.6345830802342128,0.9704150053548767,534
8,0.05,Comm2,53,Comm2,0.6344726142080341,2.3288076749499758,28
8,0.05,Comm2,54,Comm2,0.6264111029496378,0.0033350363423476966,884
8,0.05,Comm2,55,Comm2,0.6243652639752278,0.00021868245207072397,108
8,0.05,Comm2,56,Comm2,0.6397088523421208,39.264702668706995,467
8,0.05,Comm2,57,Comm2,0.6352234423794619,1.5396037282285264,82
8,0.05,Comm2,58,Comm2,0.6373551885680535,7.308137974405062,754
8,0.05,Comm2,59,Comm2,0.6280797728945431,0.017647990134307928,858
8,0.05,Comm2,60,Comm2,0.6296896264908423,0.06397374887794938,462
8,0.05,Comm2,61,Comm2,0.6284652085329987,0.03135833241021493,71
8,0.05,Comm2,62,Comm2,0.6240875451597747,0.0015758717321296147,294
8,0.05,Comm2,63,Comm2,0.6334175833747617,0.860420095540418,232
8,0.05,Comm2,64,Comm2,0.6354851144609023,3.135148718271956,739
8,0.05,Comm2,65,Comm2,0.6258708253212845,0.0028992874510457376,316
8,0.05,Comm2,66,Comm2,0.6315651940781613,0.14512866152592901,810
8,0.05,Comm2,67,Comm2,0.6322947808371742,1.0111341731725607,344
8,0.05,Comm2,68,Comm2,0.6321792018987908,0.11130075952071378,682
8,0.05,Comm2,69,Comm2,0.634284613664156,3.9035526801212077,244
8,0.05,Comm2,70,Comm2,0.6318997903025103,0.4230787868486465,444
8,0.05,Comm2,71,Comm2,0.6282835063958,0.06077583938874415,250
8,0.05,Comm2,72,Comm2,0.6361757106840341,6.990391786141636,756
8,0.05,Comm2,73,Comm2,0.6259580809411985,0.0017499366021695112,115
8,0.05,Comm2,74,Comm2,0.6394906802386309,35.98550279575103,474
8,0.05,Comm2,75,Comm2,0.6341859847198663,1.7869180061918246,863
8,0.05,Comm2,76,Comm2,0.6270689393270122,0.008508538588881641,363
8,0.05,Comm2,77,Comm2,0.6361545813303542,13.162598170804097,742
8,0.05,Comm2,78,Comm2,0.627996263006969,0.008642586346998516,634
8,0.05,Comm2,79,Comm2,0.6372903410103394,25.8230064992226,831
8,0.05,Comm2,80,Comm2,0.635432878962939,9.263095382010924,577
8,0.05,Comm2,81,Comm2,0.6306565673039846,0.19069626884305999,47
8,0.05,Comm2,82,Comm2,0.6290154805241142,0.04814674927273617,347
8,0.05,Comm2,83,Comm2,0.6345156359706308,1.5291179516887627,292
8,0.05,Comm2,84,Comm2,0.627352129552113,0.0026691826796832116,190
8,0.05,Comm2,85,Comm2,0.639228291565382,10.571457457757056,136
8,0.05,Comm2,86,Comm2,0.6393774032377227,24.913493674443316,48
8,0.05,Comm2,87,Comm2,0.6302752859264267,0.04387378513859848,722
8,0.05,Comm2,88,Comm2,0.6300843933344654,0.11269548539097461,91
8,0.05,Comm2,89,Comm2,0.6349353190750955,3.865166210462176,700
8,0.05,Comm2,90,Comm2,0.6261398130738935,0.010356550927661565,80
8,0.05,Comm2,91,Comm2,0.6372842943205868,24.022033898329113,174
8,0.05,Comm2,92,Comm2,0.6399116350221097,39.83052880258113,735
8,0.05,Comm2,93,Comm2,0.638234804590653,9.733128106405703,728
8,0.05,Comm2,94,Comm2,0.6275642010685577,0.021832372920809376,582
8,0.05,Comm2,95,Comm2,0.6328572334797135,0.8433578885009185,49
8,0.05,Comm2,96,Comm2,0.6264264693859326,0.004374974217341673,521
8,0.05,Comm2,97,Comm2,0.6370552917595368,10.77592104551184,194
8,0.05,Comm2,98,Comm2,0.638677829873325,38.46132579441857,808
8,0.05,Comm2,99,Comm2,0.6319364634890764,0.11766447689957342,189
8,0.05,Comm2,100,Comm2,0.6249380758318706,0.006374527252315113,425
8,0.05,Comm3,1,Comm1,0.6241851969179713,7.617050233059286e-09,779
8,0.05,Comm3,2,Comm1,0.6240978481065318,5.0251969201478995e-08,847
8,0.05,Comm3,3,Comm1,0.6303467198963942,0.00020876909099757529,654
8,0.05,Comm3,4,Comm1,0.6266080654245058,1.2175305695373734e-06,827
8,0.05,Comm3,5,Comm1,0.635505746399414,0.11367763284689236,153
8,0.05,Comm3,6,Comm1,0.6290352349761986,0.00470595997213087,991
8,0.05,Comm3,7,Comm1,0.638539597897028,8.86973974740183,548
8,0.05,Comm3,8,Comm1,0.6314068781288651,8.628008497868702e-05,154
8,0.05,Comm3,9,Comm1,0.6314459829190294,0.0014978264892420421,795
8,0.05,Comm3,10,Comm1,0.6242773406115228,4.597500986946123e-08,267
8,0.05,Comm3,11,Comm1,0.6259480366650813,9.274741260941367e-07,623
8,0.05,Comm3,12,Comm1,0.6330220419094829,0.020939296486044246,593
8,0.05,Comm3,13,Comm1,0.6329270826445026,0.0037556577095467056,669
8,0.05,Comm3,14,Comm1,0.6258900187303732,1.4104534761116344e-06,475
8,0.05,Comm3,15,Comm1,0.6361495959702549,10.198983176763994,135
8,0.05,Comm3,16,Comm1,0.6370258610316839,16.921238847829816,68
8,0.05,Comm3,17,Comm1,0.6268312585520143,1.5463654656918652e-05,924
8,0.05,Comm3,18,Comm1,0.6368814492623568,4.901590921516793,285
8,0.05,Comm3,19,Comm1,0.6276681710683548,0.000654393778845255,970
8,0.05,Comm3,20,Comm1,0.6369279659972529,7.2297167805136375,644
8,0.05,Comm3,21,Comm1,0.6247677744894778,1.3244818092269495e-06,193
8,0.05,Comm3,22,Comm1,0.6312531404492646,0.020270979591835138,491
8,0.05,Comm3,23,Comm1,0.6254033299037062,1.3108205248519658e-08,870
8,0.05,Comm3,24,Comm1,0.6260610550568673,1.471396970449216e-06,586
8,0.05,Comm3,25,Comm1,0.6344258184135647,0.23168591565777513,529
8,0.05,Comm3,26,Comm1,0.6313058237193196,0.006110596141920191,11
8,0.05,Comm3,27,Comm1,0.6256535797286691,4.991101791915078e-06,557
8,0.05,Comm3,28,Comm1,0.6379928992119337,16.644971789039662,899
8,0.05,Comm3,29,Comm1,0.6388632970020642,28.002155757906472,782
8,0.05,Comm3,30,Comm1,0.6331147750665259,0.07578205243781336,919
8,0.05,Comm3,31,Comm1,0.624732901938436,1.846402220442828e-07,624
8,0.05,Comm3,32,Comm1,0.6253143982687815,4.388426492827965e-07,604
8,0.05,Comm3,33,Comm1,0.6362065430472632,9.403146094822969,150
8,0.05,Comm3,34,Comm1,0.6346596152718292,1.0293365933607108,18
8,0.05,Comm3,35,Comm1,0.6240544650113071,3.58929340077311e-07,891
8,0.05,Comm3,36,Comm1,0.6367990255813917,5.257855797860205,801
8,0.05,Comm3,37,Comm1,0.6279822825764876,5.0332345793981196e-05,469
8,0.05,Comm3,38,Comm1,0.6240535941501619,4.4690370148618605e-08,510
8,0.05,Comm3,39,Comm1,0.6368795481620639,7.673286775562304,554
8,0.05,Comm3,40,Comm1,0.6301820269354853,0.003005207870024567,959
8,0.05,Comm3,41,Comm1,0.6335623782394021,0.023227886730221272,7
8,0.05,Comm3,42,Comm1,0.6350771567241923,0.6924071511529705,944
8,0.05,Comm3,43,Comm1,0.6261331328866857,3.853697331314441e-06,233
8,0.05,Comm3,44,Comm1,0.6271831058187778,1.303090073223041e-06,38
8,0.05,Comm3,45,Comm1,0.6299051321257895,0.00033320901021114454,168
8,0.05,Comm3,46,Comm1,0.6310616774678606,0.0008900797920261274,926
8,0.05,Comm3,47,Comm1,0.6281601572773573,8.616184192747895e-05,587
8,0.05,Comm3,48,Comm1,0.6380218911491274,14.780455415275346,227
8,0.05,Comm3,49,Comm1,0.6373927648214175,1.3926457922910063,328
8,0.05,Comm3,50,Comm1,0.6257169766295406,4.087031637444275e-06,589
8,0.05,Comm3,51,Comm1,0.6297979640912589,0.00016471145856484156,816
8,0.05,Comm3,52,Comm1,0.63763504700656,18.65020874743505,734
8,0.05,Comm3,53,Comm1,0.6257896915840655,5.919971954207567e-07,525
8,0.05,Comm3,54,Comm1,0.6397299516854055,29.933541967002057,651
8,0.05,Comm3,55,Comm1,0.6264505360457755,1.5630481110941475e-05,766
8,0.05,Comm3,56,Comm1,0.6392553473019228,34.58128781591978,796
8,0.05,Comm3,57,Comm1,0.6354813312473101,2.121826138910679,397
8,0.05,Comm3,58,Comm1,0.6390253805192456,14.396049814372061,761
8,0.05,Comm3,59,Comm1,0.6338749998931684,0.18842297010105616,318
8,0.05,Comm3,60,Comm1,0.6305783122630245,0.003132109091857043,685
8,0.05,Comm3,61,Comm1,0.6371973315326536,2.6243194788980917,137
8,0.05,Comm3,62,Comm1,0.6310732320443141,0.014813553064183341,608
8,0.05,Comm3,63,Comm1,0.6317056199661246,0.010152803482884635,552
8,0.05,Comm3,64,Comm1,0.6377814544574424,12.870265311091883,341
8,0.05,Comm3,65,Comm1,0.6371501628403675,8.550782881156529,367
8,0.05,Comm3,66,Comm1,0.6390527711231365,21.682854363432483,185
8,0.05,Comm3,67,Comm1,0.6255015524066272,3.4462775204190265e-07,817
8,0.05,Comm3,68,Comm1,0.6303956829564675,0.001215419398711418,849
8,0.05,Comm3,69,Comm1,0.6312424587530749,0.0008960996093136339,824
8,0.05,Comm3,70,Comm1,0.6367454436455681,0.2515391309110126,81
8,0.05,Comm3,71,Comm1,0.6354134883570889,2.6576594699208806,888
8,0.05,Comm3,72,Comm1,0.6378022333956619,32.94197385962437,879
8,0.05,Comm3,73,Comm1,0.6394181446398053,20.37150419658255,258
8,0.05,Comm3,74,Comm1,0.6359467798723614,5.383545977931522,984
8,0.05,Comm3,75,Comm1,0.6325894228112362,0.013570393573691645,560
8,0.05,Comm3,76,Comm1,0.6245660386890568,7.553519981339936e-06,306
8,0.05,Comm3,77,Comm1,0.6310915930773384,0.0027970637737846802,138
8,0.05,Comm3,78,Comm1,0.633576700804507,0.0949981601641248,389
8,0.05,Comm3,79,Comm1,0.6362224789341694,4.686470033627574,205
8,0.05,Comm3,80,Comm1,0.6388193269918104,54.799049676837434,965
8,0.05,Comm3,81,Comm1,0.6288571799527175,4.8441752165608354e-05,371
8,0.05,Comm3,82,Comm1,0.6275464878276976,9.907314312222505e-05,213
8,0.05,Comm3,83,Comm1,0.6244183161407929,3.575228146519364e-08,17
8,0.05,Comm3,84,Comm1,0.6266034660264177,7.260119185605534e-07,917
8,0.05,Comm3,85,Comm1,0.631953965654632,0.01567820357440384,570
8,0.05,Comm3,86,Comm1,0.624337955260529,1.4903000097272845e-08,428
8,0.05,Comm3,87,Comm1,0.6337296710104072,0.1929527681387886,151
8,0.05,Comm3,88,Comm1,0.6274927986069946,6.205296375002448e-06,556
8,0.05,Comm3,89,Comm1,0.6364036809765113,8.15008823533072,25
8,0.05,Comm3,90,Comm1,0.6383938112924072,5.709586883458179,55
8,0.05,Comm3,91,Comm1,0.636989239755307,2.3841683299573773,50
8,0.05,Comm3,92,Comm1,0.6293957197258304,3.917259579800102e-05,228
8,0.05,Comm3,93,Comm1,0.6364991830268827,6.308651792805095,19
8,0.05,Comm3,94,Comm1,0.6306059143802353,0.00018744713033366203,75
8,0.05,Comm3,95,Comm1,0.6266615529857203,7.918774531950866e-07,948
8,0.05,Comm3,96,Comm1,0.6301623702682355,4.988875146787987e-05,668
8,0.05,Comm3,97,Comm1,0.6394374722511688,48.02917043691462,335
8,0.05,Comm3,98,Comm1,0.6303139599789981,0.004176422457341582,117
8,0.05,Comm3,99,Comm1,0.6302141689395508,0.00020076592729222298,845
8,0.05,Comm3,100,Comm1,0.6340680669471925,0.062236219852938965,637
8,0.05,Comm3,101,Comm2,0.6294814997406079,1.5918363259301846e-05,807
8,0.05,Comm3,102,Comm2,0.6362535660161651,0.11461261311727713,855
8,0.05,Comm3,103,Comm2,0.6357597245803642,0.029031727296402222,638
8,0.05,Comm3,104,Comm2,0.6370039930525241,1.185201936653089,163
8,0.05,Comm3,105,Comm2,0.634822679326375,0.03797458411959485,591
8,0.05,Comm3,106,Comm2,0.6294153562700042,3.3810646480906404e-06,551
8,0.05,Comm3,107,Comm2,0.6289839078524806,1.0832088908337925e-06,308
8,0.05,Comm3,108,Comm2,0.6310118211505649,4.9548002888448934e-05,812
8,0.05,Comm3,109,Comm2,0.625420919749367,3.318132650827734e-08,966
8,0.05,Comm3,110,Comm2,0.6343798688259257,0.007465473670544386,520
8,0.05,Comm3,111,Comm2,0.6395402872165872,7.895878053343947,30
8,0.05,Comm3,112,Comm2,0.6341913248177236,0.030618872211342497,437
8,0.05,Comm3,113,Comm2,0.6350716266214548,0.20248829941598623,656
8,0.05,Comm3,114,Comm2,0.63315164957651,0.00048075865372287983,131
8,0.05,Comm3,115,Comm2,0.6364372250310267,0.1443962292376346,287
8,0.05,Comm3,116,Comm2,0.6278957989322262,4.1816795216515414e-07,342
8,0.05,Comm3,117,Comm2,0.6245634753567884,6.233458205514367e-08,922
8,0.05,Comm3,118,Comm2,0.6329590183455986,0.0007008673771662081,195
8,0.05,Comm3,119,Comm2,0.635467621030652,0.037704918448179844,619
8,0.05,Comm3,120,Comm2,0.6263875393661362,2.9882235359388392e-09,360
8,0.05,Comm3,121,Comm2,0.6289629615652347,2.0166399293916166e-06,471
8,0.05,Comm3,122,Comm2,0.6306075309684025,2.3807503131700843e-05,898
8,0.05,Comm3,123,Comm2,0.6393478437294885,2.783204525002996,319
8,0.05,Comm3,124,Comm2,0.6340974105779973,0.03174679010101305,981
8,0.05,Comm3,125,Comm2,0.6296317595681309,6.460233076491146e-06,405
8,0.05,Comm3,126,Comm2,0.6320350943350861,5.545446586490239e-05,404
8,0.05,Comm3,127,Comm2,0.6358271423860614,0.03482118549088228,544
8,0.05,Comm3,128,Comm2,0.625733734533018,3.441786283835321e-08,838
8,0.05,Comm3,129,Comm2,0.6334133434792578,0.0013648816600672017,263
8,0.05,Comm3,130,Comm2,0.6338357430593878,0.0016090645055391168,433
8,0.05,Comm3,131,Comm2,0.6390779377413923,9.243736816544414,516
8,0.05,Comm3,132,Comm2,0.6341254082431456,0.011836427142639352,594
8,0.05,Comm3,133,Comm2,0.6359997317024692,0.21260988322830285,225
8,0.05,Comm3,134,Comm2,0.6294082766036087,2.066734310028989e-05,61
8,0.05,Comm3,135,Comm2,0.6380059602162802,2.5037163119887254,852
8,0.05,Comm3,136,Comm2,0.630085086462345,7.352203651793748e-05,14
8,0.05,Comm3,137,Comm2,0.6371834312243836,0.40328159957058757,802
8,0.05,Comm3,138,Comm2,0.6320756466334744,0.0009370169258608969,694
8,0.05,Comm3,139,Comm2,0.6306877521738398,5.1536237993791025e-05,907
8,0.05,Comm3,140,Comm2,0.6378732948126711,4.524689310012654,299
8,0.05,Comm3,141,Comm2,0.6284386272219824,1.5825458163410128e-06,456
8,0.05,Comm3,142,Comm2,0.6244111250947674,4.5607781933704906e-09,940
8,0.05,Comm3,143,Comm2,0.6265467651321396,8.927992158179688e-08,703
8,0.05,Comm3,144,Comm2,0.6257543001009428,1.4414676269230454e-08,872
8,0.05,Comm3,145,Comm2,0.6274420506807543,1.4950856489028462e-06,603
8,0.05,Comm3,146,Comm2,0.6303046152168068,1.2949966045869773e-05,445
8,0.05,Comm3,147,Comm2,0.6352151560221324,0.01496249886849334,141
8,0.05,Comm3,148,Comm2,0.6330803850753535,0.0008139366739427199,36
8,0.05,Comm3,149,Comm2,0.6331124989073204,0.0064432601235427205,6
8,0.05,Comm3,150,Comm2,0.6331432200213725,0.002837845001032799,602
8,0.05,Comm3,151,Comm2,0.6308975928633548,0.0001480913740533012,322
8,0.05,Comm3,152,Comm2,0.6345830802342128,0.004568257263829002,534
8,0.05,Comm3,153,Comm2,0.6344726142080341,0.016114464132157242,28
8,0.05,Comm3,154,Comm2,0.6264111029496378,8.262880300945267e-08,884
8,0.05,Comm3,155,Comm2,0.6243652639752278,6.893759169825731e-10,108
8,0.05,Comm3,156,Comm2,0.6397088523421208,31.641362725152597,467
8,0.05,Comm3,157,Comm2,0.6352234423794619,0.007327198409755161,82
8,0.05,Comm3,158,Comm2,0.6373551885680535,0.1975618790656306,754
8,0.05,Comm3,159,Comm2,0.6280797728945431,5.031365054415936e-07,858
8,0.05,Comm3,160,Comm2,0.6296896264908423,2.8175565178341805e-06,462
8,0.05,Comm3,161,Comm2,0.6284652085329987,1.6666749884835033e-06,71
8,0.05,Comm3,162,Comm2,0.6240875451597747,1.6690269216035325e-08,294
8,0.05,Comm3,163,Comm2,0.6334175833747617,0.0007916066544142032,232
8,0.05,Comm3,164,Comm2,0.6354851144609023,0.04932368802221245,739
8,0.05,Comm3,165,Comm2,0.6258708253212845,1.4034952124893715e-08,316
8,0.05,Comm3,166,Comm2,0.6315651940781613,6.810625128299229e-05,810
8,0.05,Comm3,167,Comm2,0.6322947808371742,0.0007549771619211117,344
8,0.05,Comm3,168,Comm2,0.6321792018987908,0.0005312127406141636,682
8,0.05,Comm3,169,Comm2,0.634284613664156,0.04583267344856636,244
8,0.05,Comm3,170,Comm2,0.6318997903025103,0.0007280067246870322,444
8,0.05,Comm3,171,Comm2,0.6282835063958,1.3450759575819269e-06,250
8,0.05,Comm3,172,Comm2,0.6361757106840341,0.09961064161498687,756
8,0.05,Comm3,173,Comm2,0.6259580809411985,1.7653762987258965e-08,115
8,0.05,Comm3,174,Comm2,0.6394906802386309,6.803286873543494,474
8,0.05,Comm3,175,Comm2,0.6341859847198663,0.010807595705918384,863
8,0.05,Comm3,176,Comm2,0.6270689393270122,2.0187750172674402e-07,363
8,0.05,Comm3,177,Comm2,0.6361545813303542,0.7063460746845357,742
8,0.05,Comm3,178,Comm2,0.627996263006969,6.204085709172253e-07,634
8,0.05,Comm3,179,Comm2,0.6372903410103394,3.220296846688658,831
8,0.05,Comm3,180,Comm2,0.635432878962939,0.1837846778714989,577
8,0.05,Comm3,181,Comm2,0.6306565673039846,2.415546167010901e-05,47
8,0.05,Comm3,182,Comm2,0.6290154805241142,3.028507547712596e-05,347
8,0.05,Comm3,183,Comm2,0.6345156359706308,0.03265419804127427,292
8,0.05,Comm3,184,Comm2,0.627352129552113,7.9424853974279e-08,190
8,0.05,Comm3,185,Comm2,0.639228291565382,0.9060121667673373,136
8,0.05,Comm3,186,Comm2,0.6393774032377227,9.726356246773062,48
8,0.05,Comm3,187,Comm2,0.6302752859264267,7.336472086145316e-06,722
8,0.05,Comm3,188,Comm2,0.6300843933344654,8.994793214260744e-05,91
8,0.05,Comm3,189,Comm2,0.6349353190750955,0.017984242046628574,700
8,0.05,Comm3,190,Comm2,0.6261398130738935,4.1561392874798616e-07,80
8,0.05,Comm3,191,Comm2,0.6372842943205868,1.8175990452543793,174
8,0.05,Comm3,192,Comm2,0.6399116350221097,10.207028167586792,735
8,0.05,Comm3,193,Comm2,0.638234804590653,0.7093286239515554,728
8,0.05,Comm3,194,Comm2,0.6275642010685577,2.575567653149729e-06,582
8,0.05,Comm3,195,Comm2,0.6328572334797135,0.00038583646308268415,49
8,0.05,Comm3,196,Comm2,0.6264264693859326,3.8630016868875446e-08,521
8,0.05,Comm3,197,Comm2,0.6370552917595368,0.4528020706282636,194
8,0.05,Comm3,198,Comm2,0.638677829873325,16.179684265282564,808
8,0.05,Comm3,199,Comm2,0.6319364634890764,0.0006121670193873235,189
8,0.05,Comm3,200,Comm2,0.6249380758318706,2.937176022723908e-07,425
8,0.1,Comm1,1,Comm1,0.6241851969179713,0.0004961171115936009,779
8,0.1,Comm1,2,Comm1,0.6240978481065318,0.0011062250048067509,847
8,0.1,Comm1,3,Comm1,0.6303467198963942,0.04051346053378378,654
8,0.1,Comm1,4,Comm1,0.6266080654245058,0.0023006065178455774,827
8,0.1,Comm1,5,Comm1,0.635505746399414,1.4312870141090508,153
8,0.1,Comm1,6,Comm1,0.6290352349761986,0.3063656180168838,991
8,0.1,Comm1,7,Comm1,0.638539597897028,11.038343560698605,548
8,0.1,Comm1,8,Comm1,0.6314068781288651,0.04319071070414074,154
8,0.1,Comm1,9,Comm1,0.6314459829190294,0.19520819712019566,795
8,0.1,Comm1,10,Comm1,0.6242773406115228,0.0009445341403324165,267
8,0.1,Comm1,11,Comm1,0.6259480366650813,0.002601757770972709,623
8,0.1,Comm1,12,Comm1,0.6330220419094829,0.3421936861197882,593
8,0.1,Comm1,13,Comm1,0.6329270826445026,0.3249370351298989,669
8,0.1,Comm1,14,Comm1,0.6258900187303732,0.005876441466963639,475
8,0.1,Comm1,15,Comm1,0.6361495959702549,17.415950939908814,135
8,0.1,Comm1,16,Comm1,0.6370258610316839,22.12326886779996,68
8,0.1,Comm1,17,Comm1,0.6268312585520143,0.015195378073493408,924
8,0.1,Comm1,18,Comm1,0.6368814492623568,9.137336247754211,285
8,0.1,Comm1,19,Comm1,0.6276681710683548,0.06668479548183373,970
8,0.1,Comm1,20,Comm1,0.6369279659972529,11.129283605244508,644
8,0.1,Comm1,21,Comm1,0.6247677744894778,0.003820393880348363,193
8,0.1,Comm1,22,Comm1,0.6312531404492646,0.7164364385690111,491
8,0.1,Comm1,23,Comm1,0.6254033299037062,0.0011599382866479997,870
8,0.1,Comm1,24,Comm1,0.6260610550568673,0.005380142859845515,586
8,0.1,Comm1,25,Comm1,0.6344258184135647,1.7558231821955903,529
8,0.1,Comm1,26,Comm1,0.6313058237193196,0.19405690988207117,11
8,0.1,Comm1,27,Comm1,0.6256535797286691,0.007484922563010751,557
8,0.1,Comm1,28,Comm1,0.6379928992119337,19.28973090767092,899
8,0.1,Comm1,29,Comm1,0.6388632970020642,28.852145528142245,782
8,0.1,Comm1,30,Comm1,0.6331147750665259,1.8024807242038179,919
8,0.1,Comm1,31,Comm1,0.624732901938436,0.0011337588699234485,624
8,0.1,Comm1,32,Comm1,0.6253143982687815,0.0022526094921235017,604
8,0.1,Comm1,33,Comm1,0.6362065430472632,11.1343911571495,150
8,0.1,Comm1,34,Comm1,0.6346596152718292,4.345206625958681,18
8,0.1,Comm1,35,Comm1,0.6240544650113071,0.0016087889572094691,891
8,0.1,Comm1,36,Comm1,0.6367990255813917,7.703121089571416,801
8,0.1,Comm1,37,Comm1,0.6279822825764876,0.02229744268982972,469
8,0.1,Comm1,38,Comm1,0.6240535941501619,0.0009010128205807828,510
8,0.1,Comm1,39,Comm1,0.6368795481620639,7.569405807152645,554
8,0.1,Comm1,40,Comm1,0.6301820269354853,0.32682828405379816,959
8,0.1,Comm1,41,Comm1,0.6335623782394021,0.3960396481126891,7
8,0.1,Comm1,42,Comm1,0.6350771567241923,3.0605671106930306,944
8,0.1,Comm1,43,Comm1,0.6261331328866857,0.006375673602178033,233
8,0.1,Comm1,44,Comm1,0.6271831058187778,0.005055415734338875,38
8,0.1,Comm1,45,Comm1,0.6299051321257895,0.0445782673457698,168
8,0.1,Comm1,46,Comm1,0.6310616774678606,0.11551449514603418,926
8,0.1,Comm1,47,Comm1,0.6281601572773573,0.02404981763309046,587
8,0.1,Comm1,48,Comm1,0.6380218911491274,16.665154628312322,227
8,0.1,Comm1,49,Comm1,0.6373927648214175,5.808303095733532,328
8,0.1,Comm1,50,Comm1,0.6257169766295406,0.005761812895116904,589
8,0.1,Comm1,51,Comm1,0.6297979640912589,0.043231149465611504,816
8,0.1,Comm1,52,Comm1,0.63763504700656,30.529717274875676,734
8,0.1,Comm1,53,Comm1,0.6257896915840655,0.0024214861101810987,525
8,0.1,Comm1,54,Comm1,0.6397299516854055,23.18595922352514,651
8,0.1,Comm1,55,Comm1,0.6264505360457755,0.012891706854832468,766
8,0.1,Comm1,56,Comm1,0.6392553473019228,34.711930608994294,796
8,0.1,Comm1,57,Comm1,0.6354813312473101,3.7890287385585992,397
8,0.1,Comm1,58,Comm1,0.6390253805192456,20.681539130396576,761
8,0.1,Comm1,59,Comm1,0.6338749998931684,2.5247401839437593,318
8,0.1,Comm1,60,Comm1,0.6305783122630245,0.17802282532876582,685
8,0.1,Comm1,61,Comm1,0.6371973315326536,5.106394966972077,137
8,0.1,Comm1,62,Comm1,0.6310732320443141,0.3563479360611095,608
8,0.1,Comm1,63,Comm1,0.6317056199661246,0.38776255055575926,552
8,0.1,Comm1,64,Comm1,0.6377814544574424,9.539566452765355,341
8,0.1,Comm1,65,Comm1,0.6371501628403675,12.617972360983247,367
8,0.1,Comm1,66,Comm1,0.6390527711231365,23.688307165283952,185
8,0.1,Comm1,67,Comm1,0.6255015524066272,0.00246582589186039,817
8,0.1,Comm1,68,Comm1,0.6303956829564675,0.16910232636061184,849
8,0.1,Comm1,69,Comm1,0.6312424587530749,0.1266776011145628,824
8,0.1,Comm1,70,Comm1,0.6367454436455681,1.5034414046913585,81
8,0.1,Comm1,71,Comm1,0.6354134883570889,5.4880330661358,888
8,0.1,Comm1,72,Comm1,0.6378022333956619,32.128752756354324,879
8,0.1,Comm1,73,Comm1,0.6394181446398053,22.235908265286906,258
8,0.1,Comm1,74,Comm1,0.6359467798723614,6.367931503752107,984
8,0.1,Comm1,75,Comm1,0.6325894228112362,0.38016549896769,560
8,0.1,Comm1,76,Comm1,0.6245660386890568,0.006782214377524138,306
8,0.1,Comm1,77,Comm1,0.6310915930773384,0.2005261976214252,138
8,0.1,Comm1,78,Comm1,0.633576700804507,1.1845470097613573,389
8,0.1,Comm1,79,Comm1,0.6362224789341694,9.616569985274701,205
8,0.1,Comm1,80,Comm1,0.6388193269918104,61.21270127537601,965
8,0.1,Comm1,81,Comm1,0.6288571799527175,0.025243999248175494,371
8,0.1,Comm1,82,Comm1,0.6275464878276976,0.03878333677709439,213
8,0.1,Comm1,83,Comm1,0.6244183161407929,0.001183811622512578,17
8,0.1,Comm1,84,Comm1,0.6266034660264177,0.005121319226809966,917
8,0.1,Comm1,85,Comm1,0.631953965654632,0.4268847873518038,570
8,0.1,Comm1,86,Comm1,0.624337955260529,0.0005566733370754482,428
8,0.1,Comm1,87,Comm1,0.6337296710104072,1.6068636938818357,151
8,0.1,Comm1,88,Comm1,0.6274927986069946,0.010157183019761415,556
8,0.1,Comm1,89,Comm1,0.6364036809765113,8.632241834140105,25
8,0.1,Comm1,90,Comm1,0.6383938112924072,7.332538589163313,55
8,0.1,Comm1,91,Comm1,0.636989239755307,7.882209960436041,50
8,0.1,Comm1,92,Comm1,0.6293957197258304,0.04717566713202461,228
8,0.1,Comm1,93,Comm1,0.6364991830268827,13.285818718894028,19
8,0.1,Comm1,94,Comm1,0.6306059143802353,0.057316416090184286,75
8,0.1,Comm1,95,Comm1,0.6266615529857203,0.007694921534981056,948
8,0.1,Comm1,96,Comm1,0.6301623702682355,0.06125451173669664,668
8,0.1,Comm1,97,Comm1,0.6394374722511688,46.891561593852906,335
8,0.1,Comm1,98,Comm1,0.6303139599789981,0.21217749432730187,117
8,0.1,Comm1,99,Comm1,0.6302141689395508,0.07864273765425325,845
8,0.1,Comm1,100,Comm1,0.6340680669471925,0.9288774726725156,637
8,0.1,Comm2,1,Comm2,0.6294814997406079,0.1033380892758321,807
8,0.1,Comm2,2,Comm2,0.6362535660161651,15.486362212346597,855
8,0.1,Comm2,3,Comm2,0.6357597245803642,3.8379662831118635,638
8,0.1,Comm2,4,Comm2,0.6370039930525241,16.523725829484015,163
8,0.1,Comm2,5,Comm2,0.634822679326375,2.604329933563021,591
8,0.1,Comm2,6,Comm2,0.6294153562700042,0.032448656917992535,551
8,0.1,Comm2,7,Comm2,0.6289839078524806,0.01215064903499197,308
8,0.1,Comm2,8,Comm2,0.6310118211505649,0.39069580755649197,812
8,0.1,Comm2,9,Comm2,0.625420919749367,0.003572513373729945,966
8,0.1,Comm2,10,Comm2,0.6343798688259257,1.0308557905491593,520
8,0.1,Comm2,11,Comm2,0.6395402872165872,39.18668285987808,30
8,0.1,Comm2,12,Comm2,0.6341913248177236,10.355276056365192,437
8,0.1,Comm2,13,Comm2,0.6350716266214548,8.89323986328102,656
8,0.1,Comm2,14,Comm2,0.63315164957651,0.5476456297542598,131
8,0.1,Comm2,15,Comm2,0.6364372250310267,5.318888961588228,287
8,0.1,Comm2,16,Comm2,0.6278957989322262,0.027227672597325295,342
8,0.1,Comm2,17,Comm2,0.6245634753567884,0.002850806340032397,922
8,0.1,Comm2,18,Comm2,0.6329590183455986,0.7154089898525985,195
8,0.1,Comm2,19,Comm2,0.635467621030652,10.22584855956057,619
8,0.1,Comm2,20,Comm2,0.6263875393661362,0.0011718455595314465,360
8,0.1,Comm2,21,Comm2,0.6289629615652347,0.017080906411402978,471
8,0.1,Comm2,22,Comm2,0.6306075309684025,0.07823917295407357,898
8,0.1,Comm2,23,Comm2,0.6393478437294885,42.01607470694355,319
8,0.1,Comm2,24,Comm2,0.6340974105779973,4.057515750530678,981
8,0.1,Comm2,25,Comm2,0.6296317595681309,0.025224595769535344,405
8,0.1,Comm2,26,Comm2,0.6320350943350861,0.20790489060036085,404
8,0.1,Comm2,27,Comm2,0.6358271423860614,5.264509038850486,544
8,0.1,Comm2,28,Comm2,0.625733734533018,0.000577037809025288,838
8,0.1,Comm2,29,Comm2,0.6334133434792578,1.0691759569139518,263
8,0.1,Comm2,30,Comm2,0.6338357430593878,1.0063136784596898,433
8,0.1,Comm2,31,Comm2,0.6390779377413923,32.80071624310095,516
8,0.1,Comm2,32,Comm2,0.6341254082431456,2.352194820460629,594
8,0.1,Comm2,33,Comm2,0.6359997317024692,7.554100492169175,225
8,0.1,Comm2,34,Comm2,0.6294082766036087,0.0681159069530063,61
8,0.1,Comm2,35,Comm2,0.6380059602162802,10.950297488320793,852
8,0.1,Comm2,36,Comm2,0.630085086462345,0.2276219897688493,14
8,0.1,Comm2,37,Comm2,0.6371834312243836,14.887309367011797,802
8,0.1,Comm2,38,Comm2,0.6320756466334744,0.4556743107113165,694
8,0.1,Comm2,39,Comm2,0.6306877521738398,0.21980177233406925,907
8,0.1,Comm2,40,Comm2,0.6378732948126711,17.937352878111042,299
8,0.1,Comm2,41,Comm2,0.6284386272219824,0.025697642060402745,456
8,0.1,Comm2,42,Comm2,0.6244111250947674,0.0005073844513067983,940
8,0.1,Comm2,43,Comm2,0.6265467651321396,0.005740147521861921,703
8,0.1,Comm2,44,Comm2,0.6257543001009428,0.0026646386499106847,872
8,0.1,Comm2,45,Comm2,0.6274420506807543,0.015806943595979644,603
8,0.1,Comm2,46,Comm2,0.6303046152168068,0.07360907599550964,445
8,0.1,Comm2,47,Comm2,0.6352151560221324,2.151441435772249,141
8,0.1,Comm2,48,Comm2,0.6330803850753535,0.3525182180420155,36
8,0.1,Comm2,49,Comm2,0.6331124989073204,2.2527777688081554,6
8,0.1,Comm2,50,Comm2,0.6331432200213725,0.6169429807992978,602
8,0.1,Comm2,51,Comm2,0.6308975928633548,0.10281769243952944,322
8,0.1,Comm2,52,Comm2,0.6345830802342128,0.9704150053548767,534
8,0.1,Comm2,53,Comm2,0.6344726142080341,2.3288076749499758,28
8,0.1,Comm2,54,Comm2,0.6264111029496378,0.0033350363423476966,884
8,0.1,Comm2,55,Comm2,0.6243652639752278,0.00021868245207072397,108
8,0.1,Comm2,56,Comm2,0.6397088523421208,39.264702668706995,467
8,0.1,Comm2,57,Comm2,0.6352234423794619,1.5396037282285264,82
8,0.1,Comm2,58,Comm2,0.6373551885680535,7.308137974405062,754
8,0.1,Comm2,59,Comm2,0.6280797728945431,0.017647990134307928,858
8,0.1,Comm2,60,Comm2,0.6296896264908423,0.06397374887794938,462
8,0.1,Comm2,61,Comm2,0.6284652085329987,0.03135833241021493,71
8,0.1,Comm2,62,Comm2,0.6240875451597747,0.0015758717321296147,294
8,0.1,Comm2,63,Comm2,0.6334175833747617,0.860420095540418,232
8,0.1,Comm2,64,Comm2,0.6354851144609023,3.135148718271956,739
8,0.1,Comm2,65,Comm2,0.6258708253212845,0.0028992874510457376,316
8,0.1,Comm2,66,Comm2,0.6315651940781613,0.14512866152592901,810
8,0.1,Comm2,67,Comm2,0.6322947808371742,1.0111341731725607,344
8,0.1,Comm2,68,Comm2,0.6321792018987908,0.11130075952071378,682
8,0.1,Comm2,69,Comm2,0.634284613664156,3.9035526801212077,244
8,0.1,Comm2,70,Comm2,0.6318997903025103,0.4230787868486465,444
8,0.1,Comm2,71,Comm2,0.6282835063958,0.06077583938874415,250
8,0.1,Comm2,72,Comm2,0.6361757106840341,6.990391786141636,756
8,0.1,Comm2,73,Comm2,0.6259580809411985,0.0017499366021695112,115
8,0.1,Comm2,74,Comm2,0.6394906802386309,35.98550279575103,474
8,0.1,Comm2,75,Comm2,0.6341859847198663,1.7869180061918246,863
8,0.1,Comm2,76,Comm2,0.6270689393270122,0.008508538588881641,363
8,0.1,Comm2,77,Comm2,0.6361545813303542,13.162598170804097,742
8,0.1,Comm2,78,Comm2,0.627996263006969,0.008642586346998516,634
8,0.1,Comm2,79,Comm2,0.6372903410103394,25.8230064992226,831
8,0.1,Comm2,80,Comm2,0.635432878962939,9.263095382010924,577
8,0.1,Comm2,81,Comm2,0.6306565673039846,0.19069626884305999,47
8,0.1,Comm2,82,Comm2,0.6290154805241142,0.04814674927273617,347
8,0.1,Comm2,83,Comm2,0.6345156359706308,1.5291179516887627,292
8,0.1,Comm2,84,Comm2,0.627352129552113,0.0026691826796832116,190
8,0.1,Comm2,85,Comm2,0.639228291565382,10.571457457757056,136
8,0.1,Comm2,86,Comm2,0.6393774032377227,24.913493674443316,48
8,0.1,Comm2,87,Comm2,0.6302752859264267,0.04387378513859848,722
8,0.1,Comm2,88,Comm2,0.6300843933344654,0.11269548539097461,91
8,0.1,Comm2,89,Comm2,0.6349353190750955,3.865166210462176,700
8,0.1,Comm2,90,Comm2,0.6261398130738935,0.010356550927661565,80
8,0.1,Comm2,91,Comm2,0.6372842943205868,24.022033898329113,174
8,0.1,Comm2,92,Comm2,0.6399116350221097,39.83052880258113,735
8,0.1,Comm2,93,Comm2,0.638234804590653,9.733128106405703,728
8,0.1,Comm2,94,Comm2,0.6275642010685577,0.021832372920809376,582
8,0.1,Comm2,95,Comm2,0.6328572334797135,0.8433578885009185,49
8,0.1,Comm2,96,Comm2,0.6264264693859326,0.004374974217341673,521
8,0.1,Comm2,97,Comm2,0.6370552917595368,10.77592104551184,194
8,0.1,Comm2,98,Comm2,0.638677829873325,38.46132579441857,808
8,0.1,Comm2,99,Comm2,0.6319364634890764,0.11766447689957342,189
8,0.1,Comm2,100,Comm2,0.6249380758318706,0.006374527252315113,425
8,0.1,Comm3,1,Comm1,0.6241851969179713,-1.3299629012110961e-09,779
8,0.1,Comm3,2,Comm1,0.6240978481065318,1.9733494179482335e-08,847
8,0.1,Comm3,3,Comm1,0.6303467198963942,0.000176712152483689,654
8,0.1,Comm3,4,Comm1,0.6266080654245058,1.2312113311446481e-06,827
8,0.1,Comm3,5,Comm1,0.635505746399414,0.11743195086726962,153
8,0.1,Comm3,6,Comm1,0.6290352349761986,0.0031361031263308853,991
8,0.1,Comm3,7,Comm1,0.638539597897028,7.275139924945226,548
8,0.1,Comm3,8,Comm1,0.6314068781288651,8.307988767139565e-05,154
8,0.1,Comm3,9,Comm1,0.6314459829190294,0.0011198389243440784,795
8,0.1,Comm3,10,Comm1,0.6242773406115228,2.41040805961916e-08,267
8,0.1,Comm3,11,Comm1,0.6259480366650813,8.422845173679981e-07,623
8,0.1,Comm3,12,Comm1,0.6330220419094829,0.017112650187093875,593
8,0.1,Comm3,13,Comm1,0.6329270826445026,0.003148194615915585,669
8,0.1,Comm3,14,Comm1,0.6258900187303732,1.010754781935416e-06,475
8,0.1,Comm3,15,Comm1,0.6361495959702549,9.125187360230285,135
8,0.1,Comm3,16,Comm1,0.6370258610316839,13.572356340706483,68
8,0.1,Comm3,17,Comm1,0.6268312585520143,1.1566894360179217e-05,924
8,0.1,Comm3,18,Comm1,0.6368814492623568,4.588691539899861,285
8,0.1,Comm3,19,Comm1,0.6276681710683548,0.0004640713158725444,970
8,0.1,Comm3,20,Comm1,0.6369279659972529,5.930523432197963,644
8,0.1,Comm3,21,Comm1,0.6247677744894778,9.17435579397076e-07,193
8,0.1,Comm3,22,Comm1,0.6312531404492646,0.01475618253601613,491
8,0.1,Comm3,23,Comm1,0.6254033299037062,-8.144765067501835e-09,870
8,0.1,Comm3,24,Comm1,0.6260610550568673,1.0976522087160873e-06,586
8,0.1,Comm3,25,Comm1,0.6344258184135647,0.21084132630242727,529
8,0.1,Comm3,26,Comm1,0.6313058237193196,0.00502311847335419,11
8,0.1,Comm3,27,Comm1,0.6256535797286691,3.883851471465199e-06,557
8,0.1,Comm3,28,Comm1,0.6379928992119337,14.629644823208821,899
8,0.1,Comm3,29,Comm1,0.6388632970020642,26.596482340926826,782
8,0.1,Comm3,30,Comm1,0.6331147750665259,0.0559405884651786,919
8,0.1,Comm3,31,Comm1,0.624732901938436,1.4396083856382046e-07,624
8,0.1,Comm3,32,Comm1,0.6253143982687815,3.631954897755886e-07,604
8,0.1,Comm3,33,Comm1,0.6362065430472632,8.96916549438786,150
8,0.1,Comm3,34,Comm1,0.6346596152718292,0.7594228544205299,18
8,0.1,Comm3,35,Comm1,0.6240544650113071,2.451135667235148e-07,891
8,0.1,Comm3,36,Comm1,0.6367990255813917,4.65000687356257,801
8,0.1,Comm3,37,Comm1,0.6279822825764876,4.075661844895026e-05,469
8,0.1,Comm3,38,Comm1,0.6240535941501619,2.9126574451248273e-08,510
8,0.1,Comm3,39,Comm1,0.6368795481620639,7.062457197166812,554
8,0.1,Comm3,40,Comm1,0.6301820269354853,0.0022074564517915634,959
8,0.1,Comm3,41,Comm1,0.6335623782394021,0.021488666704361215,7
8,0.1,Comm3,42,Comm1,0.6350771567241923,0.520403286248229,944
8,0.1,Comm3,43,Comm1,0.6261331328866857,2.882920577387494e-06,233
8,0.1,Comm3,44,Comm1,0.6271831058187778,1.061585509883875e-06,38
8,0.1,Comm3,45,Comm1,0.6299051321257895,0.00032177428662821914,168
8,0.1,Comm3,46,Comm1,0.6310616774678606,0.0006986047790089328,926
8,0.1,Comm3,47,Comm1,0.6281601572773573,7.572973200795138e-05,587
8,0.1,Comm3,48,Comm1,0.6380218911491274,14.724855994082272,227
8,0.1,Comm3,49,Comm1,0.6373927648214175,1.4181784404540627,328
8,0.1,Comm3,50,Comm1,0.6257169766295406,3.090244080435445e-06,589
8,0.1,Comm3,51,Comm1,0.6297979640912589,0.00015708408481434808,816
8,0.1,Comm3,52,Comm1,0.63763504700656,16.07145686158955,734
8,0.1,Comm3,53,Comm1,0.6257896915840655,4.371284054476877e-07,525
8,0.1,Comm3,54,Comm1,0.6397299516854055,28.532964366503748,651
8,0.1,Comm3,55,Comm1,0.6264505360457755,1.2410605710102958e-05,766
8,0.1,Comm3,56,Comm1,0.6392553473019228,33.58341661832766,796
8,0.1,Comm3,57,Comm1,0.6354813312473101,1.7621775206703598,397
8,0.1,Comm3,58,Comm1,0.6390253805192456,14.054690339654513,761
8,0.1,Comm3,59,Comm1,0.6338749998931684,0.15377424395467912,318
8,0.1,Comm3,60,Comm1,0.6305783122630245,0.002453512614412476,685
8,0.1,Comm3,61,Comm1,0.6371973315326536,2.3092677835478166,137
8,0.1,Comm3,62,Comm1,0.6310732320443141,0.011448425337205687,608
8,0.1,Comm3,63,Comm1,0.6317056199661246,0.00856009280308046,552
8,0.1,Comm3,64,Comm1,0.6377814544574424,11.9980247432404,341
8,0.1,Comm3,65,Comm1,0.6371501628403675,7.542196398915081,367
8,0.1,Comm3,66,Comm1,0.6390527711231365,19.460177436821006,185
8,0.1,Comm3,67,Comm1,0.6255015524066272,2.5804302390383747e-07,817
8,0.1,Comm3,68,Comm1,0.6303956829564675,0.0008913063433974131,849
8,0.1,Comm3,69,Comm1,0.6312424587530749,0.0008095753846380901,824
8,0.1,Comm3,70,Comm1,0.6367454436455681,0.2619205576941844,81
8,0.1,Comm3,71,Comm1,0.6354134883570889,2.240376564930147,888
8,0.1,Comm3,72,Comm1,0.6378022333956619,29.088802535964806,879
8,0.1,Comm3,73,Comm1,0.6394181446398053,17.404172476926828,258
8,0.1,Comm3,74,Comm1,0.6359467798723614,3.9054081732923973,984
8,0.1,Comm3,75,Comm1,0.6325894228112362,0.011378651662720623,560
8,0.1,Comm3,76,Comm1,0.6245660386890568,5.3098291576383174e-06,306
8,0.1,Comm3,77,Comm1,0.6310915930773384,0.002246092690284752,138
8,0.1,Comm3,78,Comm1,0.633576700804507,0.08735193295150138,389
8,0.1,Comm3,79,Comm1,0.6362224789341694,3.871962212862456,205
8,0.1,Comm3,80,Comm1,0.6388193269918104,51.633312494171314,965
8,0.1,Comm3,81,Comm1,0.6288571799527175,4.7156900017634605e-05,371
8,0.1,Comm3,82,Comm1,0.6275464878276976,6.799564179090083e-05,213
8,0.1,Comm3,83,Comm1,0.6244183161407929,1.2709410502316016e-08,17
8,0.1,Comm3,84,Comm1,0.6266034660264177,4.843080967336455e-07,917
8,0.1,Comm3,85,Comm1,0.631953965654632,0.013753105929641664,570
8,0.1,Comm3,86,Comm1,0.624337955260529,3.8237868143770086e-09,428
8,0.1,Comm3,87,Comm1,0.6337296710104072,0.14781100107427841,151
8,0.1,Comm3,88,Comm1,0.6274927986069946,4.864637553736197e-06,556
8,0.1,Comm3,89,Comm1,0.6364036809765113,6.218506361640865,25
8,0.1,Comm3,90,Comm1,0.6383938112924072,5.589739494665764,55
8,0.1,Comm3,91,Comm1,0.636989239755307,1.9641288355275182,50
8,0.1,Comm3,92,Comm1,0.6293957197258304,3.2129100345434785e-05,228
8,0.1,Comm3,93,Comm1,0.6364991830268827,5.273253312427247,19
8,0.1,Comm3,94,Comm1,0.6306059143802353,0.00015361002555014562,75
8,0.1,Comm3,95,Comm1,0.6266615529857203,4.5939230743900753e-07,948
8,0.1,Comm3,96,Comm1,0.6301623702682355,4.0378179696968526e-05,668
8,0.1,Comm3,97,Comm1,0.6394374722511688,45.15342571552713,335
8,0.1,Comm3,98,Comm1,0.6303139599789981,0.0031223464107575775,117
8,0.1,Comm3,99,Comm1,0.6302141689395508,0.00014285843620135956,845
8,0.1,Comm3,100,Comm1,0.6340680669471925,0.045337699914351715,637
8,0.1,Comm3,101,Comm2,0.6294814997406079,2.8907468157891867e-05,807
8,0.1,Comm3,102,Comm2,0.6362535660161651,0.23407315136232254,855
8,0.1,Comm3,103,Comm2,0.6357597245803642,0.05196049083263119,638
8,0.1,Comm3,104,Comm2,0.6370039930525241,1.998114861533169,163
8,0.1,Comm3,105,Comm2,0.634822679326375,0.06358645852911407,591
8,0.1,Comm3,106,Comm2,0.6294153562700042,4.9785061873681395e-06,551
8,0.1,Comm3,107,Comm2,0.6289839078524806,1.6175689641889447e-06,308
8,0.1,Comm3,108,Comm2,0.6310118211505649,8.905457532116685e-05,812
8,0.1,Comm3,109,Comm2,0.625420919749367,5.7945993509536973e-08,966
8,0.1,Comm3,110,Comm2,0.6343798688259257,0.011216185677315934,520
8,0.1,Comm3,111,Comm2,0.6395402872165872,10.628149388602422,30
8,0.1,Comm3,112,Comm2,0.6341913248177236,0.05685426452527932,437
8,0.1,Comm3,113,Comm2,0.6350716266214548,0.3255578600232124,656
8,0.1,Comm3,114,Comm2,0.63315164957651,0.0008393698942641593,131
8,0.1,Comm3,115,Comm2,0.6364372250310267,0.23727439888386712,287
8,0.1,Comm3,116,Comm2,0.6278957989322262,6.900375194315184e-07,342
8,0.1,Comm3,117,Comm2,0.6245634753567884,1.0421256384046197e-07,922
8,0.1,Comm3,118,Comm2,0.6329590183455986,0.001214418978547001,195
8,0.1,Comm3,119,Comm2,0.635467621030652,0.07006766596825913,619
8,0.1,Comm3,120,Comm2,0.6263875393661362,3.422685184108951e-09,360
8,0.1,Comm3,121,Comm2,0.6289629615652347,3.218314100070609e-06,471
8,0.1,Comm3,122,Comm2,0.6306075309684025,3.9415625067388285e-05,898
8,0.1,Comm3,123,Comm2,0.6393478437294885,4.379012171936536,319
8,0.1,Comm3,124,Comm2,0.6340974105779973,0.05464195348901599,981
8,0.1,Comm3,125,Comm2,0.6296317595681309,9.714632952840228e-06,405
8,0.1,Comm3,126,Comm2,0.6320350943350861,9.892755014193649e-05,404
8,0.1,Comm3,127,Comm2,0.6358271423860614,0.061961008549326846,544
8,0.1,Comm3,128,Comm2,0.625733734533018,4.4750025217047294e-08,838
8,0.1,Comm3,129,Comm2,0.6334133434792578,0.002119931520778185,263
8,0.1,Comm3,130,Comm2,0.6338357430593878,0.002713401164585961,433
8,0.1,Comm3,131,Comm2,0.6390779377413923,13.728698832034137,516
8,0.1,Comm3,132,Comm2,0.6341254082431456,0.016505508634313003,594
8,0.1,Comm3,133,Comm2,0.6359997317024692,0.3684848438617509,225
8,0.1,Comm3,134,Comm2,0.6294082766036087,3.4665450408370974e-05,61
8,0.1,Comm3,135,Comm2,0.6380059602162802,3.9106744904625383,852
8,0.1,Comm3,136,Comm2,0.630085086462345,0.00011892584016103382,14
8,0.1,Comm3,137,Comm2,0.6371834312243836,0.6925913188320865,802
8,0.1,Comm3,138,Comm2,0.6320756466334744,0.0015409166541478288,694
8,0.1,Comm3,139,Comm2,0.6306877521738398,9.71652163673058e-05,907
8,0.1,Comm3,140,Comm2,0.6378732948126711,7.270721397272442,299
8,0.1,Comm3,141,Comm2,0.6284386272219824,2.486144527345493e-06,456
8,0.1,Comm3,142,Comm2,0.6244111250947674,6.55762904720454e-09,940
8,0.1,Comm3,143,Comm2,0.6265467651321396,1.4699760613199143e-07,703
8,0.1,Comm3,144,Comm2,0.6257543001009428,2.0784471949058814e-08,872
8,0.1,Comm3,145,Comm2,0.6274420506807543,2.523309921424834e-06,603
8,0.1,Comm3,146,Comm2,0.6303046152168068,2.3750673622477685e-05,445
8,0.1,Comm3,147,Comm2,0.6352151560221324,0.025179197568476648,141
8,0.1,Comm3,148,Comm2,0.6330803850753535,0.0011947211278651008,36
8,0.1,Comm3,149,Comm2,0.6331124989073204,0.01312465809788933,6
8,0.1,Comm3,150,Comm2,0.6331432200213725,0.004363989426376907,602
8,0.1,Comm3,151,Comm2,0.6308975928633548,0.00022680460084714167,322
8,0.1,Comm3,152,Comm2,0.6345830802342128,0.00748763696401083,534
8,0.1,Comm3,153,Comm2,0.6344726142080341,0.02851925488306783,28
8,0.1,Comm3,154,Comm2,0.6264111029496378,1.2791259108852975e-07,884
8,0.1,Comm3,155,Comm2,0.6243652639752278,6.629499451966761e-10,108
8,0.1,Comm3,156,Comm2,0.6397088523421208,36.63539052075885,467
8,0.1,Comm3,157,Comm2,0.6352234423794619,0.012129858105157187,82
8,0.1,Comm3,158,Comm2,0.6373551885680535,0.3504710649380779,754
8,0.1,Comm3,159,Comm2,0.6280797728945431,8.117639696294076e-07,858
8,0.1,Comm3,160,Comm2,0.6296896264908423,5.2398415346682034e-06,462
8,0.1,Comm3,161,Comm2,0.6284652085329987,2.6778134391506594e-06,71
8,0.1,Comm3,162,Comm2,0.6240875451597747,2.3323679606109832e-08,294
8,0.1,Comm3,163,Comm2,0.6334175833747617,0.0012986072340168237,232
8,0.1,Comm3,164,Comm2,0.6354851144609023,0.08132367468225077,739
8,0.1,Comm3,165,Comm2,0.6258708253212845,1.87000124209762e-08,316
8,0.1,Comm3,166,Comm2,0.6315651940781613,0.00011552266286447851,810
8,0.1,Comm3,167,Comm2,0.6322947808371742,0.0012973378530788215,344
8,0.1,Comm3,168,Comm2,0.6321792018987908,0.0007187941848882672,682
8,0.1,Comm3,169,Comm2,0.634284613664156,0.08537904643031681,244
8,0.1,Comm3,170,Comm2,0.6318997903025103,0.0011243508828926959,444
8,0.1,Comm3,171,Comm2,0.6282835063958,2.6621872661247644e-06,250
8,0.1,Comm3,172,Comm2,0.6361757106840341,0.16382016107595798,756
8,0.1,Comm3,173,Comm2,0.6259580809411985,2.6170904406258524e-08,115
8,0.1,Comm3,174,Comm2,0.6394906802386309,10.243450940691869,474
8,0.1,Comm3,175,Comm2,0.6341859847198663,0.016761804517895988,863
8,0.1,Comm3,176,Comm2,0.6270689393270122,2.883178567959962e-07,363
8,0.1,Comm3,177,Comm2,0.6361545813303542,1.08862380717485,742
8,0.1,Comm3,178,Comm2,0.627996263006969,9.42175094884995e-07,634
8,0.1,Comm3,179,Comm2,0.6372903410103394,4.888513375358562,831
8,0.1,Comm3,180,Comm2,0.635432878962939,0.2953326247713903,577
8,0.1,Comm3,181,Comm2,0.6306565673039846,4.441008689434005e-05,47
8,0.1,Comm3,182,Comm2,0.6290154805241142,4.6231951218976604e-05,347
8,0.1,Comm3,183,Comm2,0.6345156359706308,0.04887964868811461,292
8,0.1,Comm3,184,Comm2,0.627352129552113,1.0147792537608889e-07,190
8,0.1,Comm3,185,Comm2,0.639228291565382,1.4154066454125107,136
8,0.1,Comm3,186,Comm2,0.6393774032377227,13.871932644022207,48
8,0.1,Comm3,187,Comm2,0.6302752859264267,1.1375187607046306e-05,722
8,0.1,Comm3,188,Comm2,0.6300843933344654,0.00014260864581365645,91
8,0.1,Comm3,189,Comm2,0.6349353190750955,0.03324053408740678,700
8,0.1,Comm3,190,Comm2,0.6261398130738935,6.933158171551634e-07,80
8,0.1,Comm3,191,Comm2,0.6372842943205868,2.8303239440486516,174
8,0.1,Comm3,192,Comm2,0.6399116350221097,15.365487982268021,735
8,0.1,Comm3,193,Comm2,0.638234804590653,1.0594309166149327,728
8,0.1,Comm3,194,Comm2,0.6275642010685577,3.804771250588011e-06,582
8,0.1,Comm3,195,Comm2,0.6328572334797135,0.000635783505653648,49
8,0.1,Comm3,196,Comm2,0.6264264693859326,5.640974973003514e-08,521
8,0.1,Comm3,197,Comm2,0.6370552917595368,0.7616799503191266,194
8,0.1,Comm3,198,Comm2,0.638677829873325,21.997176797081423,808
8,0.1,Comm3,199,Comm2,0.6319364634890764,0.0007482966928107474,189
8,0.1,Comm3,200,Comm2,0.6249380758318706,4.642123116163641e-07,425
9,0.01,Comm1,1,Comm1,0.6387343833251792,52.891417524424604,214
9,0.01,Comm1,2,Comm1,0.6257179547856938,0.010213703389206038,790
9,0.01,Comm1,3,Comm1,0.6366583047391542,2.125632433985606,826
9,0.01,Comm1,4,Comm1,0.6368081807175563,4.997491530171686,304
9,0.01,Comm1,5,Comm1,0.6247845754939726,0.001774708813944245,12
9,0.01,Comm1,6,Comm1,0.628496206176891,0.050654965468248415,266
9,0.01,Comm1,7,Comm1,0.633660081517693,0.7410621045031187,502
9,0.01,Comm1,8,Comm1,0.6358918747183275,2.6091702756001363,704
9,0.01,Comm1,9,Comm1,0.6317466845026021,0.4416675477718446,856
9,0.01,Comm1,10,Comm1,0.6351579097334399,2.1823729269047902,82
9,0.01,Comm1,11,Comm1,0.6354271579993566,13.35071337985694,365
9,0.01,Comm1,12,Comm1,0.6394812006581996,70.70617195715269,198
9,0.01,Comm1,13,Comm1,0.6351568177899399,1.9467902841271545,140
9,0.01,Comm1,14,Comm1,0.6286267690692683,0.05483367443744106,290
9,0.01,Comm1,15,Comm1,0.6257296180881396,0.00266865169985349,883
9,0.01,Comm1,16,Comm1,0.6267445200422322,0.007125287806641243,774
9,0.01,Comm1,17,Comm1,0.6293227941892793,0.10583286704806724,935
9,0.01,Comm1,18,Comm1,0.6370039741520206,34.45528856842471,337
9,0.01,Comm1,19,Comm1,0.6306144351417555,0.1341584840080134,574
9,0.01,Comm1,20,Comm1,0.6366780917348934,10.325611544266657,755
9,0.01,Comm1,21,Comm1,0.6281102990867365,0.026207738691636836,466
9,0.01,Comm1,22,Comm1,0.6318709289882913,0.3412478537632528,427
9,0.01,Comm1,23,Comm1,0.6294616914013451,0.05370144935835279,276
9,0.01,Comm1,24,Comm1,0.6334224788257681,1.237326608327507,889
9,0.01,Comm1,25,Comm1,0.6338319764620256,0.36957523009742355,890
9,0.01,Comm1,26,Comm1,0.636571904593841,6.934175420345434,72
9,0.01,Comm1,27,Comm1,0.627188181870147,0.012327660303334338,646
9,0.01,Comm1,28,Comm1,0.624091917604404,0.0029563644652174136,999
9,0.01,Comm1,29,Comm1,0.6385374041920342,13.654999314056038,495
9,0.01,Comm1,30,Comm1,0.632508806372052,1.6117823922705252,820
9,0.01,Comm1,31,Comm1,0.6244664638065566,0.0008186817865681661,32
9,0.01,Comm1,32,Comm1,0.6317964211620015,0.05937830941822293,643
9,0.01,Comm1,33,Comm1,0.6257957145591918,0.002849615266843748,957
9,0.01,Comm1,34,Comm1,0.6254663017477494,0.002644419293450539,903
9,0.01,Comm1,35,Comm1,0.6288148938091717,0.021761983482761926,676
9,0.01,Comm1,36,Comm1,0.6386428964624187,38.750673624326836,583
9,0.01,Comm1,37,Comm1,0.6311005362111417,0.8283911161634215,81
9,0.01,Comm1,38,Comm1,0.6328942032792954,0.6849576663032001,69
9,0.01,Comm1,39,Comm1,0.6293565946523685,0.025086742426845155,996
9,0.01,Comm1,40,Comm1,0.6312159201877267,0.2567048276646354,248
9,0.01,Comm1,41,Comm1,0.6362830859640559,26.21366463727572,74
9,0.01,Comm1,42,Comm1,0.6289508933172973,0.05018582466764668,930
9,0.01,Comm1,43,Comm1,0.6270675577992681,0.007046847939686414,473
9,0.01,Comm1,44,Comm1,0.6398367222933448,38.33576407828606,257
9,0.01,Comm1,45,Comm1,0.6278359539456905,0.014754398522288357,536
9,0.01,Comm1,46,Comm1,0.6330311125637385,0.40230206856910566,43
9,0.01,Comm1,47,Comm1,0.6390278064057331,10.489164077735394,623
9,0.01,Comm1,48,Comm1,0.6281914649661852,0.04472962371718788,952
9,0.01,Comm1,49,Comm1,0.6320121388370007,0.35333318909209505,320
9,0.01,Comm1,50,Comm1,0.6332102231573048,0.7113241012455047,396
9,0.01,Comm1,51,Comm1,0.6298310712912445,0.052991081158808566,580
9,0.01,Comm1,52,Comm1,0.6274535477275945,0.013735627201548415,809
9,0.01,Comm1,53,Comm1,0.6356425704995541,7.503235818453193,493
9,0.01,Comm1,54,Comm1,0.6301590912355681,0.12483188192921081,326
9,0.01,Comm1,55,Comm1,0.6331366185726744,0.7604906821826986,592
9,0.01,Comm1,56,Comm1,0.6311914592826149,0.20009783417661764,268
9,0.01,Comm1,57,Comm1,0.6292146290693341,0.0594250446607048,940
9,0.01,Comm1,58,Comm1,0.6349003747245268,3.1069333673531756,586
9,0.01,Comm1,59,Comm1,0.6301204007352229,0.075866281094646,998
9,0.01,Comm1,60,Comm1,0.6325676322157466,0.19669432034122614,601
9,0.01,Comm1,61,Comm1,0.6393308092144686,30.86804709323934,344
9,0.01,Comm1,62,Comm1,0.6323496750289225,0.3118598979694552,479
9,0.01,Comm1,63,Comm1,0.6289431596815703,0.00759766087162761,591
9,0.01,Comm1,64,Comm1,0.6340048453294166,2.1375591035240227,288
9,0.01,Comm1,65,Comm1,0.6353804234472675,2.8297774307754167,243
9,0.01,Comm1,66,Comm1,0.6340228015367718,1.067277629648954,294
9,0.01,Comm1,67,Comm1,0.6271322298339387,0.003957574192652445,122
9,0.01,Comm1,68,Comm1,0.629612686738119,0.019553736214959015,511
9,0.01,Comm1,69,Comm1,0.6323383399677067,0.7407498168364783,979
9,0.01,Comm1,70,Comm1,0.6288362178380196,0.03136176920133279,61
9,0.01,Comm1,71,Comm1,0.6335999510610004,1.3997843729957045,614
9,0.01,Comm1,72,Comm1,0.6334872513680542,1.1146793234299557,692
9,0.01,Comm1,73,Comm1,0.6360684168901424,7.768079092455704,263
9,0.01,Comm1,74,Comm1,0.6377796934887253,10.230192364663951,85
9,0.01,Comm1,75,Comm1,0.6265923388825146,0.012208470351236978,520
9,0.01,Comm1,76,Comm1,0.6398654915923071,68.67598731336163,518
9,0.01,Comm1,77,Comm1,0.6391379561011783,20.15238059652379,181
9,0.01,Comm1,78,Comm1,0.6252269522882432,0.006109731081876005,232
9,0.01,Comm1,79,Comm1,0.6288650153026186,0.0363137065440369,780
9,0.01,Comm1,80,Comm1,0.6245358428686865,0.0006333111506747604,865
9,0.01,Comm1,81,Comm1,0.6370313330090488,28.75443813114009,33
9,0.01,Comm1,82,Comm1,0.6249450097195308,0.002379135035074966,418
9,0.01,Comm1,83,Comm1,0.6347911310682737,1.7023119242407048,295
9,0.01,Comm1,84,Comm1,0.6252590880815909,0.0029349839526807988,246
9,0.01,Comm1,85,Comm1,0.630067423360636,0.0567306477880105,988
9,0.01,Comm1,86,Comm1,0.6256161299943516,0.008284439050317416,205
9,0.01,Comm1,87,Comm1,0.6349783582915531,1.4830943598368944,110
9,0.01,Comm1,88,Comm1,0.6307459999406375,0.05024631113906902,773
9,0.01,Comm1,89,Comm1,0.6249253258846733,0.0027449393904821254,656
9,0.01,Comm1,90,Comm1,0.6349605907085595,1.3114135420779307,307
9,0.01,Comm1,91,Comm1,0.6331286156328363,1.2976311964641738,770
9,0.01,Comm1,92,Comm1,0.6312165224784069,0.26620852006057166,218
9,0.01,Comm1,93,Comm1,0.6383825392497495,8.250915608044616,411
9,0.01,Comm1,94,Comm1,0.6280829823798805,0.019900963208494667,193
9,0.01,Comm1,95,Comm1,0.6376461136341757,41.8107713948301,840
9,0.01,Comm1,96,Comm1,0.6260457236178657,0.003235173128680265,393
9,0.01,Comm1,97,Comm1,0.6316584061192505,0.7546983950789409,420
9,0.01,Comm1,98,Comm1,0.6340023288001441,1.2073624577437632,712
9,0.01,Comm1,99,Comm1,0.6337022379371382,1.8297006542560248,397
9,0.01,Comm1,100,Comm1,0.6353744346999599,8.803620098487272,206
9,0.01,Comm2,1,Comm2,0.6287947729324526,0.03547006618763555,844
9,0.01,Comm2,2,Comm2,0.6357419524350114,16.794513698769986,822
9,0.01,Comm2,3,Comm2,0.6324229139161414,0.9687919593020302,185
9,0.01,Comm2,4,Comm2,0.6250108674349798,0.008684397901997829,507
9,0.01,Comm2,5,Comm2,0.6302212086269141,0.16012903898761122,779
9,0.01,Comm2,6,Comm2,0.6364324873496298,8.501614210929862,607
9,0.01,Comm2,7,Comm2,0.6351956847527844,1.8209992228715177,902
9,0.01,Comm2,8,Comm2,0.6389797799565597,27.239335121268944,929
9,0.01,Comm2,9,Comm2,0.6371421130374584,28.80945448267924,146
9,0.01,Comm2,10,Comm2,0.6301676016326585,0.3866818785914664,456
9,0.01,Comm2,11,Comm2,0.6247598215438535,0.0025413288293603007,160
9,0.01,Comm2,12,Comm2,0.6281053898739656,0.032044412886556295,182
9,0.01,Comm2,13,Comm2,0.6298916492499486,0.09847008637829655,381
9,0.01,Comm2,14,Comm2,0.6282471724037457,0.012179804558930316,974
9,0.01,Comm2,15,Comm2,0.625448380651868,0.005099872532540682,64
9,0.01,Comm2,16,Comm2,0.6364176488784975,5.453299641502796,781
9,0.01,Comm2,17,Comm2,0.6242017113198632,0.0012798219666435237,600
9,0.01,Comm2,18,Comm2,0.635388728141293,4.972067305251335,413
9,0.01,Comm2,19,Comm2,0.6365337645963701,5.047457200911399,73
9,0.01,Comm2,20,Comm2,0.6248273429099115,0.008595735852223898,457
9,0.01,Comm2,21,Comm2,0.6372826063783164,36.615396292358376,546
9,0.01,Comm2,22,Comm2,0.6306221712224946,0.30724240354410515,373
9,0.01,Comm2,23,Comm2,0.6335030467897872,2.451273419921981,312
9,0.01,Comm2,24,Comm2,0.6393588323877724,44.83894405778776,862
9,0.01,Comm2,25,Comm2,0.6317206361316987,1.70146271795412,103
9,0.01,Comm2,26,Comm2,0.6335504592838632,4.424634882628003,831
9,0.01,Comm2,27,Comm2,0.626226689228389,0.005202159012605779,31
9,0.01,Comm2,28,Comm2,0.6363192328522601,9.430614210649686,972
9,0.01,Comm2,29,Comm2,0.6285162084737556,0.052740832244690936,702
9,0.01,Comm2,30,Comm2,0.6370313220370293,29.483189853006134,339
9,0.01,Comm2,31,Comm2,0.6307127319715236,0.18603515211977772,788
9,0.01,Comm2,32,Comm2,0.6298454901495895,0.28546765360102305,598
9,0.01,Comm2,33,Comm2,0.6352031357445989,3.8771207094358453,978
9,0.01,Comm2,34,Comm2,0.6377167700938201,32.52015136588279,515
9,0.01,Comm2,35,Comm2,0.6349563210245794,5.1332642435560745,313
9,0.01,Comm2,36,Comm2,0.6351371550924523,5.7981285278370525,871
9,0.01,Comm2,37,Comm2,0.630801930847774,0.44120246174370903,701
9,0.01,Comm2,38,Comm2,0.6378132318345886,26.812194045704754,173
9,0.01,Comm2,39,Comm2,0.6292284507724903,0.10321047490311273,158
9,0.01,Comm2,40,Comm2,0.6397291599953863,36.16427887668692,649
9,0.01,Comm2,41,Comm2,0.6396341288004852,50.86351765421209,65
9,0.01,Comm2,42,Comm2,0.6256708458659532,0.0034985845630287364,766
9,0.01,Comm2,43,Comm2,0.631530520142531,1.973617279405592,332
9,0.01,Comm2,44,Comm2,0.6309959329212094,0.38546395087079544,467
9,0.01,Comm2,45,Comm2,0.6303097320155616,0.04633838462272642,661
9,0.01,Comm2,46,Comm2,0.6293382728342888,0.12164712647369659,196
9,0.01,Comm2,47,Comm2,0.6320162728063008,1.6799780813360248,631
9,0.01,Comm2,48,Comm2,0.6319982732729318,4.654052743447542,96
9,0.01,Comm2,49,Comm2,0.6341838713948297,2.0161539285525203,720
9,0.01,Comm2,50,Comm2,0.6309687418771602,0.3209410806197705,168
9,0.01,Comm2,51,Comm2,0.6250770719376889,0.0035916609104664488,409
9,0.01,Comm2,52,Comm2,0.6337161846596986,2.3257781159878155,854
9,0.01,Comm2,53,Comm2,0.6275771348758317,0.02717525117364777,872
9,0.01,Comm2,54,Comm2,0.6290010514179533,0.2145939197128895,560
9,0.01,Comm2,55,Comm2,0.6316385186409299,0.4533244132542925,823
9,0.01,Comm2,56,Comm2,0.6376305616283028,9.133741049449757,484
9,0.01,Comm2,57,Comm2,0.6287354836219324,0.045480245416246595,983
9,0.01,Comm2,58,Comm2,0.6266926640970892,0.014100708907419685,451
9,0.01,Comm2,59,Comm2,0.635607659408888,10.079059655528583,508
9,0.01,Comm2,60,Comm2,0.6279842948870952,0.02295463554042101,722
9,0.01,Comm2,61,Comm2,0.6271401636798032,0.01467196518523923,25
9,0.01,Comm2,62,Comm2,0.6309643404578579,0.231312449230065,981
9,0.01,Comm2,63,Comm2,0.631621092170633,1.0995826711104297,462
9,0.01,Comm2,64,Comm2,0.633510237010007,2.228083932183861,438
9,0.01,Comm2,65,Comm2,0.6325818498805018,0.7295036256295319,157
9,0.01,Comm2,66,Comm2,0.6287251302491863,0.026508635429213914,751
9,0.01,Comm2,67,Comm2,0.6320594925172611,0.19473554974976026,41
9,0.01,Comm2,68,Comm2,0.6262926611214881,0.009420377572924616,352
9,0.01,Comm2,69,Comm2,0.6390814163967002,31.919214664228516,453
9,0.01,Comm2,70,Comm2,0.6389208323448949,13.469860242662685,618
9,0.01,Comm2,71,Comm2,0.6255279497977783,0.01139183953368824,861
9,0.01,Comm2,72,Comm2,0.626958174207924,0.020212996172269806,745
9,0.01,Comm2,73,Comm2,0.6304577285784225,0.10844299971570508,558
9,0.01,Comm2,74,Comm2,0.637780180803527,28.262794554760877,58
9,0.01,Comm2,75,Comm2,0.6330589374813124,3.1214964419118916,630
9,0.01,Comm2,76,Comm2,0.628679664994198,0.04933505316431437,949
9,0.01,Comm2,77,Comm2,0.6325834445762551,0.39264637818240017,39
9,0.01,Comm2,78,Comm2,0.6303665217131352,0.07708227511418272,281
9,0.01,Comm2,79,Comm2,0.6293781381532391,0.11810647941535725,577
9,0.01,Comm2,80,Comm2,0.6275079153668638,0.027873842624461964,379
9,0.01,Comm2,81,Comm2,0.624424280645339,0.0012389828789444567,388
9,0.01,Comm2,82,Comm2,0.6333527260787414,1.5175459546934398,715
9,0.01,Comm2,83,Comm2,0.6269388000045307,0.013036224032483295,468
9,0.01,Comm2,84,Comm2,0.631735312788895,0.639177053739685,942
9,0.01,Comm2,85,Comm2,0.6327807407045621,1.0952601391465613,226
9,0.01,Comm2,86,Comm2,0.6286072834653665,0.020623926054956054,620
9,0.01,Comm2,87,Comm2,0.6267395007640068,0.01565836397155343,141
9,0.01,Comm2,88,Comm2,0.6247992724845045,0.0005088472395633637,776
9,0.01,Comm2,89,Comm2,0.6250375842775511,0.0017175546013637837,376
9,0.01,Comm2,90,Comm2,0.6322908066517043,0.9165391818048844,541
9,0.01,Comm2,91,Comm2,0.6271015487705739,0.01684042876239954,250
9,0.01,Comm2,92,Comm2,0.6256177288714074,0.010975862929331432,850
9,0.01,Comm2,93,Comm2,0.6327735469504139,0.16022058413623916,726
9,0.01,Comm2,94,Comm2,0.6315088785234213,0.8094508453100473,595
9,0.01,Comm2,95,Comm2,0.6397611147121011,39.3280360984928,568
9,0.01,Comm2,96,Comm2,0.6316493959053783,0.5884230861448319,709
9,0.01,Comm2,97,Comm2,0.6335864423277429,0.7636841378119783,679
9,0.01,Comm2,98,Comm2,0.63620318741488,36.21819554634071,689
9,0.01,Comm2,99,Comm2,0.6312546654497732,0.26508553154596265,566
9,0.01,Comm2,100,Comm2,0.630259398559994,0.10912531170581954,660
9,0.01,Comm3,1,Comm1,0.6387343833251792,54.42524462997669,214
9,0.01,Comm3,2,Comm1,0.6257179547856938,2.484990005734781e-06,790
9,0.01,Comm3,3,Comm1,0.6366583047391542,0.7517787464823633,826
9,0.01,Comm3,4,Comm1,0.6368081807175563,0.8153661840306815,304
9,0.01,Comm3,5,Comm1,0.6247845754939726,2.41601987172244e-07,12
9,0.01,Comm3,6,Comm1,0.628496206176891,9.597415787733818e-05,266
9,0.01,Comm3,7,Comm1,0.633660081517693,0.028402219252624858,502
9,0.01,Comm3,8,Comm1,0.6358918747183275,0.6046898101419156,704
9,0.01,Comm3,9,Comm1,0.6317466845026021,0.0153157113924417,856
9,0.01,Comm3,10,Comm1,0.6351579097334399,0.46338038555706296,82
9,0.01,Comm3,11,Comm1,0.6354271579993566,4.28515876478428,365
9,0.01,Comm3,12,Comm1,0.6394812006581996,77.38235907222658,198
9,0.01,Comm3,13,Comm1,0.6351568177899399,0.2867480955713011,140
9,0.01,Comm3,14,Comm1,0.6286267690692683,6.714633754108544e-05,290
9,0.01,Comm3,15,Comm1,0.6257296180881396,9.796144936852404e-07,883
9,0.01,Comm3,16,Comm1,0.6267445200422322,1.0308179410835786e-06,774
9,0.01,Comm3,17,Comm1,0.6293227941892793,0.002435908878903991,935
9,0.01,Comm3,18,Comm1,0.6370039741520206,20.857456644620456,337
9,0.01,Comm3,19,Comm1,0.6306144351417555,0.0004589553355307938,574
9,0.01,Comm3,20,Comm1,0.6366780917348934,3.4509700550031974,755
9,0.01,Comm3,21,Comm1,0.6281102990867365,2.050860131173154e-05,466
9,0.01,Comm3,22,Comm1,0.6318709289882913,0.008368157587570348,427
9,0.01,Comm3,23,Comm1,0.6294616914013451,7.70128239903606e-05,276
9,0.01,Comm3,24,Comm1,0.6334224788257681,0.05496829135524864,889
9,0.01,Comm3,25,Comm1,0.6338319764620256,0.0067608062975643085,890
9,0.01,Comm3,26,Comm1,0.636571904593841,3.4259392068780623,72
9,0.01,Comm3,27,Comm1,0.627188181870147,7.014187131389072e-06,646
9,0.01,Comm3,28,Comm1,0.624091917604404,1.3791158473770851e-06,999
9,0.01,Comm3,29,Comm1,0.6385374041920342,14.943711400784325,495
9,0.01,Comm3,30,Comm1,0.632508806372052,0.1582438658210929,820
9,0.01,Comm3,31,Comm1,0.6244664638065566,1.544591268295202e-08,32
9,0.01,Comm3,32,Comm1,0.6317964211620015,4.949495204445378e-05,643
9,0.01,Comm3,33,Comm1,0.6257957145591918,3.833435617572463e-07,957
9,0.01,Comm3,34,Comm1,0.6254663017477494,8.266471676776159e-08,903
9,0.01,Comm3,35,Comm1,0.6288148938091717,2.543422383011328e-05,676
9,0.01,Comm3,36,Comm1,0.6386428964624187,40.62752386378445,583
9,0.01,Comm3,37,Comm1,0.6311005362111417,0.21802974358448976,81
9,0.01,Comm3,38,Comm1,0.6328942032792954,0.027196353945986126,69
9,0.01,Comm3,39,Comm1,0.6293565946523685,1.3021351164064728e-05,996
9,0.01,Comm3,40,Comm1,0.6312159201877267,0.0067964769672139705,248
9,0.01,Comm3,41,Comm1,0.6362830859640559,23.916325195320884,74
9,0.01,Comm3,42,Comm1,0.6289508933172973,7.177447139878636e-05,930
9,0.01,Comm3,43,Comm1,0.6270675577992681,1.5144305459892744e-06,473
9,0.01,Comm3,44,Comm1,0.6398367222933448,55.98138738084356,257
9,0.01,Comm3,45,Comm1,0.6278359539456905,2.0646961205507165e-05,536
9,0.01,Comm3,46,Comm1,0.6330311125637385,0.01986668343404516,43
9,0.01,Comm3,47,Comm1,0.6390278064057331,11.400559174762796,623
9,0.01,Comm3,48,Comm1,0.6281914649661852,2.599014599414238e-05,952
9,0.01,Comm3,49,Comm1,0.6320121388370007,0.006132552935999649,320
9,0.01,Comm3,50,Comm1,0.6332102231573048,0.030967630988801273,396
9,0.01,Comm3,51,Comm1,0.6298310712912445,0.00013351288321124965,580
9,0.01,Comm3,52,Comm1,0.6274535477275945,5.880103703013299e-06,809
9,0.01,Comm3,53,Comm1,0.6356425704995541,2.9237896000111245,493
9,0.01,Comm3,54,Comm1,0.6301590912355681,0.0003596781656837792,326
9,0.01,Comm3,55,Comm1,0.6331366185726744,0.009289375094536033,592
9,0.01,Comm3,56,Comm1,0.6311914592826149,0.0005807828017228217,268
9,0.01,Comm3,57,Comm1,0.6292146290693341,0.0010624501940189014,940
9,0.01,Comm3,58,Comm1,0.6349003747245268,0.37176719070954617,586
9,0.01,Comm3,59,Comm1,0.6301204007352229,0.00018182085432572897,998
9,0.01,Comm3,60,Comm1,0.6325676322157466,0.00291625482186765,601
9,0.01,Comm3,61,Comm1,0.6393308092144686,29.18087050195871,344
9,0.01,Comm3,62,Comm1,0.6323496750289225,0.003087308494762664,479
9,0.01,Comm3,63,Comm1,0.6289431596815703,2.4418785475964786e-06,591
9,0.01,Comm3,64,Comm1,0.6340048453294166,0.07980861253846169,288
9,0.01,Comm3,65,Comm1,0.6353804234472675,0.4935001835472563,243
9,0.01,Comm3,66,Comm1,0.6340228015367718,0.12497506879008674,294
9,0.01,Comm3,67,Comm1,0.6271322298339387,5.94531337667474e-07,122
9,0.01,Comm3,68,Comm1,0.629612686738119,1.436777252760441e-05,511
9,0.01,Comm3,69,Comm1,0.6323383399677067,0.02860606065087167,979
9,0.01,Comm3,70,Comm1,0.6288362178380196,8.818500864220842e-05,61
9,0.01,Comm3,71,Comm1,0.6335999510610004,0.3818657681789262,614
9,0.01,Comm3,72,Comm1,0.6334872513680542,0.27838307579033433,692
9,0.01,Comm3,73,Comm1,0.6360684168901424,3.739759194459943,263
9,0.01,Comm3,74,Comm1,0.6377796934887253,6.768674322647077,85
9,0.01,Comm3,75,Comm1,0.6265923388825146,5.0682741472116385e-06,520
9,0.01,Comm3,76,Comm1,0.6398654915923071,90.96077436962696,518
9,0.01,Comm3,77,Comm1,0.6391379561011783,27.59655999064595,181
9,0.01,Comm3,78,Comm1,0.6252269522882432,4.355608914243747e-06,232
9,0.01,Comm3,79,Comm1,0.6288650153026186,8.969106494518419e-05,780
9,0.01,Comm3,80,Comm1,0.6245358428686865,4.8296537592802705e-09,865
9,0.01,Comm3,81,Comm1,0.6370313330090488,25.66077724665182,33
9,0.01,Comm3,82,Comm1,0.6249450097195308,1.957524103906597e-07,418
9,0.01,Comm3,83,Comm1,0.6347911310682737,0.07619146910813829,295
9,0.01,Comm3,84,Comm1,0.6252590880815909,4.6581863260772776e-07,246
9,0.01,Comm3,85,Comm1,0.630067423360636,0.00017230527560362517,988
9,0.01,Comm3,86,Comm1,0.6256161299943516,1.3382501781702437e-06,205
9,0.01,Comm3,87,Comm1,0.6349783582915531,0.3993664483123039,110
9,0.01,Comm3,88,Comm1,0.6307459999406375,0.0002581029510326199,773
9,0.01,Comm3,89,Comm1,0.6249253258846733,3.0683257567773073e-07,656
9,0.01,Comm3,90,Comm1,0.6349605907085595,0.09502541759994684,307
9,0.01,Comm3,91,Comm1,0.6331286156328363,0.09410614746670588,770
9,0.01,Comm3,92,Comm1,0.6312165224784069,0.004186008726654896,218
9,0.01,Comm3,93,Comm1,0.6383825392497495,3.366607085361297,411
9,0.01,Comm3,94,Comm1,0.6280829823798805,3.339528872684416e-05,193
9,0.01,Comm3,95,Comm1,0.6376461136341757,74.46784508191185,840
9,0.01,Comm3,96,Comm1,0.6260457236178657,6.371772996600253e-07,393
9,0.01,Comm3,97,Comm1,0.6316584061192505,0.01067935464576095,420
9,0.01,Comm3,98,Comm1,0.6340023288001441,0.12403856492972734,712
9,0.01,Comm3,99,Comm1,0.6337022379371382,0.0639502993793502,397
9,0.01,Comm3,100,Comm1,0.6353744346999599,2.7444818765782233,206
9,0.01,Comm3,101,Comm2,0.6287947729324526,1.2241747411346717e-06,844
9,0.01,Comm3,102,Comm2,0.6357419524350114,0.015565557430754402,822
9,0.01,Comm3,103,Comm2,0.6324229139161414,0.00029229234976416103,185
9,0.01,Comm3,104,Comm2,0.6250108674349798,2.127807254453328e-08,507
9,0.01,Comm3,105,Comm2,0.6302212086269141,4.8553605708246595e-06,779
9,0.01,Comm3,106,Comm2,0.6364324873496298,0.050200281771340324,607
9,0.01,Comm3,107,Comm2,0.6351956847527844,0.003135283616645781,902
9,0.01,Comm3,108,Comm2,0.6389797799565597,0.5839143036410369,929
9,0.01,Comm3,109,Comm2,0.6371421130374584,0.3802224749483707,146
9,0.01,Comm3,110,Comm2,0.6301676016326585,4.288380172234637e-06,456
9,0.01,Comm3,111,Comm2,0.6247598215438535,6.894753371089574e-11,160
9,0.01,Comm3,112,Comm2,0.6281053898739656,5.911049841216954e-07,182
9,0.01,Comm3,113,Comm2,0.6298916492499486,3.3257030330625496e-06,381
9,0.01,Comm3,114,Comm2,0.6282471724037457,2.6309232376305944e-07,974
9,0.01,Comm3,115,Comm2,0.625448380651868,1.0752069682202214e-09,64
9,0.01,Comm3,116,Comm2,0.6364176488784975,0.013279999745568148,781
9,0.01,Comm3,117,Comm2,0.6242017113198632,2.5734544632800863e-09,600
9,0.01,Comm3,118,Comm2,0.635388728141293,0.014339318105940357,413
9,0.01,Comm3,119,Comm2,0.6365337645963701,0.07119166346973341,73
9,0.01,Comm3,120,Comm2,0.6248273429099115,6.792699389471425e-09,457
9,0.01,Comm3,121,Comm2,0.6372826063783164,0.5610867257830077,546
9,0.01,Comm3,122,Comm2,0.6306221712224946,2.595633769347812e-05,373
9,0.01,Comm3,123,Comm2,0.6335030467897872,0.0011273310064970296,312
9,0.01,Comm3,124,Comm2,0.6393588323877724,7.066633428531341,862
9,0.01,Comm3,125,Comm2,0.6317206361316987,0.0001307439334818401,103
9,0.01,Comm3,126,Comm2,0.6335504592838632,0.0033371884342517704,831
9,0.01,Comm3,127,Comm2,0.626226689228389,9.008218240192366e-09,31
9,0.01,Comm3,128,Comm2,0.6363192328522601,0.0630559552881265,972
9,0.01,Comm3,129,Comm2,0.6285162084737556,9.021532848358389e-07,702
9,0.01,Comm3,130,Comm2,0.6370313220370293,0.3359128201833669,339
9,0.01,Comm3,131,Comm2,0.6307127319715236,4.237309221171332e-05,788
9,0.01,Comm3,132,Comm2,0.6298454901495895,7.692454466950487e-06,598
9,0.01,Comm3,133,Comm2,0.6352031357445989,0.011061331814044211,978
9,0.01,Comm3,134,Comm2,0.6377167700938201,1.4954660658717938,515
9,0.01,Comm3,135,Comm2,0.6349563210245794,0.019452640923218387,313
9,0.01,Comm3,136,Comm2,0.6351371550924523,0.018207745011517795,871
9,0.01,Comm3,137,Comm2,0.630801930847774,6.889271730988826e-05,701
9,0.01,Comm3,138,Comm2,0.6378132318345886,0.12046295932826875,173
9,0.01,Comm3,139,Comm2,0.6292284507724903,9.5828943345093e-06,158
9,0.01,Comm3,140,Comm2,0.6397291599953863,1.402416831961454,649
9,0.01,Comm3,141,Comm2,0.6396341288004852,3.1123614277278886,65
9,0.01,Comm3,142,Comm2,0.6256708458659532,2.8436383874364054e-08,766
9,0.01,Comm3,143,Comm2,0.631530520142531,0.0002899026481861415,332
9,0.01,Comm3,144,Comm2,0.6309959329212094,2.321395605069066e-05,467
9,0.01,Comm3,145,Comm2,0.6303097320155616,3.806767607972251e-06,661
9,0.01,Comm3,146,Comm2,0.6293382728342888,4.924643261285504e-07,196
9,0.01,Comm3,147,Comm2,0.6320162728063008,0.00047774799422243706,631
9,0.01,Comm3,148,Comm2,0.6319982732729318,0.00202407526960484,96
9,0.01,Comm3,149,Comm2,0.6341838713948297,0.0016121100755950117,720
9,0.01,Comm3,150,Comm2,0.6309687418771602,2.9074106707731016e-05,168
9,0.01,Comm3,151,Comm2,0.6250770719376889,1.157084753627104e-09,409
9,0.01,Comm3,152,Comm2,0.6337161846596986,0.0005470229587704945,854
9,0.01,Comm3,153,Comm2,0.6275771348758317,5.701593037299713e-08,872
9,0.01,Comm3,154,Comm2,0.6290010514179533,3.925747409343165e-06,560
9,0.01,Comm3,155,Comm2,0.6316385186409299,0.00018061638185384757,823
9,0.01,Comm3,156,Comm2,0.6376305616283028,0.054397020016580956,484
9,0.01,Comm3,157,Comm2,0.6287354836219324,6.470767765451907e-07,983
9,0.01,Comm3,158,Comm2,0.6266926640970892,4.483872242701553e-08,451
9,0.01,Comm3,159,Comm2,0.635607659408888,0.06990046298719613,508
9,0.01,Comm3,160,Comm2,0.6279842948870952,2.276460730794611e-07,722
9,0.01,Comm3,161,Comm2,0.6271401636798032,3.2780424282337716e-08,25
9,0.01,Comm3,162,Comm2,0.6309643404578579,2.552552272829769e-05,981
9,0.01,Comm3,163,Comm2,0.631621092170633,0.00014587203403121945,462
9,0.01,Comm3,164,Comm2,0.633510237010007,0.0007963935339574195,438
9,0.01,Comm3,165,Comm2,0.6325818498805018,0.00034943756020422624,157
9,0.01,Comm3,166,Comm2,0.6287251302491863,6.129406158831098e-07,751
9,0.01,Comm3,167,Comm2,0.6320594925172611,9.490918383850615e-05,41
9,0.01,Comm3,168,Comm2,0.6262926611214881,4.026411576187772e-09,352
9,0.01,Comm3,169,Comm2,0.6390814163967002,2.536470666456511,453
9,0.01,Comm3,170,Comm2,0.6389208323448949,0.33372352198759037,618
9,0.01,Comm3,171,Comm2,0.6255279497977783,2.574716608380641e-08,861
9,0.01,Comm3,172,Comm2,0.626958174207924,1.762256888990271e-08,745
9,0.01,Comm3,173,Comm2,0.6304577285784225,1.4247687411353193e-05,558
9,0.01,Comm3,174,Comm2,0.637780180803527,0.6493950767527097,58
9,0.01,Comm3,175,Comm2,0.6330589374813124,0.0008838157871523754,630
9,0.01,Comm3,176,Comm2,0.628679664994198,3.4050697649684736e-07,949
9,0.01,Comm3,177,Comm2,0.6325834445762551,0.00013916542487474144,39
9,0.01,Comm3,178,Comm2,0.6303665217131352,2.733672656513776e-06,281
9,0.01,Comm3,179,Comm2,0.6293781381532391,2.975477489098273e-06,577
9,0.01,Comm3,180,Comm2,0.6275079153668638,7.491802026705724e-08,379
9,0.01,Comm3,181,Comm2,0.624424280645339,3.66505195564046e-10,388
9,0.01,Comm3,182,Comm2,0.6333527260787414,0.00039733645591909775,715
9,0.01,Comm3,183,Comm2,0.6269388000045307,1.3271941310070587e-08,468
9,0.01,Comm3,184,Comm2,0.631735312788895,9.777460631260975e-05,942
9,0.01,Comm3,185,Comm2,0.6327807407045621,0.0007944689197719252,226
9,0.01,Comm3,186,Comm2,0.6286072834653665,1.7384012644003076e-07,620
9,0.01,Comm3,187,Comm2,0.6267395007640068,2.1678376185549766e-07,141
9,0.01,Comm3,188,Comm2,0.6247992724845045,2.9678512043375096e-10,776
9,0.01,Comm3,189,Comm2,0.6250375842775511,1.0099789981550912e-10,376
9,0.01,Comm3,190,Comm2,0.6322908066517043,7.452348488833313e-05,541
9,0.01,Comm3,191,Comm2,0.6271015487705739,9.309456063613778e-08,250
9,0.01,Comm3,192,Comm2,0.6256177288714074,3.7012533893474354e-09,850
9,0.01,Comm3,193,Comm2,0.6327735469504139,8.17103742147314e-05,726
9,0.01,Comm3,194,Comm2,0.6315088785234213,0.00014083677282677052,595
9,0.01,Comm3,195,Comm2,0.6397611147121011,1.5720302788001708,568
9,0.01,Comm3,196,Comm2,0.6316493959053783,0.00021104871889955463,709
9,0.01,Comm3,197,Comm2,0.6335864423277429,0.0003504799198207378,679
9,0.01,Comm3,198,Comm2,0.63620318741488,0.08873164199546776,689
9,0.01,Comm3,199,Comm2,0.6312546654497732,6.418497623271169e-06,566
9,0.01,Comm3,200,Comm2,0.630259398559994,5.257893211407735e-06,660
9,0.05,Comm1,1,Comm1,0.6387343833251792,52.891417524424604,214
9,0.05,Comm1,2,Comm1,0.6257179547856938,0.010213703389206038,790
9,0.05,Comm1,3,Comm1,0.6366583047391542,2.125632433985606,826
9,0.05,Comm1,4,Comm1,0.6368081807175563,4.997491530171686,304
9,0.05,Comm1,5,Comm1,0.6247845754939726,0.001774708813944245,12
9,0.05,Comm1,6,Comm1,0.628496206176891,0.050654965468248415,266
9,0.05,Comm1,7,Comm1,0.633660081517693,0.7410621045031187,502
9,0.05,Comm1,8,Comm1,0.6358918747183275,2.6091702756001363,704
9,0.05,Comm1,9,Comm1,0.6317466845026021,0.4416675477718446,856
9,0.05,Comm1,10,Comm1,0.6351579097334399,2.1823729269047902,82
9,0.05,Comm1,11,Comm1,0.6354271579993566,13.35071337985694,365
9,0.05,Comm1,12,Comm1,0.6394812006581996,70.70617195715269,198
9,0.05,Comm1,13,Comm1,0.6351568177899399,1.9467902841271545,140
9,0.05,Comm1,14,Comm1,0.6286267690692683,0.05483367443744106,290
9,0.05,Comm1,15,Comm1,0.6257296180881396,0.00266865169985349,883
9,0.05,Comm1,16,Comm1,0.6267445200422322,0.007125287806641243,774
9,0.05,Comm1,17,Comm1,0.6293227941892793,0.10583286704806724,935
9,0.05,Comm1,18,Comm1,0.6370039741520206,34.45528856842471,337
9,0.05,Comm1,19,Comm1,0.6306144351417555,0.1341584840080134,574
9,0.05,Comm1,20,Comm1,0.6366780917348934,10.325611544266657,755
9,0.05,Comm1,21,Comm1,0.6281102990867365,0.026207738691636836,466
9,0.05,Comm1,22,Comm1,0.6318709289882913,0.3412478537632528,427
9,0.05,Comm1,23,Comm1,0.6294616914013451,0.05370144935835279,276
9,0.05,Comm1,24,Comm1,0.6334224788257681,1.237326608327507,889
9,0.05,Comm1,25,Comm1,0.6338319764620256,0.36957523009742355,890
9,0.05,Comm1,26,Comm1,0.636571904593841,6.934175420345434,72
9,0.05,Comm1,27,Comm1,0.627188181870147,0.012327660303334338,646
9,0.05,Comm1,28,Comm1,0.624091917604404,0.0029563644652174136,999
9,0.05,Comm1,29,Comm1,0.6385374041920342,13.654999314056038,495
9,0.05,Comm1,30,Comm1,0.632508806372052,1.6117823922705252,820
9,0.05,Comm1,31,Comm1,0.6244664638065566,0.0008186817865681661,32
9,0.05,Comm1,32,Comm1,0.6317964211620015,0.05937830941822293,643
9,0.05,Comm1,33,Comm1,0.6257957145591918,0.002849615266843748,957
9,0.05,Comm1,34,Comm1,0.6254663017477494,0.002644419293450539,903
9,0.05,Comm1,35,Comm1,0.6288148938091717,0.021761983482761926,676
9,0.05,Comm1,36,Comm1,0.6386428964624187,38.750673624326836,583
9,0.05,Comm1,37,Comm1,0.6311005362111417,0.8283911161634215,81
9,0.05,Comm1,38,Comm1,0.6328942032792954,0.6849576663032001,69
9,0.05,Comm1,39,Comm1,0.6293565946523685,0.025086742426845155,996
9,0.05,Comm1,40,Comm1,0.6312159201877267,0.2567048276646354,248
9,0.05,Comm1,41,Comm1,0.6362830859640559,26.21366463727572,74
9,0.05,Comm1,42,Comm1,0.6289508933172973,0.05018582466764668,930
9,0.05,Comm1,43,Comm1,0.6270675577992681,0.007046847939686414,473
9,0.05,Comm1,44,Comm1,0.6398367222933448,38.33576407828606,257
9,0.05,Comm1,45,Comm1,0.6278359539456905,0.014754398522288357,536
9,0.05,Comm1,46,Comm1,0.6330311125637385,0.40230206856910566,43
9,0.05,Comm1,47,Comm1,0.6390278064057331,10.489164077735394,623
9,0.05,Comm1,48,Comm1,0.6281914649661852,0.04472962371718788,952
9,0.05,Comm1,49,Comm1,0.6320121388370007,0.35333318909209505,320
9,0.05,Comm1,50,Comm1,0.6332102231573048,0.7113241012455047,396
9,0.05,Comm1,51,Comm1,0.6298310712912445,0.052991081158808566,580
9,0.05,Comm1,52,Comm1,0.6274535477275945,0.013735627201548415,809
9,0.05,Comm1,53,Comm1,0.6356425704995541,7.503235818453193,493
9,0.05,Comm1,54,Comm1,0.6301590912355681,0.12483188192921081,326
9,0.05,Comm1,55,Comm1,0.6331366185726744,0.7604906821826986,592
9,0.05,Comm1,56,Comm1,0.6311914592826149,0.20009783417661764,268
9,0.05,Comm1,57,Comm1,0.6292146290693341,0.0594250446607048,940
9,0.05,Comm1,58,Comm1,0.6349003747245268,3.1069333673531756,586
9,0.05,Comm1,59,Comm1,0.6301204007352229,0.075866281094646,998
9,0.05,Comm1,60,Comm1,0.6325676322157466,0.19669432034122614,601
9,0.05,Comm1,61,Comm1,0.6393308092144686,30.86804709323934,344
9,0.05,Comm1,62,Comm1,0.6323496750289225,0.3118598979694552,479
9,0.05,Comm1,63,Comm1,0.6289431596815703,0.00759766087162761,591
9,0.05,Comm1,64,Comm1,0.6340048453294166,2.1375591035240227,288
9,0.05,Comm1,65,Comm1,0.6353804234472675,2.8297774307754167,243
9,0.05,Comm1,66,Comm1,0.6340228015367718,1.067277629648954,294
9,0.05,Comm1,67,Comm1,0.6271322298339387,0.003957574192652445,122
9,0.05,Comm1,68,Comm1,0.629612686738119,0.019553736214959015,511
9,0.05,Comm1,69,Comm1,0.6323383399677067,0.7407498168364783,979
9,0.05,Comm1,70,Comm1,0.6288362178380196,0.03136176920133279,61
9,0.05,Comm1,71,Comm1,0.6335999510610004,1.3997843729957045,614
9,0.05,Comm1,72,Comm1,0.6334872513680542,1.1146793234299557,692
9,0.05,Comm1,73,Comm1,0.6360684168901424,7.768079092455704,263
9,0.05,Comm1,74,Comm1,0.6377796934887253,10.230192364663951,85
9,0.05,Comm1,75,Comm1,0.6265923388825146,0.012208470351236978,520
9,0.05,Comm1,76,Comm1,0.6398654915923071,68.67598731336163,518
9,0.05,Comm1,77,Comm1,0.6391379561011783,20.15238059652379,181
9,0.05,Comm1,78,Comm1,0.6252269522882432,0.006109731081876005,232
9,0.05,Comm1,79,Comm1,0.6288650153026186,0.0363137065440369,780
9,0.05,Comm1,80,Comm1,0.6245358428686865,0.0006333111506747604,865
9,0.05,Comm1,81,Comm1,0.6370313330090488,28.75443813114009,33
9,0.05,Comm1,82,Comm1,0.6249450097195308,0.002379135035074966,418
9,0.05,Comm1,83,Comm1,0.6347911310682737,1.7023119242407048,295
9,0.05,Comm1,84,Comm1,0.6252590880815909,0.0029349839526807988,246
9,0.05,Comm1,85,Comm1,0.630067423360636,0.0567306477880105,988
9,0.05,Comm1,86,Comm1,0.6256161299943516,0.008284439050317416,205
9,0.05,Comm1,87,Comm1,0.6349783582915531,1.4830943598368944,110
9,0.05,Comm1,88,Comm1,0.6307459999406375,0.05024631113906902,773
9,0.05,Comm1,89,Comm1,0.6249253258846733,0.0027449393904821254,656
9,0.05,Comm1,90,Comm1,0.6349605907085595,1.3114135420779307,307
9,0.05,Comm1,91,Comm1,0.6331286156328363,1.2976311964641738,770
9,0.05,Comm1,92,Comm1,0.6312165224784069,0.26620852006057166,218
9,0.05,Comm1,93,Comm1,0.6383825392497495,8.250915608044616,411
9,0.05,Comm1,94,Comm1,0.6280829823798805,0.019900963208494667,193
9,0.05,Comm1,95,Comm1,0.6376461136341757,41.8107713948301,840
9,0.05,Comm1,96,Comm1,0.6260457236178657,0.003235173128680265,393
9,0.05,Comm1,97,Comm1,0.6316584061192505,0.7546983950789409,420
9,0.05,Comm1,98,Comm1,0.6340023288001441,1.2073624577437632,712
9,0.05,Comm1,99,Comm1,0.6337022379371382,1.8297006542560248,397
9,0.05,Comm1,100,Comm1,0.6353744346999599,8.803620098487272,206
9,0.05,Comm2,1,Comm2,0.6287947729324526,0.03547006618763555,844
9,0.05,Comm2,2,Comm2,0.6357419524350114,16.794513698769986,822
9,0.05,Comm2,3,Comm2,0.6324229139161414,0.9687919593020302,185
9,0.05,Comm2,4,Comm2,0.6250108674349798,0.008684397901997829,507
9,0.05,Comm2,5,Comm2,0.6302212086269141,0.16012903898761122,779
9,0.05,Comm2,6,Comm2,0.6364324873496298,8.501614210929862,607
9,0.05,Comm2,7,Comm2,0.6351956847527844,1.8209992228715177,902
9,0.05,Comm2,8,Comm2,0.6389797799565597,27.239335121268944,929
9,0.05,Comm2,9,Comm2,0.6371421130374584,28.80945448267924,146
9,0.05,Comm2,10,Comm2,0.6301676016326585,0.3866818785914664,456
9,0.05,Comm2,11,Comm2,0.6247598215438535,0.0025413288293603007,160
9,0.05,Comm2,12,Comm2,0.6281053898739656,0.032044412886556295,182
9,0.05,Comm2,13,Comm2,0.6298916492499486,0.09847008637829655,381
9,0.05,Comm2,14,Comm2,0.6282471724037457,0.012179804558930316,974
9,0.05,Comm2,15,Comm2,0.625448380651868,0.005099872532540682,64
9,0.05,Comm2,16,Comm2,0.6364176488784975,5.453299641502796,781
9,0.05,Comm2,17,Comm2,0.6242017113198632,0.0012798219666435237,600
9,0.05,Comm2,18,Comm2,0.635388728141293,4.972067305251335,413
9,0.05,Comm2,19,Comm2,0.6365337645963701,5.047457200911399,73
9,0.05,Comm2,20,Comm2,0.6248273429099115,0.008595735852223898,457
9,0.05,Comm2,21,Comm2,0.6372826063783164,36.615396292358376,546
9,0.05,Comm2,22,Comm2,0.6306221712224946,0.30724240354410515,373
9,0.05,Comm2,23,Comm2,0.6335030467897872,2.451273419921981,312
9,0.05,Comm2,24,Comm2,0.6393588323877724,44.83894405778776,862
9,0.05,Comm2,25,Comm2,0.6317206361316987,1.70146271795412,103
9,0.05,Comm2,26,Comm2,0.6335504592838632,4.424634882628003,831
9,0.05,Comm2,27,Comm2,0.626226689228389,0.005202159012605779,31
9,0.05,Comm2,28,Comm2,0.6363192328522601,9.430614210649686,972
9,0.05,Comm2,29,Comm2,0.6285162084737556,0.052740832244690936,702
9,0.05,Comm2,30,Comm2,0.6370313220370293,29.483189853006134,339
9,0.05,Comm2,31,Comm2,0.6307127319715236,0.18603515211977772,788
9,0.05,Comm2,32,Comm2,0.6298454901495895,0.28546765360102305,598
9,0.05,Comm2,33,Comm2,0.6352031357445989,3.8771207094358453,978
9,0.05,Comm2,34,Comm2,0.6377167700938201,32.52015136588279,515
9,0.05,Comm2,35,Comm2,0.6349563210245794,5.1332642435560745,313
9,0.05,Comm2,36,Comm2,0.6351371550924523,5.7981285278370525,871
9,0.05,Comm2,37,Comm2,0.630801930847774,0.44120246174370903,701
9,0.05,Comm2,38,Comm2,0.6378132318345886,26.812194045704754,173
9,0.05,Comm2,39,Comm2,0.6292284507724903,0.10321047490311273,158
9,0.05,Comm2,40,Comm2,0.6397291599953863,36.16427887668692,649
9,0.05,Comm2,41,Comm2,0.6396341288004852,50.86351765421209,65
9,0.05,Comm2,42,Comm2,0.6256708458659532,0.0034985845630287364,766
9,0.05,Comm2,43,Comm2,0.631530520142531,1.973617279405592,332
9,0.05,Comm2,44,Comm2,0.6309959329212094,0.38546395087079544,467
9,0.05,Comm2,45,Comm2,0.6303097320155616,0.04633838462272642,661
9,0.05,Comm2,46,Comm2,0.6293382728342888,0.12164712647369659,196
9,0.05,Comm2,47,Comm2,0.6320162728063008,1.6799780813360248,631
9,0.05,Comm2,48,Comm2,0.6319982732729318,4.654052743447542,96
9,0.05,Comm2,49,Comm2,0.6341838713948297,2.0161539285525203,720
9,0.05,Comm2,50,Comm2,0.6309687418771602,0.3209410806197705,168
9,0.05,Comm2,51,Comm2,0.6250770719376889,0.0035916609104664488,409
9,0.05,Comm2,52,Comm2,0.6337161846596986,2.3257781159878155,854
9,0.05,Comm2,53,Comm2,0.6275771348758317,0.02717525117364777,872
9,0.05,Comm2,54,Comm2,0.6290010514179533,0.2145939197128895,560
9,0.05,Comm2,55,Comm2,0.6316385186409299,0.4533244132542925,823
9,0.05,Comm2,56,Comm2,0.6376305616283028,9.133741049449757,484
9,0.05,Comm2,57,Comm2,0.6287354836219324,0.045480245416246595,983
9,0.05,Comm2,58,Comm2,0.6266926640970892,0.014100708907419685,451
9,0.05,Comm2,59,Comm2,0.635607659408888,10.079059655528583,508
9,0.05,Comm2,60,Comm2,0.6279842948870952,0.02295463554042101,722
9,0.05,Comm2,61,Comm2,0.6271401636798032,0.01467196518523923,25
9,0.05,Comm2,62,Comm2,0.6309643404578579,0.231312449230065,981
9,0.05,Comm2,63,Comm2,0.631621092170633,1.0995826711104297,462
9,0.05,Comm2,64,Comm2,0.633510237010007,2.228083932183861,438
9,0.05,Comm2,65,Comm2,0.6325818498805018,0.7295036256295319,157
9,0.05,Comm2,66,Comm2,0.6287251302491863,0.026508635429213914,751
9,0.05,Comm2,67,Comm2,0.6320594925172611,0.19473554974976026,41
9,0.05,Comm2,68,Comm2,0.6262926611214881,0.009420377572924616,352
9,0.05,Comm2,69,Comm2,0.6390814163967002,31.919214664228516,453
9,0.05,Comm2,70,Comm2,0.6389208323448949,13.469860242662685,618
9,0.05,Comm2,71,Comm2,0.6255279497977783,0.01139183953368824,861
9,0.05,Comm2,72,Comm2,0.626958174207924,0.020212996172269806,745
9,0.05,Comm2,73,Comm2,0.6304577285784225,0.10844299971570508,558
9,0.05,Comm2,74,Comm2,0.637780180803527,28.262794554760877,58
9,0.05,Comm2,75,Comm2,0.6330589374813124,3.1214964419118916,630
9,0.05,Comm2,76,Comm2,0.628679664994198,0.04933505316431437,949
9,0.05,Comm2,77,Comm2,0.6325834445762551,0.39264637818240017,39
9,0.05,Comm2,78,Comm2,0.6303665217131352,0.07708227511418272,281
9,0.05,Comm2,79,Comm2,0.6293781381532391,0.11810647941535725,577
9,0.05,Comm2,80,Comm2,0.6275079153668638,0.027873842624461964,379
9,0.05,Comm2,81,Comm2,0.624424280645339,0.0012389828789444567,388
9,0.05,Comm2,82,Comm2,0.6333527260787414,1.5175459546934398,715
9,0.05,Comm2,83,Comm2,0.6269388000045307,0.013036224032483295,468
9,0.05,Comm2,84,Comm2,0.631735312788895,0.639177053739685,942
9,0.05,Comm2,85,Comm2,0.6327807407045621,1.0952601391465613,226
9,0.05,Comm2,86,Comm2,0.6286072834653665,0.020623926054956054,620
9,0.05,Comm2,87,Comm2,0.6267395007640068,0.01565836397155343,141
9,0.05,Comm2,88,Comm2,0.6247992724845045,0.0005088472395633637,776
9,0.05,Comm2,89,Comm2,0.6250375842775511,0.0017175546013637837,376
9,0.05,Comm2,90,Comm2,0.6322908066517043,0.9165391818048844,541
9,0.05,Comm2,91,Comm2,0.6271015487705739,0.01684042876239954,250
9,0.05,Comm2,92,Comm2,0.6256177288714074,0.010975862929331432,850
9,0.05,Comm2,93,Comm2,0.6327735469504139,0.16022058413623916,726
9,0.05,Comm2,94,Comm2,0.6315088785234213,0.8094508453100473,595
9,0.05,Comm2,95,Comm2,0.6397611147121011,39.3280360984928,568
9,0.05,Comm2,96,Comm2,0.6316493959053783,0.5884230861448319,709
9,0.05,Comm2,97,Comm2,0.6335864423277429,0.7636841378119783,679
9,0.05,Comm2,98,Comm2,0.63620318741488,36.21819554634071,689
9,0.05,Comm2,99,Comm2,0.6312546654497732,0.26508553154596265,566
9,0.05,Comm2,100,Comm2,0.630259398559994,0.10912531170581954,660
9,0.05,Comm3,1,Comm1,0.6387343833251792,47.85228933583559,214
9,0.05,Comm3,2,Comm1,0.6257179547856938,1.7602318708193116e-06,790
9,0.05,Comm3,3,Comm1,0.6366583047391542,0.6281498495584203,826
9,0.05,Comm3,4,Comm1,0.6368081807175563,0.756246956323829,304
9,0.05,Comm3,5,Comm1,0.6247845754939726,2.1871062720669507e-07,12
9,0.05,Comm3,6,Comm1,0.628496206176891,7.596904672454347e-05,266
9,0.05,Comm3,7,Comm1,0.633660081517693,0.02649375166096241,502
9,0.05,Comm3,8,Comm1,0.6358918747183275,0.5601697694777699,704
9,0.05,Comm3,9,Comm1,0.6317466845026021,0.010846884136154075,856
9,0.05,Comm3,10,Comm1,0.6351579097334399,0.3937934233280701,82
9,0.05,Comm3,11,Comm1,0.6354271579993566,3.075496509122435,365
9,0.05,Comm3,12,Comm1,0.6394812006581996,72.94636489479309,198
9,0.05,Comm3,13,Comm1,0.6351568177899399,0.23590755782950257,140
9,0.05,Comm3,14,Comm1,0.6286267690692683,5.677090708445117e-05,290
9,0.05,Comm3,15,Comm1,0.6257296180881396,8.340132483906469e-07,883
9,0.05,Comm3,16,Comm1,0.6267445200422322,8.252408499525838e-07,774
9,0.05,Comm3,17,Comm1,0.6293227941892793,0.0017162304098906852,935
9,0.05,Comm3,18,Comm1,0.6370039741520206,18.780080263796258,337
9,0.05,Comm3,19,Comm1,0.6306144351417555,0.00039834154144530295,574
9,0.05,Comm3,20,Comm1,0.6366780917348934,2.967733593829653,755
9,0.05,Comm3,21,Comm1,0.6281102990867365,1.7936612664086644e-05,466
9,0.05,Comm3,22,Comm1,0.6318709289882913,0.007190461850950706,427
9,0.05,Comm3,23,Comm1,0.6294616914013451,6.60709190199321e-05,276
9,0.05,Comm3,24,Comm1,0.6334224788257681,0.05079143437678958,889
9,0.05,Comm3,25,Comm1,0.6338319764620256,0.007215916000398847,890
9,0.05,Comm3,26,Comm1,0.636571904593841,2.77321064441118,72
9,0.05,Comm3,27,Comm1,0.627188181870147,5.8524479280043015e-06,646
9,0.05,Comm3,28,Comm1,0.624091917604404,1.080696606601459e-06,999
9,0.05,Comm3,29,Comm1,0.6385374041920342,13.880813725389862,495
9,0.05,Comm3,30,Comm1,0.632508806372052,0.12044686432021595,820
9,0.05,Comm3,31,Comm1,0.6244664638065566,1.5403654684205573e-08,32
9,0.05,Comm3,32,Comm1,0.6317964211620015,5.502270708589086e-05,643
9,0.05,Comm3,33,Comm1,0.6257957145591918,3.754251467440718e-07,957
9,0.05,Comm3,34,Comm1,0.6254663017477494,7.61205243805851e-08,903
9,0.05,Comm3,35,Comm1,0.6288148938091717,2.514646586664284e-05,676
9,0.05,Comm3,36,Comm1,0.6386428964624187,39.14308652927895,583
9,0.05,Comm3,37,Comm1,0.6311005362111417,0.14465190485874468,81
9,0.05,Comm3,38,Comm1,0.6328942032792954,0.021836653558970187,69
9,0.05,Comm3,39,Comm1,0.6293565946523685,1.4206830403266704e-05,996
9,0.05,Comm3,40,Comm1,0.6312159201877267,0.0044225700161952914,248
9,0.05,Comm3,41,Comm1,0.6362830859640559,21.306077521602603,74
9,0.05,Comm3,42,Comm1,0.6289508933172973,6.406073999906735e-05,930
9,0.05,Comm3,43,Comm1,0.6270675577992681,1.1475760305731143e-06,473
9,0.05,Comm3,44,Comm1,0.6398367222933448,51.06058364579288,257
9,0.05,Comm3,45,Comm1,0.6278359539456905,1.700120987918818e-05,536
9,0.05,Comm3,46,Comm1,0.6330311125637385,0.01817656608753538,43
9,0.05,Comm3,47,Comm1,0.6390278064057331,10.554747244207773,623
9,0.05,Comm3,48,Comm1,0.6281914649661852,2.3596212835791233e-05,952
9,0.05,Comm3,49,Comm1,0.6320121388370007,0.0052414734535941206,320
9,0.05,Comm3,50,Comm1,0.6332102231573048,0.02515195573427649,396
9,0.05,Comm3,51,Comm1,0.6298310712912445,0.00011866158209377704,580
9,0.05,Comm3,52,Comm1,0.6274535477275945,5.252272520400726e-06,809
9,0.05,Comm3,53,Comm1,0.6356425704995541,2.204203632097126,493
9,0.05,Comm3,54,Comm1,0.6301590912355681,0.00025975686471064476,326
9,0.05,Comm3,55,Comm1,0.6331366185726744,0.008754560814633276,592
9,0.05,Comm3,56,Comm1,0.6311914592826149,0.0005741861883465708,268
9,0.05,Comm3,57,Comm1,0.6292146290693341,0.0008163129737593968,940
9,0.05,Comm3,58,Comm1,0.6349003747245268,0.31696297963254016,586
9,0.05,Comm3,59,Comm1,0.6301204007352229,0.0001581260998043716,998
9,0.05,Comm3,60,Comm1,0.6325676322157466,0.0028725181640330485,601
9,0.05,Comm3,61,Comm1,0.6393308092144686,28.60013274455785,344
9,0.05,Comm3,62,Comm1,0.6323496750289225,0.002832149551178389,479
9,0.05,Comm3,63,Comm1,0.6289431596815703,2.438714400193157e-06,591
9,0.05,Comm3,64,Comm1,0.6340048453294166,0.06784977020424246,288
9,0.05,Comm3,65,Comm1,0.6353804234472675,0.35885983335238625,243
9,0.05,Comm3,66,Comm1,0.6340228015367718,0.09930528567051011,294
9,0.05,Comm3,67,Comm1,0.6271322298339387,5.984358384709786e-07,122
9,0.05,Comm3,68,Comm1,0.629612686738119,1.4514284843295405e-05,511
9,0.05,Comm3,69,Comm1,0.6323383399677067,0.022894180531294946,979
9,0.05,Comm3,70,Comm1,0.6288362178380196,6.925477546978735e-05,61
9,0.05,Comm3,71,Comm1,0.6335999510610004,0.26964001681680827,614
9,0.05,Comm3,72,Comm1,0.6334872513680542,0.22959727067880245,692
9,0.05,Comm3,73,Comm1,0.6360684168901424,3.5476015745940903,263
9,0.05,Comm3,74,Comm1,0.6377796934887253,6.615561658462665,85
9,0.05,Comm3,75,Comm1,0.6265923388825146,4.35912786426522e-06,520
9,0.05,Comm3,76,Comm1,0.6398654915923071,84.01200648792378,518
9,0.05,Comm3,77,Comm1,0.6391379561011783,25.77208204298952,181
9,0.05,Comm3,78,Comm1,0.6252269522882432,3.674559401603791e-06,232
9,0.05,Comm3,79,Comm1,0.6288650153026186,8.832959922873521e-05,780
9,0.05,Comm3,80,Comm1,0.6245358428686865,5.112570826307394e-09,865
9,0.05,Comm3,81,Comm1,0.6370313330090488,23.199913799995727,33
9,0.05,Comm3,82,Comm1,0.6249450097195308,1.7039210976993654e-07,418
9,0.05,Comm3,83,Comm1,0.6347911310682737,0.05944476991831686,295
9,0.05,Comm3,84,Comm1,0.6252590880815909,4.0162558686529647e-07,246
9,0.05,Comm3,85,Comm1,0.630067423360636,0.00013320467569737684,988
9,0.05,Comm3,86,Comm1,0.6256161299943516,1.062835548768424e-06,205
9,0.05,Comm3,87,Comm1,0.6349783582915531,0.28536155137418284,110
9,0.05,Comm3,88,Comm1,0.6307459999406375,0.00022091701722601011,773
9,0.05,Comm3,89,Comm1,0.6249253258846733,2.955231744169156e-07,656
9,0.05,Comm3,90,Comm1,0.6349605907085595,0.08538223917511904,307
9,0.05,Comm3,91,Comm1,0.6331286156328363,0.0792128886620258,770
9,0.05,Comm3,92,Comm1,0.6312165224784069,0.0031972377279275805,218
9,0.05,Comm3,93,Comm1,0.6383825392497495,3.6658188284720716,411
9,0.05,Comm3,94,Comm1,0.6280829823798805,3.369512493865239e-05,193
9,0.05,Comm3,95,Comm1,0.6376461136341757,66.04697849999532,840
9,0.05,Comm3,96,Comm1,0.6260457236178657,6.040061530322318e-07,393
9,0.05,Comm3,97,Comm1,0.6316584061192505,0.008387527698212417,420
9,0.05,Comm3,98,Comm1,0.6340023288001441,0.11382683561495267,712
9,0.05,Comm3,99,Comm1,0.6337022379371382,0.05355088429013506,397
9,0.05,Comm3,100,Comm1,0.6353744346999599,2.2255523412994673,206
9,0.05,Comm3,101,Comm2,0.6287947729324526,4.748821491825065e-06,844
9,0.05,Comm3,102,Comm2,0.6357419524350114,0.07136832549747155,822
9,0.05,Comm3,103,Comm2,0.6324229139161414,0.00143874587871294,185
9,0.05,Comm3,104,Comm2,0.6250108674349798,9.292859502383593e-08,507
9,0.05,Comm3,105,Comm2,0.6302212086269141,2.1742358044679425e-05,779
9,0.05,Comm3,106,Comm2,0.6364324873496298,0.2270651277118017,607
9,0.05,Comm3,107,Comm2,0.6351956847527844,0.013773400583390525,902
9,0.05,Comm3,108,Comm2,0.6389797799565597,2.215414348692442,929
9,0.05,Comm3,109,Comm2,0.6371421130374584,1.6562293187055717,146
9,0.05,Comm3,110,Comm2,0.6301676016326585,2.361712765335005e-05,456
9,0.05,Comm3,111,Comm2,0.6247598215438535,1.849026249797387e-10,160
9,0.05,Comm3,112,Comm2,0.6281053898739656,2.4497015059743393e-06,182
9,0.05,Comm3,113,Comm2,0.6298916492499486,1.4692314810407056e-05,381
9,0.05,Comm3,114,Comm2,0.6282471724037457,9.397142710022741e-07,974
9,0.05,Comm3,115,Comm2,0.625448380651868,5.319807979399701e-09,64
9,0.05,Comm3,116,Comm2,0.6364176488784975,0.05466952920222835,781
9,0.05,Comm3,117,Comm2,0.6242017113198632,1.0562033756804069e-08,600
9,0.05,Comm3,118,Comm2,0.635388728141293,0.055016340351285636,413
9,0.05,Comm3,119,Comm2,0.6365337645963701,0.28139049862252485,73
9,0.05,Comm3,120,Comm2,0.6248273429099115,3.4022523475648734e-08,457
9,0.05,Comm3,121,Comm2,0.6372826063783164,2.392982973032184,546
9,0.05,Comm3,122,Comm2,0.6306221712224946,0.00011650058829229873,373
9,0.05,Comm3,123,Comm2,0.6335030467897872,0.0050350504836425836,312
9,0.05,Comm3,124,Comm2,0.6393588323877724,18.517190655662063,862
9,0.05,Comm3,125,Comm2,0.6317206361316987,0.0006402910107760575,103
9,0.05,Comm3,126,Comm2,0.6335504592838632,0.014150211981585776,831
9,0.05,Comm3,127,Comm2,0.626226689228389,4.026274595239168e-08,31
9,0.05,Comm3,128,Comm2,0.6363192328522601,0.23247772274057754,972
9,0.05,Comm3,129,Comm2,0.6285162084737556,4.146314133999459e-06,702
9,0.05,Comm3,130,Comm2,0.6370313220370293,1.3620596903415556,339
9,0.05,Comm3,131,Comm2,0.6307127319715236,0.00018718302675356792,788
9,0.05,Comm3,132,Comm2,0.6298454901495895,3.889135068968491e-05,598
9,0.05,Comm3,133,Comm2,0.6352031357445989,0.04522277839433047,978
9,0.05,Comm3,134,Comm2,0.6377167700938201,4.700943994051506,515
9,0.05,Comm3,135,Comm2,0.6349563210245794,0.07871470129963239,313
9,0.05,Comm3,136,Comm2,0.6351371550924523,0.08373566634981705,871
9,0.05,Comm3,137,Comm2,0.630801930847774,0.00028350364512812524,701
9,0.05,Comm3,138,Comm2,0.6378132318345886,0.5221497961992723,173
9,0.05,Comm3,139,Comm2,0.6292284507724903,3.8386426422423035e-05,158
9,0.05,Comm3,140,Comm2,0.6397291599953863,5.665520502500281,649
9,0.05,Comm3,141,Comm2,0.6396341288004852,10.094175704410759,65
9,0.05,Comm3,142,Comm2,0.6256708458659532,1.1093058321902334e-07,766
9,0.05,Comm3,143,Comm2,0.631530520142531,0.0014508106060931308,332
9,0.05,Comm3,144,Comm2,0.6309959329212094,0.00010916437385529271,467
9,0.05,Comm3,145,Comm2,0.6303097320155616,1.4181674285941334e-05,661
9,0.05,Comm3,146,Comm2,0.6293382728342888,2.281943141650833e-06,196
9,0.05,Comm3,147,Comm2,0.6320162728063008,0.0022800161622755525,631
9,0.05,Comm3,148,Comm2,0.6319982732729318,0.009780150582561587,96
9,0.05,Comm3,149,Comm2,0.6341838713948297,0.00689097797363574,720
9,0.05,Comm3,150,Comm2,0.6309687418771602,0.0001300520935015835,168
9,0.05,Comm3,151,Comm2,0.6250770719376889,5.0719552834608525e-09,409
9,0.05,Comm3,152,Comm2,0.6337161846596986,0.0024551318287432044,854
9,0.05,Comm3,153,Comm2,0.6275771348758317,2.653678504041143e-07,872
9,0.05,Comm3,154,Comm2,0.6290010514179533,2.1737910577886007e-05,560
9,0.05,Comm3,155,Comm2,0.6316385186409299,0.0007771186206217756,823
9,0.05,Comm3,156,Comm2,0.6376305616283028,0.2397772475911618,484
9,0.05,Comm3,157,Comm2,0.6287354836219324,2.5978537358249548e-06,983
9,0.05,Comm3,158,Comm2,0.6266926640970892,2.1973420967684914e-07,451
9,0.05,Comm3,159,Comm2,0.635607659408888,0.2835915961217502,508
9,0.05,Comm3,160,Comm2,0.6279842948870952,9.042468524844464e-07,722
9,0.05,Comm3,161,Comm2,0.6271401636798032,1.1674615629570231e-07,25
9,0.05,Comm3,162,Comm2,0.6309643404578579,9.059056920468885e-05,981
9,0.05,Comm3,163,Comm2,0.631621092170633,0.0006679297943792048,462
9,0.05,Comm3,164,Comm2,0.633510237010007,0.0035410538722762458,438
9,0.05,Comm3,165,Comm2,0.6325818498805018,0.0015683979189895965,157
9,0.05,Comm3,166,Comm2,0.6287251302491863,2.4623129450616504e-06,751
9,0.05,Comm3,167,Comm2,0.6320594925172611,0.0003798060409026698,41
9,0.05,Comm3,168,Comm2,0.6262926611214881,1.8101007297102633e-08,352
9,0.05,Comm3,169,Comm2,0.6390814163967002,8.720271491372973,453
9,0.05,Comm3,170,Comm2,0.6389208323448949,1.3003342768259216,618
9,0.05,Comm3,171,Comm2,0.6255279497977783,1.1566470250445974e-07,861
9,0.05,Comm3,172,Comm2,0.626958174207924,8.563920191349685e-08,745
9,0.05,Comm3,173,Comm2,0.6304577285784225,5.592981925718511e-05,558
9,0.05,Comm3,174,Comm2,0.637780180803527,2.592154661206404,58
9,0.05,Comm3,175,Comm2,0.6330589374813124,0.004383477909289817,630
9,0.05,Comm3,176,Comm2,0.628679664994198,1.425245441569127e-06,949
9,0.05,Comm3,177,Comm2,0.6325834445762551,0.0004942867966113078,39
9,0.05,Comm3,178,Comm2,0.6303665217131352,1.1470544489243254e-05,281
9,0.05,Comm3,179,Comm2,0.6293781381532391,1.1848977739482485e-05,577
9,0.05,Comm3,180,Comm2,0.6275079153668638,3.309891308115413e-07,379
9,0.05,Comm3,181,Comm2,0.624424280645339,1.5194710054541707e-09,388
9,0.05,Comm3,182,Comm2,0.6333527260787414,0.001555803418026845,715
9,0.05,Comm3,183,Comm2,0.6269388000045307,6.371125922937264e-08,468
9,0.05,Comm3,184,Comm2,0.631735312788895,0.0004502630267626429,942
9,0.05,Comm3,185,Comm2,0.6327807407045621,0.003158930386123943,226
9,0.05,Comm3,186,Comm2,0.6286072834653665,7.186863055652756e-07,620
9,0.05,Comm3,187,Comm2,0.6267395007640068,8.477387705017186e-07,141
9,0.05,Comm3,188,Comm2,0.6247992724845045,1.129065402995374e-09,776
9,0.05,Comm3,189,Comm2,0.6250375842775511,3.2868144963491494e-10,376
9,0.05,Comm3,190,Comm2,0.6322908066517043,0.00029927858341677636,541
9,0.05,Comm3,191,Comm2,0.6271015487705739,3.644067607169518e-07,250
9,0.05,Comm3,192,Comm2,0.6256177288714074,1.887272156170866e-08,850
9,0.05,Comm3,193,Comm2,0.6327735469504139,0.0002865838775863069,726
9,0.05,Comm3,194,Comm2,0.6315088785234213,0.000648843145264861,595
9,0.05,Comm3,195,Comm2,0.6397611147121011,6.317059492425845,568
9,0.05,Comm3,196,Comm2,0.6316493959053783,0.0008168009310982911,709
9,0.05,Comm3,197,Comm2,0.6335864423277429,0.0015736791810388475,679
9,0.05,Comm3,198,Comm2,0.63620318741488,0.4737261387341758,689
9,0.05,Comm3,199,Comm2,0.6312546654497732,3.0038688819973858e-05,566
9,0.05,Comm3,200,Comm2,0.630259398559994,1.9192638443649895e-05,660
9,0.1,Comm1,1,Comm1,0.6387343833251792,52.891417524424604,214
9,0.1,Comm1,2,Comm1,0.6257179547856938,0.010213703389206038,790
9,0.1,Comm1,3,Comm1,0.6366583047391542,2.125632433985606,826
9,0.1,Comm1,4,Comm1,0.6368081807175563,4.997491530171686,304
9,0.1,Comm1,5,Comm1,0.6247845754939726,0.001774708813944245,12
9,0.1,Comm1,6,Comm1,0.628496206176891,0.050654965468248415,266
9,0.1,Comm1,7,Comm1,0.633660081517693,0.7410621045031187,502
9,0.1,Comm1,8,Comm1,0.6358918747183275,2.6091702756001363,704
9,0.1,Comm1,9,Comm1,0.6317466845026021,0.4416675477718446,856
9,0.1,Comm1,10,Comm1,0.6351579097334399,2.1823729269047902,82
9,0.1,Comm1,11,Comm1,0.6354271579993566,13.35071337985694,365
9,0.1,Comm1,12,Comm1,0.6394812006581996,70.70617195715269,198
9,0.1,Comm1,13,Comm1,0.6351568177899399,1.9467902841271545,140
9,0.1,Comm1,14,Comm1,0.6286267690692683,0.05483367443744106,290
9,0.1,Comm1,15,Comm1,0.6257296180881396,0.00266865169985349,883
9,0.1,Comm1,16,Comm1,0.6267445200422322,0.007125287806641243,774
9,0.1,Comm1,17,Comm1,0.6293227941892793,0.10583286704806724,935
9,0.1,Comm1,18,Comm1,0.6370039741520206,34.45528856842471,337
9,0.1,Comm1,19,Comm1,0.6306144351417555,0.1341584840080134,574
9,0.1,Comm1,20,Comm1,0.6366780917348934,10.325611544266657,755
9,0.1,Comm1,21,Comm1,0.6281102990867365,0.026207738691636836,466
9,0.1,Comm1,22,Comm1,0.6318709289882913,0.3412478537632528,427
9,0.1,Comm1,23,Comm1,0.6294616914013451,0.05370144935835279,276
9,0.1,Comm1,24,Comm1,0.6334224788257681,1.237326608327507,889
9,0.1,Comm1,25,Comm1,0.6338319764620256,0.36957523009742355,890
9,0.1,Comm1,26,Comm1,0.636571904593841,6.934175420345434,72
9,0.1,Comm1,27,Comm1,0.627188181870147,0.012327660303334338,646
9,0.1,Comm1,28,Comm1,0.624091917604404,0.0029563644652174136,999
9,0.1,Comm1,29,Comm1,0.6385374041920342,13.654999314056038,495
9,0.1,Comm1,30,Comm1,0.632508806372052,1.6117823922705252,820
9,0.1,Comm1,31,Comm1,0.6244664638065566,0.0008186817865681661,32
9,0.1,Comm1,32,Comm1,0.6317964211620015,0.05937830941822293,643
9,0.1,Comm1,33,Comm1,0.6257957145591918,0.002849615266843748,957
9,0.1,Comm1,34,Comm1,0.6254663017477494,0.002644419293450539,903
9,0.1,Comm1,35,Comm1,0.6288148938091717,0.021761983482761926,676
9,0.1,Comm1,36,Comm1,0.6386428964624187,38.750673624326836,583
9,0.1,Comm1,37,Comm1,0.6311005362111417,0.8283911161634215,81
9,0.1,Comm1,38,Comm1,0.6328942032792954,0.6849576663032001,69
9,0.1,Comm1,39,Comm1,0.6293565946523685,0.025086742426845155,996
9,0.1,Comm1,40,Comm1,0.6312159201877267,0.2567048276646354,248
9,0.1,Comm1,41,Comm1,0.6362830859640559,26.21366463727572,74
9,0.1,Comm1,42,Comm1,0.6289508933172973,0.05018582466764668,930
9,0.1,Comm1,43,Comm1,0.6270675577992681,0.007046847939686414,473
9,0.1,Comm1,44,Comm1,0.6398367222933448,38.33576407828606,257
9,0.1,Comm1,45,Comm1,0.6278359539456905,0.014754398522288357,536
9,0.1,Comm1,46,Comm1,0.6330311125637385,0.40230206856910566,43
9,0.1,Comm1,47,Comm1,0.6390278064057331,10.489164077735394,623
9,0.1,Comm1,48,Comm1,0.6281914649661852,0.04472962371718788,952
9,0.1,Comm1,49,Comm1,0.6320121388370007,0.35333318909209505,320
9,0.1,Comm1,50,Comm1,0.6332102231573048,0.7113241012455047,396
9,0.1,Comm1,51,Comm1,0.6298310712912445,0.052991081158808566,580
9,0.1,Comm1,52,Comm1,0.6274535477275945,0.013735627201548415,809
9,0.1,Comm1,53,Comm1,0.6356425704995541,7.503235818453193,493
9,0.1,Comm1,54,Comm1,0.6301590912355681,0.12483188192921081,326
9,0.1,Comm1,55,Comm1,0.6331366185726744,0.7604906821826986,592
9,0.1,Comm1,56,Comm1,0.6311914592826149,0.20009783417661764,268
9,0.1,Comm1,57,Comm1,0.6292146290693341,0.0594250446607048,940
9,0.1,Comm1,58,Comm1,0.6349003747245268,3.1069333673531756,586
9,0.1,Comm1,59,Comm1,0.6301204007352229,0.075866281094646,998
9,0.1,Comm1,60,Comm1,0.6325676322157466,0.19669432034122614,601
9,0.1,Comm1,61,Comm1,0.6393308092144686,30.86804709323934,344
9,0.1,Comm1,62,Comm1,0.6323496750289225,0.3118598979694552,479
9,0.1,Comm1,63,Comm1,0.6289431596815703,0.00759766087162761,591
9,0.1,Comm1,64,Comm1,0.6340048453294166,2.1375591035240227,288
9,0.1,Comm1,65,Comm1,0.6353804234472675,2.8297774307754167,243
9,0.1,Comm1,66,Comm1,0.6340228015367718,1.067277629648954,294
9,0.1,Comm1,67,Comm1,0.6271322298339387,0.003957574192652445,122
9,0.1,Comm1,68,Comm1,0.629612686738119,0.019553736214959015,511
9,0.1,Comm1,69,Comm1,0.6323383399677067,0.7407498168364783,979
9,0.1,Comm1,70,Comm1,0.6288362178380196,0.03136176920133279,61
9,0.1,Comm1,71,Comm1,0.6335999510610004,1.3997843729957045,614
9,0.1,Comm1,72,Comm1,0.6334872513680542,1.1146793234299557,692
9,0.1,Comm1,73,Comm1,0.6360684168901424,7.768079092455704,263
9,0.1,Comm1,74,Comm1,0.6377796934887253,10.230192364663951,85
9,0.1,Comm1,75,Comm1,0.6265923388825146,0.012208470351236978,520
9,0.1,Comm1,76,Comm1,0.6398654915923071,68.67598731336163,518
9,0.1,Comm1,77,Comm1,0.6391379561011783,20.15238059652379,181
9,0.1,Comm1,78,Comm1,0.6252269522882432,0.006109731081876005,232
9,0.1,Comm1,79,Comm1,0.6288650153026186,0.0363137065440369,780
9,0.1,Comm1,80,Comm1,0.6245358428686865,0.0006333111506747604,865
9,0.1,Comm1,81,Comm1,0.6370313330090488,28.75443813114009,33
9,0.1,Comm1,82,Comm1,0.6249450097195308,0.002379135035074966,418
9,0.1,Comm1,83,Comm1,0.6347911310682737,1.7023119242407048,295
9,0.1,Comm1,84,Comm1,0.6252590880815909,0.0029349839526807988,246
9,0.1,Comm1,85,Comm1,0.630067423360636,0.0567306477880105,988
9,0.1,Comm1,86,Comm1,0.6256161299943516,0.008284439050317416,205
9,0.1,Comm1,87,Comm1,0.6349783582915531,1.4830943598368944,110
9,0.1,Comm1,88,Comm1,0.6307459999406375,0.05024631113906902,773
9,0.1,Comm1,89,Comm1,0.6249253258846733,0.0027449393904821254,656
9,0.1,Comm1,90,Comm1,0.6349605907085595,1.3114135420779307,307
9,0.1,Comm1,91,Comm1,0.6331286156328363,1.2976311964641738,770
9,0.1,Comm1,92,Comm1,0.6312165224784069,0.26620852006057166,218
9,0.1,Comm1,93,Comm1,0.6383825392497495,8.250915608044616,411
9,0.1,Comm1,94,Comm1,0.6280829823798805,0.019900963208494667,193
9,0.1,Comm1,95,Comm1,0.6376461136341757,41.8107713948301,840
9,0.1,Comm1,96,Comm1,0.6260457236178657,0.003235173128680265,393
9,0.1,Comm1,97,Comm1,0.6316584061192505,0.7546983950789409,420
9,0.1,Comm1,98,Comm1,0.6340023288001441,1.2073624577437632,712
9,0.1,Comm1,99,Comm1,0.6337022379371382,1.8297006542560248,397
9,0.1,Comm1,100,Comm1,0.6353744346999599,8.803620098487272,206
9,0.1,Comm2,1,Comm2,0.6287947729324526,0.03547006618763555,844
9,0.1,Comm2,2,Comm2,0.6357419524350114,16.794513698769986,822
9,0.1,Comm2,3,Comm2,0.6324229139161414,0.9687919593020302,185
9,0.1,Comm2,4,Comm2,0.6250108674349798,0.008684397901997829,507
9,0.1,Comm2,5,Comm2,0.6302212086269141,0.16012903898761122,779
9,0.1,Comm2,6,Comm2,0.6364324873496298,8.501614210929862,607
9,0.1,Comm2,7,Comm2,0.6351956847527844,1.8209992228715177,902
9,0.1,Comm2,8,Comm2,0.6389797799565597,27.239335121268944,929
9,0.1,Comm2,9,Comm2,0.6371421130374584,28.80945448267924,146
9,0.1,Comm2,10,Comm2,0.6301676016326585,0.3866818785914664,456
9,0.1,Comm2,11,Comm2,0.6247598215438535,0.0025413288293603007,160
9,0.1,Comm2,12,Comm2,0.6281053898739656,0.032044412886556295,182
9,0.1,Comm2,13,Comm2,0.6298916492499486,0.09847008637829655,381
9,0.1,Comm2,14,Comm2,0.6282471724037457,0.012179804558930316,974
9,0.1,Comm2,15,Comm2,0.625448380651868,0.005099872532540682,64
9,0.1,Comm2,16,Comm2,0.6364176488784975,5.453299641502796,781
9,0.1,Comm2,17,Comm2,0.6242017113198632,0.0012798219666435237,600
9,0.1,Comm2,18,Comm2,0.635388728141293,4.972067305251335,413
9,0.1,Comm2,19,Comm2,0.6365337645963701,5.047457200911399,73
9,0.1,Comm2,20,Comm2,0.6248273429099115,0.008595735852223898,457
9,0.1,Comm2,21,Comm2,0.6372826063783164,36.615396292358376,546
9,0.1,Comm2,22,Comm2,0.6306221712224946,0.30724240354410515,373
9,0.1,Comm2,23,Comm2,0.6335030467897872,2.451273419921981,312
9,0.1,Comm2,24,Comm2,0.6393588323877724,44.83894405778776,862
9,0.1,Comm2,25,Comm2,0.6317206361316987,1.70146271795412,103
9,0.1,Comm2,26,Comm2,0.6335504592838632,4.424634882628003,831
9,0.1,Comm2,27,Comm2,0.626226689228389,0.005202159012605779,31
9,0.1,Comm2,28,Comm2,0.6363192328522601,9.430614210649686,972
9,0.1,Comm2,29,Comm2,0.6285162084737556,0.052740832244690936,702
9,0.1,Comm2,30,Comm2,0.6370313220370293,29.483189853006134,339
9,0.1,Comm2,31,Comm2,0.6307127319715236,0.18603515211977772,788
9,0.1,Comm2,32,Comm2,0.6298454901495895,0.28546765360102305,598
9,0.1,Comm2,33,Comm2,0.6352031357445989,3.8771207094358453,978
9,0.1,Comm2,34,Comm2,0.6377167700938201,32.52015136588279,515
9,0.1,Comm2,35,Comm2,0.6349563210245794,5.1332642435560745,313
9,0.1,Comm2,36,Comm2,0.6351371550924523,5.7981285278370525,871
9,0.1,Comm2,37,Comm2,0.630801930847774,0.44120246174370903,701
9,0.1,Comm2,38,Comm2,0.6378132318345886,26.812194045704754,173
9,0.1,Comm2,39,Comm2,0.6292284507724903,0.10321047490311273,158
9,0.1,Comm2,40,Comm2,0.6397291599953863,36.16427887668692,649
9,0.1,Comm2,41,Comm2,0.6396341288004852,50.86351765421209,65
9,0.1,Comm2,42,Comm2,0.6256708458659532,0.0034985845630287364,766
9,0.1,Comm2,43,Comm2,0.631530520142531,1.973617279405592,332
9,0.1,Comm2,44,Comm2,0.6309959329212094,0.38546395087079544,467
9,0.1,Comm2,45,Comm2,0.6303097320155616,0.04633838462272642,661
9,0.1,Comm2,46,Comm2,0.6293382728342888,0.12164712647369659,196
9,0.1,Comm2,47,Comm2,0.6320162728063008,1.6799780813360248,631
9,0.1,Comm2,48,Comm2,0.6319982732729318,4.654052743447542,96
9,0.1,Comm2,49,Comm2,0.6341838713948297,2.0161539285525203,720
9,0.1,Comm2,50,Comm2,0.6309687418771602,0.3209410806197705,168
9,0.1,Comm2,51,Comm2,0.6250770719376889,0.0035916609104664488,409
9,0.1,Comm2,52,Comm2,0.6337161846596986,2.3257781159878155,854
9,0.1,Comm2,53,Comm2,0.6275771348758317,0.02717525117364777,872
9,0.1,Comm2,54,Comm2,0.6290010514179533,0.2145939197128895,560
9,0.1,Comm2,55,Comm2,0.6316385186409299,0.4533244132542925,823
9,0.1,Comm2,56,Comm2,0.6376305616283028,9.133741049449757,484
9,0.1,Comm2,57,Comm2,0.6287354836219324,0.045480245416246595,983
9,0.1,Comm2,58,Comm2,0.6266926640970892,0.014100708907419685,451
9,0.1,Comm2,59,Comm2,0.635607659408888,10.079059655528583,508
9,0.1,Comm2,60,Comm2,0.6279842948870952,0.02295463554042101,722
9,0.1,Comm2,61,Comm2,0.6271401636798032,0.01467196518523923,25
9,0.1,Comm2,62,Comm2,0.6309643404578579,0.231312449230065,981
9,0.1,Comm2,63,Comm2,0.631621092170633,1.0995826711104297,462
9,0.1,Comm2,64,Comm2,0.633510237010007,2.228083932183861,438
9,0.1,Comm2,65,Comm2,0.6325818498805018,0.7295036256295319,157
9,0.1,Comm2,66,Comm2,0.6287251302491863,0.026508635429213914,751
9,0.1,Comm2,67,Comm2,0.6320594925172611,0.19473554974976026,41
9,0.1,Comm2,68,Comm2,0.6262926611214881,0.009420377572924616,352
9,0.1,Comm2,69,Comm2,0.6390814163967002,31.919214664228516,453
9,0.1,Comm2,70,Comm2,0.6389208323448949,13.469860242662685,618
9,0.1,Comm2,71,Comm2,0.6255279497977783,0.01139183953368824,861
9,0.1,Comm2,72,Comm2,0.626958174207924,0.020212996172269806,745
9,0.1,Comm2,73,Comm2,0.6304577285784225,0.10844299971570508,558
9,0.1,Comm2,74,Comm2,0.637780180803527,28.262794554760877,58
9,0.1,Comm2,75,Comm2,0.6330589374813124,3.1214964419118916,630
9,0.1,Comm2,76,Comm2,0.628679664994198,0.04933505316431437,949
9,0.1,Comm2,77,Comm2,0.6325834445762551,0.39264637818240017,39
9,0.1,Comm2,78,Comm2,0.6303665217131352,0.07708227511418272,281
9,0.1,Comm2,79,Comm2,0.6293781381532391,0.11810647941535725,577
9,0.1,Comm2,80,Comm2,0.6275079153668638,0.027873842624461964,379
9,0.1,Comm2,81,Comm2,0.624424280645339,0.0012389828789444567,388
9,0.1,Comm2,82,Comm2,0.6333527260787414,1.5175459546934398,715
9,0.1,Comm2,83,Comm2,0.6269388000045307,0.013036224032483295,468
9,0.1,Comm2,84,Comm2,0.631735312788895,0.639177053739685,942
9,0.1,Comm2,85,Comm2,0.6327807407045621,1.0952601391465613,226
9,0.1,Comm2,86,Comm2,0.6286072834653665,0.020623926054956054,620
9,0.1,Comm2,87,Comm2,0.6267395007640068,0.01565836397155343,141
9,0.1,Comm2,88,Comm2,0.6247992724845045,0.0005088472395633637,776
9,0.1,Comm2,89,Comm2,0.6250375842775511,0.0017175546013637837,376
9,0.1,Comm2,90,Comm2,0.6322908066517043,0.9165391818048844,541
9,0.1,Comm2,91,Comm2,0.6271015487705739,0.01684042876239954,250
9,0.1,Comm2,92,Comm2,0.6256177288714074,0.010975862929331432,850
9,0.1,Comm2,93,Comm2,0.6327735469504139,0.16022058413623916,726
9,0.1,Comm2,94,Comm2,0.6315088785234213,0.8094508453100473,595
9,0.1,Comm2,95,Comm2,0.6397611147121011,39.3280360984928,568
9,0.1,Comm2,96,Comm2,0.6316493959053783,0.5884230861448319,709
9,0.1,Comm2,97,Comm2,0.6335864423277429,0.7636841378119783,679
9,0.1,Comm2,98,Comm2,0.63620318741488,36.21819554634071,689
9,0.1,Comm2,99,Comm2,0.6312546654497732,0.26508553154596265,566
9,0.1,Comm2,100,Comm2,0.630259398559994,0.10912531170581954,660
9,0.1,Comm3,1,Comm1,0.6387343833251792,43.45495865027997,214
9,0.1,Comm3,2,Comm1,0.6257179547856938,1.2567683067200945e-06,790
9,0.1,Comm3,3,Comm1,0.6366583047391542,0.5430621099255565,826
9,0.1,Comm3,4,Comm1,0.6368081807175563,0.7086474284362093,304
9,0.1,Comm3,5,Comm1,0.6247845754939726,1.8255447656923736e-07,12
9,0.1,Comm3,6,Comm1,0.628496206176891,6.180136144712936e-05,266
9,0.1,Comm3,7,Comm1,0.633660081517693,0.025042216535832593,502
9,0.1,Comm3,8,Comm1,0.6358918747183275,0.5260349591197047,704
9,0.1,Comm3,9,Comm1,0.6317466845026021,0.008224892870855526,856
9,0.1,Comm3,10,Comm1,0.6351579097334399,0.35457583226058154,82
9,0.1,Comm3,11,Comm1,0.6354271579993566,2.3932909155901454,365
9,0.1,Comm3,12,Comm1,0.6394812006581996,70.09122446242026,198
9,0.1,Comm3,13,Comm1,0.6351568177899399,0.20195117285394545,140
9,0.1,Comm3,14,Comm1,0.6286267690692683,4.936281321404419e-05,290
9,0.1,Comm3,15,Comm1,0.6257296180881396,7.06561316925478e-07,883
9,0.1,Comm3,16,Comm1,0.6267445200422322,6.400888850320195e-07,774
9,0.1,Comm3,17,Comm1,0.6293227941892793,0.0012975395499502833,935
9,0.1,Comm3,18,Comm1,0.6370039741520206,17.247945338222433,337
9,0.1,Comm3,19,Comm1,0.6306144351417555,0.00035649186728547587,574
9,0.1,Comm3,20,Comm1,0.6366780917348934,2.6498939465536373,755
9,0.1,Comm3,21,Comm1,0.6281102990867365,1.5868889353424636e-05,466
9,0.1,Comm3,22,Comm1,0.6318709289882913,0.0063999658282528835,427
9,0.1,Comm3,23,Comm1,0.6294616914013451,5.768261333003278e-05,276
9,0.1,Comm3,24,Comm1,0.6334224788257681,0.047747461160864216,889
9,0.1,Comm3,25,Comm1,0.6338319764620256,0.007487760528350117,890
9,0.1,Comm3,26,Comm1,0.636571904593841,2.358849040580675,72
9,0.1,Comm3,27,Comm1,0.627188181870147,4.9529186789185876e-06,646
9,0.1,Comm3,28,Comm1,0.624091917604404,8.607111948211322e-07,999
9,0.1,Comm3,29,Comm1,0.6385374041920342,13.100349854746911,495
9,0.1,Comm3,30,Comm1,0.632508806372052,0.09727701977454443,820
9,0.1,Comm3,31,Comm1,0.6244664638065566,8.368407048080121e-09,32
9,0.1,Comm3,32,Comm1,0.6317964211620015,5.968179675864013e-05,643
9,0.1,Comm3,33,Comm1,0.6257957145591918,3.3732283487641934e-07,957
9,0.1,Comm3,34,Comm1,0.6254663017477494,4.777953851438637e-08,903
9,0.1,Comm3,35,Comm1,0.6288148938091717,2.4986901027833346e-05,676
9,0.1,Comm3,36,Comm1,0.6386428964624187,38.18861123800944,583
9,0.1,Comm3,37,Comm1,0.6311005362111417,0.10513381817505625,81
9,0.1,Comm3,38,Comm1,0.6328942032792954,0.018320438728733172,69
9,0.1,Comm3,39,Comm1,0.6293565946523685,1.507485484458398e-05,996
9,0.1,Comm3,40,Comm1,0.6312159201877267,0.003158383555595722,248
9,0.1,Comm3,41,Comm1,0.6362830859640559,19.41795748585459,74
9,0.1,Comm3,42,Comm1,0.6289508933172973,5.867414719467076e-05,930
9,0.1,Comm3,43,Comm1,0.6270675577992681,8.516391610665646e-07,473
9,0.1,Comm3,44,Comm1,0.6398367222933448,47.70410726242275,257
9,0.1,Comm3,45,Comm1,0.6278359539456905,1.441357080289061e-05,536
9,0.1,Comm3,46,Comm1,0.6330311125637385,0.016971596278726034,43
9,0.1,Comm3,47,Comm1,0.6390278064057331,9.996900296413115,623
9,0.1,Comm3,48,Comm1,0.6281914649661852,2.1621567681916986e-05,952
9,0.1,Comm3,49,Comm1,0.6320121388370007,0.004603905322225915,320
9,0.1,Comm3,50,Comm1,0.6332102231573048,0.021425792434215087,396
9,0.1,Comm3,51,Comm1,0.6298310712912445,0.00010759839937471222,580
9,0.1,Comm3,52,Comm1,0.6274535477275945,4.69881254515624e-06,809
9,0.1,Comm3,53,Comm1,0.6356425704995541,1.7959816769143777,493
9,0.1,Comm3,54,Comm1,0.6301590912355681,0.0001983180299683572,326
9,0.1,Comm3,55,Comm1,0.6331366185726744,0.008476762444261937,592
9,0.1,Comm3,56,Comm1,0.6311914592826149,0.0005613001852491429,268
9,0.1,Comm3,57,Comm1,0.6292146290693341,0.0006710481700777287,940
9,0.1,Comm3,58,Comm1,0.6349003747245268,0.2766608987526506,586
9,0.1,Comm3,59,Comm1,0.6301204007352229,0.00014184694591988945,998
9,0.1,Comm3,60,Comm1,0.6325676322157466,0.0027923887473588027,601
9,0.1,Comm3,61,Comm1,0.6393308092144686,28.168072142027402,344
9,0.1,Comm3,62,Comm1,0.6323496750289225,0.0026905995136994112,479
9,0.1,Comm3,63,Comm1,0.6289431596815703,2.3893183264771984e-06,591
9,0.1,Comm3,64,Comm1,0.6340048453294166,0.059960310311016514,288
9,0.1,Comm3,65,Comm1,0.6353804234472675,0.2804612771814303,243
9,0.1,Comm3,66,Comm1,0.6340228015367718,0.08227070039132303,294
9,0.1,Comm3,67,Comm1,0.6271322298339387,5.565276960859623e-07,122
9,0.1,Comm3,68,Comm1,0.629612686738119,1.4254812058520902e-05,511
9,0.1,Comm3,69,Comm1,0.6323383399677067,0.019124945389760777,979
9,0.1,Comm3,70,Comm1,0.6288362178380196,5.781044566108485e-05,61
9,0.1,Comm3,71,Comm1,0.6335999510610004,0.20678246017621363,614
9,0.1,Comm3,72,Comm1,0.6334872513680542,0.19659597207404417,692
9,0.1,Comm3,73,Comm1,0.6360684168901424,3.4128662641602823,263
9,0.1,Comm3,74,Comm1,0.6377796934887253,6.503167818591322,85
9,0.1,Comm3,75,Comm1,0.6265923388825146,3.784864192339004e-06,520
9,0.1,Comm3,76,Comm1,0.6398654915923071,79.44408649853179,518
9,0.1,Comm3,77,Comm1,0.6391379561011783,24.704968012064604,181
9,0.1,Comm3,78,Comm1,0.6252269522882432,3.1359735098628763e-06,232
9,0.1,Comm3,79,Comm1,0.6288650153026186,8.745972746634838e-05,780
9,0.1,Comm3,80,Comm1,0.6245358428686865,5.440311273707344e-10,865
9,0.1,Comm3,81,Comm1,0.6370313330090488,21.123123712070456,33
9,0.1,Comm3,82,Comm1,0.6249450097195308,1.3265316536532095e-07,418
9,0.1,Comm3,83,Comm1,0.6347911310682737,0.04901870976084659,295
9,0.1,Comm3,84,Comm1,0.6252590880815909,3.2762283449382193e-07,246
9,0.1,Comm3,85,Comm1,0.630067423360636,0.00010716722372721897,988
9,0.1,Comm3,86,Comm1,0.6256161299943516,8.26479826252203e-07,205
9,0.1,Comm3,87,Comm1,0.6349783582915531,0.2182692746724356,110
9,0.1,Comm3,88,Comm1,0.6307459999406375,0.00019398100505022838,773
9,0.1,Comm3,89,Comm1,0.6249253258846733,2.588886418859331e-07,656
9,0.1,Comm3,90,Comm1,0.6349605907085595,0.07880926075032518,307
9,0.1,Comm3,91,Comm1,0.6331286156328363,0.07041230360599651,770
9,0.1,Comm3,92,Comm1,0.6312165224784069,0.002626256055921953,218
9,0.1,Comm3,93,Comm1,0.6383825392497495,3.9603790272787753,411
9,0.1,Comm3,94,Comm1,0.6280829823798805,3.420353116342683e-05,193
9,0.1,Comm3,95,Comm1,0.6376461136341757,60.108226608172565,840
9,0.1,Comm3,96,Comm1,0.6260457236178657,5.43357890743462e-07,393
9,0.1,Comm3,97,Comm1,0.6316584061192505,0.006916565779420915,420
9,0.1,Comm3,98,Comm1,0.6340023288001441,0.10717449786597025,712
9,0.1,Comm3,99,Comm1,0.6337022379371382,0.04694859084193747,397
9,0.1,Comm3,100,Comm1,0.6353744346999599,1.8847998220041415,206
9,0.1,Comm3,101,Comm2,0.6287947729324526,7.77350241249028e-06,844
9,0.1,Comm3,102,Comm2,0.6357419524350114,0.13388415779100396,822
9,0.1,Comm3,103,Comm2,0.6324229139161414,0.0028235048803648545,185
9,0.1,Comm3,104,Comm2,0.6250108674349798,1.6045843017848286e-07,507
9,0.1,Comm3,105,Comm2,0.6302212086269141,3.965972190217151e-05,779
9,0.1,Comm3,106,Comm2,0.6364324873496298,0.4115130986714111,607
9,0.1,Comm3,107,Comm2,0.6351956847527844,0.024728277932488003,902
9,0.1,Comm3,108,Comm2,0.6389797799565597,3.5646377280924497,929
9,0.1,Comm3,109,Comm2,0.6371421130374584,2.937851916782087,146
9,0.1,Comm3,110,Comm2,0.6301676016326585,5.131072482647699e-05,456
9,0.1,Comm3,111,Comm2,0.6247598215438535,-1.5712752288083676e-09,160
9,0.1,Comm3,112,Comm2,0.6281053898739656,4.234980900584231e-06,182
9,0.1,Comm3,113,Comm2,0.6298916492499486,2.6176642393968218e-05,381
9,0.1,Comm3,114,Comm2,0.6282471724037457,1.4219895064952449e-06,974
9,0.1,Comm3,115,Comm2,0.625448380651868,5.875023464067917e-09,64
9,0.1,Comm3,116,Comm2,0.6364176488784975,0.093760523144734,781
9,0.1,Comm3,117,Comm2,0.6242017113198632,1.6643733797305536e-08,600
9,0.1,Comm3,118,Comm2,0.635388728141293,0.0880994164928544,413
9,0.1,Comm3,119,Comm2,0.6365337645963701,0.46760574916074427,73
9,0.1,Comm3,120,Comm2,0.6248273429099115,6.151233263238126e-08,457
9,0.1,Comm3,121,Comm2,0.6372826063783164,4.06871376357436,546
9,0.1,Comm3,122,Comm2,0.6306221712224946,0.00021923605925467477,373
9,0.1,Comm3,123,Comm2,0.6335030467897872,0.009284207951899747,312
9,0.1,Comm3,124,Comm2,0.6393588323877724,23.123825122948794,862
9,0.1,Comm3,125,Comm2,0.6317206361316987,0.0012637358942213833,103
9,0.1,Comm3,126,Comm2,0.6335504592838632,0.025246732246542086,831
9,0.1,Comm3,127,Comm2,0.626226689228389,6.752230649481399e-08,31
9,0.1,Comm3,128,Comm2,0.6363192328522601,0.3655809451276435,972
9,0.1,Comm3,129,Comm2,0.6285162084737556,7.621804697551903e-06,702
9,0.1,Comm3,130,Comm2,0.6370313220370293,2.318953904705655,339
9,0.1,Comm3,131,Comm2,0.6307127319715236,0.00033801499911242477,788
9,0.1,Comm3,132,Comm2,0.6298454901495895,7.799363594169061e-05,598
9,0.1,Comm3,133,Comm2,0.6352031357445989,0.07627950077564072,978
9,0.1,Comm3,134,Comm2,0.6377167700938201,6.6000451384859655,515
9,0.1,Comm3,135,Comm2,0.6349563210245794,0.13541817215866142,313
9,0.1,Comm3,136,Comm2,0.6351371550924523,0.15779918527517545,871
9,0.1,Comm3,137,Comm2,0.630801930847774,0.0004895038075718694,701
9,0.1,Comm3,138,Comm2,0.6378132318345886,0.9251485244136777,173
9,0.1,Comm3,139,Comm2,0.6292284507724903,6.36167684607428e-05,158
9,0.1,Comm3,140,Comm2,0.6397291599953863,9.386604491220249,649
9,0.1,Comm3,141,Comm2,0.6396341288004852,14.408856564067191,65
9,0.1,Comm3,142,Comm2,0.6256708458659532,1.7951279120995677e-07,766
9,0.1,Comm3,143,Comm2,0.631530520142531,0.0029293148496712046,332
9,0.1,Comm3,144,Comm2,0.6309959329212094,0.00020676328413738547,467
9,0.1,Comm3,145,Comm2,0.6303097320155616,2.259348048035396e-05,661
9,0.1,Comm3,146,Comm2,0.6293382728342888,4.212359445834624e-06,196
9,0.1,Comm3,147,Comm2,0.6320162728063008,0.004403461347064282,631
9,0.1,Comm3,148,Comm2,0.6319982732729318,0.0192878518393263,96
9,0.1,Comm3,149,Comm2,0.6341838713948297,0.011997440652077685,720
9,0.1,Comm3,150,Comm2,0.6309687418771602,0.00023661438430390885,168
9,0.1,Comm3,151,Comm2,0.6250770719376889,5.85395822021882e-09,409
9,0.1,Comm3,152,Comm2,0.6337161846596986,0.004537412649614656,854
9,0.1,Comm3,153,Comm2,0.6275771348758317,4.822282791535542e-07,872
9,0.1,Comm3,154,Comm2,0.6290010514179533,4.712003149010547e-05,560
9,0.1,Comm3,155,Comm2,0.6316385186409299,0.0013754203026456466,823
9,0.1,Comm3,156,Comm2,0.6376305616283028,0.4365728625662624,484
9,0.1,Comm3,157,Comm2,0.6287354836219324,4.359584161255535e-06,983
9,0.1,Comm3,158,Comm2,0.6266926640970892,4.1186160989637923e-07,451
9,0.1,Comm3,159,Comm2,0.635607659408888,0.4785441544987699,508
9,0.1,Comm3,160,Comm2,0.6279842948870952,1.5028126817354872e-06,722
9,0.1,Comm3,161,Comm2,0.6271401636798032,1.6912086370986107e-07,25
9,0.1,Comm3,162,Comm2,0.6309643404578579,0.00014012310843524104,981
9,0.1,Comm3,163,Comm2,0.631621092170633,0.001234888768880438,462
9,0.1,Comm3,164,Comm2,0.633510237010007,0.006473098967281449,438
9,0.1,Comm3,165,Comm2,0.6325818498805018,0.002875704862547322,157
9,0.1,Comm3,166,Comm2,0.6287251302491863,4.122284450059614e-06,751
9,0.1,Comm3,167,Comm2,0.6320594925172611,0.0006366376157630425,41
9,0.1,Comm3,168,Comm2,0.6262926611214881,2.497877911687108e-08,352
9,0.1,Comm3,169,Comm2,0.6390814163967002,12.81560509018625,453
9,0.1,Comm3,170,Comm2,0.6389208323448949,2.121509543948332,618
9,0.1,Comm3,171,Comm2,0.6255279497977783,2.0430401333667145e-07,861
9,0.1,Comm3,172,Comm2,0.626958174207924,1.4633667560697937e-07,745
9,0.1,Comm3,173,Comm2,0.6304577285784225,9.291718832478395e-05,558
9,0.1,Comm3,174,Comm2,0.637780180803527,4.32188252494897,58
9,0.1,Comm3,175,Comm2,0.6330589374813124,0.008722223398014671,630
9,0.1,Comm3,176,Comm2,0.628679664994198,2.472062679145317e-06,949
9,0.1,Comm3,177,Comm2,0.6325834445762551,0.0007525122071848533,39
9,0.1,Comm3,178,Comm2,0.6303665217131352,1.958362863165449e-05,281
9,0.1,Comm3,179,Comm2,0.6293781381532391,1.964403510014235e-05,577
9,0.1,Comm3,180,Comm2,0.6275079153668638,5.848844528619305e-07,379
9,0.1,Comm3,181,Comm2,0.624424280645339,1.440221062723604e-09,388
9,0.1,Comm3,182,Comm2,0.6333527260787414,0.0025954422862827908,715
9,0.1,Comm3,183,Comm2,0.6269388000045307,1.1178549257610627e-07,468
9,0.1,Comm3,184,Comm2,0.631735312788895,0.0008389464632806514,942
9,0.1,Comm3,185,Comm2,0.6327807407045621,0.0052136330579740705,226
9,0.1,Comm3,186,Comm2,0.6286072834653665,1.224515468002855e-06,620
9,0.1,Comm3,187,Comm2,0.6267395007640068,1.406042371804151e-06,141
9,0.1,Comm3,188,Comm2,0.6247992724845045,1.3344027057542423e-09,776
9,0.1,Comm3,189,Comm2,0.6250375842775511,-8.100298316438918e-10,376
9,0.1,Comm3,190,Comm2,0.6322908066517043,0.0005076685766747908,541
9,0.1,Comm3,191,Comm2,0.6271015487705739,5.932370730977571e-07,250
9,0.1,Comm3,192,Comm2,0.6256177288714074,2.885898745326202e-08,850
9,0.1,Comm3,193,Comm2,0.6327735469504139,0.0004292111874517557,726
9,0.1,Comm3,194,Comm2,0.6315088785234213,0.001216092952691311,595
9,0.1,Comm3,195,Comm2,0.6397611147121011,10.429384956777081,568
9,0.1,Comm3,196,Comm2,0.6316493959053783,0.0013438428994677273,709
9,0.1,Comm3,197,Comm2,0.6335864423277429,0.002870235524389622,679
9,0.1,Comm3,198,Comm2,0.63620318741488,0.9774060141971396,689
9,0.1,Comm3,199,Comm2,0.6312546654497732,5.599595979826445e-05,566
9,0.1,Comm3,200,Comm2,0.630259398559994,2.943915383154944e-05,660
