Seed,DilutionRate,Species_ID,CUE,C_final
50,0.001,1,0.1073532946082146,1.455612474178841e-17
50,0.001,2,0.28129134659897503,47.5138577538326
50,0.001,3,0.2017767565045837,3.359720035209441e-07
50,0.001,4,0.051563145585901506,1.5055031450351702e-24
50,0.001,5,0.24741160412457655,0.17291538087241584
50,0.001,6,0.18054678104931474,1.1479485276392555e-08
50,0.001,7,0.1584415263831687,8.549666029615976e-13
50,0.001,8,0.14024442080951063,2.5310206786330712e-14
50,0.001,9,0.151403105593779,4.630673359957197e-13
50,0.001,10,0.22494035938126472,7.678130844440918e-05
50,0.001,11,0.12825249355194593,3.153293361807096e-18
50,0.001,12,0.21732978076093443,0.0008668381432942431
50,0.001,13,0.029346644360886548,4.040497876954896e-26
50,0.001,14,0.22480669489545216,0.006876018873581293
50,0.001,15,0.12690172314163406,5.995563322355061e-16
50,0.001,16,0.14775539897815254,1.7269338493728074e-14
50,0.001,17,0.18058155051124794,2.7884960316121158e-11
50,0.001,18,0.17582478328818082,3.655670275387701e-11
50,0.001,19,0.18078793240527619,1.917183742435458e-10
50,0.001,20,0.16342870999632758,7.382183690706318e-15
50,0.001,21,0.047273037097489284,1.4047467550518656e-23
50,0.001,22,0.19231585546348498,3.787802549550616e-08
50,0.001,23,0.22686576715559315,0.0009682258809786378
50,0.001,24,0.19613171830758067,2.346530608400901e-07
50,0.001,25,0.20662388997214476,6.228486520154909e-06
50,0.001,26,0.035825346339751166,4.324543135908002e-24
50,0.001,27,0.11453091037152893,1.976869562841452e-16
50,0.001,28,0.09734397980345565,1.6145495774254406e-19
50,0.001,29,0.14302801751055724,6.17914792478633e-15
50,0.001,30,0.17397661848602497,8.971088738966635e-11
50,0.001,31,0.13543408895872613,9.333312803405134e-17
50,0.001,32,0.1543017657267469,3.581355757950669e-15
50,0.001,33,0.2055528288777723,1.026791364213331e-06
50,0.001,34,0.18082915455646245,3.9980280966657023e-10
50,0.001,35,0.13592837389563675,9.687550361606769e-17
50,0.001,36,0.16655705870820287,4.008840340172403e-12
50,0.001,37,0.1330579368381576,2.649306609996088e-17
50,0.001,38,0.17398182121497996,8.818925903246756e-11
50,0.001,39,0.07671805783930441,1.2841260453815333e-21
50,0.001,40,0.11118893593846337,1.9779079401997002e-17
50,0.001,41,0.15821421448472342,2.01927529571717e-12
50,0.001,42,0.11546808879878333,1.4060456159164888e-16
50,0.001,43,0.24469474820710116,0.05626790221895775
50,0.001,44,0.17904554430745817,4.5946374239306525e-10
50,0.001,45,0.20409421047864026,1.2974722508658557e-06
50,0.001,46,0.2033294279810352,3.099632837430553e-07
50,0.001,47,0.17497035584357565,6.824331149721581e-10
50,0.001,48,0.2565641505380307,0.5270670305722189
50,0.001,49,0.16556731810596548,2.5715352627808778e-12
50,0.001,50,0.13656042567899,2.7858500030328772e-15
50,0.001,51,0.11998024296151587,1.4585420225803418e-17
50,0.001,52,0.0985821765558353,1.0255550574425965e-20
50,0.001,53,0.16981347738080152,4.0122679622429534e-11
50,0.001,54,0.15211843464260133,1.8175118830877648e-15
50,0.001,55,0.19684335633658165,1.5426321203524808e-06
50,0.001,56,0.10829738826052561,1.8428460505578026e-19
50,0.001,57,0.0789078366713793,2.371114810246527e-22
50,0.001,58,0.1344349302557973,1.7246447380917465e-15
50,0.001,59,0.13162367104139264,3.743277523726583e-15
50,0.001,60,0.138324088772848,1.3071331329828504e-16
50,0.001,61,0.1828070474614714,6.486095453787127e-09
50,0.001,62,0.24607270744261092,0.2817039112431377
50,0.001,63,0.15180410144772105,2.9627991656085866e-13
50,0.001,64,0.20990746234802068,3.0668795133363784e-07
50,0.001,65,0.09936319508522634,4.734731393271819e-21
50,0.001,66,0.10067522233486541,9.764403452999103e-18
50,0.001,67,0.19455681770444586,9.890053433960173e-10
50,0.001,68,0.18731088077695468,1.6426891116519732e-08
50,0.001,69,0.06367215981542593,1.4127120163285628e-23
50,0.001,70,0.07404204844278905,5.949465662048544e-21
50,0.001,71,0.19620552302457966,2.7788973311363054e-08
50,0.001,72,0.2002471443579642,4.295787170671731e-06
50,0.001,73,0.09364592192362613,8.31008151781505e-21
50,0.001,74,0.06681337964393105,1.464162418506358e-23
50,0.001,75,0.14297167468606486,3.4000186546309963e-15
50,0.001,76,0.09983882253846087,6.983981325407037e-20
50,0.001,77,0.0802065435439781,1.2826058011415821e-20
50,0.001,78,0.21066890820134931,4.780464994948392e-05
50,0.001,79,0.06623872789837267,5.5005625654835e-23
50,0.001,80,0.17040005450548243,6.565743089698824e-12
50,0.001,81,0.23856855964344095,0.22725955123382735
50,0.001,82,0.24587102021563084,0.048739513474870585
50,0.001,83,0.16293466024637127,3.512324216008495e-11
50,0.001,84,0.059637608982593966,1.7178864776332068e-22
50,0.001,85,0.1742537918992415,2.3914288604529872e-11
50,0.001,86,0.24215737767530116,0.03220385763922007
50,0.001,87,0.22486861952866433,0.0019222973483248296
50,0.001,88,0.11345623275018651,1.1250623984079075e-16
50,0.001,89,0.22032964883292983,0.008594989541577565
50,0.001,90,0.1277009919975468,2.1263920404302416e-14
50,0.001,91,0.2069352711680634,4.170183537703684e-06
50,0.001,92,0.11032846084500171,1.8541956457189427e-17
50,0.001,93,0.1370500050253454,1.595516102535501e-17
50,0.001,94,0.21164876035593255,6.180845388712366e-05
50,0.001,95,0.16110931211113452,9.999423231266525e-12
50,0.001,96,0.10790875240799447,3.0537328042361224e-17
50,0.001,97,0.10382758122718248,3.659950752180812e-21
50,0.001,98,0.22167364340391296,9.857463643451237e-05
50,0.001,99,0.14580754518317873,7.92246516056905e-14
50,0.001,100,0.1191947724286841,1.6195659755394842e-16
51,0.001,1,0.2334583394793854,0.1117478769652574
51,0.001,2,0.11856830780285696,3.514649128166804e-17
51,0.001,3,0.09504546165042314,1.7773533300529085e-19
51,0.001,4,0.027347960339840285,3.562177643741785e-24
51,0.001,5,0.16260960736156482,1.325126487804192e-11
51,0.001,6,0.12127449203169803,2.982488178181052e-17
51,0.001,7,0.13466147435598164,8.033221462713267e-14
51,0.001,8,0.12769179068065,9.120314492941413e-16
51,0.001,9,0.07101740451086834,4.0130232828723916e-23
51,0.001,10,0.06650696197023845,9.761535350427387e-22
51,0.001,11,0.1637774353405417,1.0498180706867678e-11
51,0.001,12,0.09748638137519315,4.587090209698299e-18
51,0.001,13,0.1643697828265258,1.809003160577902e-11
51,0.001,14,0.20664476499183465,9.244554062268191e-07
51,0.001,15,0.0997641678231689,5.442663407926097e-18
51,0.001,16,0.24639902709599387,5.870473679236269
51,0.001,17,0.15331111554366844,2.209177472257852e-13
51,0.001,18,0.07480308134247549,5.0053936735773076e-21
51,0.001,19,0.17436016240440932,8.256353958183051e-10
51,0.001,20,0.12606329026168406,1.3800098225569418e-17
51,0.001,21,0.1306622351554325,1.0802174370485612e-14
51,0.001,22,0.2040833964696186,1.3488056329932535e-05
51,0.001,23,0.13444255600887303,1.2662541577720121e-15
51,0.001,24,0.14157331126055295,1.1858467896266795e-13
51,0.001,25,0.25616674645907783,18.969848291590523
51,0.001,26,0.07859905448194873,9.660676044681677e-21
51,0.001,27,0.044563580697454704,1.1594919002115426e-25
51,0.001,28,0.1463292193896983,3.0005869954372517e-12
51,0.001,29,0.1524912799221641,5.832229865494232e-13
51,0.001,30,0.12903305134312576,1.2982489898081323e-14
51,0.001,31,0.13714539788627586,4.705942454831706e-16
51,0.001,32,0.09337242690820394,2.3227187629365128e-20
51,0.001,33,0.13245610852260306,3.2229110363077665e-15
51,0.001,34,0.046189095421802856,1.4351994663111024e-23
51,0.001,35,0.18563193434575911,6.47385695694238e-09
51,0.001,36,0.07395560660281714,3.618212941435643e-21
51,0.001,37,0.19353214626413787,2.500492049858781e-07
51,0.001,38,0.19196596615650452,4.6219789968784905e-05
51,0.001,39,0.11308353296877334,1.7219615867683963e-16
51,0.001,40,0.1400503530435107,6.409230084991588e-16
51,0.001,41,-0.02384047169745638,2.4187135408513894e-30
51,0.001,42,0.09717781221994938,6.614875460432606e-20
51,0.001,43,0.029517886465930395,1.595889420875591e-24
51,0.001,44,0.1201998042917334,5.3620355617952866e-17
51,0.001,45,0.228678398542668,0.1137590687028329
51,0.001,46,0.17833678966562225,1.464734428775387e-07
51,0.001,47,0.12354695791800722,5.041460742051585e-16
51,0.001,48,0.2599431209997846,14.181062321967119
51,0.001,49,0.18136381180002398,3.62143984912262e-09
51,0.001,50,0.21076699840401358,4.5826253955924837e-05
51,0.001,51,0.2077726290697609,2.5922598682326057e-07
51,0.001,52,0.0953233063737399,7.813595914045545e-20
51,0.001,53,0.0619264789998181,3.424851237990363e-22
51,0.001,54,0.05541177355298847,5.033190162295529e-24
51,0.001,55,0.10082400346842281,1.635487671506621e-18
51,0.001,56,0.1437844727909629,4.195475918302984e-15
51,0.001,57,0.1832332552643036,2.778143608733784e-09
51,0.001,58,0.0589869358230524,1.0202518379843832e-22
51,0.001,59,0.12313441117817384,7.485820493768727e-17
51,0.001,60,0.16683021149386468,2.870808545773394e-12
51,0.001,61,0.18896316402854244,1.8243573279453513e-07
51,0.001,62,0.14047973847480483,8.916113246794027e-14
51,0.001,63,0.08532920346235316,2.145551482111612e-20
51,0.001,64,0.10340152944245776,8.807744975925894e-18
51,0.001,65,0.11009126816734355,5.309561717187971e-19
51,0.001,66,0.1951167333190465,2.9131491099087847e-07
51,0.001,67,0.10831439309419032,4.445316293855697e-20
51,0.001,68,0.13481914098597245,2.0784190317164252e-13
51,0.001,69,0.159944014272053,2.194912333466661e-13
51,0.001,70,0.1543239061734699,3.1577790603828152e-15
51,0.001,71,0.1485525073795992,1.4076029941184052e-11
51,0.001,72,0.2160428570968515,2.0200229160436513e-05
51,0.001,73,0.12808978645315927,8.776576388780202e-16
51,0.001,74,0.13783617794017905,1.7100084035731777e-15
51,0.001,75,0.13707244513684363,4.1041865707328016e-14
51,0.001,76,0.16072944844846312,5.384842868999548e-11
51,0.001,77,0.1905306785768014,7.015188389901474e-09
51,0.001,78,0.197192142929495,6.37760398636817e-07
51,0.001,79,0.16769748342240068,9.194460733199286e-12
51,0.001,80,0.06917253058949877,2.167192598887542e-23
51,0.001,81,0.27585594115516465,25.566893040661363
51,0.001,82,0.11327965331610837,4.383640617950751e-18
51,0.001,83,0.16200787788066703,4.767468624165165e-13
51,0.001,84,0.154200097186595,1.0323315225200897e-13
51,0.001,85,0.11504684670125663,1.0750931395827667e-16
51,0.001,86,0.044882453550124955,9.075770018139114e-25
51,0.001,87,0.061793136441007965,3.2107191599241544e-22
51,0.001,88,0.12638249774734897,2.0543531387251217e-15
51,0.001,89,-0.16898299299048264,1.1934974568322845e-41
51,0.001,90,0.25043705649033193,0.17734574950502055
51,0.001,91,0.11915520838974106,3.773673088038277e-17
51,0.001,92,0.17665314553208997,9.308824904037553e-11
51,0.001,93,0.1571698781173302,5.79164584885561e-13
51,0.001,94,0.21470352146219993,0.00036546391290597586
51,0.001,95,0.22420446330018395,0.0004179856056333699
51,0.001,96,0.14992681819244605,4.780196923755207e-11
51,0.001,97,0.20391307709825768,1.396154912544779e-05
51,0.001,98,0.16198556961849814,1.1288576512297291e-10
51,0.001,99,0.2162614784802809,0.00015312901346580335
51,0.001,100,0.14399703537392888,1.5557202678905638e-13
52,0.001,1,0.14813236538069005,5.928487837757717e-14
52,0.001,2,0.08952040519660248,6.41140910743441e-21
52,0.001,3,0.08220068139390228,4.657119764525006e-22
52,0.001,4,0.26011960539237217,4.782616436113956
52,0.001,5,0.1615405349916555,4.420662376183711e-15
52,0.001,6,0.2409127238945195,0.019223013207240305
52,0.001,7,0.17121126749276538,5.872588823345957e-12
52,0.001,8,0.07911246110888645,4.108923812870168e-24
52,0.001,9,0.2136077958441239,7.997380314739972e-07
52,0.001,10,0.21685019344612602,2.1967541579583685e-05
52,0.001,11,0.13478988736945122,4.708029185896933e-17
52,0.001,12,0.21784754946805582,7.979186243135168e-06
52,0.001,13,0.11847083092388355,3.1545642842610215e-17
52,0.001,14,0.132560431101133,1.0714846735280962e-16
52,0.001,15,0.09059052738700488,9.251119823868107e-22
52,0.001,16,0.1825338068392384,7.132829532836157e-13
52,0.001,17,0.15611755906362026,3.79840348575868e-13
52,0.001,18,0.22406612307624563,8.02638559746325e-05
52,0.001,19,0.18016077272295736,4.833909602141053e-11
52,0.001,20,0.16774986155203883,8.827805559445224e-13
52,0.001,21,0.17870550674545402,3.050275976268517e-11
52,0.001,22,0.15436727706228634,7.072398825854291e-16
52,0.001,23,0.20965583999212412,1.3873122414873067e-08
52,0.001,24,0.14029703009348887,1.271846038139469e-15
52,0.001,25,0.0990877596284162,2.0740035544067966e-21
52,0.001,26,0.1839108101244287,1.7211136309147875e-12
52,0.001,27,-0.060300892068430846,4.601395007720633e-35
52,0.001,28,0.209949550271405,4.319081554604897e-09
52,0.001,29,0.0673401061025485,1.3019112255951577e-23
52,0.001,30,0.18028948627109262,1.2960306388154508e-11
52,0.001,31,0.13925676286541996,6.354315691296143e-16
52,0.001,32,-0.02432874570251789,3.9492316635559883e-32
52,0.001,33,0.254225814672347,1.4379408417175294
52,0.001,34,0.1298189573215731,4.1855437931942025e-18
52,0.001,35,0.05900519201975882,2.4037666900705073e-26
52,0.001,36,0.1500737749937557,3.6894642584380573e-13
52,0.001,37,0.1604199722435589,5.837271966354012e-14
52,0.001,38,0.1691135725399419,4.3530827477244516e-13
52,0.001,39,0.2016629156014776,2.337210872949203e-10
52,0.001,40,0.024329472189342807,6.155954345163619e-29
52,0.001,41,0.2180129295184771,3.297491932339426e-08
52,0.001,42,0.17526998194294766,7.230273866938592e-11
52,0.001,43,0.19568705578317708,1.4991996573930248e-09
52,0.001,44,0.09338982451490405,2.4916503966403612e-20
52,0.001,45,0.13861535140628015,1.3067486086181275e-15
52,0.001,46,0.1682920111041597,3.3937622798363487e-13
52,0.001,47,0.19360952988977134,8.595409033316884e-09
52,0.001,48,0.0751509105955533,1.1552792975232317e-23
52,0.001,49,0.06964778644742046,7.464083013877849e-26
52,0.001,50,0.19976306260122537,1.1657368100340509e-09
52,0.001,51,0.20774311334682025,1.1833695688559934e-08
52,0.001,52,0.16361724162835323,2.291158105786692e-13
52,0.001,53,0.1410141879592048,1.2812429721965733e-15
52,0.001,54,0.28156219652342535,25.91873424483343
52,0.001,55,0.19435601929229965,1.0220457657679223e-08
52,0.001,56,0.13647398582105794,5.3623795519899715e-16
52,0.001,57,0.09912361234968711,2.206796230888109e-19
52,0.001,58,0.17203788777854595,5.671891241275291e-12
52,0.001,59,0.15879299693574156,2.420536022562388e-14
52,0.001,60,0.2491008801172211,0.24417499889258257
52,0.001,61,0.11019420195977088,2.046013802830802e-18
52,0.001,62,0.1443198268802834,7.2424274334005e-18
52,0.001,63,0.15856942498899737,3.056949596344104e-13
52,0.001,64,0.15944237327396701,1.1501013018840487e-13
52,0.001,65,0.11640458116616192,8.130842415423933e-18
52,0.001,66,0.18463679974654915,2.1228255830757815e-10
52,0.001,67,0.16039153083349345,3.945523401914783e-14
52,0.001,68,0.21463244859915986,4.3503125237121043e-07
52,0.001,69,0.13736944039482712,3.949489471660453e-15
52,0.001,70,0.04484669202793224,1.2037537293545193e-25
52,0.001,71,0.15961940862187818,1.8445025042389392e-13
52,0.001,72,0.18644353393608235,1.1366364574832602e-10
52,0.001,73,0.1580179510974356,7.689684674124734e-13
52,0.001,74,0.2000958536088462,3.0245433345320437e-09
52,0.001,75,0.08317556804629597,4.5426673104846754e-23
52,0.001,76,-0.005611703148192902,5.823892127766678e-30
52,0.001,77,0.15056832901086117,2.2106197084401807e-15
52,0.001,78,0.12122916279706393,1.8686512740134793e-18
52,0.001,79,0.1398981650749287,3.549739778770071e-17
52,0.001,80,0.16583483364688809,2.9352996099409517e-13
52,0.001,81,0.21049497639925893,4.3491930791407635e-07
52,0.001,82,0.18283423741164007,2.5540930622488738e-11
52,0.001,83,0.1629181861216631,1.548829601590432e-13
52,0.001,84,0.17333878857837998,1.5638267373088772e-12
52,0.001,85,0.28828805289228365,21.81677813611626
52,0.001,86,0.19569746651179196,1.0678473373289107e-09
52,0.001,87,0.18293383666524052,2.333229021711184e-09
52,0.001,88,-0.03407817832383618,2.228653358211558e-33
52,0.001,89,0.16962778697370395,1.1481227274412743e-11
52,0.001,90,0.06698458180162935,1.0452271031875957e-22
52,0.001,91,0.13926066990614236,3.845485777856099e-15
52,0.001,92,0.06780091637739637,8.235977202349079e-22
52,0.001,93,0.09938294818953322,3.6296063511876955e-21
52,0.001,94,0.15703562255734232,1.663502678354026e-15
52,0.001,95,0.05329411296288553,1.337918747454655e-25
52,0.001,96,0.19079017610200616,3.2862500236150584e-09
52,0.001,97,0.20776211776201126,3.8521185426224055e-07
52,0.001,98,0.09699623832958454,1.642252300583757e-21
52,0.001,99,0.22017832825691594,2.1325567199728657e-07
52,0.001,100,0.0768786006546696,3.908861271531366e-24
53,0.001,1,0.18252036334217928,1.5821439229946976e-09
53,0.001,2,0.04662952931402657,3.898676360498364e-25
53,0.001,3,0.11904947403050917,2.2609745770275572e-18
53,0.001,4,0.2422206422787415,0.1265843172641811
53,0.001,5,0.1707764524038133,1.9492470186335235e-12
53,0.001,6,0.11767567762023591,8.805700239670666e-18
53,0.001,7,0.1719087224247037,7.016212089432993e-12
53,0.001,8,0.1547582988869843,1.0789845188264636e-13
53,0.001,9,0.09149719351241224,4.789955374301394e-22
53,0.001,10,0.22000778175768365,5.334145531750927e-05
53,0.001,11,0.14746405316641398,5.833982385722673e-14
53,0.001,12,0.200144530937268,2.761098059508114e-08
53,0.001,13,0.2202031900955266,0.00034896526732174175
53,0.001,14,0.23021751114676287,0.0035420142800690843
53,0.001,15,0.15325873652669667,1.9316662949838403e-14
53,0.001,16,0.16445488078915135,4.873635731066478e-11
53,0.001,17,0.15832089137467856,1.6033698962773513e-13
53,0.001,18,0.1545017544969483,3.006121952818301e-13
53,0.001,19,0.18579988071675857,2.04865364331002e-09
53,0.001,20,0.17172002180573534,2.8433969562320523e-12
53,0.001,21,0.2679886736328282,9.252124275253392
53,0.001,22,0.16205462722106845,1.238952830025494e-13
53,0.001,23,0.02636220851162637,3.956560225015377e-27
53,0.001,24,0.11731488706445825,1.7950746768004693e-17
53,0.001,25,0.19849736830685635,6.0533601647596e-09
53,0.001,26,0.14082989799134707,1.5220432164571618e-15
53,0.001,27,0.0888273992066873,1.727183634294859e-20
53,0.001,28,0.19891515517226468,2.470408862277785e-08
53,0.001,29,0.19026254572600118,1.7473713100749459e-09
53,0.001,30,0.14998783059384252,3.938770168186548e-14
53,0.001,31,0.1795338593590234,1.389102267248748e-11
53,0.001,32,0.13124303975542445,2.507917990033774e-16
53,0.001,33,0.24708685620538928,0.15537994999998872
53,0.001,34,0.12787317161774087,3.7446755501877267e-17
53,0.001,35,0.2560755398167092,0.29473285764089574
53,0.001,36,0.2037652201388147,3.7631038379679524e-07
53,0.001,37,0.21423857716566533,9.339821976552872e-05
53,0.001,38,0.08331231109900111,5.870922383815695e-21
53,0.001,39,0.15796210687867032,6.82923336685568e-13
53,0.001,40,0.17135408499192578,1.2474796825189257e-10
53,0.001,41,0.2051127307403018,1.0360621412431786e-07
53,0.001,42,0.0438040793504737,5.6818107902939965e-25
53,0.001,43,0.09073692543620925,4.546304954445151e-20
53,0.001,44,0.16614635061479252,6.893148919029254e-12
53,0.001,45,0.15818396854441705,7.634241808861261e-14
53,0.001,46,0.11019628452394714,7.372685934270482e-19
53,0.001,47,0.2414638916503636,0.09303458497275174
53,0.001,48,0.10380131915827424,1.1496492910536341e-19
53,0.001,49,0.215170007358402,5.101522452049843e-05
53,0.001,50,0.19062721159422982,1.5411100482713122e-08
53,0.001,51,0.10207608359411775,1.0526102307343482e-18
53,0.001,52,0.26154380973395747,3.3135926367091963
53,0.001,53,0.15867361443335876,4.055160944257362e-13
53,0.001,54,0.20651400335514938,1.0529540217449743e-06
53,0.001,55,0.23908661876877438,0.011668259384864934
53,0.001,56,0.11010501868873432,2.156719058047247e-18
53,0.001,57,0.1665764758842427,5.833075568700412e-12
53,0.001,58,0.1831351903676452,8.118670754669027e-10
53,0.001,59,0.1823378994940772,2.0791666197406497e-11
53,0.001,60,0.11324425123751677,1.1773420048134917e-19
53,0.001,61,0.12726179782199804,4.211881011997087e-17
53,0.001,62,0.1277400786259134,3.407268186195268e-17
53,0.001,63,0.07605675556254615,9.490463158563659e-23
53,0.001,64,0.2045416348114378,5.954529881981368e-07
53,0.001,65,0.13245964703160698,9.891117994560758e-16
53,0.001,66,0.06476953030541138,2.4677758382716457e-24
53,0.001,67,0.21874887216920458,2.9755955220772868e-05
53,0.001,68,0.20882440836677174,7.638112700786622e-06
53,0.001,69,0.19555208486858888,7.599822806826299e-08
53,0.001,70,0.11210161707072404,1.3231416989402926e-17
53,0.001,71,0.13132488957671837,4.5138018955120356e-17
53,0.001,72,0.17233813740657522,1.2721651089205266e-10
53,0.001,73,0.1676132633285414,7.0366645401637855e-12
53,0.001,74,0.16889502386779187,2.356020268904726e-11
53,0.001,75,0.10016655974916638,1.4099275098835594e-20
53,0.001,76,0.14700052957867651,6.304601433804056e-14
53,0.001,77,0.16845864247499004,4.255049923847789e-11
53,0.001,78,0.2099711037664899,1.5032763026034115e-06
53,0.001,79,0.21535827523363418,4.310418427154745e-06
53,0.001,80,0.19735609234685092,3.472618526541767e-09
53,0.001,81,0.11112881641545516,1.0788987805733941e-19
53,0.001,82,0.12136762498458611,1.2438231595637328e-17
53,0.001,83,0.09640343208943157,2.155272110802301e-20
53,0.001,84,0.13716109675991606,2.642197023574115e-15
53,0.001,85,0.1799376989628492,2.1948211423995147e-10
53,0.001,86,0.10281402745142487,1.3525645583700638e-19
53,0.001,87,0.18795185728635733,5.512189226589908e-10
53,0.001,88,0.18054641031107774,1.437866527235399e-10
53,0.001,89,0.14337613937176424,1.4794486620234275e-14
53,0.001,90,0.09568621695596927,4.44519593215858e-21
53,0.001,91,0.12519195628401586,1.2433645604760728e-17
53,0.001,92,0.1603263989979534,1.2778134607226899e-11
53,0.001,93,0.08709786245545258,3.595343078447228e-21
53,0.001,94,0.14981187090308945,3.2997599939941264e-13
53,0.001,95,0.17991769417036782,1.0222670543313869e-10
53,0.001,96,0.10875161315368191,2.2987480464299677e-17
53,0.001,97,0.12755893522777528,4.922648955672482e-16
53,0.001,98,0.1069026784961856,1.7484039480075465e-19
53,0.001,99,0.13438752531439627,4.439277276622171e-16
53,0.001,100,0.17885807422072408,5.966476672510548e-11
54,0.001,1,0.2313900136256129,0.009599375524225337
54,0.001,2,0.12456244689886727,7.518296043963325e-15
54,0.001,3,0.08939954527619391,5.097801931100947e-19
54,0.001,4,0.19982217441822353,1.515662193121781e-06
54,0.001,5,0.17025627349888528,1.7549179884032647e-10
54,0.001,6,0.038459209100135235,1.519905605269149e-24
54,0.001,7,0.10784428271293528,2.780068386470531e-17
54,0.001,8,0.16951394228687647,3.23965092100625e-09
54,0.001,9,0.12393765432123507,5.105195826454139e-17
54,0.001,10,0.1656312997830808,3.1658246492592027e-10
54,0.001,11,0.0956563509549713,1.81876771276726e-18
54,0.001,12,0.16135621772530634,5.472296091091042e-11
54,0.001,13,-0.02437745763799584,4.168701682680336e-30
54,0.001,14,0.09423096393066431,1.6948217453133777e-18
54,0.001,15,0.15726684138067729,9.681579704402848e-12
54,0.001,16,0.23680420618639514,0.10439629575979219
54,0.001,17,0.2527656165624465,0.4617909688829982
54,0.001,18,0.14045260337771134,2.276806602280027e-15
54,0.001,19,0.18688119958935356,2.3551444163278627e-08
54,0.001,20,0.18760975297624866,1.9055183830023265e-08
54,0.001,21,0.07925112277898014,3.9488203841734876e-20
54,0.001,22,0.12805820297973983,1.8258695181794884e-15
54,0.001,23,0.11781959765495945,4.0783881340832906e-16
54,0.001,24,0.1470734670920097,1.6742197499434589e-12
54,0.001,25,0.19049691704032126,6.760208248948254e-09
54,0.001,26,0.20612712383029252,0.0005675895309340888
54,0.001,27,0.19732349471396896,6.558256963418464e-08
54,0.001,28,0.11062426089530833,7.429437847796078e-18
54,0.001,29,0.10863530224850602,9.023436205655545e-18
54,0.001,30,0.1409884355596718,8.778608230165406e-16
54,0.001,31,0.16150494983234523,1.2966387178475168e-11
54,0.001,32,0.10496843133614565,2.3896914321873458e-17
54,0.001,33,0.20541410211994832,1.2972121116524848e-06
54,0.001,34,0.20203928974888627,3.165611158325392e-06
54,0.001,35,0.08201839695208453,1.1697473673727828e-21
54,0.001,36,0.16340163526105883,1.5353679366786348e-11
54,0.001,37,0.15407022839619602,1.5108508989151073e-12
54,0.001,38,0.23974348838048645,0.16353202380203213
54,0.001,39,0.17027899729402335,8.072218902507105e-11
54,0.001,40,0.07908822869778155,1.4746138834365433e-19
54,0.001,41,0.14207012141357242,4.453952853900184e-12
54,0.001,42,0.09418198910335904,7.127396464368681e-19
54,0.001,43,0.20967598131826828,0.022746495397095702
54,0.001,44,0.22796400655886678,0.056985817166526405
54,0.001,45,0.2424897870358878,0.08537268776608005
54,0.001,46,0.1194076498594892,2.1096296033432963e-17
54,0.001,47,0.16248834919993302,7.415176411600115e-11
54,0.001,48,0.1323880636009146,8.82549242411254e-15
54,0.001,49,0.008814577589040244,1.038252149936812e-25
54,0.001,50,0.1559501805650224,1.0296264323101255e-12
54,0.001,51,0.21068722774968274,2.625798294839461e-05
54,0.001,52,0.2135075203591764,0.0003172897963185086
54,0.001,53,0.16582073870327665,1.7085149679490623e-11
54,0.001,54,0.14150727997104864,4.0968003675997723e-13
54,0.001,55,0.1209096741130142,1.2547793519575208e-16
54,0.001,56,0.06553101338450831,1.72825335030563e-21
54,0.001,57,0.24849071599043634,2.17449269427122
54,0.001,58,0.14342600403568895,2.7049396147012826e-11
54,0.001,59,0.023353821545109447,2.3945523940729487e-26
54,0.001,60,0.12761960481177295,3.575821393505902e-17
54,0.001,61,0.19330159045527642,1.5879353092737725e-07
54,0.001,62,0.10102580202647313,8.045517656077115e-19
54,0.001,63,0.13507877228056342,7.510605565090502e-16
54,0.001,64,0.19903627762356252,1.4749698753822421e-05
54,0.001,65,0.08223391080982598,4.3645022975305105e-21
54,0.001,66,0.14113949021713923,3.075339410827938e-13
54,0.001,67,0.1228053049255307,1.07792126008468e-16
54,0.001,68,0.12156482197636413,1.5068366116709988e-18
54,0.001,69,0.18845993701487845,2.7214048071079786e-07
54,0.001,70,0.15581505098397186,2.4078386456927705e-10
54,0.001,71,0.19172046171041696,3.5678649723946694e-08
54,0.001,72,0.16421352318210794,2.607885956220444e-09
54,0.001,73,0.13907884502101836,7.916604155228686e-14
54,0.001,74,0.18207768107233394,9.912318802003866e-08
54,0.001,75,0.1384079248886089,8.649741538929649e-15
54,0.001,76,0.14614354567014332,9.967846685216362e-14
54,0.001,77,0.18973037299155068,1.1371773481698488e-07
54,0.001,78,0.16309322817962388,8.863939127044251e-11
54,0.001,79,0.10374457808699161,1.1464665303143804e-18
54,0.001,80,0.20099172590122816,3.0720757210174183e-07
54,0.001,81,0.21941823061198365,0.00014940914416719118
54,0.001,82,0.09891964076562673,2.7828122250039026e-19
54,0.001,83,0.11192565012475048,1.6833252387253824e-17
54,0.001,84,0.15132117209538556,7.675144171357509e-13
54,0.001,85,0.11301920916469245,7.843772090224779e-17
54,0.001,86,0.19663156228615117,9.047596256428156e-06
54,0.001,87,0.09332804610284297,9.98913153403811e-19
54,0.001,88,0.1163517944184571,1.66851126825844e-16
54,0.001,89,0.17085934191970836,3.439816589463713e-10
54,0.001,90,0.010294457232125671,8.003995848958878e-26
54,0.001,91,0.21238550190112668,1.478040241132178e-05
54,0.001,92,0.14016929603693631,5.505699354146266e-13
54,0.001,93,0.09748504745912814,3.055654276936358e-17
54,0.001,94,0.11567678844581826,2.340139673661818e-19
54,0.001,95,0.06993379803195356,3.3329156639080383e-21
54,0.001,96,0.10784487201283836,5.240203941773898e-17
54,0.001,97,0.17734242284821555,5.068343574616814e-11
54,0.001,98,0.1580740712581905,3.5892044692345806e-11
54,0.001,99,0.14055745116228555,1.1607615061035459e-15
54,0.001,100,0.19934910176909443,9.943498877266985e-06
55,0.001,1,0.18552098903704506,6.754184523032057e-07
55,0.001,2,0.21471452488760134,0.0006391875242951748
55,0.001,3,0.15255196194354037,3.0107747831556665e-13
55,0.001,4,0.1814208933988932,5.5963295065079845e-08
55,0.001,5,0.07427460447096829,1.6760129858928468e-21
55,0.001,6,0.12738502213669967,7.608298760052347e-13
55,0.001,7,0.11355770900118729,1.7880137310643592e-16
55,0.001,8,0.20117111291375905,2.9693248924170923e-06
55,0.001,9,0.19354764214879785,1.3147141253182455e-05
55,0.001,10,0.16122745109823391,3.261880990381757e-11
55,0.001,11,0.029241690321731156,1.3853817008728013e-22
55,0.001,12,0.11786951650038549,1.2733214180605123e-14
55,0.001,13,0.2417844585294799,0.04074771353246839
55,0.001,14,0.15586579749637489,3.216880094695659e-10
55,0.001,15,0.16912212165087434,2.0126709120857454e-09
55,0.001,16,0.19634356448567084,1.2071871509368282e-05
55,0.001,17,0.1595367075623881,1.531189343483533e-10
55,0.001,18,0.17880312362039172,4.007964819275643e-10
55,0.001,19,0.0661902788885982,1.4032379728505663e-21
55,0.001,20,0.2226454022463141,0.006708110430396555
55,0.001,21,0.016866737905682744,3.8448900596289523e-25
55,0.001,22,0.20939432818801215,8.621244784372442e-05
55,0.001,23,0.23980479470229069,1.1499060309803018
55,0.001,24,0.19987776627464676,0.00011047849108433843
55,0.001,25,0.1577645601744074,4.816852037767863e-13
55,0.001,26,0.12614130926386435,4.850156766400887e-15
55,0.001,27,0.19007201348944985,1.0204365854452303e-07
55,0.001,28,0.059883029945712755,8.567446310379571e-22
55,0.001,29,0.1885496395521687,3.3944133438721716e-08
55,0.001,30,0.24911284608218853,2.7868812980050497
55,0.001,31,0.18730867392224207,5.5845777234484774e-08
55,0.001,32,0.2209222905724378,0.0286689330783311
55,0.001,33,0.16384345981851797,4.04027967473377e-09
55,0.001,34,-0.19824004356878314,9.761242888418315e-43
55,0.001,35,0.16494413069175057,2.012102639978228e-10
55,0.001,36,0.19266973597300555,3.597382897036048e-07
55,0.001,37,0.08891372722913017,6.744385353953875e-20
55,0.001,38,0.13306670578886462,4.209562461653044e-15
55,0.001,39,0.07688845756729239,9.622655885294844e-20
55,0.001,40,0.1930759275517004,1.689215636077421e-05
55,0.001,41,0.14137368622554666,1.2375215858052057e-13
55,0.001,42,0.10175345687514,9.09937773046129e-18
55,0.001,43,0.1689163932181956,5.038009713867514e-11
55,0.001,44,0.15352369196362534,3.712951538347098e-12
55,0.001,45,0.16063577865824946,6.702331675157371e-11
55,0.001,46,0.16308916661057674,5.303122001039343e-11
55,0.001,47,0.20935413521896634,6.457065138996576e-05
55,0.001,48,0.16256498534699468,8.859475116521106e-11
55,0.001,49,0.1591577473405991,6.967929049073755e-10
55,0.001,50,0.17389619965709174,2.5536562169591436e-08
55,0.001,51,0.12207254224574428,9.702359997128738e-17
55,0.001,52,0.16984371360024975,2.2048503924026083e-09
55,0.001,53,0.14226759176668116,4.2635738135349794e-12
55,0.001,54,0.20481935543900573,0.0004019535578326276
55,0.001,55,0.10674768972571004,1.214340523967604e-15
55,0.001,56,0.18477775008202307,6.080954063661789e-08
55,0.001,57,0.17729408955064163,1.9091035675015303e-07
55,0.001,58,0.0965566325944096,1.45294977219922e-17
55,0.001,59,0.09980940997067536,7.095917841220744e-19
55,0.001,60,0.17981190463173075,5.840141549438138e-09
55,0.001,61,0.11996221764256754,2.6550619066200974e-14
55,0.001,62,0.17926335809064417,3.3281000154750905e-07
55,0.001,63,0.0025337613854800405,3.4967350716018896e-26
55,0.001,64,0.15066587280205984,1.267142736842573e-11
55,0.001,65,0.16644077582315134,4.721512420786163e-10
55,0.001,66,0.17267294182085005,4.833930559958544e-10
55,0.001,67,0.18666824822879075,1.699867347983201e-06
55,0.001,68,0.16724856263399537,3.7228467278384285e-10
55,0.001,69,0.14734337938358874,1.244288810296299e-12
55,0.001,70,0.15353288594876063,1.7096510117331744e-11
55,0.001,71,0.1678648363062061,4.5260098085171106e-10
55,0.001,72,0.09018945562407349,6.246217073905556e-18
55,0.001,73,0.14393997405794615,8.707339098691043e-12
55,0.001,74,0.12584514198561642,1.8920461721387005e-16
55,0.001,75,0.055090937657345365,6.580353025774253e-23
55,0.001,76,0.15776753245738376,8.04434553853186e-11
55,0.001,77,0.043731290488841196,2.9346353295983245e-24
55,0.001,78,0.12836071703659344,7.876598701725945e-16
55,0.001,79,0.16021450821688565,4.433528784865801e-10
55,0.001,80,0.14564562364417127,3.5938150625044034e-13
55,0.001,81,0.1838897552420211,5.4549717001149676e-08
55,0.001,82,0.1578745523493746,5.9808280263842736e-12
55,0.001,83,0.23349499593532777,0.0144159675424653
55,0.001,84,0.21933188595875794,0.005987234001116476
55,0.001,85,0.15994731993503009,1.0761872266110428e-11
55,0.001,86,0.17193816715552152,5.987832962134416e-08
55,0.001,87,0.14515835128890334,6.687886816919774e-12
55,0.001,88,0.20013949246403273,9.708889427646679e-06
55,0.001,89,0.22593501446889067,0.031642784959481626
55,0.001,90,0.22248263078998362,0.00675230256632289
55,0.001,91,0.18213432708359184,1.0940560198525702e-08
55,0.001,92,0.11250221190166551,1.2504945655696112e-16
55,0.001,93,0.16856241708331407,5.0203192109553815e-09
55,0.001,94,0.13694751667795366,3.0240822875399174e-12
55,0.001,95,0.13411456778284306,1.011913195210008e-12
55,0.001,96,0.14702893998832675,2.6383878603293164e-13
55,0.001,97,0.14246932092598188,1.2969619710890445e-12
55,0.001,98,0.12312052070012751,4.114303613171092e-16
55,0.001,99,0.1931879930354912,4.373807292864755e-06
55,0.001,100,0.14531967971993898,6.274427051577461e-15
56,0.001,1,0.08497562714748666,3.721298046548003e-20
56,0.001,2,0.12801849831491496,1.5476513839310776e-14
56,0.001,3,0.13288466627597725,2.787872822965133e-15
56,0.001,4,0.10110460728578716,1.1140835804204832e-17
56,0.001,5,0.13227556224546055,9.832002975310076e-17
56,0.001,6,0.14671020439863502,7.522009899513894e-13
56,0.001,7,0.22814930754268883,8.215256583052067e-05
56,0.001,8,0.22227783623791358,0.00017670731640487134
56,0.001,9,0.13583660757034752,9.20956691152703e-15
56,0.001,10,0.16150546216003517,5.67801854316289e-12
56,0.001,11,0.15655947757534033,7.066839101152358e-14
56,0.001,12,0.15153796684636597,2.708346252631922e-13
56,0.001,13,0.2122635068559029,1.2539071295462809e-06
56,0.001,14,0.03561716887917807,2.2354249683243173e-26
56,0.001,15,0.1396919596479724,1.5695333534099925e-15
56,0.001,16,0.1297881530277598,3.8649346610055293e-16
56,0.001,17,0.1605503636005528,2.598782616745708e-12
56,0.001,18,0.13009032743228968,1.078944213604463e-16
56,0.001,19,0.06740647954979219,1.649291058100029e-21
56,0.001,20,0.06303382565318119,1.0181970071917849e-20
56,0.001,21,0.14879375505129924,6.809919300710174e-13
56,0.001,22,0.20356857108481582,1.111326868665612e-05
56,0.001,23,0.08658386481774777,4.075914249096221e-20
56,0.001,24,0.20607855427587804,1.2304972070434373e-05
56,0.001,25,0.20002749773747655,1.5239228394254503e-06
56,0.001,26,0.017070548404036212,4.104810655488286e-27
56,0.001,27,0.20215865861865115,1.0385439818980799e-06
56,0.001,28,0.182328986733393,4.722279664067158e-10
56,0.001,29,0.08007293969458136,1.3844564931107425e-21
56,0.001,30,0.17546209837429155,1.5209149085273437e-09
56,0.001,31,0.196779250197129,1.929783233857113e-06
56,0.001,32,0.10951342812319753,2.5699936270434148e-18
56,0.001,33,0.2066459084639763,1.610361167740911e-05
56,0.001,34,0.10011069544231677,1.7726494455015204e-19
56,0.001,35,0.14079543260324326,5.2671011382486126e-14
56,0.001,36,0.20583013715867438,5.867390353354898e-06
56,0.001,37,0.20478289398775718,3.20434991813114e-05
56,0.001,38,0.05967456628480168,5.980021439056411e-23
56,0.001,39,0.11351910837195832,5.5301084893199446e-17
56,0.001,40,0.22279942556736365,0.004627341861714973
56,0.001,41,0.03451222547595581,2.2250907885023537e-26
56,0.001,42,0.1344356016283342,1.1445715346589227e-14
56,0.001,43,0.0988290950976999,1.5661229297165864e-18
56,0.001,44,0.06864765481490254,1.0980886750401137e-22
56,0.001,45,0.033732417151806825,2.554202342833223e-25
56,0.001,46,0.16562511282364234,1.37141567737976e-10
56,0.001,47,0.14667355954776173,1.7969132126995262e-13
56,0.001,48,0.1474729441987677,7.171649145146313e-14
56,0.001,49,0.18962883548493228,1.3369498911465425e-08
56,0.001,50,0.20749374555436095,1.4494895373422415e-05
56,0.001,51,0.09542733701222096,4.384918961081668e-20
56,0.001,52,0.09786354830452927,2.8077330289524885e-21
56,0.001,53,0.05886795883809049,3.383340714003298e-22
56,0.001,54,0.06816643941606626,2.1985592658104314e-19
56,0.001,55,0.09417200121325783,1.6585605576054735e-18
56,0.001,56,0.09895048313554827,6.795682305318524e-21
56,0.001,57,0.23268047658816385,0.0005976870806312613
56,0.001,58,0.01619141375753856,7.261368627702488e-27
56,0.001,59,0.13715481490327935,9.796578656199933e-13
56,0.001,60,0.11790524189613805,6.8079199396275605e-18
56,0.001,61,0.13058058847117457,2.9438080721623166e-16
56,0.001,62,0.17575805639328443,2.8849999311867443e-08
56,0.001,63,0.16742879061559363,2.8647614310929882e-11
56,0.001,64,0.15353713532898947,9.820276893583127e-12
56,0.001,65,0.19917283855706333,3.881496874686396e-08
56,0.001,66,0.19212094912376715,1.8129556798207807e-09
56,0.001,67,0.11430442609724797,3.750526997932312e-17
56,0.001,68,0.15013981237036472,2.1476450769997687e-14
56,0.001,69,0.2613878397739871,2.730363652860234
56,0.001,70,0.08166771069214665,1.2297019824899457e-20
56,0.001,71,0.12607675020130651,9.994740322081771e-17
56,0.001,72,0.19191084939144748,6.232640739699916e-08
56,0.001,73,0.050992794774302214,7.064545263401913e-23
56,0.001,74,-0.02934166334216403,2.5667354948207526e-32
56,0.001,75,0.006708240959655534,3.3498074467674448e-28
56,0.001,76,0.07677962933718842,7.685213709001192e-21
56,0.001,77,0.19746943689017007,1.9563419141252177e-06
56,0.001,78,0.12866825121062514,7.778051920695841e-15
56,0.001,79,0.22859024077594395,0.00164427987219014
56,0.001,80,0.18020253879857148,8.438872341619842e-11
56,0.001,81,0.10872159645221245,1.993553248467508e-17
56,0.001,82,0.23470509048987398,0.0020503627837200012
56,0.001,83,0.12380279610910418,1.2158522374278892e-16
56,0.001,84,0.0820028877979138,2.515686606484477e-20
56,0.001,85,0.09519392740016981,3.3792291642281193e-19
56,0.001,86,0.12290811344452536,4.992453338667202e-16
56,0.001,87,0.07182806559855877,2.6527546209137382e-21
56,0.001,88,0.15389618555261086,7.90602519521454e-13
56,0.001,89,0.20056248624419742,3.6976210093342606e-07
56,0.001,90,0.10675995952563065,1.5519102043867324e-17
56,0.001,91,0.1796291085026288,1.090021015068652e-09
56,0.001,92,0.16136459041547163,9.261153479485637e-12
56,0.001,93,0.1498204213752839,1.1538323894053652e-12
56,0.001,94,0.1843730720940097,8.26781643239441e-09
56,0.001,95,0.20633657389923118,7.428278103405387e-05
56,0.001,96,0.20240339367157592,2.0170450606630365e-07
56,0.001,97,0.043009841181967184,1.643832764083322e-24
56,0.001,98,0.14322553577355612,1.9405651974814094e-14
56,0.001,99,0.08355128576295712,3.1084121407485875e-20
56,0.001,100,0.17919260617364804,2.216385078698863e-10
57,0.001,1,0.03927364796294625,7.68030048995411e-24
57,0.001,2,0.07811756142603835,9.591685835054491e-21
57,0.001,3,0.1339181508367833,2.0816522925703585e-14
57,0.001,4,0.1592857948164092,1.0320112733723047e-13
57,0.001,5,0.2434619810348013,0.24038537973975085
57,0.001,6,0.03390779973506205,5.567037755860923e-25
57,0.001,7,0.11544105967579399,2.0012754565023758e-19
57,0.001,8,0.08817415457647414,2.982694577234512e-20
57,0.001,9,0.12990347154875606,7.162192948994655e-16
57,0.001,10,0.19488619982393096,6.855981552229987e-08
57,0.001,11,0.14367322191653847,1.159773221011381e-14
57,0.001,12,0.11222709894267441,4.95392939543549e-18
57,0.001,13,0.14593586466019162,9.415749299198583e-15
57,0.001,14,0.10659242763063087,9.315270027652493e-20
57,0.001,15,0.09591120935305024,6.174410679385962e-20
57,0.001,16,0.15600234935990828,6.665148976917502e-12
57,0.001,17,0.1408303442662995,9.413999657784101e-14
57,0.001,18,0.12168339667021934,1.1246882091605925e-17
57,0.001,19,0.1614311235358265,3.0223034794896663e-12
57,0.001,20,0.19074173516336015,8.506027789818806e-07
57,0.001,21,0.20756990980206294,1.4424193926650818e-05
57,0.001,22,0.14836943460081303,4.934123379328174e-14
57,0.001,23,0.06070913991927357,3.007867942513876e-23
57,0.001,24,0.14712753245815455,1.21843039527707e-15
57,0.001,25,0.1553501436742513,4.691183652862473e-12
57,0.001,26,0.14139248614014926,7.848443670895046e-14
57,0.001,27,0.0031715688959863576,3.432396851686805e-30
57,0.001,28,0.06553356840370625,1.857087192926848e-21
57,0.001,29,0.2128319656390991,5.6957279127565087e-05
57,0.001,30,0.15037958320935446,5.688338368250496e-13
57,0.001,31,0.20617229494272243,1.5605173082633061e-06
57,0.001,32,0.1925645196866299,4.041647427228109e-08
57,0.001,33,0.03940207171144331,1.2112794207120256e-26
57,0.001,34,0.1821334526012551,7.977655597563055e-11
57,0.001,35,0.21284874454252303,0.00025810748620590045
57,0.001,36,0.1182210550755172,1.6515562014107476e-16
57,0.001,37,0.06307789746165408,9.05075648438562e-23
57,0.001,38,0.10668272854631844,3.113413358873031e-19
57,0.001,39,0.17211007885765275,7.2673509991499365e-12
57,0.001,40,0.17303622122180054,4.01887385150543e-11
57,0.001,41,0.1518827675414531,2.8164902613894042e-12
57,0.001,42,0.11332900652093324,2.9657108849013366e-17
57,0.001,43,0.12344771317889756,2.7771146076109085e-16
57,0.001,44,0.25400137507899617,0.9092532779951503
57,0.001,45,0.10348489306443598,2.2807609614582934e-19
57,0.001,46,0.20786864333733399,1.18753260553749e-05
57,0.001,47,0.08787613252649114,1.1972383455333234e-20
57,0.001,48,0.051837196256393256,3.4344520010429026e-22
57,0.001,49,0.10681905877915322,1.933857031618816e-19
57,0.001,50,0.1275335498921395,1.7337444342152922e-16
57,0.001,51,0.2005661279351801,3.324586054123633e-07
57,0.001,52,0.23736672117039762,0.011103452609300212
57,0.001,53,0.031190373950225475,7.475726310728589e-27
57,0.001,54,0.1427623352709428,2.172595331649775e-14
57,0.001,55,0.1819711857718373,3.3787278166920185e-10
57,0.001,56,0.1823796961771937,3.6945492909897602e-09
57,0.001,57,0.16406517618660238,1.3802986558593953e-11
57,0.001,58,0.1940354638922106,3.7496423513741516e-08
57,0.001,59,0.13883125497587082,4.381500193261316e-17
57,0.001,60,0.18583260222718315,9.185497649834375e-09
57,0.001,61,0.22724734912356398,0.007801029761550097
57,0.001,62,0.06991437247844573,1.3101422411254213e-21
57,0.001,63,0.029238283688244947,2.7716411458301834e-27
57,0.001,64,0.16457604548349883,8.273458760709582e-13
57,0.001,65,0.18078500592210753,1.2102745420762833e-09
57,0.001,66,0.15017247740430606,4.2330986932065584e-13
57,0.001,67,0.16345996690412656,1.3045449179572797e-12
57,0.001,68,0.11178684498749167,2.997283892399391e-17
57,0.001,69,0.25953311008192104,3.2391985521723776
57,0.001,70,0.11734945135310001,1.4595495740807468e-17
57,0.001,71,0.10844884983130837,7.632509315922529e-18
57,0.001,72,0.11532664362723946,5.55352204338575e-17
57,0.001,73,0.19411300390342387,5.293072714823891e-08
57,0.001,74,0.21674468492476018,5.57692317886979e-06
57,0.001,75,0.22748128291148256,2.371385339129504e-05
57,0.001,76,0.08996245943301809,4.283841205501126e-20
57,0.001,77,0.20021697967151136,1.9083573026601024e-08
57,0.001,78,0.17950703446178892,4.21112749330799e-10
57,0.001,79,0.15481939613237683,9.759520832041215e-14
57,0.001,80,0.2298924255033747,0.0003999665549532102
57,0.001,81,0.14250145486897528,4.8285410881519434e-15
57,0.001,82,0.009816556204033034,4.257406678837931e-27
57,0.001,83,0.2174548840339853,0.0002568751440490597
57,0.001,84,0.2127041135264783,4.168569666270543e-06
57,0.001,85,0.21503607887437412,5.192369219942159e-06
57,0.001,86,0.0661490924831997,1.152625488812358e-23
57,0.001,87,0.11549500582231208,2.5771443232931386e-18
57,0.001,88,0.16457643621007387,4.3099462785647994e-13
57,0.001,89,0.2143712772430236,2.310643763909974e-05
57,0.001,90,0.2653318211671481,27.802715976423045
57,0.001,91,0.15424375917813493,3.648150960560631e-13
57,0.001,92,0.09278431135286645,1.9921350161631626e-20
57,0.001,93,0.20276772405016175,2.2562146906558985e-06
57,0.001,94,0.06733489082402958,3.1629671873572637e-22
57,0.001,95,0.014580813502278554,2.88398176830607e-26
57,0.001,96,0.1613778970967192,2.6612879872167965e-11
57,0.001,97,0.20110338571407121,6.775275721357553e-07
57,0.001,98,0.12771458505365166,8.163564913240836e-18
57,0.001,99,0.11795699133581056,1.9603914953140992e-16
57,0.001,100,0.18595985030867812,1.750362785876572e-10
58,0.001,1,0.2615153192176746,1.1442832805933791
58,0.001,2,0.18070001359679505,1.866492295229252e-08
58,0.001,3,0.20331686645689395,1.3420783729203673e-06
58,0.001,4,0.16748635046046131,4.1353479636575073e-13
58,0.001,5,0.12869759055889657,2.208390558936289e-16
58,0.001,6,0.16408555248462908,3.7712756187343354e-12
58,0.001,7,0.17830182609290413,2.1017937789756274e-10
58,0.001,8,0.14622102044937885,2.458138601066012e-13
58,0.001,9,0.2145396034498633,0.0001228780026612371
58,0.001,10,0.1495990640438948,2.758352349519917e-13
58,0.001,11,0.1566803467135255,3.112047199851509e-14
58,0.001,12,0.08499487650109953,4.2591679644935506e-21
58,0.001,13,0.18330103246052906,3.0311075977559024e-08
58,0.001,14,0.11891524947666438,2.211597154946208e-17
58,0.001,15,0.1984615536880377,7.815300586986908e-07
58,0.001,16,0.08706666458110761,1.5854353483655783e-21
58,0.001,17,0.18904140856223467,1.3083077282252657e-08
58,0.001,18,0.09275543701523345,1.6119455487963612e-19
58,0.001,19,0.19160535726686662,4.6982669626915223e-07
58,0.001,20,-0.07622458146166351,8.52019908767449e-36
58,0.001,21,0.11593210753074414,3.896899303002073e-19
58,0.001,22,0.14275547527931115,1.1404781276892326e-12
58,0.001,23,0.12609470264316125,1.590877208620076e-16
58,0.001,24,0.15844888685509673,1.5400488587844187e-11
58,0.001,25,0.20642028388532566,4.128765331672606e-05
58,0.001,26,0.04169940954427512,2.864202659048087e-23
58,0.001,27,0.14420102335638285,7.433376583227344e-14
58,0.001,28,0.21088701052151868,2.5865021735308843e-07
58,0.001,29,0.18627735621564287,5.2992536212405953e-08
58,0.001,30,0.1706566122552768,5.572245542413494e-10
58,0.001,31,0.18423369743302923,8.284811397247553e-11
58,0.001,32,0.13022912001229853,2.83493572397644e-16
58,0.001,33,0.24131426014434781,0.0047877309258645175
58,0.001,34,0.13996375115775994,2.24867317289669e-14
58,0.001,35,0.06169800956743012,8.272507322050094e-22
58,0.001,36,0.1328889758621154,4.420098721401442e-17
58,0.001,37,0.20838659383215669,1.4549644037828448e-05
58,0.001,38,0.11643048297857285,1.8197174882207667e-18
58,0.001,39,0.1386690001111496,8.594077569362602e-14
58,0.001,40,0.10635657145447246,8.535004073110258e-20
58,0.001,41,0.13689324302287312,2.3310670787764404e-16
58,0.001,42,0.111287537116131,2.1299046545806912e-19
58,0.001,43,0.12873727979322966,2.700126558661585e-18
58,0.001,44,0.1288321056911542,1.9093207355670016e-15
58,0.001,45,0.2599415314967347,0.5513394347318901
58,0.001,46,0.18613314896925914,2.193105798464243e-10
58,0.001,47,0.10297172905955486,2.0189231736663952e-18
58,0.001,48,0.13525205614599,3.390105153933376e-15
58,0.001,49,0.17981397967990306,1.3564408798252524e-11
58,0.001,50,0.2004198821252072,3.5503842573356207e-07
58,0.001,51,0.19367587405335948,1.721819016021679e-07
58,0.001,52,0.015524681168302919,5.681391011800344e-28
58,0.001,53,0.1884597916920308,7.670865280610768e-11
58,0.001,54,0.1266009203275542,1.1691886101084034e-16
58,0.001,55,0.25638639708551647,0.23111609153623816
58,0.001,56,0.09778955273707603,3.841798532514456e-19
58,0.001,57,0.08841688353094498,1.1850834080210905e-20
58,0.001,58,0.1089146188518719,8.745196153549551e-20
58,0.001,59,0.26827988267745845,24.220018513735436
58,0.001,60,0.21802215819913143,1.082538945114852e-05
58,0.001,61,0.054143953767579016,2.9903277998017103e-23
58,0.001,62,0.14993661901409747,2.5808169420856734e-15
58,0.001,63,0.18940101642581975,4.720162136917853e-10
58,0.001,64,0.0844366756070782,1.5276269136518627e-21
58,0.001,65,0.12875989379764413,1.3622705832696637e-18
58,0.001,66,0.06753800690313837,5.768229894526388e-25
58,0.001,67,0.13199897635475064,7.326993740554839e-16
58,0.001,68,0.14567979789973695,1.6075765345488832e-14
58,0.001,69,0.05323738363179445,5.110000140621103e-24
58,0.001,70,0.15952029842254206,7.313789507240383e-12
58,0.001,71,0.22338707243142086,1.089655699051701e-05
58,0.001,72,0.12261204298604805,4.608660498558763e-16
58,0.001,73,0.13242617494553904,3.2959498703554704e-16
58,0.001,74,0.03816939444317575,1.588788703149602e-25
58,0.001,75,0.11236566142652518,1.1101754132973765e-18
58,0.001,76,0.026264384172563493,3.417461351680312e-28
58,0.001,77,0.12646334425443836,9.286652962887926e-15
58,0.001,78,0.08950209788120628,1.6996077341509579e-18
58,0.001,79,0.24363021150136627,0.04756885781786076
58,0.001,80,0.22313173257644076,3.830546103998259e-05
58,0.001,81,0.11823231173448924,7.213689805619518e-19
58,0.001,82,0.1037434527368347,6.420308356298729e-21
58,0.001,83,0.06778751586009854,3.2365039633415157e-23
58,0.001,84,0.09640278775400536,8.658582393964e-21
58,0.001,85,0.15782729474904236,3.575346325306616e-13
58,0.001,86,0.01598086933559793,1.5569228747351038e-28
58,0.001,87,0.1283203164547986,6.834803207474793e-16
58,0.001,88,0.18865658282780035,2.705795312273647e-12
58,0.001,89,0.2110532877463678,1.1686250301104729e-05
58,0.001,90,0.14274492180466777,1.134719491503819e-14
58,0.001,91,0.11469905865470771,1.2980535699811885e-18
58,0.001,92,0.18389902021527058,3.992693749892501e-07
58,0.001,93,0.1244483008325356,7.828337100549771e-18
58,0.001,94,0.0908210872147838,1.9849269139522073e-18
58,0.001,95,0.14868956928133045,4.43838415967373e-14
58,0.001,96,0.07801519471949572,2.5695077260214784e-21
58,0.001,97,0.059486270138247595,2.1006942643986998e-23
58,0.001,98,0.11233986118563015,4.275560009490329e-17
58,0.001,99,0.04292964867796403,2.599319281819682e-24
58,0.001,100,0.20221799727671935,1.0505732255623383e-07
59,0.001,1,0.24270851276712377,0.09151829282162774
59,0.001,2,0.21678361793089784,8.622531197513312e-07
59,0.001,3,0.1818485770680808,3.5529337616007914e-11
59,0.001,4,0.13919915696307678,4.2167414597091776e-17
59,0.001,5,0.18720359831897446,2.936174436501132e-08
59,0.001,6,0.12194533819746013,5.358366838472497e-17
59,0.001,7,0.07933426023057255,5.955608178399184e-23
59,0.001,8,0.14991001578432242,1.7231870763343e-15
59,0.001,9,0.13619957626695284,1.409128909245881e-17
59,0.001,10,0.1602836581046084,1.2815012260916834e-12
59,0.001,11,0.23494768978970534,0.0020401374645886788
59,0.001,12,0.1228466551814753,8.987641622553607e-21
59,0.001,13,0.18585424624470773,3.832230180277676e-09
59,0.001,14,0.17448445275119717,3.6277809434044727e-13
59,0.001,15,0.12716923321589846,1.1096811240100541e-16
59,0.001,16,0.10838798000055322,1.2369289502344955e-20
59,0.001,17,0.18294278696745148,7.746785469902738e-11
59,0.001,18,0.11392745397551492,3.5472784177002067e-19
59,0.001,19,0.17138185335964343,6.844295067601798e-11
59,0.001,20,-0.05716885667451796,2.2057143016034105e-33
59,0.001,21,0.24190931504352986,0.03361212565449576
59,0.001,22,0.08751799753794408,6.263768509560314e-22
59,0.001,23,0.18816256590020347,2.0943826291961308e-10
59,0.001,24,0.14194946532472374,7.982858400592167e-16
59,0.001,25,0.17906596753822118,6.101191800349663e-09
59,0.001,26,0.07394297876904761,5.390603211714829e-23
59,0.001,27,0.13500217461883526,6.767226682903433e-16
59,0.001,28,0.10614350058686388,1.7069163730831304e-20
59,0.001,29,0.1584884930836803,1.1760376227373385e-12
59,0.001,30,0.16569665299864011,1.6951602623711888e-12
59,0.001,31,0.1077148158418573,7.521871729935219e-20
59,0.001,32,0.15073365072448217,7.178126513584116e-15
59,0.001,33,0.1277788489219971,1.839107929487727e-16
59,0.001,34,0.05205014545937718,3.910890370041167e-26
59,0.001,35,0.07305136498517635,1.6698140172813063e-22
59,0.001,36,0.1560374218316152,7.757330514937481e-14
59,0.001,37,0.0667356792431466,3.8879125974712337e-22
59,0.001,38,0.20336119931744712,9.144877514184063e-08
59,0.001,39,0.18877042116172657,4.971774596571712e-09
59,0.001,40,0.07413606268799823,9.528008577857354e-23
59,0.001,41,0.181686214282927,7.059085046323001e-11
59,0.001,42,0.12609210777397992,6.940270528261527e-17
59,0.001,43,0.20927315435785454,9.57797441046189e-07
59,0.001,44,0.17959141836791137,4.503066226988024e-12
59,0.001,45,0.027319002252541604,8.697184742021807e-27
59,0.001,46,0.14071396380197926,3.864872851262853e-16
59,0.001,47,0.05843569329429325,2.9905113140264476e-25
59,0.001,48,0.15651827783460998,1.6970320331380128e-16
59,0.001,49,0.22143678294292973,5.56793725265423e-05
59,0.001,50,0.12476900233829993,1.2981904560537488e-15
59,0.001,51,0.1538919008638241,1.0066376635941685e-14
59,0.001,52,0.17514978251630986,2.569396803725972e-10
59,0.001,53,0.2716388843872268,7.7714685170460225
59,0.001,54,0.14360136219989938,1.1812852264157598e-13
59,0.001,55,0.13368520587568464,9.75655122974639e-18
59,0.001,56,0.21869673752020732,0.0001559081960282791
59,0.001,57,0.19017885597349865,6.984436390663988e-10
59,0.001,58,0.152932694395066,2.2236468473094353e-13
59,0.001,59,0.12937615168537686,7.204320119189191e-17
59,0.001,60,0.15977545937020993,9.905708047043695e-14
59,0.001,61,0.10646265250899815,1.7445886466557428e-19
59,0.001,62,0.26807409660548387,9.938615841575494
59,0.001,63,0.04368195593581959,3.462105750800043e-25
59,0.001,64,0.14348175470815064,5.937758835918417e-16
59,0.001,65,0.14783557699751154,1.0285673415334038e-15
59,0.001,66,0.14383241513013625,5.693549480426607e-15
59,0.001,67,0.0929536353272877,2.878580812958545e-21
59,0.001,68,0.14866916579505507,1.6517005389113413e-15
59,0.001,69,0.0444641382187822,2.183260024695594e-24
59,0.001,70,0.1678262608245123,3.709001277606533e-13
59,0.001,71,0.24720390221451882,0.07542760302006792
59,0.001,72,0.09484946583169923,2.7462729562270593e-22
59,0.001,73,0.11421040949539506,1.2042835239824142e-18
59,0.001,74,0.18012847056997391,3.152136941271124e-11
59,0.001,75,0.16798038305487548,1.5519335170209318e-12
59,0.001,76,0.1922177270809801,5.055148429550188e-09
59,0.001,77,0.08808185346472507,6.077889466537981e-21
59,0.001,78,0.15105336372478573,1.1222325308740966e-14
59,0.001,79,0.16787026371202268,1.1018747476421743e-12
59,0.001,80,0.1272920293565375,9.182236031310498e-17
59,0.001,81,0.0797289136732402,2.828769002472733e-23
59,0.001,82,0.11178730568107763,3.864283631690624e-19
59,0.001,83,0.15622893442236366,9.611781589868223e-15
59,0.001,84,0.2633773440022958,0.3559062196483027
59,0.001,85,0.17367392459004777,1.8124121277658238e-11
59,0.001,86,0.16095956733742284,4.2734285809541414e-15
59,0.001,87,0.18089343250443718,7.137113047170252e-12
59,0.001,88,0.1316903589729977,7.519317261423923e-17
59,0.001,89,0.24923407233513878,0.054120682797328394
59,0.001,90,-0.013422427107635613,1.7967100247361618e-31
59,0.001,91,0.12177682483948712,1.499332278027254e-16
59,0.001,92,0.23211319616789333,4.874196469449213e-05
59,0.001,93,0.1588439764107893,6.01732956951002e-15
59,0.001,94,0.1997875087748183,4.001049825421708e-09
59,0.001,95,0.11112697632789907,2.3891065299696083e-19
59,0.001,96,0.11396046364451161,1.0613890387256329e-18
59,0.001,97,0.12000297084986158,1.704245024334211e-19
59,0.001,98,0.13998058093933913,3.695838918589368e-16
59,0.001,99,0.17826961363452173,1.8054823297772903e-10
59,0.001,100,0.2102744048856704,5.540755685316623e-07
50,0.005,1,0.1073532946082146,7.60921358252799e-17
50,0.005,2,0.28129134659897503,48.40585502236634
50,0.005,3,0.2017767565045837,8.965473026592096e-07
50,0.005,4,0.051563145585901506,5.923647266993741e-24
50,0.005,5,0.24741160412457655,0.5410155000401974
50,0.005,6,0.18054678104931474,5.007156175301681e-08
50,0.005,7,0.1584415263831687,2.8325659301092628e-12
50,0.005,8,0.14024442080951063,8.559270595888165e-14
50,0.005,9,0.151403105593779,1.5999087358945873e-12
50,0.005,10,0.22494035938126472,0.00036688404651403817
50,0.005,11,0.12825249355194593,8.418444566579245e-18
50,0.005,12,0.21732978076093443,0.00354863226059392
50,0.005,13,0.029346644360886548,2.3429702224025023e-25
50,0.005,14,0.22480669489545216,0.026576825416901297
50,0.005,15,0.12690172314163406,3.95458935332148e-15
50,0.005,16,0.14775539897815254,6.252871918832395e-14
50,0.005,17,0.18058155051124794,8.729752758073832e-11
50,0.005,18,0.17582478328818082,1.2796581424501638e-10
50,0.005,19,0.18078793240527619,6.283132142001524e-10
50,0.005,20,0.16342870999632758,1.612884150221756e-14
50,0.005,21,0.047273037097489284,7.913130870403156e-23
50,0.005,22,0.19231585546348498,1.1266281421307518e-07
50,0.005,23,0.22686576715559315,0.003711390191005855
50,0.005,24,0.19613171830758067,1.3364584326158224e-06
50,0.005,25,0.20662388997214476,2.735619692310702e-05
50,0.005,26,0.035825346339751166,1.5732446882188842e-23
50,0.005,27,0.11453091037152893,9.503705132211814e-16
50,0.005,28,0.09734397980345565,5.434093343485503e-19
50,0.005,29,0.14302801751055724,1.9341149832011863e-14
50,0.005,30,0.17397661848602497,4.0152125143530835e-10
50,0.005,31,0.13543408895872613,2.640668938387221e-16
50,0.005,32,0.1543017657267469,7.549281819018826e-15
50,0.005,33,0.2055528288777723,2.7863020015391202e-06
50,0.005,34,0.18082915455646245,1.6603593835867566e-09
50,0.005,35,0.13592837389563675,2.4539780125114607e-16
50,0.005,36,0.16655705870820287,2.0362474270419732e-11
50,0.005,37,0.1330579368381576,1.0331996106021631e-16
50,0.005,38,0.17398182121497996,4.3927771512504475e-10
50,0.005,39,0.07671805783930441,3.751292311049932e-21
50,0.005,40,0.11118893593846337,1.0808740643111598e-16
50,0.005,41,0.15821421448472342,8.577316858630888e-12
50,0.005,42,0.11546808879878333,5.293583202909589e-16
50,0.005,43,0.24469474820710116,0.16055001825925572
50,0.005,44,0.17904554430745817,1.6205067104549653e-09
50,0.005,45,0.20409421047864026,6.419251280152228e-06
50,0.005,46,0.2033294279810352,1.0970826389462116e-06
50,0.005,47,0.17497035584357565,2.7308640588003574e-09
50,0.005,48,0.2565641505380307,1.4878664086818771
50,0.005,49,0.16556731810596548,6.9994438844768206e-12
50,0.005,50,0.13656042567899,9.42597790495495e-15
50,0.005,51,0.11998024296151587,4.587602536095946e-17
50,0.005,52,0.0985821765558353,2.909712388786394e-20
50,0.005,53,0.16981347738080152,1.3851498319367897e-10
50,0.005,54,0.15211843464260133,4.2026462068363046e-15
50,0.005,55,0.19684335633658165,5.950811018411117e-06
50,0.005,56,0.10829738826052561,4.017796006980887e-19
50,0.005,57,0.0789078366713793,5.309853248678957e-22
50,0.005,58,0.1344349302557973,7.976703552892156e-15
50,0.005,59,0.13162367104139264,1.3109147685441573e-14
50,0.005,60,0.138324088772848,3.7874527717701644e-16
50,0.005,61,0.1828070474614714,3.151042490489039e-08
50,0.005,62,0.24607270744261092,0.9587464919129799
50,0.005,63,0.15180410144772105,5.889045793777533e-13
50,0.005,64,0.20990746234802068,8.201429187392599e-07
50,0.005,65,0.09936319508522634,1.565237455749515e-20
50,0.005,66,0.10067522233486541,5.5036511589717645e-17
50,0.005,67,0.19455681770444586,2.9524843158391805e-09
50,0.005,68,0.18731088077695468,5.9316044778081594e-08
50,0.005,69,0.06367215981542593,5.419871467821084e-23
50,0.005,70,0.07404204844278905,3.6922774725651203e-20
50,0.005,71,0.19620552302457966,1.2061499018085428e-07
50,0.005,72,0.2002471443579642,2.246034172578726e-05
50,0.005,73,0.09364592192362613,2.807670278298177e-20
50,0.005,74,0.06681337964393105,5.423839838788298e-23
50,0.005,75,0.14297167468606486,9.477080775604345e-15
50,0.005,76,0.09983882253846087,2.5758144230680177e-19
50,0.005,77,0.0802065435439781,5.72241782520742e-20
50,0.005,78,0.21066890820134931,0.00016837594032432108
50,0.005,79,0.06623872789837267,1.615703974829781e-22
50,0.005,80,0.17040005450548243,2.3842893321515735e-11
50,0.005,81,0.23856855964344095,0.71784830536793
50,0.005,82,0.24587102021563084,0.1707062221875365
50,0.005,83,0.16293466024637127,1.8189428827950102e-10
50,0.005,84,0.059637608982593966,5.275958563532993e-22
50,0.005,85,0.1742537918992415,1.0886375543327147e-10
50,0.005,86,0.24215737767530116,0.07466131301832256
50,0.005,87,0.22486861952866433,0.0075559394355157634
50,0.005,88,0.11345623275018651,6.924568943344818e-16
50,0.005,89,0.22032964883292983,0.03675844588584733
50,0.005,90,0.1277009919975468,1.1840655315310294e-13
50,0.005,91,0.2069352711680634,1.5165033119578731e-05
50,0.005,92,0.11032846084500171,7.048597613359955e-17
50,0.005,93,0.1370500050253454,4.672377575639834e-17
50,0.005,94,0.21164876035593255,0.0002767388110109014
50,0.005,95,0.16110931211113452,6.539930209769658e-11
50,0.005,96,0.10790875240799447,1.2892107011583166e-16
50,0.005,97,0.10382758122718248,9.375627436360861e-21
50,0.005,98,0.22167364340391296,0.00037543304991738906
50,0.005,99,0.14580754518317873,3.2441240950604543e-13
50,0.005,100,0.1191947724286841,6.690594941607828e-16
51,0.005,1,0.2334583394793854,0.30213802474452517
51,0.005,2,0.11856830780285696,1.0834249823641202e-16
51,0.005,3,0.09504546165042314,4.2050476225614553e-19
51,0.005,4,0.027347960339840285,1.5020398293854315e-23
51,0.005,5,0.16260960736156482,2.7714543120879783e-11
51,0.005,6,0.12127449203169803,6.141173646385593e-17
51,0.005,7,0.13466147435598164,1.6778182264562434e-13
51,0.005,8,0.12769179068065,1.78398470642461e-15
51,0.005,9,0.07101740451086834,6.794100483688128e-23
51,0.005,10,0.06650696197023845,2.296975343957663e-21
51,0.005,11,0.1637774353405417,2.8321098460270214e-11
51,0.005,12,0.09748638137519315,1.0329924517360666e-17
51,0.005,13,0.1643697828265258,4.966651083914906e-11
51,0.005,14,0.20664476499183465,3.081980089366484e-06
51,0.005,15,0.0997641678231689,1.8405489850150095e-17
51,0.005,16,0.24639902709599387,9.534395507483161
51,0.005,17,0.15331111554366844,7.369344681210392e-13
51,0.005,18,0.07480308134247549,1.3816482716288547e-20
51,0.005,19,0.17436016240440932,3.375865201989787e-09
51,0.005,20,0.12606329026168406,3.2024781688532427e-17
51,0.005,21,0.1306622351554325,2.0362351108896427e-14
51,0.005,22,0.2040833964696186,2.685567214024128e-05
51,0.005,23,0.13444255600887303,2.96161432201547e-15
51,0.005,24,0.14157331126055295,3.1125757423579047e-13
51,0.005,25,0.25616674645907783,21.426542768958623
51,0.005,26,0.07859905448194873,2.810830367293356e-20
51,0.005,27,0.044563580697454704,2.016774150096638e-25
51,0.005,28,0.1463292193896983,7.079592112668565e-12
51,0.005,29,0.1524912799221641,1.3041545212973845e-12
51,0.005,30,0.12903305134312576,3.286555292703962e-14
51,0.005,31,0.13714539788627586,1.1148683076436733e-15
51,0.005,32,0.09337242690820394,4.0610485229474477e-20
51,0.005,33,0.13245610852260306,1.1296162035355835e-14
51,0.005,34,0.046189095421802856,4.428496256222111e-23
51,0.005,35,0.18563193434575911,1.6558946149447382e-08
51,0.005,36,0.07395560660281714,9.74028955314974e-21
51,0.005,37,0.19353214626413787,6.565590627928141e-07
51,0.005,38,0.19196596615650452,0.00015713643478767602
51,0.005,39,0.11308353296877334,4.2928521844343716e-16
51,0.005,40,0.1400503530435107,1.6671347299485941e-15
51,0.005,41,-0.02384047169745638,4.8050329644886324e-30
51,0.005,42,0.09717781221994938,2.1705513663602887e-19
51,0.005,43,0.029517886465930395,4.6134308525925366e-24
51,0.005,44,0.1201998042917334,1.339437876696949e-16
51,0.005,45,0.228678398542668,0.2969699571465743
51,0.005,46,0.17833678966562225,4.0330481977169236e-07
51,0.005,47,0.12354695791800722,1.2440400473117496e-15
51,0.005,48,0.2599431209997846,14.604598168674997
51,0.005,49,0.18136381180002398,8.060537159676088e-09
51,0.005,50,0.21076699840401358,0.000149313396629363
51,0.005,51,0.2077726290697609,5.990008378922871e-07
51,0.005,52,0.0953233063737399,2.1912733045723267e-19
51,0.005,53,0.0619264789998181,9.524979725215733e-22
51,0.005,54,0.05541177355298847,1.5997263195179958e-23
51,0.005,55,0.10082400346842281,4.125114101647562e-18
51,0.005,56,0.1437844727909629,7.649076642100446e-15
51,0.005,57,0.1832332552643036,5.610296000061185e-09
51,0.005,58,0.0589869358230524,2.144145680611184e-22
51,0.005,59,0.12313441117817384,2.3387103476901867e-16
51,0.005,60,0.16683021149386468,5.3778222489519685e-12
51,0.005,61,0.18896316402854244,6.606140384429159e-07
51,0.005,62,0.14047973847480483,2.9345046019279964e-13
51,0.005,63,0.08532920346235316,6.446373838964656e-20
51,0.005,64,0.10340152944245776,2.4691941124897787e-17
51,0.005,65,0.11009126816734355,1.7912004549396676e-18
51,0.005,66,0.1951167333190465,9.032899065981154e-07
51,0.005,67,0.10831439309419032,7.9915400800272e-20
51,0.005,68,0.13481914098597245,6.614292637501745e-13
51,0.005,69,0.159944014272053,6.332061136112609e-13
51,0.005,70,0.1543239061734699,6.293247703532394e-15
51,0.005,71,0.1485525073795992,3.3751577909633064e-11
51,0.005,72,0.2160428570968515,3.33023101052586e-05
51,0.005,73,0.12808978645315927,2.2431886481856305e-15
51,0.005,74,0.13783617794017905,5.50982929517988e-15
51,0.005,75,0.13707244513684363,8.720478752773271e-14
51,0.005,76,0.16072944844846312,1.0714066567561593e-10
51,0.005,77,0.1905306785768014,1.7011938319555912e-08
51,0.005,78,0.197192142929495,1.2587796945945154e-06
51,0.005,79,0.16769748342240068,2.4558499935148032e-11
51,0.005,80,0.06917253058949877,5.2054115436115584e-23
51,0.005,81,0.27585594115516465,27.56192401205334
51,0.005,82,0.11327965331610837,8.37230416352967e-18
51,0.005,83,0.16200787788066703,1.0963041654137226e-12
51,0.005,84,0.154200097186595,2.0805571517761368e-13
51,0.005,85,0.11504684670125663,4.034035830038875e-16
51,0.005,86,0.044882453550124955,3.9821377158998946e-24
51,0.005,87,0.061793136441007965,6.844115506467414e-22
51,0.005,88,0.12638249774734897,3.649963694939106e-15
51,0.005,89,-0.16898299299048264,3.410975880630012e-41
51,0.005,90,0.25043705649033193,0.3706787711991705
51,0.005,91,0.11915520838974106,1.0644758661066244e-16
51,0.005,92,0.17665314553208997,1.924826974878164e-10
51,0.005,93,0.1571698781173302,1.476217376429167e-12
51,0.005,94,0.21470352146219993,0.001047175006696698
51,0.005,95,0.22420446330018395,0.0009583360561716547
51,0.005,96,0.14992681819244605,1.0838516987307307e-10
51,0.005,97,0.20391307709825768,3.5511073093267556e-05
51,0.005,98,0.16198556961849814,3.733779546840005e-10
51,0.005,99,0.2162614784802809,0.00027130129643077136
51,0.005,100,0.14399703537392888,5.306987561060769e-13
52,0.005,1,0.14813236538069005,2.2432266653896043e-13
52,0.005,2,0.08952040519660248,2.2567042488608328e-20
52,0.005,3,0.08220068139390228,1.4652572269919925e-21
52,0.005,4,0.26011960539237217,7.0443422083568965
52,0.005,5,0.1615405349916555,1.3506253404011025e-14
52,0.005,6,0.2409127238945195,0.034553548396927106
52,0.005,7,0.17121126749276538,1.9180910401458892e-11
52,0.005,8,0.07911246110888645,1.0413025408060127e-23
52,0.005,9,0.2136077958441239,3.5743542633360025e-06
52,0.005,10,0.21685019344612602,6.525804146174562e-05
52,0.005,11,0.13478988736945122,1.5720273537021575e-16
52,0.005,12,0.21784754946805582,2.1269637710881845e-05
52,0.005,13,0.11847083092388355,1.0211598165079686e-16
52,0.005,14,0.132560431101133,2.362076684882027e-16
52,0.005,15,0.09059052738700488,2.44008523583363e-21
52,0.005,16,0.1825338068392384,2.2914115339485084e-12
52,0.005,17,0.15611755906362026,9.782807017192783e-13
52,0.005,18,0.22406612307624563,0.0002100929076193171
52,0.005,19,0.18016077272295736,1.2220294017422465e-10
52,0.005,20,0.16774986155203883,2.4606581004252543e-12
52,0.005,21,0.17870550674545402,9.226903049520235e-11
52,0.005,22,0.15436727706228634,1.6785230939267912e-15
52,0.005,23,0.20965583999212412,2.7207906671091506e-08
52,0.005,24,0.14029703009348887,2.151487223065779e-15
52,0.005,25,0.0990877596284162,3.3356477710312486e-21
52,0.005,26,0.1839108101244287,6.777535080676775e-12
52,0.005,27,-0.060300892068430846,7.98418218012871e-35
52,0.005,28,0.209949550271405,1.0797731032270665e-08
52,0.005,29,0.0673401061025485,2.2342355456977378e-23
52,0.005,30,0.18028948627109262,2.407082684783516e-11
52,0.005,31,0.13925676286541996,1.5615051355168614e-15
52,0.005,32,-0.02432874570251789,1.146529412665808e-31
52,0.005,33,0.254225814672347,1.9345420771479436
52,0.005,34,0.1298189573215731,8.403640732972055e-18
52,0.005,35,0.05900519201975882,8.233619921532315e-26
52,0.005,36,0.1500737749937557,7.928132393327838e-13
52,0.005,37,0.1604199722435589,1.3033814836064932e-13
52,0.005,38,0.1691135725399419,1.3366155040729986e-12
52,0.005,39,0.2016629156014776,8.99347404301116e-10
52,0.005,40,0.024329472189342807,1.9300210438498956e-28
52,0.005,41,0.2180129295184771,9.718140848408542e-08
52,0.005,42,0.17526998194294766,1.503362895162255e-10
52,0.005,43,0.19568705578317708,3.090003812242506e-09
52,0.005,44,0.09338982451490405,6.825828399028901e-20
52,0.005,45,0.13861535140628015,2.0051099357220522e-15
52,0.005,46,0.1682920111041597,5.70334681522434e-13
52,0.005,47,0.19360952988977134,2.3835358219107567e-08
52,0.005,48,0.0751509105955533,2.8542503306474955e-23
52,0.005,49,0.06964778644742046,2.2935565318304512e-25
52,0.005,50,0.19976306260122537,4.027186082640524e-09
52,0.005,51,0.20774311334682025,2.1361047412492535e-08
52,0.005,52,0.16361724162835323,5.081679656295084e-13
52,0.005,53,0.1410141879592048,5.553434441809995e-15
52,0.005,54,0.28156219652342535,26.048592636786235
52,0.005,55,0.19435601929229965,2.3400036907754247e-08
52,0.005,56,0.13647398582105794,9.864093913832014e-16
52,0.005,57,0.09912361234968711,6.094902920776144e-19
52,0.005,58,0.17203788777854595,1.5041574040046707e-11
52,0.005,59,0.15879299693574156,9.03928719365284e-14
52,0.005,60,0.2491008801172211,1.032267213346581
52,0.005,61,0.11019420195977088,6.172871260788332e-18
52,0.005,62,0.1443198268802834,2.784359637360282e-17
52,0.005,63,0.15856942498899737,1.0995568866974297e-12
52,0.005,64,0.15944237327396701,3.448818416392936e-13
52,0.005,65,0.11640458116616192,3.4087690802776824e-17
52,0.005,66,0.18463679974654915,6.726921029568648e-10
52,0.005,67,0.16039153083349345,1.0475939303679713e-13
52,0.005,68,0.21463244859915986,1.1741667361404871e-06
52,0.005,69,0.13736944039482712,1.653282355484906e-14
52,0.005,70,0.04484669202793224,2.519627811606291e-25
52,0.005,71,0.15961940862187818,8.7723062713042e-13
52,0.005,72,0.18644353393608235,2.8597728162528475e-10
52,0.005,73,0.1580179510974356,2.017219333120409e-12
52,0.005,74,0.2000958536088462,8.100148779657868e-09
52,0.005,75,0.08317556804629597,1.3457120124619116e-22
52,0.005,76,-0.005611703148192902,1.2589389031407342e-29
52,0.005,77,0.15056832901086117,5.825264940463973e-15
52,0.005,78,0.12122916279706393,3.4352826992669682e-18
52,0.005,79,0.1398981650749287,8.257451076823841e-17
52,0.005,80,0.16583483364688809,8.182920711222385e-13
52,0.005,81,0.21049497639925893,1.0904275122507838e-06
52,0.005,82,0.18283423741164007,7.220916012100449e-11
52,0.005,83,0.1629181861216631,4.4422396498173315e-13
52,0.005,84,0.17333878857837998,3.292950800377641e-12
52,0.005,85,0.28828805289228365,22.65458859280173
52,0.005,86,0.19569746651179196,2.2626906651333996e-09
52,0.005,87,0.18293383666524052,6.491210754033218e-09
52,0.005,88,-0.03407817832383618,7.325464717519766e-33
52,0.005,89,0.16962778697370395,3.348315920945215e-11
52,0.005,90,0.06698458180162935,2.8001798007753963e-22
52,0.005,91,0.13926066990614236,1.031602175898874e-14
52,0.005,92,0.06780091637739637,2.0523263931057286e-21
52,0.005,93,0.09938294818953322,5.0466302563095316e-21
52,0.005,94,0.15703562255734232,7.0121533417120005e-15
52,0.005,95,0.05329411296288553,3.893052506029211e-25
52,0.005,96,0.19079017610200616,7.615494735509955e-09
52,0.005,97,0.20776211776201126,1.1005902299255092e-06
52,0.005,98,0.09699623832958454,5.148075597589323e-21
52,0.005,99,0.22017832825691594,4.861451899581264e-07
52,0.005,100,0.0768786006546696,1.3846507626311422e-23
53,0.005,1,0.18252036334217928,7.1028821040073605e-09
53,0.005,2,0.04662952931402657,1.8321606851782223e-24
53,0.005,3,0.11904947403050917,6.90797301792475e-18
53,0.005,4,0.2422206422787415,0.42409602779951344
53,0.005,5,0.1707764524038133,7.780581753060637e-12
53,0.005,6,0.11767567762023591,4.259135240367757e-17
53,0.005,7,0.1719087224247037,2.1139513365694243e-11
53,0.005,8,0.1547582988869843,3.7170793867229195e-13
53,0.005,9,0.09149719351241224,1.5386934406719722e-21
53,0.005,10,0.22000778175768365,0.00016569757362360228
53,0.005,11,0.14746405316641398,2.3598335815973394e-13
53,0.005,12,0.200144530937268,9.846522224755305e-08
53,0.005,13,0.2202031900955266,0.0012516570827333367
53,0.005,14,0.23021751114676287,0.012625806602911257
53,0.005,15,0.15325873652669667,8.084010731983347e-14
53,0.005,16,0.16445488078915135,2.3755382987313776e-10
53,0.005,17,0.15832089137467856,6.947940640490243e-13
53,0.005,18,0.1545017544969483,9.62737296745518e-13
53,0.005,19,0.18579988071675857,8.179355861360952e-09
53,0.005,20,0.17172002180573534,1.0416336612793235e-11
53,0.005,21,0.2679886736328282,17.85443989861047
53,0.005,22,0.16205462722106845,5.081797531269431e-13
53,0.005,23,0.02636220851162637,1.6485809924563237e-26
53,0.005,24,0.11731488706445825,7.038524625277631e-17
53,0.005,25,0.19849736830685635,2.6032185811832512e-08
53,0.005,26,0.14082989799134707,5.694293350515605e-15
53,0.005,27,0.0888273992066873,7.019067711422982e-20
53,0.005,28,0.19891515517226468,6.549791837296615e-08
53,0.005,29,0.19026254572600118,6.341720671970596e-09
53,0.005,30,0.14998783059384252,1.4148369249279162e-13
53,0.005,31,0.1795338593590234,7.106216276649597e-11
53,0.005,32,0.13124303975542445,1.0753969840249362e-15
53,0.005,33,0.24708685620538928,0.6339527819843244
53,0.005,34,0.12787317161774087,1.4662632525764365e-16
53,0.005,35,0.2560755398167092,0.9708947919588251
53,0.005,36,0.2037652201388147,1.4931696982400304e-06
53,0.005,37,0.21423857716566533,0.0005214708978918182
53,0.005,38,0.08331231109900111,2.3838249798593316e-20
53,0.005,39,0.15796210687867032,3.143458962125277e-12
53,0.005,40,0.17135408499192578,5.41411410074788e-10
53,0.005,41,0.2051127307403018,3.406331752419743e-07
53,0.005,42,0.0438040793504737,2.535084840052604e-24
53,0.005,43,0.09073692543620925,1.877610499557271e-19
53,0.005,44,0.16614635061479252,2.1817202557840794e-11
53,0.005,45,0.15818396854441705,2.7709246899374933e-13
53,0.005,46,0.11019628452394714,2.8104786352214584e-18
53,0.005,47,0.2414638916503636,0.39424397546252943
53,0.005,48,0.10380131915827424,4.711696866954469e-19
53,0.005,49,0.215170007358402,0.00018383893434940367
53,0.005,50,0.19062721159422982,6.775308379210788e-08
53,0.005,51,0.10207608359411775,4.097250411830662e-18
53,0.005,52,0.26154380973395747,9.902051765240687
53,0.005,53,0.15867361443335876,1.3687688184761555e-12
53,0.005,54,0.20651400335514938,4.145375302399018e-06
53,0.005,55,0.23908661876877438,0.04384301121456545
53,0.005,56,0.11010501868873432,9.230538379886822e-18
53,0.005,57,0.1665764758842427,3.1946746787200704e-11
53,0.005,58,0.1831351903676452,3.7112349456749064e-09
53,0.005,59,0.1823378994940772,7.387806743421445e-11
53,0.005,60,0.11324425123751677,4.352406019541125e-19
53,0.005,61,0.12726179782199804,1.9238266378481208e-16
53,0.005,62,0.1277400786259134,1.251682785561806e-16
53,0.005,63,0.07605675556254615,3.6616449509674856e-22
53,0.005,64,0.2045416348114378,2.204364818207496e-06
53,0.005,65,0.13245964703160698,3.949971138577446e-15
53,0.005,66,0.06476953030541138,8.566701603607836e-24
53,0.005,67,0.21874887216920458,0.00012630867478428417
53,0.005,68,0.20882440836677174,2.9617819451776967e-05
53,0.005,69,0.19555208486858888,2.883316905409576e-07
53,0.005,70,0.11210161707072404,5.447288035391525e-17
53,0.005,71,0.13132488957671837,1.5652570498816042e-16
53,0.005,72,0.17233813740657522,5.783841030526236e-10
53,0.005,73,0.1676132633285414,3.753285075048883e-11
53,0.005,74,0.16889502386779187,6.97286641905358e-11
53,0.005,75,0.10016655974916638,4.051066618473295e-20
53,0.005,76,0.14700052957867651,2.2886856196795443e-13
53,0.005,77,0.16845864247499004,2.0208513894551882e-10
53,0.005,78,0.2099711037664899,5.517212278485929e-06
53,0.005,79,0.21535827523363418,1.4047077762342614e-05
53,0.005,80,0.19735609234685092,1.4629632348119854e-08
53,0.005,81,0.11112881641545516,4.049066804970895e-19
53,0.005,82,0.12136762498458611,5.835409731249027e-17
53,0.005,83,0.09640343208943157,8.14002872580344e-20
53,0.005,84,0.13716109675991606,1.1098715874050973e-14
53,0.005,85,0.1799376989628492,1.1519558950436936e-09
53,0.005,86,0.10281402745142487,5.322789951519176e-19
53,0.005,87,0.18795185728635733,1.8082993763360576e-09
53,0.005,88,0.18054641031107774,6.508398691330945e-10
53,0.005,89,0.14337613937176424,5.3818008896667334e-14
53,0.005,90,0.09568621695596927,1.5996053651869434e-20
53,0.005,91,0.12519195628401586,4.8913218057271314e-17
53,0.005,92,0.1603263989979534,4.743264851666345e-11
53,0.005,93,0.08709786245545258,1.6600738694355576e-20
53,0.005,94,0.14981187090308945,1.5643402475201938e-12
53,0.005,95,0.17991769417036782,3.90537785378899e-10
53,0.005,96,0.10875161315368191,1.0026824028078308e-16
53,0.005,97,0.12755893522777528,2.019791721935079e-15
53,0.005,98,0.1069026784961856,8.119402551395877e-19
53,0.005,99,0.13438752531439627,1.4340829000266847e-15
53,0.005,100,0.17885807422072408,2.52013265887754e-10
54,0.005,1,0.2313900136256129,0.036113517019960746
54,0.005,2,0.12456244689886727,3.268758381698368e-14
54,0.005,3,0.08939954527619391,2.176566743946557e-18
54,0.005,4,0.19982217441822353,6.194981278629887e-06
54,0.005,5,0.17025627349888528,7.029467422354193e-10
54,0.005,6,0.038459209100135235,7.033066897989036e-24
54,0.005,7,0.10784428271293528,1.1662439078541e-16
54,0.005,8,0.16951394228687647,1.4757820712697662e-08
54,0.005,9,0.12393765432123507,2.1346285226544836e-16
54,0.005,10,0.1656312997830808,1.390620536825242e-09
54,0.005,11,0.0956563509549713,7.804444439199497e-18
54,0.005,12,0.16135621772530634,2.463709310478196e-10
54,0.005,13,-0.02437745763799584,1.7470542331456725e-29
54,0.005,14,0.09423096393066431,8.38086144508638e-18
54,0.005,15,0.15726684138067729,4.2543919819652464e-11
54,0.005,16,0.23680420618639514,0.4790419072132874
54,0.005,17,0.2527656165624465,1.7460078204268228
54,0.005,18,0.14045260337771134,1.023247434412076e-14
54,0.005,19,0.18688119958935356,9.809956203074021e-08
54,0.005,20,0.18760975297624866,8.687313577931857e-08
54,0.005,21,0.07925112277898014,1.680345875467526e-19
54,0.005,22,0.12805820297973983,7.119490522059524e-15
54,0.005,23,0.11781959765495945,1.7626030169391277e-15
54,0.005,24,0.1470734670920097,6.809059124793889e-12
54,0.005,25,0.19049691704032126,2.694669762575458e-08
54,0.005,26,0.20612712383029252,0.0024200787667451543
54,0.005,27,0.19732349471396896,3.0451274603811264e-07
54,0.005,28,0.11062426089530833,3.554167031673307e-17
54,0.005,29,0.10863530224850602,4.272640982299245e-17
54,0.005,30,0.1409884355596718,3.752402089720173e-15
54,0.005,31,0.16150494983234523,4.893285943565611e-11
54,0.005,32,0.10496843133614565,9.530367335638298e-17
54,0.005,33,0.20541410211994832,4.976042725313823e-06
54,0.005,34,0.20203928974888627,1.2426266928301801e-05
54,0.005,35,0.08201839695208453,5.535833437106159e-21
54,0.005,36,0.16340163526105883,7.157077260745147e-11
54,0.005,37,0.15407022839619602,7.521487005223661e-12
54,0.005,38,0.23974348838048645,0.6527003064840798
54,0.005,39,0.17027899729402335,3.6178879143985973e-10
54,0.005,40,0.07908822869778155,6.908116995051156e-19
54,0.005,41,0.14207012141357242,1.8253252125692483e-11
54,0.005,42,0.09418198910335904,2.761190194433095e-18
54,0.005,43,0.20967598131826828,0.08564757995062029
54,0.005,44,0.22796400655886678,0.26604517250757603
54,0.005,45,0.2424897870358878,0.3624866002261807
54,0.005,46,0.1194076498594892,9.868961845970975e-17
54,0.005,47,0.16248834919993302,3.1372589758146244e-10
54,0.005,48,0.1323880636009146,4.0772673336161057e-14
54,0.005,49,0.008814577589040244,4.102344186265891e-25
54,0.005,50,0.1559501805650224,4.145109265816688e-12
54,0.005,51,0.21068722774968274,0.00011295880749099409
54,0.005,52,0.2135075203591764,0.0012783984697523271
54,0.005,53,0.16582073870327665,7.807846472047359e-11
54,0.005,54,0.14150727997104864,1.7347300138169085e-12
54,0.005,55,0.1209096741130142,5.760076871674843e-16
54,0.005,56,0.06553101338450831,8.22551557793429e-21
54,0.005,57,0.24849071599043634,7.062047929099354
54,0.005,58,0.14342600403568895,1.1887280296379076e-10
54,0.005,59,0.023353821545109447,1.1108465550422419e-25
54,0.005,60,0.12761960481177295,1.7610348050970217e-16
54,0.005,61,0.19330159045527642,6.852294782716434e-07
54,0.005,62,0.10102580202647313,3.708187882309106e-18
54,0.005,63,0.13507877228056342,3.063497821680339e-15
54,0.005,64,0.19903627762356252,5.96603291747049e-05
54,0.005,65,0.08223391080982598,2.0209533555706488e-20
54,0.005,66,0.14113949021713923,1.4141308597102827e-12
54,0.005,67,0.1228053049255307,5.032937745195996e-16
54,0.005,68,0.12156482197636413,7.359866065789308e-18
54,0.005,69,0.18845993701487845,1.1676460369537351e-06
54,0.005,70,0.15581505098397186,9.5736304002949e-10
54,0.005,71,0.19172046171041696,1.6297713995540946e-07
54,0.005,72,0.16421352318210794,1.236062932044712e-08
54,0.005,73,0.13907884502101836,3.418404442489784e-13
54,0.005,74,0.18207768107233394,3.8646980919902864e-07
54,0.005,75,0.1384079248886089,3.4200493572923253e-14
54,0.005,76,0.14614354567014332,4.170123529619051e-13
54,0.005,77,0.18973037299155068,4.807468018535997e-07
54,0.005,78,0.16309322817962388,3.9116726806848725e-10
54,0.005,79,0.10374457808699161,5.031526958489299e-18
54,0.005,80,0.20099172590122816,1.4054015333350893e-06
54,0.005,81,0.21941823061198365,0.0007009070683018023
54,0.005,82,0.09891964076562673,1.1768141682084858e-18
54,0.005,83,0.11192565012475048,7.804319478194049e-17
54,0.005,84,0.15132117209538556,3.4946691904790914e-12
54,0.005,85,0.11301920916469245,3.6270923487168065e-16
54,0.005,86,0.19663156228615117,3.9493969305089646e-05
54,0.005,87,0.09332804610284297,4.347509288642953e-18
54,0.005,88,0.1163517944184571,6.78731021399981e-16
54,0.005,89,0.17085934191970836,1.428551622156062e-09
54,0.005,90,0.010294457232125671,3.848004915993477e-25
54,0.005,91,0.21238550190112668,6.12304646561293e-05
54,0.005,92,0.14016929603693631,2.331595977845806e-12
54,0.005,93,0.09748504745912814,1.1801955388898252e-16
54,0.005,94,0.11567678844581826,9.105207080093806e-19
54,0.005,95,0.06993379803195356,1.4293992456813107e-20
54,0.005,96,0.10784487201283836,2.5402318021581913e-16
54,0.005,97,0.17734242284821555,2.1112737679912214e-10
54,0.005,98,0.1580740712581905,1.5997373581631374e-10
54,0.005,99,0.14055745116228555,4.985880588438867e-15
54,0.005,100,0.19934910176909443,4.379651292382824e-05
55,0.005,1,0.18552098903704506,2.785422271265591e-06
55,0.005,2,0.21471452488760134,0.0024372579896224295
55,0.005,3,0.15255196194354037,1.4539797113176064e-12
55,0.005,4,0.1814208933988932,2.543042676971241e-07
55,0.005,5,0.07427460447096829,7.385428729627522e-21
55,0.005,6,0.12738502213669967,3.2959535938952354e-12
55,0.005,7,0.11355770900118729,7.35163942595812e-16
55,0.005,8,0.20117111291375905,1.0758286823393381e-05
55,0.005,9,0.19354764214879785,5.674843632792094e-05
55,0.005,10,0.16122745109823391,1.166408279257891e-10
55,0.005,11,0.029241690321731156,4.672333225218658e-22
55,0.005,12,0.11786951650038549,5.289908911885614e-14
55,0.005,13,0.2417844585294799,0.14850742626397495
55,0.005,14,0.15586579749637489,1.3433069227299453e-09
55,0.005,15,0.16912212165087434,8.445867624230101e-09
55,0.005,16,0.19634356448567084,4.7589181886785636e-05
55,0.005,17,0.1595367075623881,5.739239651171135e-10
55,0.005,18,0.17880312362039172,1.8302090439344348e-09
55,0.005,19,0.0661902788885982,6.3791064370884485e-21
55,0.005,20,0.2226454022463141,0.0252970797420795
55,0.005,21,0.016866737905682744,1.5641916264856963e-24
55,0.005,22,0.20939432818801215,0.00037951596784580857
55,0.005,23,0.23980479470229069,3.7334114942857086
55,0.005,24,0.19987776627464676,0.0004335781737801575
55,0.005,25,0.1577645601744074,2.3860654348630374e-12
55,0.005,26,0.12614130926386435,2.1802570991038616e-14
55,0.005,27,0.19007201348944985,4.7640468255076644e-07
55,0.005,28,0.059883029945712755,3.39442903081028e-21
55,0.005,29,0.1885496395521687,1.328390503833924e-07
55,0.005,30,0.24911284608218853,7.006705099289819
55,0.005,31,0.18730867392224207,2.712450352791975e-07
55,0.005,32,0.2209222905724378,0.1125357252869784
55,0.005,33,0.16384345981851797,1.6498167426790488e-08
55,0.005,34,-0.19824004356878314,4.6614519983255084e-42
55,0.005,35,0.16494413069175057,8.907060620690726e-10
55,0.005,36,0.19266973597300555,1.5061787953808333e-06
55,0.005,37,0.08891372722913017,3.327924295077154e-19
55,0.005,38,0.13306670578886462,1.8752283441045633e-14
55,0.005,39,0.07688845756729239,3.7795713208581628e-19
55,0.005,40,0.1930759275517004,6.878828140176033e-05
55,0.005,41,0.14137368622554666,5.724418259782765e-13
55,0.005,42,0.10175345687514,3.842314550825033e-17
55,0.005,43,0.1689163932181956,2.2869129904532561e-10
55,0.005,44,0.15352369196362534,1.6507513580677512e-11
55,0.005,45,0.16063577865824946,2.6114705579993327e-10
55,0.005,46,0.16308916661057674,2.07360259148705e-10
55,0.005,47,0.20935413521896634,0.00029073163648055133
55,0.005,48,0.16256498534699468,3.7290229682777247e-10
55,0.005,49,0.1591577473405991,2.6776499507444573e-09
55,0.005,50,0.17389619965709174,9.51691100779923e-08
55,0.005,51,0.12207254224574428,5.038439180983176e-16
55,0.005,52,0.16984371360024975,8.53379032120185e-09
55,0.005,53,0.14226759176668116,1.5335799407327574e-11
55,0.005,54,0.20481935543900573,0.001555156565516168
55,0.005,55,0.10674768972571004,5.2279543846064445e-15
55,0.005,56,0.18477775008202307,2.3072878790716328e-07
55,0.005,57,0.17729408955064163,8.933180226653052e-07
55,0.005,58,0.0965566325944096,6.077237840979744e-17
55,0.005,59,0.09980940997067536,3.2173455051417387e-18
55,0.005,60,0.17981190463173075,2.4174236780161087e-08
55,0.005,61,0.11996221764256754,1.1465190577857393e-13
55,0.005,62,0.17926335809064417,1.4253610679315853e-06
55,0.005,63,0.0025337613854800405,1.5183118364988735e-25
55,0.005,64,0.15066587280205984,5.503719211486487e-11
55,0.005,65,0.16644077582315134,1.8681257856251392e-09
55,0.005,66,0.17267294182085005,1.7418743203541188e-09
55,0.005,67,0.18666824822879075,6.644115978775803e-06
55,0.005,68,0.16724856263399537,1.5339038433644715e-09
55,0.005,69,0.14734337938358874,5.074467038171078e-12
55,0.005,70,0.15353288594876063,7.940093167736959e-11
55,0.005,71,0.1678648363062061,1.9357133339444387e-09
55,0.005,72,0.09018945562407349,2.7278011990736468e-17
55,0.005,73,0.14393997405794615,3.09035419491167e-11
55,0.005,74,0.12584514198561642,7.645607014725844e-16
55,0.005,75,0.055090937657345365,2.568397054923501e-22
55,0.005,76,0.15776753245738376,3.141677556951013e-10
55,0.005,77,0.043731290488841196,1.4055543883093678e-23
55,0.005,78,0.12836071703659344,3.4082045688978383e-15
55,0.005,79,0.16021450821688565,1.764868507193375e-09
55,0.005,80,0.14564562364417127,1.4437106174980002e-12
55,0.005,81,0.1838897552420211,2.2164195765453992e-07
55,0.005,82,0.1578745523493746,2.5737347417543008e-11
55,0.005,83,0.23349499593532777,0.05818557694941422
55,0.005,84,0.21933188595875794,0.02522541904046586
55,0.005,85,0.15994731993503009,4.247960188122168e-11
55,0.005,86,0.17193816715552152,2.4269599883735524e-07
55,0.005,87,0.14515835128890334,2.71353174436826e-11
55,0.005,88,0.20013949246403273,4.291518399521279e-05
55,0.005,89,0.22593501446889067,0.12601433119006694
55,0.005,90,0.22248263078998362,0.029224809725324426
55,0.005,91,0.18213432708359184,4.4243707227794084e-08
55,0.005,92,0.11250221190166551,5.159969601500797e-16
55,0.005,93,0.16856241708331407,2.2629292664059687e-08
55,0.005,94,0.13694751667795366,1.262823535013464e-11
55,0.005,95,0.13411456778284306,4.1430136916380056e-12
55,0.005,96,0.14702893998832675,1.0672345659974328e-12
55,0.005,97,0.14246932092598188,4.610289295987736e-12
55,0.005,98,0.12312052070012751,1.5144263538451839e-15
55,0.005,99,0.1931879930354912,1.9298403758852748e-05
55,0.005,100,0.14531967971993898,2.7326318548221173e-14
56,0.005,1,0.08497562714748666,1.884621226192615e-19
56,0.005,2,0.12801849831491496,6.54788350295619e-14
56,0.005,3,0.13288466627597725,1.2458252202266527e-14
56,0.005,4,0.10110460728578716,4.834847925968264e-17
56,0.005,5,0.13227556224546055,4.673844831278594e-16
56,0.005,6,0.14671020439863502,3.353546647484871e-12
56,0.005,7,0.22814930754268883,0.0003758951386227611
56,0.005,8,0.22227783623791358,0.0007726396148997981
56,0.005,9,0.13583660757034752,3.930408036087681e-14
56,0.005,10,0.16150546216003517,2.337154908463062e-11
56,0.005,11,0.15655947757534033,3.177763195146468e-13
56,0.005,12,0.15153796684636597,1.1465003080974029e-12
56,0.005,13,0.2122635068559029,5.470548666261419e-06
56,0.005,14,0.03561716887917807,9.710233222940632e-26
56,0.005,15,0.1396919596479724,6.899833201242273e-15
56,0.005,16,0.1297881530277598,1.812515495734386e-15
56,0.005,17,0.1605503636005528,1.0606700799226124e-11
56,0.005,18,0.13009032743228968,4.2727596563773867e-16
56,0.005,19,0.06740647954979219,6.686654874645043e-21
56,0.005,20,0.06303382565318119,4.164532222692167e-20
56,0.005,21,0.14879375505129924,3.04103534901559e-12
56,0.005,22,0.20356857108481582,4.72769005377367e-05
56,0.005,23,0.08658386481774777,1.930365374255659e-19
56,0.005,24,0.20607855427587804,5.306950999445457e-05
56,0.005,25,0.20002749773747655,6.121661891009022e-06
56,0.005,26,0.017070548404036212,1.86486156072257e-26
56,0.005,27,0.20215865861865115,4.449299140417543e-06
56,0.005,28,0.182328986733393,1.91524795209239e-09
56,0.005,29,0.08007293969458136,6.441702761386494e-21
56,0.005,30,0.17546209837429155,6.258442086753661e-09
56,0.005,31,0.196779250197129,8.33357467507297e-06
56,0.005,32,0.10951342812319753,1.0466086658603223e-17
56,0.005,33,0.2066459084639763,6.587767019678973e-05
56,0.005,34,0.10011069544231677,8.161325596712267e-19
56,0.005,35,0.14079543260324326,1.9625880281194594e-13
56,0.005,36,0.20583013715867438,2.7956049155127446e-05
56,0.005,37,0.20478289398775718,0.00013081014824029743
56,0.005,38,0.05967456628480168,2.5509944515563855e-22
56,0.005,39,0.11351910837195832,2.2806687640904076e-16
56,0.005,40,0.22279942556736365,0.019591120202171117
56,0.005,41,0.03451222547595581,8.60844162502278e-26
56,0.005,42,0.1344356016283342,5.2463319836414684e-14
56,0.005,43,0.0988290950976999,7.332419924469794e-18
56,0.005,44,0.06864765481490254,4.710112042705516e-22
56,0.005,45,0.033732417151806825,1.1624775441701638e-24
56,0.005,46,0.16562511282364234,5.162716784767816e-10
56,0.005,47,0.14667355954776173,8.129737498302427e-13
56,0.005,48,0.1474729441987677,3.196741926955028e-13
56,0.005,49,0.18962883548493228,6.068483435312543e-08
56,0.005,50,0.20749374555436095,5.9257251436547125e-05
56,0.005,51,0.09542733701222096,1.9815208365019575e-19
56,0.005,52,0.09786354830452927,1.3330557917646247e-20
56,0.005,53,0.05886795883809049,1.5642942727247372e-21
56,0.005,54,0.06816643941606626,9.213100511972619e-19
56,0.005,55,0.09417200121325783,7.28399525527196e-18
56,0.005,56,0.09895048313554827,2.8834983561528774e-20
56,0.005,57,0.23268047658816385,0.0026159700221212757
56,0.005,58,0.01619141375753856,3.251914987696974e-26
56,0.005,59,0.13715481490327935,4.873471428022529e-12
56,0.005,60,0.11790524189613805,2.5417466931597478e-17
56,0.005,61,0.13058058847117457,1.1009399963487822e-15
56,0.005,62,0.17575805639328443,1.1871226082286183e-07
56,0.005,63,0.16742879061559363,1.3454752568196797e-10
56,0.005,64,0.15353713532898947,4.2116351505368786e-11
56,0.005,65,0.19917283855706333,1.901135059344784e-07
56,0.005,66,0.19212094912376715,7.882402753699346e-09
56,0.005,67,0.11430442609724797,1.5908761736580394e-16
56,0.005,68,0.15013981237036472,8.852288830971368e-14
56,0.005,69,0.2613878397739871,7.6184292524985695
56,0.005,70,0.08166771069214665,4.970557278886856e-20
56,0.005,71,0.12607675020130651,4.211104006335553e-16
56,0.005,72,0.19191084939144748,2.827411027323062e-07
56,0.005,73,0.050992794774302214,3.515325614923853e-22
56,0.005,74,-0.02934166334216403,1.1250033038989344e-31
56,0.005,75,0.006708240959655534,1.4605250547719915e-27
56,0.005,76,0.07677962933718842,3.7654024452902564e-20
56,0.005,77,0.19746943689017007,8.110600167999749e-06
56,0.005,78,0.12866825121062514,3.306863727128778e-14
56,0.005,79,0.22859024077594395,0.00703590235291527
56,0.005,80,0.18020253879857148,3.413871378924075e-10
56,0.005,81,0.10872159645221245,8.824249693957194e-17
56,0.005,82,0.23470509048987398,0.008814724489479082
56,0.005,83,0.12380279610910418,4.926972102554225e-16
56,0.005,84,0.0820028877979138,1.0632518453194281e-19
56,0.005,85,0.09519392740016981,1.5915859117901082e-18
56,0.005,86,0.12290811344452536,2.1676018370494015e-15
56,0.005,87,0.07182806559855877,1.1797555411159595e-20
56,0.005,88,0.15389618555261086,3.901082906978788e-12
56,0.005,89,0.20056248624419742,1.8554004966189443e-06
56,0.005,90,0.10675995952563065,5.638748893624105e-17
56,0.005,91,0.1796291085026288,4.387495210725646e-09
56,0.005,92,0.16136459041547163,4.0119200692271813e-11
56,0.005,93,0.1498204213752839,4.323971796451263e-12
56,0.005,94,0.1843730720940097,3.416866297708415e-08
56,0.005,95,0.20633657389923118,0.00033824519278289976
56,0.005,96,0.20240339367157592,1.0309595284176301e-06
56,0.005,97,0.043009841181967184,7.058215387343251e-24
56,0.005,98,0.14322553577355612,8.043133798457242e-14
56,0.005,99,0.08355128576295712,1.5819655127535227e-19
56,0.005,100,0.17919260617364804,8.749795776910552e-10
57,0.005,1,0.03927364796294625,2.191023045278203e-23
57,0.005,2,0.07811756142603835,4.1107769129425893e-20
57,0.005,3,0.1339181508367833,5.42898860168095e-14
57,0.005,4,0.1592857948164092,4.1347002201759396e-13
57,0.005,5,0.2434619810348013,0.757901787547238
57,0.005,6,0.03390779973506205,1.947088877002441e-24
57,0.005,7,0.11544105967579399,8.184238848883935e-19
57,0.005,8,0.08817415457647414,1.1934175466196493e-19
57,0.005,9,0.12990347154875606,2.5753028818176086e-15
57,0.005,10,0.19488619982393096,2.4784867733545316e-07
57,0.005,11,0.14367322191653847,3.17151408923955e-14
57,0.005,12,0.11222709894267441,2.209613534924173e-17
57,0.005,13,0.14593586466019162,3.2798772463074506e-14
57,0.005,14,0.10659242763063087,2.766912364522763e-19
57,0.005,15,0.09591120935305024,1.847476665163064e-19
57,0.005,16,0.15600234935990828,2.7084439256139635e-11
57,0.005,17,0.1408303442662995,3.8901383203423746e-13
57,0.005,18,0.12168339667021934,3.701907351671382e-17
57,0.005,19,0.1614311235358265,8.48769032636301e-12
57,0.005,20,0.19074173516336015,2.506975455249213e-06
57,0.005,21,0.20756990980206294,7.051018262635439e-05
57,0.005,22,0.14836943460081303,2.170946041673375e-13
57,0.005,23,0.06070913991927357,9.362734133206832e-23
57,0.005,24,0.14712753245815455,4.623196620675727e-15
57,0.005,25,0.1553501436742513,1.1903835736459341e-11
57,0.005,26,0.14139248614014926,2.612133202288996e-13
57,0.005,27,0.0031715688959863576,9.727406896952337e-30
57,0.005,28,0.06553356840370625,6.671370072527259e-21
57,0.005,29,0.2128319656390991,0.00015483656047248761
57,0.005,30,0.15037958320935446,1.8687584841612173e-12
57,0.005,31,0.20617229494272243,4.226535948686215e-06
57,0.005,32,0.1925645196866299,1.3340964399778483e-07
57,0.005,33,0.03940207171144331,3.4309821042728924e-26
57,0.005,34,0.1821334526012551,2.8906826729223524e-10
57,0.005,35,0.21284874454252303,0.0006450752692832599
57,0.005,36,0.1182210550755172,5.53963733868809e-16
57,0.005,37,0.06307789746165408,2.7376308332235247e-22
57,0.005,38,0.10668272854631844,1.4711639834785242e-18
57,0.005,39,0.17211007885765275,1.6208651086437186e-11
57,0.005,40,0.17303622122180054,1.405209489506136e-10
57,0.005,41,0.1518827675414531,1.0726674101378213e-11
57,0.005,42,0.11332900652093324,1.0669822133226905e-16
57,0.005,43,0.12344771317889756,1.0538246328741932e-15
57,0.005,44,0.25400137507899617,2.6179463309288717
57,0.005,45,0.10348489306443598,1.150368180273799e-18
57,0.005,46,0.20786864333733399,3.4107761469088316e-05
57,0.005,47,0.08787613252649114,4.39904281066615e-20
57,0.005,48,0.051837196256393256,9.519829306837438e-22
57,0.005,49,0.10681905877915322,6.79037690375963e-19
57,0.005,50,0.1275335498921395,4.645009691122632e-16
57,0.005,51,0.2005661279351801,1.1125732459567855e-06
57,0.005,52,0.23736672117039762,0.029011157514938917
57,0.005,53,0.031190373950225475,2.2045925895039832e-26
57,0.005,54,0.1427623352709428,6.303233800948382e-14
57,0.005,55,0.1819711857718373,1.1476424727468799e-09
57,0.005,56,0.1823796961771937,8.448284069189749e-09
57,0.005,57,0.16406517618660238,4.942666395833719e-11
57,0.005,58,0.1940354638922106,1.3969935719772723e-07
57,0.005,59,0.13883125497587082,1.2375545105542018e-16
57,0.005,60,0.18583260222718315,2.5699937793070683e-08
57,0.005,61,0.22724734912356398,0.025806516853759624
57,0.005,62,0.06991437247844573,5.052187046368105e-21
57,0.005,63,0.029238283688244947,9.891872406896839e-27
57,0.005,64,0.16457604548349883,2.017902056189405e-12
57,0.005,65,0.18078500592210753,3.737375657406103e-09
57,0.005,66,0.15017247740430606,1.400777209126096e-12
57,0.005,67,0.16345996690412656,3.538351764025593e-12
57,0.005,68,0.11178684498749167,1.0835981431481037e-16
57,0.005,69,0.25953311008192104,9.424811910878786
57,0.005,70,0.11734945135310001,7.306852614928353e-17
57,0.005,71,0.10844884983130837,2.8688469106215943e-17
57,0.005,72,0.11532664362723946,1.1710326447418518e-16
57,0.005,73,0.19411300390342387,2.512181996387567e-07
57,0.005,74,0.21674468492476018,1.7965568566158816e-05
57,0.005,75,0.22748128291148256,6.603932683205931e-05
57,0.005,76,0.08996245943301809,1.7657032695972746e-19
57,0.005,77,0.20021697967151136,4.755164025119333e-08
57,0.005,78,0.17950703446178892,1.284754142402603e-09
57,0.005,79,0.15481939613237683,2.7640264065017274e-13
57,0.005,80,0.2298924255033747,0.0009827700750934085
57,0.005,81,0.14250145486897528,1.807972450016293e-14
57,0.005,82,0.009816556204033034,9.571235300676547e-27
57,0.005,83,0.2174548840339853,0.0008578072503688583
57,0.005,84,0.2127041135264783,1.4485867902354335e-05
57,0.005,85,0.21503607887437412,1.6514860565181708e-05
57,0.005,86,0.0661490924831997,4.3039260382640515e-23
57,0.005,87,0.11549500582231208,9.321229591800136e-18
57,0.005,88,0.16457643621007387,1.4716956748380469e-12
57,0.005,89,0.2143712772430236,7.20952942033542e-05
57,0.005,90,0.2653318211671481,30.129173877557562
57,0.005,91,0.15424375917813493,1.1767184552529412e-12
57,0.005,92,0.09278431135286645,6.876030956577645e-20
57,0.005,93,0.20276772405016175,5.5829388850255735e-06
57,0.005,94,0.06733489082402958,1.1151245838741429e-21
57,0.005,95,0.014580813502278554,1.0130719541119366e-25
57,0.005,96,0.1613778970967192,8.559869623291442e-11
57,0.005,97,0.20110338571407121,2.5889305930514524e-06
57,0.005,98,0.12771458505365166,2.4655333740983944e-17
57,0.005,99,0.11795699133581056,8.383096387742292e-16
57,0.005,100,0.18595985030867812,5.604838359156048e-10
58,0.005,1,0.2615153192176746,3.234611377420237
58,0.005,2,0.18070001359679505,5.6341249098385806e-08
58,0.005,3,0.20331686645689395,4.1449707167420705e-06
58,0.005,4,0.16748635046046131,1.431697739025674e-12
58,0.005,5,0.12869759055889657,7.729451171190616e-16
58,0.005,6,0.16408555248462908,9.224937995356569e-12
58,0.005,7,0.17830182609290413,5.775087258026971e-10
58,0.005,8,0.14622102044937885,9.28716803862356e-13
58,0.005,9,0.2145396034498633,0.0002884895857388771
58,0.005,10,0.1495990640438948,1.0519519067366002e-12
58,0.005,11,0.1566803467135255,9.516557815289857e-14
58,0.005,12,0.08499487650109953,1.089870797637112e-20
58,0.005,13,0.18330103246052906,9.891429979164124e-08
58,0.005,14,0.11891524947666438,9.64036336798459e-17
58,0.005,15,0.1984615536880377,3.133347970287608e-06
58,0.005,16,0.08706666458110761,4.931698317283444e-21
58,0.005,17,0.18904140856223467,5.078734251549231e-08
58,0.005,18,0.09275543701523345,7.902315116090816e-19
58,0.005,19,0.19160535726686662,1.4101467372371155e-06
58,0.005,20,-0.07622458146166351,2.689252470192599e-35
58,0.005,21,0.11593210753074414,1.142913543979107e-18
58,0.005,22,0.14275547527931115,3.3644678805939984e-12
58,0.005,23,0.12609470264316125,7.311602744247243e-16
58,0.005,24,0.15844888685509673,4.11585159485297e-11
58,0.005,25,0.20642028388532566,0.00013603997603538673
58,0.005,26,0.04169940954427512,5.792512297413596e-23
58,0.005,27,0.14420102335638285,2.794767191880694e-13
58,0.005,28,0.21088701052151868,8.723508083778376e-07
58,0.005,29,0.18627735621564287,1.1356217218222206e-07
58,0.005,30,0.1706566122552768,1.683193661848026e-09
58,0.005,31,0.18423369743302923,2.1067014372493232e-10
58,0.005,32,0.13022912001229853,1.1156281580380255e-15
58,0.005,33,0.24131426014434781,0.017565391055312282
58,0.005,34,0.13996375115775994,6.78154628252878e-14
58,0.005,35,0.06169800956743012,2.4756463354656e-21
58,0.005,36,0.1328889758621154,1.3369884183550634e-16
58,0.005,37,0.20838659383215669,4.3717492388887254e-05
58,0.005,38,0.11643048297857285,6.0677380664559634e-18
58,0.005,39,0.1386690001111496,3.122597763816989e-13
58,0.005,40,0.10635657145447246,3.0163649998476786e-19
58,0.005,41,0.13689324302287312,7.508670802168408e-16
58,0.005,42,0.111287537116131,6.988419483077923e-19
58,0.005,43,0.12873727979322966,8.20986686805471e-18
58,0.005,44,0.1288321056911542,6.760225002873974e-15
58,0.005,45,0.2599415314967347,1.7076897117659038
58,0.005,46,0.18613314896925914,6.38316122066642e-10
58,0.005,47,0.10297172905955486,6.342293254634539e-18
58,0.005,48,0.13525205614599,1.081283838651247e-14
58,0.005,49,0.17981397967990306,3.837770624978194e-11
58,0.005,50,0.2004198821252072,9.537947546606636e-07
58,0.005,51,0.19367587405335948,6.649610097668183e-07
58,0.005,52,0.015524681168302919,1.9652452429967256e-27
58,0.005,53,0.1884597916920308,2.4826108767237163e-10
58,0.005,54,0.1266009203275542,3.0404428254628333e-16
58,0.005,55,0.25638639708551647,0.5153437607945368
58,0.005,56,0.09778955273707603,1.020936361495886e-18
58,0.005,57,0.08841688353094498,5.972354650732343e-20
58,0.005,58,0.1089146188518719,2.4771283366399755e-19
58,0.005,59,0.26827988267745845,28.433185673226472
58,0.005,60,0.21802215819913143,4.156758966263658e-05
58,0.005,61,0.054143953767579016,1.1823745607773848e-22
58,0.005,62,0.14993661901409747,6.924946945552434e-15
58,0.005,63,0.18940101642581975,1.8649016582304013e-09
58,0.005,64,0.0844366756070782,5.171099058579702e-21
58,0.005,65,0.12875989379764413,4.738515003098999e-18
58,0.005,66,0.06753800690313837,1.7665660357956788e-24
58,0.005,67,0.13199897635475064,2.0344004653190848e-15
58,0.005,68,0.14567979789973695,3.7415249174549053e-14
58,0.005,69,0.05323738363179445,1.7031380573159555e-23
58,0.005,70,0.15952029842254206,2.1196270779801785e-11
58,0.005,71,0.22338707243142086,2.6659182435004725e-05
58,0.005,72,0.12261204298604805,1.1519846552069403e-15
58,0.005,73,0.13242617494553904,7.406972422423135e-16
58,0.005,74,0.03816939444317575,5.381017091122468e-25
58,0.005,75,0.11236566142652518,2.584658583672769e-18
58,0.005,76,0.026264384172563493,1.1787252126385685e-27
58,0.005,77,0.12646334425443836,2.4489261570385665e-14
58,0.005,78,0.08950209788120628,4.672866081597811e-18
58,0.005,79,0.24363021150136627,0.21390538752167626
58,0.005,80,0.22313173257644076,0.00011562210777663859
58,0.005,81,0.11823231173448924,2.371870799123108e-18
58,0.005,82,0.1037434527368347,1.6199218347689143e-20
58,0.005,83,0.06778751586009854,1.3089970886453735e-22
58,0.005,84,0.09640278775400536,2.357861096847007e-20
58,0.005,85,0.15782729474904236,1.114153060190456e-12
58,0.005,86,0.01598086933559793,6.357240144475877e-28
58,0.005,87,0.1283203164547986,2.4713489941699748e-15
58,0.005,88,0.18865658282780035,6.100474504268634e-12
58,0.005,89,0.2110532877463678,3.3764781589471445e-05
58,0.005,90,0.14274492180466777,4.2327696756145196e-14
58,0.005,91,0.11469905865470771,4.34746161913878e-18
58,0.005,92,0.18389902021527058,1.0523247064837243e-06
58,0.005,93,0.1244483008325356,2.6096100198040607e-17
58,0.005,94,0.0908210872147838,7.386856725098503e-18
58,0.005,95,0.14868956928133045,1.0728193214948998e-13
58,0.005,96,0.07801519471949572,8.452002896849593e-21
58,0.005,97,0.059486270138247595,1.2739567677862535e-22
58,0.005,98,0.11233986118563015,1.6527733604227023e-16
58,0.005,99,0.04292964867796403,8.699669530908803e-24
58,0.005,100,0.20221799727671935,3.079797887183714e-07
59,0.005,1,0.24270851276712377,0.4373983080735786
59,0.005,2,0.21678361793089784,2.643467359179659e-06
59,0.005,3,0.1818485770680808,1.314468751748349e-10
59,0.005,4,0.13919915696307678,1.359563882280864e-16
59,0.005,5,0.18720359831897446,9.144574986806448e-08
59,0.005,6,0.12194533819746013,2.3927006744676198e-16
59,0.005,7,0.07933426023057255,2.4915061366369736e-22
59,0.005,8,0.14991001578432242,5.317062760296659e-15
59,0.005,9,0.13619957626695284,4.760332869347455e-17
59,0.005,10,0.1602836581046084,4.340878314477291e-12
59,0.005,11,0.23494768978970534,0.006146016887572688
59,0.005,12,0.1228466551814753,2.7347241796391834e-20
59,0.005,13,0.18585424624470773,1.369035280616131e-08
59,0.005,14,0.17448445275119717,9.11724272419602e-13
59,0.005,15,0.12716923321589846,4.392702166658985e-16
59,0.005,16,0.10838798000055322,5.321148145674838e-20
59,0.005,17,0.18294278696745148,2.5930713188282333e-10
59,0.005,18,0.11392745397551492,1.1226232459423092e-18
59,0.005,19,0.17138185335964343,3.5356470823559135e-10
59,0.005,20,-0.05716885667451796,7.605021193782918e-33
59,0.005,21,0.24190931504352986,0.12704370653447827
59,0.005,22,0.08751799753794408,3.569316168938743e-21
59,0.005,23,0.18816256590020347,5.291779985890656e-10
59,0.005,24,0.14194946532472374,2.178363728167747e-15
59,0.005,25,0.17906596753822118,2.5689549904100825e-08
59,0.005,26,0.07394297876904761,2.118176423021446e-22
59,0.005,27,0.13500217461883526,2.7494077872690892e-15
59,0.005,28,0.10614350058686388,5.573377536948348e-20
59,0.005,29,0.1584884930836803,3.911036092443603e-12
59,0.005,30,0.16569665299864011,7.87813201080145e-12
59,0.005,31,0.1077148158418573,2.6494239076481377e-19
59,0.005,32,0.15073365072448217,2.0482188471544716e-14
59,0.005,33,0.1277788489219971,6.989256221548271e-16
59,0.005,34,0.05205014545937718,1.3471789618661742e-25
59,0.005,35,0.07305136498517635,6.138155168797161e-22
59,0.005,36,0.1560374218316152,2.622978932134155e-13
59,0.005,37,0.0667356792431466,2.2846564243197563e-21
59,0.005,38,0.20336119931744712,3.200966242931965e-07
59,0.005,39,0.18877042116172657,2.6122966987987324e-08
59,0.005,40,0.07413606268799823,3.1225175865667496e-22
59,0.005,41,0.181686214282927,2.4557931992458606e-10
59,0.005,42,0.12609210777397992,3.187361133199482e-16
59,0.005,43,0.20927315435785454,2.9328951342190273e-06
59,0.005,44,0.17959141836791137,1.6736385739289195e-11
59,0.005,45,0.027319002252541604,2.502155081477367e-26
59,0.005,46,0.14071396380197926,1.6398623885828358e-15
59,0.005,47,0.05843569329429325,1.2901347655967973e-24
59,0.005,48,0.15651827783460998,6.023739585249603e-16
59,0.005,49,0.22143678294292973,0.00016146292850250518
59,0.005,50,0.12476900233829993,6.285024346291358e-15
59,0.005,51,0.1538919008638241,3.4807322720639786e-14
59,0.005,52,0.17514978251630986,1.1525212364613143e-09
59,0.005,53,0.2716388843872268,16.98846889028137
59,0.005,54,0.14360136219989938,5.129594576718762e-13
59,0.005,55,0.13368520587568464,2.7468887961215746e-17
59,0.005,56,0.21869673752020732,0.00048633972567720314
59,0.005,57,0.19017885597349865,3.997379515900076e-09
59,0.005,58,0.152932694395066,9.089631270268226e-13
59,0.005,59,0.12937615168537686,2.6646723179678604e-16
59,0.005,60,0.15977545937020993,3.377547463213573e-13
59,0.005,61,0.10646265250899815,5.478022680576471e-19
59,0.005,62,0.26807409660548387,18.553086710543536
59,0.005,63,0.04368195593581959,1.2751488544552401e-24
59,0.005,64,0.14348175470815064,1.8934822529017205e-15
59,0.005,65,0.14783557699751154,3.4392370118587653e-15
59,0.005,66,0.14383241513013625,2.1629766775025013e-14
59,0.005,67,0.0929536353272877,1.1326847810544154e-20
59,0.005,68,0.14866916579505507,4.678220256328338e-15
59,0.005,69,0.0444641382187822,6.890598930282317e-24
59,0.005,70,0.1678262608245123,1.617728101841089e-12
59,0.005,71,0.24720390221451882,0.22319611085441088
59,0.005,72,0.09484946583169923,7.351970355778461e-22
59,0.005,73,0.11421040949539506,3.973840963240543e-18
59,0.005,74,0.18012847056997391,1.2571743436317886e-10
59,0.005,75,0.16798038305487548,4.8384381497277125e-12
59,0.005,76,0.1922177270809801,1.6938270880102933e-08
59,0.005,77,0.08808185346472507,2.6009808865723545e-20
59,0.005,78,0.15105336372478573,3.3472163534517644e-14
59,0.005,79,0.16787026371202268,5.119659056418461e-12
59,0.005,80,0.1272920293565375,3.272758640467603e-16
59,0.005,81,0.0797289136732402,1.121695042715839e-22
59,0.005,82,0.11178730568107763,1.5256755089429077e-18
59,0.005,83,0.15622893442236366,3.2316858913308616e-14
59,0.005,84,0.2633773440022958,1.0876833043339107
59,0.005,85,0.17367392459004777,6.36182791639466e-11
59,0.005,86,0.16095956733742284,1.8564002478465556e-14
59,0.005,87,0.18089343250443718,2.27669973627406e-11
59,0.005,88,0.1316903589729977,3.0753089285933154e-16
59,0.005,89,0.24923407233513878,0.18519054189537254
59,0.005,90,-0.013422427107635613,6.159804296947182e-31
59,0.005,91,0.12177682483948712,4.934271758046498e-16
59,0.005,92,0.23211319616789333,0.00022118854456545302
59,0.005,93,0.1588439764107893,2.1199039229078394e-14
59,0.005,94,0.1997875087748183,1.5508584971200304e-08
59,0.005,95,0.11112697632789907,7.993610756352737e-19
59,0.005,96,0.11396046364451161,3.1890170373652183e-18
59,0.005,97,0.12000297084986158,7.104742222705961e-19
59,0.005,98,0.13998058093933913,1.3001914558736436e-15
59,0.005,99,0.17826961363452173,6.872964045160036e-10
59,0.005,100,0.2102744048856704,2.4015706341752604e-06
50,0.01,1,0.1073532946082146,1.5065738963402306e-16
50,0.01,2,0.28129134659897503,48.291396048315676
50,0.01,3,0.2017767565045837,1.3357868645387898e-06
50,0.01,4,0.051563145585901506,1.0312358888913563e-23
50,0.01,5,0.24741160412457655,0.8274474646576535
50,0.01,6,0.18054678104931474,8.961418304196625e-08
50,0.01,7,0.1584415263831687,4.632892320937689e-12
50,0.01,8,0.14024442080951063,1.374503640154158e-13
50,0.01,9,0.151403105593779,2.716984098693739e-12
50,0.01,10,0.22494035938126472,0.0007062830613679593
50,0.01,11,0.12825249355194593,1.2645581484844924e-17
50,0.01,12,0.21732978076093443,0.006244855424828249
50,0.01,13,0.029346644360886548,4.850843036687248e-25
50,0.01,14,0.22480669489545216,0.04527024900006576
50,0.01,15,0.12690172314163406,9.003486299652425e-15
50,0.01,16,0.14775539897815254,1.060371302453399e-13
50,0.01,17,0.18058155051124794,1.4125368418488274e-10
50,0.01,18,0.17582478328818082,2.1393234228691876e-10
50,0.01,19,0.18078793240527619,1.0183869230371146e-09
50,0.01,20,0.16342870999632758,2.1998424223816825e-14
50,0.01,21,0.047273037097489284,1.6329082179018993e-22
50,0.01,22,0.19231585546348498,1.7568952601920974e-07
50,0.01,23,0.22686576715559315,0.006450721256901006
50,0.01,24,0.19613171830758067,2.76044977461979e-06
50,0.01,25,0.20662388997214476,5.040305311506327e-05
50,0.01,26,0.035825346339751166,2.7009012825682084e-23
50,0.01,27,0.11453091037152893,1.816993515684717e-15
50,0.01,28,0.09734397980345565,9.048322204875205e-19
50,0.01,29,0.14302801751055724,3.1379569808437754e-14
50,0.01,30,0.17397661848602497,7.321219201801456e-10
50,0.01,31,0.13543408895872613,4.066544922092211e-16
50,0.01,32,0.1543017657267469,1.0108747267389388e-14
50,0.01,33,0.2055528288777723,4.156304618763202e-06
50,0.01,34,0.18082915455646245,2.98753103916318e-09
50,0.01,35,0.13592837389563675,3.610199914896825e-16
50,0.01,36,0.16655705870820287,4.084859569176778e-11
50,0.01,37,0.1330579368381576,1.8230479318255334e-16
50,0.01,38,0.17398182121497996,8.555622885907332e-10
50,0.01,39,0.07671805783930441,5.7562133656771755e-21
50,0.01,40,0.11118893593846337,2.1855553784391662e-16
50,0.01,41,0.15821421448472342,1.5435822899102234e-11
50,0.01,42,0.11546808879878333,9.179856071246402e-16
50,0.01,43,0.24469474820710116,0.24623348992432717
50,0.01,44,0.17904554430745817,2.6807486889615256e-09
50,0.01,45,0.20409421047864026,1.2521292688032001e-05
50,0.01,46,0.2033294279810352,1.8518337042446342e-06
50,0.01,47,0.17497035584357565,4.904968671620605e-09
50,0.01,48,0.2565641505380307,2.183324847421119
50,0.01,49,0.16556731810596548,1.0367303848533772e-11
50,0.01,50,0.13656042567899,1.539667162048748e-14
50,0.01,51,0.11998024296151587,7.38380677065312e-17
50,0.01,52,0.0985821765558353,4.4754701605600466e-20
50,0.01,53,0.16981347738080152,2.2808814393857052e-10
50,0.01,54,0.15211843464260133,5.950194818906562e-15
50,0.01,55,0.19684335633658165,1.0201085007990386e-05
50,0.01,56,0.10829738826052561,5.450660673841822e-19
50,0.01,57,0.0789078366713793,7.456636909746181e-22
50,0.01,58,0.1344349302557973,1.4971305787615265e-14
50,0.01,59,0.13162367104139264,2.1956958211114934e-14
50,0.01,60,0.138324088772848,5.947837042844492e-16
50,0.01,61,0.1828070474614714,6.065607335128343e-08
50,0.01,62,0.24607270744261092,1.5083144132955948
50,0.01,63,0.15180410144772105,7.785883760797267e-13
50,0.01,64,0.20990746234802068,1.2206964879535e-06
50,0.01,65,0.09936319508522634,2.5392522827886824e-20
50,0.01,66,0.10067522233486541,1.1391217393142072e-16
50,0.01,67,0.19455681770444586,4.630697627304742e-09
50,0.01,68,0.18731088077695468,9.95613610134392e-08
50,0.01,69,0.06367215981542593,9.446235890037117e-23
50,0.01,70,0.07404204844278905,7.87446034634766e-20
50,0.01,71,0.19620552302457966,2.231758526892516e-07
50,0.01,72,0.2002471443579642,4.554864020502254e-05
50,0.01,73,0.09364592192362613,4.597231950580709e-20
50,0.01,74,0.06681337964393105,9.382336361807786e-23
50,0.01,75,0.14297167468606486,1.4421449999772478e-14
50,0.01,76,0.09983882253846087,4.387595341753574e-19
50,0.01,77,0.0802065435439781,1.0799257111705039e-19
50,0.01,78,0.21066890820134931,0.0002762187123541564
50,0.01,79,0.06623872789837267,2.5167235482058187e-22
50,0.01,80,0.17040005450548243,4.144440631669113e-11
50,0.01,81,0.23856855964344095,1.1168518782395465
50,0.01,82,0.24587102021563084,0.2771506051624156
50,0.01,83,0.16293466024637127,3.6483622678986384e-10
50,0.01,84,0.059637608982593966,8.287029073537211e-22
50,0.01,85,0.1742537918992415,2.0630297586725298e-10
50,0.01,86,0.24215737767530116,0.10295632528042901
50,0.01,87,0.22486861952866433,0.01316732997289463
50,0.01,88,0.11345623275018651,1.4878205939372327e-15
50,0.01,89,0.22032964883292983,0.06546920767223295
50,0.01,90,0.1277009919975468,2.3851105472387375e-13
50,0.01,91,0.2069352711680634,2.580131028230846e-05
50,0.01,92,0.11032846084500171,1.2297444934428123e-16
50,0.01,93,0.1370500050253454,7.315792155231248e-17
50,0.01,94,0.21164876035593255,0.0005161920506517295
50,0.01,95,0.16110931211113452,1.4207045170919557e-10
50,0.01,96,0.10790875240799447,2.323006561249556e-16
50,0.01,97,0.10382758122718248,1.411820585497005e-20
50,0.01,98,0.22167364340391296,0.0006541766801823522
50,0.01,99,0.14580754518317873,5.834988201381204e-13
50,0.01,100,0.1191947724286841,1.197324110553727e-15
51,0.01,1,0.2334583394793854,0.4508410352072132
51,0.01,2,0.11856830780285696,1.7297510511002302e-16
51,0.01,3,0.09504546165042314,6.0302894857904915e-19
51,0.01,4,0.027347960339840285,2.7965119287370824e-23
51,0.01,5,0.16260960736156482,3.7689167226689576e-11
51,0.01,6,0.12127449203169803,8.257981063504627e-17
51,0.01,7,0.13466147435598164,2.2437604325567655e-13
51,0.01,8,0.12769179068065,2.302433511731948e-15
51,0.01,9,0.07101740451086834,8.298042185242996e-23
51,0.01,10,0.06650696197023845,3.2552294795845003e-21
51,0.01,11,0.1637774353405417,4.259621012151284e-11
51,0.01,12,0.09748638137519315,1.428136642812347e-17
51,0.01,13,0.1643697828265258,7.622666391276073e-11
51,0.01,14,0.20664476499183465,5.138672654941588e-06
51,0.01,15,0.0997641678231689,3.089042126390953e-17
51,0.01,16,0.24639902709599387,10.823105690819968
51,0.01,17,0.15331111554366844,1.2139637196169862e-12
51,0.01,18,0.07480308134247549,2.1346074585566284e-20
51,0.01,19,0.17436016240440932,6.253903549580833e-09
51,0.01,20,0.12606329026168406,4.458429240774191e-17
51,0.01,21,0.1306622351554325,2.602251920645223e-14
51,0.01,22,0.2040833964696186,3.5035160967991715e-05
51,0.01,23,0.13444255600887303,4.1941009307571636e-15
51,0.01,24,0.14157331126055295,4.638209569886317e-13
51,0.01,25,0.25616674645907783,21.915402383568253
51,0.01,26,0.07859905448194873,4.403232764909023e-20
51,0.01,27,0.044563580697454704,2.5000411322603224e-25
51,0.01,28,0.1463292193896983,9.91221380404047e-12
51,0.01,29,0.1524912799221641,1.7933202058244564e-12
51,0.01,30,0.12903305134312576,4.8579678941720926e-14
51,0.01,31,0.13714539788627586,1.569328645377164e-15
51,0.01,32,0.09337242690820394,5.003185161999644e-20
51,0.01,33,0.13245610852260306,1.9301225195759548e-14
51,0.01,34,0.046189095421802856,7.127044067164238e-23
51,0.01,35,0.18563193434575911,2.4065309696313192e-08
51,0.01,36,0.07395560660281714,1.4428532247775188e-20
51,0.01,37,0.19353214626413787,9.878842001533299e-07
51,0.01,38,0.19196596615650452,0.00026196510984601495
51,0.01,39,0.11308353296877334,6.207158688753235e-16
51,0.01,40,0.1400503530435107,2.5234543136568275e-15
51,0.01,41,-0.02384047169745638,6.364514860994155e-30
51,0.01,42,0.09717781221994938,3.5543114308717783e-19
51,0.01,43,0.029517886465930395,7.177070248758543e-24
51,0.01,44,0.1201998042917334,1.9446668015441204e-16
51,0.01,45,0.228678398542668,0.4347796551115192
51,0.01,46,0.17833678966562225,6.116354963388555e-07
51,0.01,47,0.12354695791800722,1.8011112497776055e-15
51,0.01,48,0.2599431209997846,14.537756879037172
51,0.01,49,0.18136381180002398,1.108867660611523e-08
51,0.01,50,0.21076699840401358,0.00024662606203981155
51,0.01,51,0.2077726290697609,8.481851278325423e-07
51,0.01,52,0.0953233063737399,3.419463044688086e-19
51,0.01,53,0.0619264789998181,1.440282149379464e-21
51,0.01,54,0.05541177355298847,2.6030075698748683e-23
51,0.01,55,0.10082400346842281,5.9590017603844085e-18
51,0.01,56,0.1437844727909629,9.753867150576057e-15
51,0.01,57,0.1832332552643036,7.438100508101675e-09
51,0.01,58,0.0589869358230524,2.8485880990489365e-22
51,0.01,59,0.12313441117817384,3.804551472304851e-16
51,0.01,60,0.16683021149386468,6.894018761639307e-12
51,0.01,61,0.18896316402854244,1.1373422075527553e-06
51,0.01,62,0.14047973847480483,4.835586097923612e-13
51,0.01,63,0.08532920346235316,1.0398843865469313e-19
51,0.01,64,0.10340152944245776,3.7911485850210686e-17
51,0.01,65,0.11009126816734355,2.9686613870174747e-18
51,0.01,66,0.1951167333190465,1.4471461537673243e-06
51,0.01,67,0.10831439309419032,1.0066582658511898e-19
51,0.01,68,0.13481914098597245,1.0581992350917552e-12
51,0.01,69,0.159944014272053,9.748586930221958e-13
51,0.01,70,0.1543239061734699,8.426682455162501e-15
51,0.01,71,0.1485525073795992,4.798798636874498e-11
51,0.01,72,0.2160428570968515,4.001629793643411e-05
51,0.01,73,0.12808978645315927,3.315970484926186e-15
51,0.01,74,0.13783617794017905,9.18966594257003e-15
51,0.01,75,0.13707244513684363,1.1585517938880734e-13
51,0.01,76,0.16072944844846312,1.3992276611917535e-10
51,0.01,77,0.1905306785768014,2.4574611711694313e-08
51,0.01,78,0.197192142929495,1.6365082051278053e-06
51,0.01,79,0.16769748342240068,3.680856350423435e-11
51,0.01,80,0.06917253058949877,7.453584790315202e-23
51,0.01,81,0.27585594115516465,27.98540004615312
51,0.01,82,0.11327965331610837,1.0888629631894443e-17
51,0.01,83,0.16200787788066703,1.5514408286640284e-12
51,0.01,84,0.154200097186595,2.744461833808153e-13
51,0.01,85,0.11504684670125663,7.118972139404592e-16
51,0.01,86,0.044882453550124955,7.648263298363755e-24
51,0.01,87,0.061793136441007965,9.189873863086048e-22
51,0.01,88,0.12638249774734897,4.574356692398435e-15
51,0.01,89,-0.16898299299048264,5.249337795596721e-41
51,0.01,90,0.25043705649033193,0.4936504689010975
51,0.01,91,0.11915520838974106,1.6366857669546533e-16
51,0.01,92,0.17665314553208997,2.602670865968742e-10
51,0.01,93,0.1571698781173302,2.178353416344883e-12
51,0.01,94,0.21470352146219993,0.00164922700000562
51,0.01,95,0.22420446330018395,0.0013401097367684908
51,0.01,96,0.14992681819244605,1.5016268713313842e-10
51,0.01,97,0.20391307709825768,5.099963779587697e-05
51,0.01,98,0.16198556961849814,6.084939933434977e-10
51,0.01,99,0.2162614784802809,0.0003374217742965204
51,0.01,100,0.14399703537392888,8.876585863788041e-13
52,0.01,1,0.14813236538069005,3.890181610598984e-13
52,0.01,2,0.08952040519660248,3.8351291461360916e-20
52,0.01,3,0.08220068139390228,2.3828258706386876e-21
52,0.01,4,0.26011960539237217,7.875490628336868
52,0.01,5,0.1615405349916555,2.1677335641343672e-14
52,0.01,6,0.2409127238945195,0.04332220115705482
52,0.01,7,0.17121126749276538,3.089619079265829e-11
52,0.01,8,0.07911246110888645,1.563695374614709e-23
52,0.01,9,0.2136077958441239,6.625400974327552e-06
52,0.01,10,0.21685019344612602,0.00010190346284295284
52,0.01,11,0.13478988736945122,2.611133535540168e-16
52,0.01,12,0.21784754946805582,3.127674996815999e-05
52,0.01,13,0.11847083092388355,1.6674555308929954e-16
52,0.01,14,0.132560431101133,3.198714563135338e-16
52,0.01,15,0.09059052738700488,3.5566344429725295e-21
52,0.01,16,0.1825338068392384,3.761927444588431e-12
52,0.01,17,0.15611755906362026,1.4290468794107123e-12
52,0.01,18,0.22406612307624563,0.0003097629289827259
52,0.01,19,0.18016077272295736,1.7577750285386032e-10
52,0.01,20,0.16774986155203883,3.798695681283318e-12
52,0.01,21,0.17870550674545402,1.4700690054804734e-10
52,0.01,22,0.15436727706228634,2.383450518111315e-15
52,0.01,23,0.20965583999212412,3.5806155890379074e-08
52,0.01,24,0.14029703009348887,2.592344167048838e-15
52,0.01,25,0.0990877596284162,4.0014969687024065e-21
52,0.01,26,0.1839108101244287,1.1988639007069347e-11
52,0.01,27,-0.060300892068430846,9.845916817144263e-35
52,0.01,28,0.209949550271405,1.5502877538467064e-08
52,0.01,29,0.0673401061025485,2.7906005582377595e-23
52,0.01,30,0.18028948627109262,3.050375389104709e-11
52,0.01,31,0.13925676286541996,2.235100236701271e-15
52,0.01,32,-0.02432874570251789,1.804722883281271e-31
52,0.01,33,0.254225814672347,2.0959516510115987
52,0.01,34,0.1298189573215731,1.1184000102347703e-17
52,0.01,35,0.05900519201975882,1.3902602775419472e-25
52,0.01,36,0.1500737749937557,1.0528073756388429e-12
52,0.01,37,0.1604199722435589,1.823182773926468e-13
52,0.01,38,0.1691135725399419,2.1321101809182624e-12
52,0.01,39,0.2016629156014776,1.5950778202538564e-09
52,0.01,40,0.024329472189342807,3.1304874745158927e-28
52,0.01,41,0.2180129295184771,1.5360224200337638e-07
52,0.01,42,0.17526998194294766,1.991483868166056e-10
52,0.01,43,0.19568705578317708,4.099232954126078e-09
52,0.01,44,0.09338982451490405,1.0162737090403422e-19
52,0.01,45,0.13861535140628015,2.3279686555767134e-15
52,0.01,46,0.1682920111041597,7.004323054872963e-13
52,0.01,47,0.19360952988977134,3.5707259945575056e-08
52,0.01,48,0.0751509105955533,4.207720233532833e-23
52,0.01,49,0.06964778644742046,3.6757516965740225e-25
52,0.01,50,0.19976306260122537,6.828781628158385e-09
52,0.01,51,0.20774311334682025,2.6531802943685176e-08
52,0.01,52,0.16361724162835323,6.843154193303048e-13
52,0.01,53,0.1410141879592048,1.0134652521687266e-14
52,0.01,54,0.28156219652342535,25.971366264873872
52,0.01,55,0.19435601929229965,3.222719035317405e-08
52,0.01,56,0.13647398582105794,1.2358274263572848e-15
52,0.01,57,0.09912361234968711,9.286224388422439e-19
52,0.01,58,0.17203788777854595,2.234860769655701e-11
52,0.01,59,0.15879299693574156,1.5607415491275729e-13
52,0.01,60,0.2491008801172211,1.8007250929289567
52,0.01,61,0.11019420195977088,9.828036619074354e-18
52,0.01,62,0.1443198268802834,4.964330353678335e-17
52,0.01,63,0.15856942498899737,1.8549242262362997e-12
52,0.01,64,0.15944237327396701,5.432409758929354e-13
52,0.01,65,0.11640458116616192,6.288776980098377e-17
52,0.01,66,0.18463679974654915,1.0803884928999603e-09
52,0.01,67,0.16039153083349345,1.576195037170911e-13
52,0.01,68,0.21463244859915986,1.7472330426659894e-06
52,0.01,69,0.13736944039482712,2.9923762039914404e-14
52,0.01,70,0.04484669202793224,3.3998727239527315e-25
52,0.01,71,0.15961940862187818,1.6879391352558458e-12
52,0.01,72,0.18644353393608235,4.190858634822718e-10
52,0.01,73,0.1580179510974356,2.9268191887081245e-12
52,0.01,74,0.2000958536088462,1.2012378639907633e-08
52,0.01,75,0.08317556804629597,2.1000897756137242e-22
52,0.01,76,-0.005611703148192902,1.7172664722889386e-29
52,0.01,77,0.15056832901086117,8.71063514846589e-15
52,0.01,78,0.12122916279706393,4.364554398478913e-18
52,0.01,79,0.1398981650749287,1.1554114773682991e-16
52,0.01,80,0.16583483364688809,1.2628830557215161e-12
52,0.01,81,0.21049497639925893,1.5828749726330597e-06
52,0.01,82,0.18283423741164007,1.124151262958288e-10
52,0.01,83,0.1629181861216631,6.924078765430613e-13
52,0.01,84,0.17333878857837998,4.4078457275693276e-12
52,0.01,85,0.28828805289228365,22.811107355900024
52,0.01,86,0.19569746651179196,3.0868808932477357e-09
52,0.01,87,0.18293383666524052,9.676551261947025e-09
52,0.01,88,-0.03407817832383618,1.2070307607079199e-32
52,0.01,89,0.16962778697370395,5.1609315564039346e-11
52,0.01,90,0.06698458180162935,4.1737071066601345e-22
52,0.01,91,0.13926066990614236,1.5337981158751127e-14
52,0.01,92,0.06780091637739637,2.9363807490377038e-21
52,0.01,93,0.09938294818953322,5.6110896646799586e-21
52,0.01,94,0.15703562255734232,1.2927341890349467e-14
52,0.01,95,0.05329411296288553,5.976006776693061e-25
52,0.01,96,0.19079017610200616,1.060102847124946e-08
52,0.01,97,0.20776211776201126,1.6480896746440108e-06
52,0.01,98,0.09699623832958454,8.38286615964746e-21
52,0.01,99,0.22017832825691594,6.831817750036891e-07
52,0.01,100,0.0768786006546696,2.3665059411696836e-23
53,0.01,1,0.18252036334217928,1.3197058348246935e-08
53,0.01,2,0.04662952931402657,3.4995747864730845e-24
53,0.01,3,0.11904947403050917,1.0210997705502093e-17
53,0.01,4,0.2422206422787415,0.6512054376498057
53,0.01,5,0.1707764524038133,1.3571077693574682e-11
53,0.01,6,0.11767567762023591,8.417712482324405e-17
53,0.01,7,0.1719087224247037,3.158928162513773e-11
53,0.01,8,0.1547582988869843,5.917891060768713e-13
53,0.01,9,0.09149719351241224,2.3419344693874635e-21
53,0.01,10,0.22000778175768365,0.00024607891536289036
53,0.01,11,0.14746405316641398,4.127968662430093e-13
53,0.01,12,0.200144530937268,1.651572445015468e-07
53,0.01,13,0.2202031900955266,0.0020370134634427497
53,0.01,14,0.23021751114676287,0.0206011792167552
53,0.01,15,0.15325873652669667,1.4676943160723528e-13
53,0.01,16,0.16445488078915135,4.6230092928841457e-10
53,0.01,17,0.15832089137467856,1.259505825288296e-12
53,0.01,18,0.1545017544969483,1.4545253960441562e-12
53,0.01,19,0.18579988071675857,1.4505172692551894e-08
53,0.01,20,0.17172002180573534,1.7314516525709186e-11
53,0.01,21,0.2679886736328282,20.662374294737383
53,0.01,22,0.16205462722106845,8.921465780358237e-13
53,0.01,23,0.02636220851162637,2.926166955933292e-26
53,0.01,24,0.11731488706445825,1.1936054059494298e-16
53,0.01,25,0.19849736830685635,4.741863827389653e-08
53,0.01,26,0.14082989799134707,9.759815514789619e-15
53,0.01,27,0.0888273992066873,1.2245010716808358e-19
53,0.01,28,0.19891515517226468,9.028402927941343e-08
53,0.01,29,0.19026254572600118,1.0491088900237678e-08
53,0.01,30,0.14998783059384252,2.2890959529076566e-13
53,0.01,31,0.1795338593590234,1.4331071630006793e-10
53,0.01,32,0.13124303975542445,1.958564018248476e-15
53,0.01,33,0.24708685620538928,1.09626404912192
53,0.01,34,0.12787317161774087,2.504059526267313e-16
53,0.01,35,0.2560755398167092,1.4973217969381927
53,0.01,36,0.2037652201388147,2.5484254351604764e-06
53,0.01,37,0.21423857716566533,0.0011337292773713444
53,0.01,38,0.08331231109900111,4.0594126634483705e-20
53,0.01,39,0.15796210687867032,6.037002250976213e-12
53,0.01,40,0.17135408499192578,1.002887046450022e-09
53,0.01,41,0.2051127307403018,5.151346493515475e-07
53,0.01,42,0.0438040793504737,4.740899237559473e-24
53,0.01,43,0.09073692543620925,3.3035503485870275e-19
53,0.01,44,0.16614635061479252,3.2422326115544396e-11
53,0.01,45,0.15818396854441705,4.565889410558952e-13
53,0.01,46,0.11019628452394714,4.81656179795634e-18
53,0.01,47,0.2414638916503636,0.7116587036446634
53,0.01,48,0.10380131915827424,8.471303263462501e-19
53,0.01,49,0.215170007358402,0.00030241196554589935
53,0.01,50,0.19062721159422982,1.249955726631219e-07
53,0.01,51,0.10207608359411775,6.880628806140116e-18
53,0.01,52,0.26154380973395747,13.341221129717987
53,0.01,53,0.15867361443335876,2.1533480876203055e-12
53,0.01,54,0.20651400335514938,7.068055930131953e-06
53,0.01,55,0.23908661876877438,0.07286238582543317
53,0.01,56,0.11010501868873432,1.6620678840400702e-17
53,0.01,57,0.1665764758842427,6.814753575580383e-11
53,0.01,58,0.1831351903676452,7.240197062513567e-09
53,0.01,59,0.1823378994940772,1.219781641418092e-10
53,0.01,60,0.11324425123751677,7.190564858368466e-19
53,0.01,61,0.12726179782199804,3.668460626401687e-16
53,0.01,62,0.1277400786259134,2.0576121684002668e-16
53,0.01,63,0.07605675556254615,6.144661952057148e-22
53,0.01,64,0.2045416348114378,3.6582269469766617e-06
53,0.01,65,0.13245964703160698,6.77740618864338e-15
53,0.01,66,0.06476953030541138,1.370228637938007e-23
53,0.01,67,0.21874887216920458,0.00022306227843326342
53,0.01,68,0.20882440836677174,4.985839036159524e-05
53,0.01,69,0.19555208486858888,4.832859875949933e-07
53,0.01,70,0.11210161707072404,9.602344922953914e-17
53,0.01,71,0.13132488957671837,2.543515666250388e-16
53,0.01,72,0.17233813740657522,1.0901521439774002e-09
53,0.01,73,0.1676132633285414,7.810595461427005e-11
53,0.01,74,0.16889502386779187,1.0012907402894228e-10
53,0.01,75,0.10016655974916638,5.667908326548519e-20
53,0.01,76,0.14700052957867651,3.7635898921732843e-13
53,0.01,77,0.16845864247499004,3.9602059485064376e-10
53,0.01,78,0.2099711037664899,9.122381778281533e-06
53,0.01,79,0.21535827523363418,2.1548650382318874e-05
53,0.01,80,0.19735609234685092,2.5973714774258887e-08
53,0.01,81,0.11112881641545516,6.778049901957558e-19
53,0.01,82,0.12136762498458611,1.1539690584836261e-16
53,0.01,83,0.09640343208943157,1.3825376465903983e-19
53,0.01,84,0.13716109675991606,1.9732996601253322e-14
53,0.01,85,0.1799376989628492,2.3928364534038527e-09
53,0.01,86,0.10281402745142487,9.011958954978711e-19
53,0.01,87,0.18795185728635733,2.8343056384317714e-09
53,0.01,88,0.18054641031107774,1.2416270722501697e-09
53,0.01,89,0.14337613937176424,8.787731519703511e-14
53,0.01,90,0.09568621695596927,2.5733895836324724e-20
53,0.01,91,0.12519195628401586,8.446612333167752e-17
53,0.01,92,0.1603263989979534,7.902649755176577e-11
53,0.01,93,0.08709786245545258,3.238241998669693e-20
53,0.01,94,0.14981187090308945,3.0665136624353972e-12
53,0.01,95,0.17991769417036782,6.61623949125316e-10
53,0.01,96,0.10875161315368191,1.8333821174686097e-16
53,0.01,97,0.12755893522777528,3.5980399885869304e-15
53,0.01,98,0.1069026784961856,1.5759482186670081e-18
53,0.01,99,0.13438752531439627,2.2141872529938927e-15
53,0.01,100,0.17885807422072408,4.594063968605635e-10
54,0.01,1,0.2313900136256129,0.05704098646220989
54,0.01,2,0.12456244689886727,5.792158692126579e-14
54,0.01,3,0.08939954527619391,3.8209838983508975e-18
54,0.01,4,0.19982217441822353,1.0492525421332704e-05
54,0.01,5,0.17025627349888528,1.1631092268370206e-09
54,0.01,6,0.038459209100135235,1.3200886853072769e-23
54,0.01,7,0.10784428271293528,2.0151464593458972e-16
54,0.01,8,0.16951394228687647,2.736578649306635e-08
54,0.01,9,0.12393765432123507,3.666150002432699e-16
54,0.01,10,0.1656312997830808,2.492280251790049e-09
54,0.01,11,0.0956563509549713,1.3732323649926467e-17
54,0.01,12,0.16135621772530634,4.523944381536734e-10
54,0.01,13,-0.02437745763799584,3.014042757887096e-29
54,0.01,14,0.09423096393066431,1.6643805957957708e-17
54,0.01,15,0.15726684138067729,7.670958970437571e-11
54,0.01,16,0.23680420618639514,0.8855395229397611
54,0.01,17,0.2527656165624465,2.735384659539241
54,0.01,18,0.14045260337771134,1.8784389336485137e-14
54,0.01,19,0.18688119958935356,1.6868839074351072e-07
54,0.01,20,0.18760975297624866,1.623828075495514e-07
54,0.01,21,0.07925112277898014,2.928515612569859e-19
54,0.01,22,0.12805820297973983,1.1494579060309966e-14
54,0.01,23,0.11781959765495945,3.14310307426277e-15
54,0.01,24,0.1470734670920097,1.1427572353613235e-11
54,0.01,25,0.19049691704032126,4.4615894173048414e-08
54,0.01,26,0.20612712383029252,0.004235501067446621
54,0.01,27,0.19732349471396896,5.77408113077862e-07
54,0.01,28,0.11062426089530833,6.897937849546887e-17
54,0.01,29,0.10863530224850602,8.199068108558799e-17
54,0.01,30,0.1409884355596718,6.542673811361008e-15
54,0.01,31,0.16150494983234523,7.70103729906768e-11
54,0.01,32,0.10496843133614565,1.5798956326526468e-16
54,0.01,33,0.20541410211994832,7.970338817268067e-06
54,0.01,34,0.20203928974888627,2.0254165891419426e-05
54,0.01,35,0.08201839695208453,1.0544543056437073e-20
54,0.01,36,0.16340163526105883,1.351921418723178e-10
54,0.01,37,0.15407022839619602,1.508030456636753e-11
54,0.01,38,0.23974348838048645,1.0737781941507238
54,0.01,39,0.17027899729402335,6.589744243009322e-10
54,0.01,40,0.07908822869778155,1.314084008238237e-18
54,0.01,41,0.14207012141357242,3.074942207462734e-11
54,0.01,42,0.09418198910335904,4.4492125005794856e-18
54,0.01,43,0.20967598131826828,0.13539551289243845
54,0.01,44,0.22796400655886678,0.5024209031275149
54,0.01,45,0.2424897870358878,0.6278658688827135
54,0.01,46,0.1194076498594892,1.8742034501369182e-16
54,0.01,47,0.16248834919993302,5.439486812638027e-10
54,0.01,48,0.1323880636009146,7.61281973482974e-14
54,0.01,49,0.008814577589040244,6.722665660696262e-25
54,0.01,50,0.1559501805650224,6.880855989562584e-12
54,0.01,51,0.21068722774968274,0.00019940006503741834
54,0.01,52,0.2135075203591764,0.002135315587457667
54,0.01,53,0.16582073870327665,1.4497264866273193e-10
54,0.01,54,0.14150727997104864,3.029038182597083e-12
54,0.01,55,0.1209096741130142,1.0781050133842762e-15
54,0.01,56,0.06553101338450831,1.5890930423346346e-20
54,0.01,57,0.24849071599043634,9.89053667955914
54,0.01,58,0.14342600403568895,2.142538429864105e-10
54,0.01,59,0.023353821545109447,2.1003782819815067e-25
54,0.01,60,0.12761960481177295,3.4970697869545043e-16
54,0.01,61,0.19330159045527642,1.2104741803095529e-06
54,0.01,62,0.10102580202647313,6.959988318515568e-18
54,0.01,63,0.13507877228056342,5.169076051876399e-15
54,0.01,64,0.19903627762356252,0.0001004308789488176
54,0.01,65,0.08223391080982598,3.79032584834066e-20
54,0.01,66,0.14113949021713923,2.6403608487950373e-12
54,0.01,67,0.1228053049255307,9.532435467939958e-16
54,0.01,68,0.12156482197636413,1.4542302561593812e-17
54,0.01,69,0.18845993701487845,2.0594355186099163e-06
54,0.01,70,0.15581505098397186,1.5909632727105538e-09
54,0.01,71,0.19172046171041696,3.0320008749980424e-07
54,0.01,72,0.16421352318210794,2.38348027178845e-08
54,0.01,73,0.13907884502101836,6.08244917917695e-13
54,0.01,74,0.18207768107233394,6.261431395846943e-07
54,0.01,75,0.1384079248886089,5.621420661097434e-14
54,0.01,76,0.14614354567014332,7.200462990414704e-13
54,0.01,77,0.18973037299155068,8.389755261492278e-07
54,0.01,78,0.16309322817962388,7.094877910272664e-10
54,0.01,79,0.10374457808699161,9.041884691665394e-18
54,0.01,80,0.20099172590122816,2.6160703163556722e-06
54,0.01,81,0.21941823061198365,0.0013370475169287538
54,0.01,82,0.09891964076562673,2.052031729205193e-18
54,0.01,83,0.11192565012475048,1.467509499429255e-16
54,0.01,84,0.15132117209538556,6.5060151573527194e-12
54,0.01,85,0.11301920916469245,6.814775969969432e-16
54,0.01,86,0.19663156228615117,7.072101973585949e-05
54,0.01,87,0.09332804610284297,7.758774055142785e-18
54,0.01,88,0.1163517944184571,1.1426228746350859e-15
54,0.01,89,0.17085934191970836,2.4535129168791004e-09
54,0.01,90,0.010294457232125671,7.485145743472114e-25
54,0.01,91,0.21238550190112668,0.00010464569012467552
54,0.01,92,0.14016929603693631,4.05110718222835e-12
54,0.01,93,0.09748504745912814,1.8903469264601855e-16
54,0.01,94,0.11567678844581826,1.469192363420711e-18
54,0.01,95,0.06993379803195356,2.5082989740193535e-20
54,0.01,96,0.10784487201283836,4.958626249905249e-16
54,0.01,97,0.17734242284821555,3.6317388458728396e-10
54,0.01,98,0.1580740712581905,2.906970410737408e-10
54,0.01,99,0.14055745116228555,8.789562591635367e-15
54,0.01,100,0.19934910176909443,7.896385399471378e-05
55,0.01,1,0.18552098903704506,4.9052053742743255e-06
55,0.01,2,0.21471452488760134,0.003983756905514283
55,0.01,3,0.15255196194354037,2.888801265161493e-12
55,0.01,4,0.1814208933988932,4.7781243560419e-07
55,0.01,5,0.07427460447096829,1.3600051500921916e-20
55,0.01,6,0.12738502213669967,5.972356791423145e-12
55,0.01,7,0.11355770900118729,1.288115045223358e-15
55,0.01,8,0.20117111291375905,1.71805800257501e-05
55,0.01,9,0.19354764214879785,0.0001024454977064654
55,0.01,10,0.16122745109823391,1.8370253670852733e-10
55,0.01,11,0.029241690321731156,7.043789575619045e-22
55,0.01,12,0.11786951650038549,9.319275965952657e-14
55,0.01,13,0.2417844585294799,0.23530537680229716
55,0.01,14,0.15586579749637489,2.376830890574244e-09
55,0.01,15,0.16912212165087434,1.50387828902703e-08
55,0.01,16,0.19634356448567084,8.03769318354395e-05
55,0.01,17,0.1595367075623881,9.470388769981287e-10
55,0.01,18,0.17880312362039172,3.4201748650598182e-09
55,0.01,19,0.0661902788885982,1.2037631431829752e-20
55,0.01,20,0.2226454022463141,0.041848943311360236
55,0.01,21,0.016866737905682744,2.6974815492967306e-24
55,0.01,22,0.20939432818801215,0.0006937400305603494
55,0.01,23,0.23980479470229069,5.357756280922971
55,0.01,24,0.19987776627464676,0.0007404551181419276
55,0.01,25,0.1577645601744074,4.79276161372527e-12
55,0.01,26,0.12614130926386435,4.066042846523744e-14
55,0.01,27,0.19007201348944985,9.231059550675855e-07
55,0.01,28,0.059883029945712755,5.729191971095597e-21
55,0.01,29,0.1885496395521687,2.2251550528257917e-07
55,0.01,30,0.24911284608218853,8.677159003401556
55,0.01,31,0.18730867392224207,5.334076164743994e-07
55,0.01,32,0.2209222905724378,0.18936854104445422
55,0.01,33,0.16384345981851797,2.8382950341182592e-08
55,0.01,34,-0.19824004356878314,9.112466788948586e-42
55,0.01,35,0.16494413069175057,1.6341666179431718e-09
55,0.01,36,0.19266973597300555,2.7088355579536315e-06
55,0.01,37,0.08891372722913017,6.6907159321696915e-19
55,0.01,38,0.13306670578886462,3.49829893772787e-14
55,0.01,39,0.07688845756729239,6.399472810647757e-19
55,0.01,40,0.1930759275517004,0.00011883360055242953
55,0.01,41,0.14137368622554666,1.087209467304429e-12
55,0.01,42,0.10175345687514,6.795214977327337e-17
55,0.01,43,0.1689163932181956,4.308048457646922e-10
55,0.01,44,0.15352369196362534,3.063151584568227e-11
55,0.01,45,0.16063577865824946,4.404051092231099e-10
55,0.01,46,0.16308916661057674,3.470646069781761e-10
55,0.01,47,0.20935413521896634,0.0005455037082767385
55,0.01,48,0.16256498534699468,6.65046445481404e-10
55,0.01,49,0.1591577473405991,4.431037175078132e-09
55,0.01,50,0.17389619965709174,1.54220143311946e-07
55,0.01,51,0.12207254224574428,1.0492307512404713e-15
55,0.01,52,0.16984371360024975,1.435328270480005e-08
55,0.01,53,0.14226759176668116,2.4215859430103115e-11
55,0.01,54,0.20481935543900573,0.002582206431743847
55,0.01,55,0.10674768972571004,9.459782302594137e-15
55,0.01,56,0.18477775008202307,3.8160402073028476e-07
55,0.01,57,0.17729408955064163,1.7158363077733157e-06
55,0.01,58,0.0965566325944096,1.0769871525407879e-16
55,0.01,59,0.09980940997067536,5.973445414457841e-18
55,0.01,60,0.17981190463173075,4.262338352607529e-08
55,0.01,61,0.11996221764256754,2.0637592342966127e-13
55,0.01,62,0.17926335809064417,2.586503789938585e-06
55,0.01,63,0.0025337613854800405,2.7357283169807146e-25
55,0.01,64,0.15066587280205984,1.0069848682091945e-10
55,0.01,65,0.16644077582315134,3.166743253546768e-09
55,0.01,66,0.17267294182085005,2.777637877164097e-09
55,0.01,67,0.18666824822879075,1.1149307555741838e-05
55,0.01,68,0.16724856263399537,2.6684163537463674e-09
55,0.01,69,0.14734337938358874,8.835003977200153e-12
55,0.01,70,0.15353288594876063,1.5264014039502866e-10
55,0.01,71,0.1678648363062061,3.4840362283349866e-09
55,0.01,72,0.09018945562407349,4.9863077503736075e-17
55,0.01,73,0.14393997405794615,4.8205554781265e-11
55,0.01,74,0.12584514198561642,1.3220050471959723e-15
55,0.01,75,0.055090937657345365,4.286725948722902e-22
55,0.01,76,0.15776753245738376,5.262058965805758e-10
55,0.01,77,0.043731290488841196,2.774492877278677e-23
55,0.01,78,0.12836071703659344,6.235937150679149e-15
55,0.01,79,0.16021450821688565,3.009019728226289e-09
55,0.01,80,0.14564562364417127,2.474292987639754e-12
55,0.01,81,0.1838897552420211,3.799192833881577e-07
55,0.01,82,0.1578745523493746,4.632826227240612e-11
55,0.01,83,0.23349499593532777,0.10001883723686261
55,0.01,84,0.21933188595875794,0.04476943984203688
55,0.01,85,0.15994731993503009,7.240585084720392e-11
55,0.01,86,0.17193816715552152,4.176254926774848e-07
55,0.01,87,0.14515835128890334,4.6937216309497656e-11
55,0.01,88,0.20013949246403273,7.950859287909979e-05
55,0.01,89,0.22593501446889067,0.21228423339075936
55,0.01,90,0.22248263078998362,0.05252546459003077
55,0.01,91,0.18213432708359184,7.61484035358542e-08
55,0.01,92,0.11250221190166551,9.070625892682961e-16
55,0.01,93,0.16856241708331407,4.2434691125122364e-08
55,0.01,94,0.13694751667795366,2.225072850805554e-11
55,0.01,95,0.13411456778284306,7.236988759097496e-12
55,0.01,96,0.14702893998832675,1.8177676703398243e-12
55,0.01,97,0.14246932092598188,7.206851408588391e-12
55,0.01,98,0.12312052070012751,2.4469241440822877e-15
55,0.01,99,0.1931879930354912,3.5773368008723956e-05
55,0.01,100,0.14531967971993898,4.972713608576476e-14
56,0.01,1,0.08497562714748666,3.8394495484399216e-19
56,0.01,2,0.12801849831491496,1.164211037849695e-13
56,0.01,3,0.13288466627597725,2.314456144886736e-14
56,0.01,4,0.10110460728578716,8.76267772843744e-17
56,0.01,5,0.13227556224546055,9.068389682094429e-16
56,0.01,6,0.14671020439863502,6.209983813939565e-12
56,0.01,7,0.22814930754268883,0.0007094154100572269
56,0.01,8,0.22227783623791358,0.0014082690818582278
56,0.01,9,0.13583660757034752,7.040989720949604e-14
56,0.01,10,0.16150546216003517,4.077800463043414e-11
56,0.01,11,0.15655947757534033,5.927389775066238e-13
56,0.01,12,0.15153796684636597,2.042917228906377e-12
56,0.01,13,0.2122635068559029,9.962453829768864e-06
56,0.01,14,0.03561716887917807,1.7596039175468576e-25
56,0.01,15,0.1396919596479724,1.2659014246789911e-14
56,0.01,16,0.1297881530277598,3.4867314994415795e-15
56,0.01,17,0.1605503636005528,1.837804420603295e-11
56,0.01,18,0.13009032743228968,7.22703363234583e-16
56,0.01,19,0.06740647954979219,1.1525386311042815e-20
56,0.01,20,0.06303382565318119,7.22123364782332e-20
56,0.01,21,0.14879375505129924,5.629289485765748e-12
56,0.01,22,0.20356857108481582,8.449009007912202e-05
56,0.01,23,0.08658386481774777,3.7360731529132906e-19
56,0.01,24,0.20607855427587804,9.577800804454767e-05
56,0.01,25,0.20002749773747655,1.0481123721823285e-05
56,0.01,26,0.017070548404036212,3.5091551052434226e-26
56,0.01,27,0.20215865861865115,8.016606830431319e-06
56,0.01,28,0.182328986733393,3.307431531968416e-09
56,0.01,29,0.08007293969458136,1.232880278471281e-20
56,0.01,30,0.17546209837429155,1.089801806534046e-08
56,0.01,31,0.196779250197129,1.507875914284638e-05
56,0.01,32,0.10951342812319753,1.8070674208683958e-17
56,0.01,33,0.2066459084639763,0.00011448397261256305
56,0.01,34,0.10011069544231677,1.548894744663988e-18
56,0.01,35,0.14079543260324326,3.167487661058505e-13
56,0.01,36,0.20583013715867438,5.444875710557412e-05
56,0.01,37,0.20478289398775718,0.00022677609851159267
56,0.01,38,0.05967456628480168,4.565924574795099e-22
56,0.01,39,0.11351910837195832,3.970015786479958e-16
56,0.01,40,0.22279942556736365,0.03486378083879929
56,0.01,41,0.03451222547595581,1.431035590426855e-25
56,0.01,42,0.1344356016283342,9.926862519597335e-14
56,0.01,43,0.0988290950976999,1.4092637905982104e-17
56,0.01,44,0.06864765481490254,8.47543522866487e-22
56,0.01,45,0.033732417151806825,2.180543241162507e-24
56,0.01,46,0.16562511282364234,8.419537651381705e-10
56,0.01,47,0.14667355954776173,1.5205406135453623e-12
56,0.01,48,0.1474729441987677,5.930327510134447e-13
56,0.01,49,0.18962883548493228,1.1389157063349909e-07
56,0.01,50,0.20749374555436095,0.00010303206904268955
56,0.01,51,0.09542733701222096,3.7071266406687915e-19
56,0.01,52,0.09786354830452927,2.5922127250566262e-20
56,0.01,53,0.05886795883809049,2.9814209650752622e-21
56,0.01,54,0.06816643941606626,1.627369690051707e-18
56,0.01,55,0.09417200121325783,1.330698340746237e-17
56,0.01,56,0.09895048313554827,5.1429878485526775e-20
56,0.01,57,0.23268047658816385,0.004784408417003853
56,0.01,58,0.01619141375753856,6.036779444215037e-26
56,0.01,59,0.13715481490327935,9.815992892733125e-12
56,0.01,60,0.11790524189613805,4.114562891129598e-17
56,0.01,61,0.13058058847117457,1.7856843109415957e-15
56,0.01,62,0.17575805639328443,2.0685162697559013e-07
56,0.01,63,0.16742879061559363,2.592806822557244e-10
56,0.01,64,0.15353713532898947,7.569852360947752e-11
56,0.01,65,0.19917283855706333,3.780914646882158e-07
56,0.01,66,0.19212094912376715,1.4333637439216047e-08
56,0.01,67,0.11430442609724797,2.839170843003108e-16
56,0.01,68,0.15013981237036472,1.5454817716651857e-13
56,0.01,69,0.2613878397739871,9.931961292575911
56,0.01,70,0.08166771069214665,8.555068597790629e-20
56,0.01,71,0.12607675020130651,7.481925034574386e-16
56,0.01,72,0.19191084939144748,5.303925557188819e-07
56,0.01,73,0.050992794774302214,7.064245357504889e-22
56,0.01,74,-0.02934166334216403,2.0521498481943443e-31
56,0.01,75,0.006708240959655534,2.6537285939244147e-27
56,0.01,76,0.07677962933718842,7.485384070089004e-20
56,0.01,77,0.19746943689017007,1.4224141583940508e-05
56,0.01,78,0.12866825121062514,5.910059763914507e-14
56,0.01,79,0.22859024077594395,0.012642309646830446
56,0.01,80,0.18020253879857148,5.876725497956375e-10
56,0.01,81,0.10872159645221245,1.623105471706676e-16
56,0.01,82,0.23470509048987398,0.015854666536180565
56,0.01,83,0.12380279610910418,8.489354759091629e-16
56,0.01,84,0.0820028877979138,1.888250715884944e-19
56,0.01,85,0.09519392740016981,3.0710559903931337e-18
56,0.01,86,0.12290811344452536,3.930977271651917e-15
56,0.01,87,0.07182806559855877,2.1760575771478354e-20
56,0.01,88,0.15389618555261086,7.802579626563578e-12
56,0.01,89,0.20056248624419742,3.7580006540138933e-06
56,0.01,90,0.10675995952563065,8.944018203477127e-17
56,0.01,91,0.1796291085026288,7.52454630060115e-09
56,0.01,92,0.16136459041547163,7.275867540935287e-11
56,0.01,93,0.1498204213752839,7.023073997525127e-12
56,0.01,94,0.1843730720940097,5.969541772281632e-08
56,0.01,95,0.20633657389923118,0.0006366361041411964
56,0.01,96,0.20240339367157592,2.1165748840634675e-06
56,0.01,97,0.043009841181967184,1.2706056965992168e-23
56,0.01,98,0.14322553577355612,1.408256621202529e-13
56,0.01,99,0.08355128576295712,3.2388425631961936e-19
56,0.01,100,0.17919260617364804,1.4802276741196373e-09
57,0.01,1,0.03927364796294625,3.332951134750034e-23
57,0.01,2,0.07811756142603835,8.043976672350817e-20
57,0.01,3,0.1339181508367833,7.709065979481052e-14
57,0.01,4,0.1592857948164092,7.066895764118507e-13
57,0.01,5,0.2434619810348013,1.1580780915427666
57,0.01,6,0.03390779973506205,3.189512077769354e-24
57,0.01,7,0.11544105967579399,1.3927116107432599e-18
57,0.01,8,0.08817415457647414,2.168293812033649e-19
57,0.01,9,0.12990347154875606,4.443926640142835e-15
57,0.01,10,0.19488619982393096,3.907650755116085e-07
57,0.01,11,0.14367322191653847,4.8581161373092786e-14
57,0.01,12,0.11222709894267441,4.049184399817529e-17
57,0.01,13,0.14593586466019162,5.380988549474329e-14
57,0.01,14,0.10659242763063087,4.141515207093619e-19
57,0.01,15,0.09591120935305024,2.829506855794815e-19
57,0.01,16,0.15600234935990828,4.77180054898826e-11
57,0.01,17,0.1408303442662995,6.941075571245478e-13
57,0.01,18,0.12168339667021934,6.03129965978681e-17
57,0.01,19,0.1614311235358265,1.2897618506601117e-11
57,0.01,20,0.19074173516336015,4.024481306376199e-06
57,0.01,21,0.20756990980206294,0.00013398089012539772
57,0.01,22,0.14836943460081303,4.032611705698111e-13
57,0.01,23,0.06070913991927357,1.4753534220387398e-22
57,0.01,24,0.14712753245815455,7.906059712932875e-15
57,0.01,25,0.1553501436742513,1.6409995884478818e-11
57,0.01,26,0.14139248614014926,4.2095270204627927e-13
57,0.01,27,0.0031715688959863576,1.5455450647056228e-29
57,0.01,28,0.06553356840370625,1.066668345290591e-20
57,0.01,29,0.2128319656390991,0.00023476650128711503
57,0.01,30,0.15037958320935446,3.0807817263152094e-12
57,0.01,31,0.20617229494272243,6.027885577677122e-06
57,0.01,32,0.1925645196866299,2.1866440843283042e-07
57,0.01,33,0.03940207171144331,4.959382656728265e-26
57,0.01,34,0.1821334526012551,4.920737632645787e-10
57,0.01,35,0.21284874454252303,0.0008950691336004386
57,0.01,36,0.1182210550755172,9.137760345308228e-16
57,0.01,37,0.06307789746165408,4.2153056680334524e-22
57,0.01,38,0.10668272854631844,2.753514042033709e-18
57,0.01,39,0.17211007885765275,2.136746022615916e-11
57,0.01,40,0.17303622122180054,2.3706154387190665e-10
57,0.01,41,0.1518827675414531,1.918559311848045e-11
57,0.01,42,0.11332900652093324,1.766482847201605e-16
57,0.01,43,0.12344771317889756,1.915648318214255e-15
57,0.01,44,0.25400137507899617,3.7196724007957673
57,0.01,45,0.10348489306443598,2.275208241404399e-18
57,0.01,46,0.20786864333733399,5.110864314533738e-05
57,0.01,47,0.08787613252649114,7.487232991024282e-20
57,0.01,48,0.051837196256393256,1.38909125223674e-21
57,0.01,49,0.10681905877915322,1.0974604549299222e-18
57,0.01,50,0.1275335498921395,6.818076628721201e-16
57,0.01,51,0.2005661279351801,1.753762989664489e-06
57,0.01,52,0.23736672117039762,0.04042876696276232
57,0.01,53,0.031190373950225475,3.375054106678121e-26
57,0.01,54,0.1427623352709428,9.184412562204027e-14
57,0.01,55,0.1819711857718373,1.860497879428443e-09
57,0.01,56,0.1823796961771937,1.0725986139556657e-08
57,0.01,57,0.16406517618660238,8.20376428679806e-11
57,0.01,58,0.1940354638922106,2.4503170712522145e-07
57,0.01,59,0.13883125497587082,1.8320886342029838e-16
57,0.01,60,0.18583260222718315,3.7928682508218954e-08
57,0.01,61,0.22724734912356398,0.041373088585759436
57,0.01,62,0.06991437247844573,9.120249205891117e-21
57,0.01,63,0.029238283688244947,1.6446837821565085e-26
57,0.01,64,0.16457604548349883,2.7761369013084137e-12
57,0.01,65,0.18078500592210753,5.828371123471527e-09
57,0.01,66,0.15017247740430606,2.240550090836477e-12
57,0.01,67,0.16345996690412656,5.225548810961141e-12
57,0.01,68,0.11178684498749167,1.8176484391980202e-16
57,0.01,69,0.25953311008192104,12.668233981895817
57,0.01,70,0.11734945135310001,1.416510248042916e-16
57,0.01,71,0.10844884983130837,4.685914156559461e-17
57,0.01,72,0.11532664362723946,1.5255635080864497e-16
57,0.01,73,0.19411300390342387,4.683015533521669e-07
57,0.01,74,0.21674468492476018,2.8066137560422663e-05
57,0.01,75,0.22748128291148256,9.823551226411006e-05
57,0.01,76,0.08996245943301809,3.1846538731233116e-19
57,0.01,77,0.20021697967151136,6.554007273843226e-08
57,0.01,78,0.17950703446178892,2.0093730935098295e-09
57,0.01,79,0.15481939613237683,4.2065356211661826e-13
57,0.01,80,0.2298924255033747,0.001369286166303616
57,0.01,81,0.14250145486897528,3.022867749665209e-14
57,0.01,82,0.009816556204033034,1.313043623009755e-26
57,0.01,83,0.2174548840339853,0.0014423800708630319
57,0.01,84,0.2127041135264783,2.3771834989651698e-05
57,0.01,85,0.21503607887437412,2.6560968614973185e-05
57,0.01,86,0.0661490924831997,7.335116723041499e-23
57,0.01,87,0.11549500582231208,1.5806439133140992e-17
57,0.01,88,0.16457643621007387,2.4699398780891684e-12
57,0.01,89,0.2143712772430236,0.00011478269945761655
57,0.01,90,0.2653318211671481,30.374303655768422
57,0.01,91,0.15424375917813493,1.8749432146539063e-12
57,0.01,92,0.09278431135286645,1.1403915535781744e-19
57,0.01,93,0.20276772405016175,7.720422905940142e-06
57,0.01,94,0.06733489082402958,1.8304983934461693e-21
57,0.01,95,0.014580813502278554,1.6484467750085172e-25
57,0.01,96,0.1613778970967192,1.362203567449811e-10
57,0.01,97,0.20110338571407121,4.404277088602873e-06
57,0.01,98,0.12771458505365166,3.645709234772181e-17
57,0.01,99,0.11795699133581056,1.5072007904682751e-15
57,0.01,100,0.18595985030867812,8.797271610787045e-10
58,0.01,1,0.2615153192176746,4.594573053691668
58,0.01,2,0.18070001359679505,8.994967502821366e-08
58,0.01,3,0.20331686645689395,6.599029903492092e-06
58,0.01,4,0.16748635046046131,2.3799587540076024e-12
58,0.01,5,0.12869759055889657,1.280152637190413e-15
58,0.01,6,0.16408555248462908,1.3296355070788535e-11
58,0.01,7,0.17830182609290413,8.842939433397956e-10
58,0.01,8,0.14622102044937885,1.5921633369143907e-12
58,0.01,9,0.2145396034498633,0.0004035688815116916
58,0.01,10,0.1495990640438948,1.797017442236571e-12
58,0.01,11,0.1566803467135255,1.5099116818287847e-13
58,0.01,12,0.08499487650109953,1.5765052054407434e-20
58,0.01,13,0.18330103246052906,1.5855256193640617e-07
58,0.01,14,0.11891524947666438,1.8045299918350338e-16
58,0.01,15,0.1984615536880377,5.588959774505249e-06
58,0.01,16,0.08706666458110761,7.727922006183288e-21
58,0.01,17,0.18904140856223467,9.049049786238801e-08
58,0.01,18,0.09275543701523345,1.5466933416046209e-18
58,0.01,19,0.19160535726686662,2.201450897377018e-06
58,0.01,20,-0.07622458146166351,4.2528966054746777e-35
58,0.01,21,0.11593210753074414,1.7542605049085772e-18
58,0.01,22,0.14275547527931115,5.190677917611652e-12
58,0.01,23,0.12609470264316125,1.4131627096740204e-15
58,0.01,24,0.15844888685509673,6.141173299499217e-11
58,0.01,25,0.20642028388532566,0.00022548350156474266
58,0.01,26,0.04169940954427512,7.376245330241544e-23
58,0.01,27,0.14420102335638285,4.73444609344452e-13
58,0.01,28,0.21088701052151868,1.421932766336654e-06
58,0.01,29,0.18627735621564287,1.4894156752704479e-07
58,0.01,30,0.1706566122552768,2.5868743227952054e-09
58,0.01,31,0.18423369743302923,2.996039692222152e-10
58,0.01,32,0.13022912001229853,2.008464827000442e-15
58,0.01,33,0.24131426014434781,0.030023285192029757
58,0.01,34,0.13996375115775994,1.0619579103642546e-13
58,0.01,35,0.06169800956743012,3.882597745354925e-21
58,0.01,36,0.1328889758621154,2.0720724266087529e-16
58,0.01,37,0.20838659383215669,6.76833546303256e-05
58,0.01,38,0.11643048297857285,9.833200274101455e-18
58,0.01,39,0.1386690001111496,5.27665549867646e-13
58,0.01,40,0.10635657145447246,5.001326508993031e-19
58,0.01,41,0.13689324302287312,1.1712329087026723e-15
58,0.01,42,0.111287537116131,1.1585514966094232e-18
58,0.01,43,0.12873727979322966,1.2888242885090117e-17
58,0.01,44,0.1288321056911542,1.1628654872931268e-14
58,0.01,45,0.2599415314967347,2.548646755872138
58,0.01,46,0.18613314896925914,9.775948403144597e-10
58,0.01,47,0.10297172905955486,1.0023843528498026e-17
58,0.01,48,0.13525205614599,1.7619592651141047e-14
58,0.01,49,0.17981397967990306,5.91502991748892e-11
58,0.01,50,0.2004198821252072,1.395664343913535e-06
58,0.01,51,0.19367587405335948,1.189729030628731e-06
58,0.01,52,0.015524681168302919,3.2442293016421175e-27
58,0.01,53,0.1884597916920308,4.024960464581542e-10
58,0.01,54,0.1266009203275542,4.4255848964861124e-16
58,0.01,55,0.25638639708551647,0.6707211903882919
58,0.01,56,0.09778955273707603,1.5005002960939661e-18
58,0.01,57,0.08841688353094498,1.1883948431805524e-19
58,0.01,58,0.1089146188518719,3.75550581926488e-19
58,0.01,59,0.26827988267745845,29.068031544074696
58,0.01,60,0.21802215819913143,7.31268782352999e-05
58,0.01,61,0.054143953767579016,2.1494636499558236e-22
58,0.01,62,0.14993661901409747,1.005513445645879e-14
58,0.01,63,0.18940101642581975,3.1776489229824905e-09
58,0.01,64,0.0844366756070782,8.576652634780658e-21
58,0.01,65,0.12875989379764413,7.826666020401162e-18
58,0.01,66,0.06753800690313837,2.7487269829171554e-24
58,0.01,67,0.13199897635475064,2.9859094119478713e-15
58,0.01,68,0.14567979789973695,5.207418269220977e-14
58,0.01,69,0.05323738363179445,2.779339084129053e-23
58,0.01,70,0.15952029842254206,3.283061397377714e-11
58,0.01,71,0.22338707243142086,3.6427506824822604e-05
58,0.01,72,0.12261204298604805,1.6516270277256743e-15
58,0.01,73,0.13242617494553904,9.995882144565092e-16
58,0.01,74,0.03816939444317575,8.780233052170651e-25
58,0.01,75,0.11236566142652518,3.493181173866064e-18
58,0.01,76,0.026264384172563493,1.9402961075756533e-27
58,0.01,77,0.12646334425443836,3.6326472124789893e-14
58,0.01,78,0.08950209788120628,7.056563228682673e-18
58,0.01,79,0.24363021150136627,0.3998729345821103
58,0.01,80,0.22313173257644076,0.00018029235248859273
58,0.01,81,0.11823231173448924,3.910928617027332e-18
58,0.01,82,0.1037434527368347,2.2832743807788376e-20
58,0.01,83,0.06778751586009854,2.3709673644565596e-22
58,0.01,84,0.09640278775400536,3.4270255497229503e-20
58,0.01,85,0.15782729474904236,1.7217996126196253e-12
58,0.01,86,0.01598086933559793,1.1513345964076236e-27
58,0.01,87,0.1283203164547986,4.200856901508991e-15
58,0.01,88,0.18865658282780035,8.150824425934582e-12
58,0.01,89,0.2110532877463678,5.0817154842950234e-05
58,0.01,90,0.14274492180466777,7.083752999651747e-14
58,0.01,91,0.11469905865470771,7.134604076462926e-18
58,0.01,92,0.18389902021527058,1.5423795835271554e-06
58,0.01,93,0.1244483008325356,4.193267304348093e-17
58,0.01,94,0.0908210872147838,1.2929184746057116e-17
58,0.01,95,0.14868956928133045,1.4870782000421766e-13
58,0.01,96,0.07801519471949572,1.3997980871262765e-20
58,0.01,97,0.059486270138247595,2.820488776099927e-22
58,0.01,98,0.11233986118563015,2.908793056286748e-16
58,0.01,99,0.04292964867796403,1.4065320983232052e-23
58,0.01,100,0.20221799727671935,4.766848805867329e-07
59,0.01,1,0.24270851276712377,0.8776162717756041
59,0.01,2,0.21678361793089784,3.9692495061632434e-06
59,0.01,3,0.1818485770680808,2.233220457941855e-10
59,0.01,4,0.13919915696307678,2.1234674067059508e-16
59,0.01,5,0.18720359831897446,1.39768873959453e-07
59,0.01,6,0.12194533819746013,4.506423565982829e-16
59,0.01,7,0.07933426023057255,4.590620862744144e-22
59,0.01,8,0.14991001578432242,8.010360298108111e-15
59,0.01,9,0.13619957626695284,7.706082290592671e-17
59,0.01,10,0.1602836581046084,6.946411791865261e-12
59,0.01,11,0.23494768978970534,0.009273927972952737
59,0.01,12,0.1228466551814753,4.114660000936396e-20
59,0.01,13,0.18585424624470773,2.3116982187018163e-08
59,0.01,14,0.17448445275119717,1.217792927368904e-12
59,0.01,15,0.12716923321589846,7.800505747376084e-16
59,0.01,16,0.10838798000055322,9.922911582808526e-20
59,0.01,17,0.18294278696745148,4.1387353042882263e-10
59,0.01,18,0.11392745397551492,1.7603335816808248e-18
59,0.01,19,0.17138185335964343,7.44698238604951e-10
59,0.01,20,-0.05716885667451796,1.2279208337749858e-32
59,0.01,21,0.24190931504352986,0.2197347346526211
59,0.01,22,0.08751799753794408,7.934975239112359e-21
59,0.01,23,0.18816256590020347,7.067326626271767e-10
59,0.01,24,0.14194946532472374,3.1000092428620877e-15
59,0.01,25,0.17906596753822118,4.7486802972619905e-08
59,0.01,26,0.07394297876904761,3.7912351288490867e-22
59,0.01,27,0.13500217461883526,4.956706561919173e-15
59,0.01,28,0.10614350058686388,8.675303874275478e-20
59,0.01,29,0.1584884930836803,6.24884419174545e-12
59,0.01,30,0.16569665299864011,1.5541605088392357e-11
59,0.01,31,0.1077148158418573,4.399233969264055e-19
59,0.01,32,0.15073365072448217,2.9608443856019874e-14
59,0.01,33,0.1277788489219971,1.2038663212742135e-15
59,0.01,34,0.05205014545937718,2.1903440098772297e-25
59,0.01,35,0.07305136498517635,1.0352518684017742e-21
59,0.01,36,0.1560374218316152,4.261477041530821e-13
59,0.01,37,0.0667356792431466,5.200314033595064e-21
59,0.01,38,0.20336119931744712,5.353591772711346e-07
59,0.01,39,0.18877042116172657,5.53591344976229e-08
59,0.01,40,0.07413606268799823,4.938014318971162e-22
59,0.01,41,0.181686214282927,4.0425331646375674e-10
59,0.01,42,0.12609210777397992,6.260450541470891e-16
59,0.01,43,0.20927315435785454,4.433052861900501e-06
59,0.01,44,0.17959141836791137,2.8639127463141298e-11
59,0.01,45,0.027319002252541604,3.629563691919955e-26
59,0.01,46,0.14071396380197926,3.0482058197964737e-15
59,0.01,47,0.05843569329429325,2.434511211288733e-24
59,0.01,48,0.15651827783460998,9.951629554955339e-16
59,0.01,49,0.22143678294292973,0.00023512755626875284
59,0.01,50,0.12476900233829993,1.2821146634353658e-14
59,0.01,51,0.1538919008638241,5.705242566909174e-14
59,0.01,52,0.17514978251630986,2.1983156402266338e-09
59,0.01,53,0.2716388843872268,20.48991630584186
59,0.01,54,0.14360136219989938,9.697944451290547e-13
59,0.01,55,0.13368520587568464,3.914332693694098e-17
59,0.01,56,0.21869673752020732,0.0007497283504059189
59,0.01,57,0.19017885597349865,9.056503996343354e-09
59,0.01,58,0.152932694395066,1.6398830420725973e-12
59,0.01,59,0.12937615168537686,4.553931174498651e-16
59,0.01,60,0.15977545937020993,5.429378864641758e-13
59,0.01,61,0.10646265250899815,8.392882650098629e-19
59,0.01,62,0.26807409660548387,21.29940411111491
59,0.01,63,0.04368195593581959,2.178340116586559e-24
59,0.01,64,0.14348175470815064,2.9269560159904946e-15
59,0.01,65,0.14783557699751154,5.495087279261844e-15
59,0.01,66,0.14383241513013625,3.7309759776753424e-14
59,0.01,67,0.0929536353272877,2.0269449750556224e-20
59,0.01,68,0.14866916579505507,6.7981372103516436e-15
59,0.01,69,0.0444641382187822,1.0659488945807207e-23
59,0.01,70,0.1678262608245123,3.0682333484472665e-12
59,0.01,71,0.24720390221451882,0.330951247925889
59,0.01,72,0.09484946583169923,1.0217111975630307e-21
59,0.01,73,0.11421040949539506,6.214391265559322e-18
59,0.01,74,0.18012847056997391,2.2438714688357032e-10
59,0.01,75,0.16798038305487548,7.464003881762206e-12
59,0.01,76,0.1922177270809801,2.7378373797226422e-08
59,0.01,77,0.08808185346472507,4.819260577254518e-20
59,0.01,78,0.15105336372478573,4.9516464904833404e-14
59,0.01,79,0.16787026371202268,1.0138963595989797e-11
59,0.01,80,0.1272920293565375,5.474547989472265e-16
59,0.01,81,0.0797289136732402,1.9839846921378658e-22
59,0.01,82,0.11178730568107763,2.7294096401221396e-18
59,0.01,83,0.15622893442236366,5.189826215297833e-14
59,0.01,84,0.2633773440022958,1.6404304994075145
59,0.01,85,0.17367392459004777,1.0573060652100093e-10
59,0.01,86,0.16095956733742284,3.4580408099357654e-14
59,0.01,87,0.18089343250443718,3.5341336214177404e-11
59,0.01,88,0.1316903589729977,5.575900969705365e-16
59,0.01,89,0.24923407233513878,0.30319277301007563
59,0.01,90,-0.013422427107635613,9.993265658950393e-31
59,0.01,91,0.12177682483948712,7.791518970475111e-16
59,0.01,92,0.23211319616789333,0.00042983225534669187
59,0.01,93,0.1588439764107893,3.5261761714779386e-14
59,0.01,94,0.1997875087748183,2.7566208514843745e-08
59,0.01,95,0.11112697632789907,1.271216269794251e-18
59,0.01,96,0.11396046364451161,4.794660939014656e-18
59,0.01,97,0.12000297084986158,1.3026248060176944e-18
59,0.01,98,0.13998058093933913,2.1507528297510994e-15
59,0.01,99,0.17826961363452173,1.1821818345558492e-09
59,0.01,100,0.2102744048856704,4.537016730481421e-06
